Consumption (kwh), Estimated Cost Inc. Tax (p), Standing Charge Inc. Tax (p), Start, End
0.002000, 0.03, 1.04, 2025-08-01T00:00:00+01:00, 2025-08-01T00:30:00+01:00
0.001000, 0.02, 1.04, 2025-08-01T00:30:00+01:00, 2025-08-01T01:00:00+01:00
0.002000, 0.03, 1.04, 2025-08-01T01:00:00+01:00, 2025-08-01T01:30:00+01:00
0.001000, 0.02, 1.04, 2025-08-01T01:30:00+01:00, 2025-08-01T02:00:00+01:00
0.002000, 0.03, 1.04, 2025-08-01T02:00:00+01:00, 2025-08-01T02:30:00+01:00
0.001000, 0.02, 1.04, 2025-08-01T02:30:00+01:00, 2025-08-01T03:00:00+01:00
0.002000, 0.03, 1.04, 2025-08-01T03:00:00+01:00, 2025-08-01T03:30:00+01:00
0.001000, 0.02, 1.04, 2025-08-01T03:30:00+01:00, 2025-08-01T04:00:00+01:00
0.002000, 0.03, 1.04, 2025-08-01T04:00:00+01:00, 2025-08-01T04:30:00+01:00
0.001000, 0.01, 1.04, 2025-08-01T04:30:00+01:00, 2025-08-01T05:00:00+01:00
0.001000, 0.02, 1.04, 2025-08-01T05:00:00+01:00, 2025-08-01T05:30:00+01:00
0.002000, 0.03, 1.04, 2025-08-01T05:30:00+01:00, 2025-08-01T06:00:00+01:00
0.002000, 0.04, 1.04, 2025-08-01T06:00:00+01:00, 2025-08-01T06:30:00+01:00
0.004000, 0.08, 1.04, 2025-08-01T06:30:00+01:00, 2025-08-01T07:00:00+01:00
0.001000, 0.02, 1.04, 2025-08-01T07:00:00+01:00, 2025-08-01T07:30:00+01:00
0.002000, 0.04, 1.04, 2025-08-01T07:30:00+01:00, 2025-08-01T08:00:00+01:00
0.002000, 0.04, 1.04, 2025-08-01T08:00:00+01:00, 2025-08-01T08:30:00+01:00
0.003000, 0.06, 1.04, 2025-08-01T08:30:00+01:00, 2025-08-01T09:00:00+01:00
0.002000, 0.04, 1.04, 2025-08-01T09:00:00+01:00, 2025-08-01T09:30:00+01:00
0.002000, 0.04, 1.04, 2025-08-01T09:30:00+01:00, 2025-08-01T10:00:00+01:00
0.003000, 0.06, 1.04, 2025-08-01T10:00:00+01:00, 2025-08-01T10:30:00+01:00
0.001000, 0.02, 1.04, 2025-08-01T10:30:00+01:00, 2025-08-01T11:00:00+01:00
0.004000, 0.06, 1.04, 2025-08-01T11:00:00+01:00, 2025-08-01T11:30:00+01:00
0.006000, 0.09, 1.04, 2025-08-01T11:30:00+01:00, 2025-08-01T12:00:00+01:00
0.875000, 12.77, 1.04, 2025-08-01T12:00:00+01:00, 2025-08-01T12:30:00+01:00
0.589000, 7.8, 1.04, 2025-08-01T12:30:00+01:00, 2025-08-01T13:00:00+01:00
1.238000, 16.92, 1.04, 2025-08-01T13:00:00+01:00, 2025-08-01T13:30:00+01:00
1.393000, 17.95, 1.04, 2025-08-01T13:30:00+01:00, 2025-08-01T14:00:00+01:00
1.185000, 16.77, 1.04, 2025-08-01T14:00:00+01:00, 2025-08-01T14:30:00+01:00
1.200000, 14.82, 1.04, 2025-08-01T14:30:00+01:00, 2025-08-01T15:00:00+01:00
1.206000, 16.49, 1.04, 2025-08-01T15:00:00+01:00, 2025-08-01T15:30:00+01:00
0.980000, 13.83, 1.04, 2025-08-01T15:30:00+01:00, 2025-08-01T16:00:00+01:00
0.010000, 0.26, 1.04, 2025-08-01T16:00:00+01:00, 2025-08-01T16:30:00+01:00
0.002000, 0.05, 1.04, 2025-08-01T16:30:00+01:00, 2025-08-01T17:00:00+01:00
0.003000, 0.09, 1.04, 2025-08-01T17:00:00+01:00, 2025-08-01T17:30:00+01:00
0.002000, 0.06, 1.04, 2025-08-01T17:30:00+01:00, 2025-08-01T18:00:00+01:00
0.005000, 0.16, 1.04, 2025-08-01T18:00:00+01:00, 2025-08-01T18:30:00+01:00
0.001000, 0.03, 1.04, 2025-08-01T18:30:00+01:00, 2025-08-01T19:00:00+01:00
0.002000, 0.04, 1.04, 2025-08-01T19:00:00+01:00, 2025-08-01T19:30:00+01:00
0.003000, 0.07, 1.04, 2025-08-01T19:30:00+01:00, 2025-08-01T20:00:00+01:00
0.002000, 0.04, 1.04, 2025-08-01T20:00:00+01:00, 2025-08-01T20:30:00+01:00
0.003000, 0.06, 1.04, 2025-08-01T20:30:00+01:00, 2025-08-01T21:00:00+01:00
0.003000, 0.06, 1.04, 2025-08-01T21:00:00+01:00, 2025-08-01T21:30:00+01:00
0.003000, 0.06, 1.04, 2025-08-01T21:30:00+01:00, 2025-08-01T22:00:00+01:00
0.004000, 0.08, 1.04, 2025-08-01T22:00:00+01:00, 2025-08-01T22:30:00+01:00
0.002000, 0.04, 1.04, 2025-08-01T22:30:00+01:00, 2025-08-01T23:00:00+01:00
0.001000, 0.02, 1.04, 2025-08-01T23:00:00+01:00, 2025-08-01T23:30:00+01:00
0.002000, 0.03, 1.04, 2025-08-01T23:30:00+01:00, 2025-08-02T00:00:00+01:00
0.002000, 0.03, 1.04, 2025-08-02T00:00:00+01:00, 2025-08-02T00:30:00+01:00
0.002000, 0.03, 1.04, 2025-08-02T00:30:00+01:00, 2025-08-02T01:00:00+01:00
0.001000, 0.02, 1.04, 2025-08-02T01:00:00+01:00, 2025-08-02T01:30:00+01:00
0.002000, 0.03, 1.04, 2025-08-02T01:30:00+01:00, 2025-08-02T02:00:00+01:00
0.001000, 0.02, 1.04, 2025-08-02T02:00:00+01:00, 2025-08-02T02:30:00+01:00
0.002000, 0.03, 1.04, 2025-08-02T02:30:00+01:00, 2025-08-02T03:00:00+01:00
0.002000, 0.03, 1.04, 2025-08-02T03:00:00+01:00, 2025-08-02T03:30:00+01:00
0.001000, 0.01, 1.04, 2025-08-02T03:30:00+01:00, 2025-08-02T04:00:00+01:00
0.002000, 0.03, 1.04, 2025-08-02T04:00:00+01:00, 2025-08-02T04:30:00+01:00
0.002000, 0.03, 1.04, 2025-08-02T04:30:00+01:00, 2025-08-02T05:00:00+01:00
0.001000, 0.02, 1.04, 2025-08-02T05:00:00+01:00, 2025-08-02T05:30:00+01:00
0.002000, 0.03, 1.04, 2025-08-02T05:30:00+01:00, 2025-08-02T06:00:00+01:00
0.003000, 0.04, 1.04, 2025-08-02T06:00:00+01:00, 2025-08-02T06:30:00+01:00
0.004000, 0.06, 1.04, 2025-08-02T06:30:00+01:00, 2025-08-02T07:00:00+01:00
0.001000, 0.01, 1.04, 2025-08-02T07:00:00+01:00, 2025-08-02T07:30:00+01:00
0.002000, 0.03, 1.04, 2025-08-02T07:30:00+01:00, 2025-08-02T08:00:00+01:00
0.008000, 0.11, 1.04, 2025-08-02T08:00:00+01:00, 2025-08-02T08:30:00+01:00
0.007000, 0.11, 1.04, 2025-08-02T08:30:00+01:00, 2025-08-02T09:00:00+01:00
0.006000, 0.09, 1.04, 2025-08-02T09:00:00+01:00, 2025-08-02T09:30:00+01:00
0.007000, 0.1, 1.04, 2025-08-02T09:30:00+01:00, 2025-08-02T10:00:00+01:00
0.009000, 0.14, 1.04, 2025-08-02T10:00:00+01:00, 2025-08-02T10:30:00+01:00
0.006000, 0.09, 1.04, 2025-08-02T10:30:00+01:00, 2025-08-02T11:00:00+01:00
0.006000, 0.09, 1.04, 2025-08-02T11:00:00+01:00, 2025-08-02T11:30:00+01:00
0.048000, 0.76, 1.04, 2025-08-02T11:30:00+01:00, 2025-08-02T12:00:00+01:00
0.841000, 13.55, 1.04, 2025-08-02T12:00:00+01:00, 2025-08-02T12:30:00+01:00
0.730000, 11.43, 1.04, 2025-08-02T12:30:00+01:00, 2025-08-02T13:00:00+01:00
0.855000, 12.82, 1.04, 2025-08-02T13:00:00+01:00, 2025-08-02T13:30:00+01:00
0.938000, 14.47, 1.04, 2025-08-02T13:30:00+01:00, 2025-08-02T14:00:00+01:00
0.668000, 10.04, 1.04, 2025-08-02T14:00:00+01:00, 2025-08-02T14:30:00+01:00
0.253000, 3.96, 1.04, 2025-08-02T14:30:00+01:00, 2025-08-02T15:00:00+01:00
0.160000, 2.42, 1.04, 2025-08-02T15:00:00+01:00, 2025-08-02T15:30:00+01:00
0.122000, 1.83, 1.04, 2025-08-02T15:30:00+01:00, 2025-08-02T16:00:00+01:00
0.001000, 0.03, 1.04, 2025-08-02T16:00:00+01:00, 2025-08-02T16:30:00+01:00
0.002000, 0.06, 1.04, 2025-08-02T16:30:00+01:00, 2025-08-02T17:00:00+01:00
0.008000, 0.24, 1.04, 2025-08-02T17:00:00+01:00, 2025-08-02T17:30:00+01:00
0.006000, 0.18, 1.04, 2025-08-02T17:30:00+01:00, 2025-08-02T18:00:00+01:00
0.002000, 0.06, 1.04, 2025-08-02T18:00:00+01:00, 2025-08-02T18:30:00+01:00
0.001000, 0.03, 1.04, 2025-08-02T18:30:00+01:00, 2025-08-02T19:00:00+01:00
0.002000, 0.04, 1.04, 2025-08-02T19:00:00+01:00, 2025-08-02T19:30:00+01:00
0.003000, 0.07, 1.04, 2025-08-02T19:30:00+01:00, 2025-08-02T20:00:00+01:00
0.004000, 0.09, 1.04, 2025-08-02T20:00:00+01:00, 2025-08-02T20:30:00+01:00
0.002000, 0.04, 1.04, 2025-08-02T20:30:00+01:00, 2025-08-02T21:00:00+01:00
0.003000, 0.06, 1.04, 2025-08-02T21:00:00+01:00, 2025-08-02T21:30:00+01:00
0.004000, 0.08, 1.04, 2025-08-02T21:30:00+01:00, 2025-08-02T22:00:00+01:00
0.002000, 0.04, 1.04, 2025-08-02T22:00:00+01:00, 2025-08-02T22:30:00+01:00
0.002000, 0.04, 1.04, 2025-08-02T22:30:00+01:00, 2025-08-02T23:00:00+01:00
0.003000, 0.05, 1.04, 2025-08-02T23:00:00+01:00, 2025-08-02T23:30:00+01:00
0.001000, 0.02, 1.04, 2025-08-02T23:30:00+01:00, 2025-08-03T00:00:00+01:00
0.002000, 0.03, 1.04, 2025-08-03T00:00:00+01:00, 2025-08-03T00:30:00+01:00
0.002000, 0.03, 1.04, 2025-08-03T00:30:00+01:00, 2025-08-03T01:00:00+01:00
0.001000, 0.02, 1.04, 2025-08-03T01:00:00+01:00, 2025-08-03T01:30:00+01:00
0.002000, 0.03, 1.04, 2025-08-03T01:30:00+01:00, 2025-08-03T02:00:00+01:00
0.001000, 0.01, 1.04, 2025-08-03T02:00:00+01:00, 2025-08-03T02:30:00+01:00
0.002000, 0.03, 1.04, 2025-08-03T02:30:00+01:00, 2025-08-03T03:00:00+01:00
0.002000, 0.03, 1.04, 2025-08-03T03:00:00+01:00, 2025-08-03T03:30:00+01:00
0.001000, 0.01, 1.04, 2025-08-03T03:30:00+01:00, 2025-08-03T04:00:00+01:00
0.002000, 0.03, 1.04, 2025-08-03T04:00:00+01:00, 2025-08-03T04:30:00+01:00
0.002000, 0.03, 1.04, 2025-08-03T04:30:00+01:00, 2025-08-03T05:00:00+01:00
0.001000, 0.01, 1.04, 2025-08-03T05:00:00+01:00, 2025-08-03T05:30:00+01:00
0.003000, 0.03, 1.04, 2025-08-03T05:30:00+01:00, 2025-08-03T06:00:00+01:00
0.004000, 0.04, 1.04, 2025-08-03T06:00:00+01:00, 2025-08-03T06:30:00+01:00
0.002000, 0.02, 1.04, 2025-08-03T06:30:00+01:00, 2025-08-03T07:00:00+01:00
0.003000, 0.02, 1.04, 2025-08-03T07:00:00+01:00, 2025-08-03T07:30:00+01:00
0.005000, 0.04, 1.04, 2025-08-03T07:30:00+01:00, 2025-08-03T08:00:00+01:00
0.002000, 0.02, 1.04, 2025-08-03T08:00:00+01:00, 2025-08-03T08:30:00+01:00
0.002000, 0.02, 1.04, 2025-08-03T08:30:00+01:00, 2025-08-03T09:00:00+01:00
0.003000, 0.03, 1.04, 2025-08-03T09:00:00+01:00, 2025-08-03T09:30:00+01:00
0.002000, 0.02, 1.04, 2025-08-03T09:30:00+01:00, 2025-08-03T10:00:00+01:00
0.003000, 0.03, 1.04, 2025-08-03T10:00:00+01:00, 2025-08-03T10:30:00+01:00
0.059000, 0.57, 1.04, 2025-08-03T10:30:00+01:00, 2025-08-03T11:00:00+01:00
0.006000, 0.06, 1.04, 2025-08-03T11:00:00+01:00, 2025-08-03T11:30:00+01:00
0.012000, 0.1, 1.04, 2025-08-03T11:30:00+01:00, 2025-08-03T12:00:00+01:00
1.154000, 8.09, 1.04, 2025-08-03T12:00:00+01:00, 2025-08-03T12:30:00+01:00
1.141000, 8.05, 1.04, 2025-08-03T12:30:00+01:00, 2025-08-03T13:00:00+01:00
0.942000, 7.43, 1.04, 2025-08-03T13:00:00+01:00, 2025-08-03T13:30:00+01:00
1.284000, 8.49, 1.04, 2025-08-03T13:30:00+01:00, 2025-08-03T14:00:00+01:00
1.048000, 7.39, 1.04, 2025-08-03T14:00:00+01:00, 2025-08-03T14:30:00+01:00
0.611000, 4.04, 1.04, 2025-08-03T14:30:00+01:00, 2025-08-03T15:00:00+01:00
0.645000, 5.07, 1.04, 2025-08-03T15:00:00+01:00, 2025-08-03T15:30:00+01:00
0.677000, 5.59, 1.04, 2025-08-03T15:30:00+01:00, 2025-08-03T16:00:00+01:00
0.030000, 0.75, 1.04, 2025-08-03T16:00:00+01:00, 2025-08-03T16:30:00+01:00
0.002000, 0.06, 1.04, 2025-08-03T16:30:00+01:00, 2025-08-03T17:00:00+01:00
0.003000, 0.09, 1.04, 2025-08-03T17:00:00+01:00, 2025-08-03T17:30:00+01:00
0.003000, 0.09, 1.04, 2025-08-03T17:30:00+01:00, 2025-08-03T18:00:00+01:00
0.003000, 0.09, 1.04, 2025-08-03T18:00:00+01:00, 2025-08-03T18:30:00+01:00
0.003000, 0.1, 1.04, 2025-08-03T18:30:00+01:00, 2025-08-03T19:00:00+01:00
0.003000, 0.06, 1.04, 2025-08-03T19:00:00+01:00, 2025-08-03T19:30:00+01:00
0.006000, 0.13, 1.04, 2025-08-03T19:30:00+01:00, 2025-08-03T20:00:00+01:00
0.008000, 0.17, 1.04, 2025-08-03T20:00:00+01:00, 2025-08-03T20:30:00+01:00
0.004000, 0.09, 1.04, 2025-08-03T20:30:00+01:00, 2025-08-03T21:00:00+01:00
0.003000, 0.07, 1.04, 2025-08-03T21:00:00+01:00, 2025-08-03T21:30:00+01:00
0.001000, 0.02, 1.04, 2025-08-03T21:30:00+01:00, 2025-08-03T22:00:00+01:00
0.003000, 0.07, 1.04, 2025-08-03T22:00:00+01:00, 2025-08-03T22:30:00+01:00
0.001000, 0.02, 1.04, 2025-08-03T22:30:00+01:00, 2025-08-03T23:00:00+01:00
0.002000, 0.04, 1.04, 2025-08-03T23:00:00+01:00, 2025-08-03T23:30:00+01:00
0.002000, 0.04, 1.04, 2025-08-03T23:30:00+01:00, 2025-08-04T00:00:00+01:00
0.002000, 0.04, 1.04, 2025-08-04T00:00:00+01:00, 2025-08-04T00:30:00+01:00
0.001000, 0.02, 1.04, 2025-08-04T00:30:00+01:00, 2025-08-04T01:00:00+01:00
0.002000, 0.04, 1.04, 2025-08-04T01:00:00+01:00, 2025-08-04T01:30:00+01:00
0.002000, 0.04, 1.04, 2025-08-04T01:30:00+01:00, 2025-08-04T02:00:00+01:00
0.003000, 0.05, 1.04, 2025-08-04T02:00:00+01:00, 2025-08-04T02:30:00+01:00
0.001000, 0.02, 1.04, 2025-08-04T02:30:00+01:00, 2025-08-04T03:00:00+01:00
0.003000, 0.05, 1.04, 2025-08-04T03:00:00+01:00, 2025-08-04T03:30:00+01:00
0.002000, 0.03, 1.04, 2025-08-04T03:30:00+01:00, 2025-08-04T04:00:00+01:00
0.001000, 0.02, 1.04, 2025-08-04T04:00:00+01:00, 2025-08-04T04:30:00+01:00
0.001000, 0.02, 1.04, 2025-08-04T04:30:00+01:00, 2025-08-04T05:00:00+01:00
0.002000, 0.04, 1.04, 2025-08-04T05:00:00+01:00, 2025-08-04T05:30:00+01:00
0.003000, 0.05, 1.04, 2025-08-04T05:30:00+01:00, 2025-08-04T06:00:00+01:00
0.001000, 0.02, 1.04, 2025-08-04T06:00:00+01:00, 2025-08-04T06:30:00+01:00
0.006000, 0.11, 1.04, 2025-08-04T06:30:00+01:00, 2025-08-04T07:00:00+01:00
0.002000, 0.04, 1.04, 2025-08-04T07:00:00+01:00, 2025-08-04T07:30:00+01:00
0.007000, 0.11, 1.04, 2025-08-04T07:30:00+01:00, 2025-08-04T08:00:00+01:00
0.003000, 0.05, 1.04, 2025-08-04T08:00:00+01:00, 2025-08-04T08:30:00+01:00
0.002000, 0.03, 1.04, 2025-08-04T08:30:00+01:00, 2025-08-04T09:00:00+01:00
0.002000, 0.03, 1.04, 2025-08-04T09:00:00+01:00, 2025-08-04T09:30:00+01:00
0.002000, 0.02, 1.04, 2025-08-04T09:30:00+01:00, 2025-08-04T10:00:00+01:00
0.201000, 1.19, 1.04, 2025-08-04T10:00:00+01:00, 2025-08-04T10:30:00+01:00
0.237000, 1.05, 1.04, 2025-08-04T10:30:00+01:00, 2025-08-04T11:00:00+01:00
0.273000, 0.39, 1.04, 2025-08-04T11:00:00+01:00, 2025-08-04T11:30:00+01:00
0.134000, 0.24, 1.04, 2025-08-04T11:30:00+01:00, 2025-08-04T12:00:00+01:00
1.325000, 0.11, 1.04, 2025-08-04T12:00:00+01:00, 2025-08-04T12:30:00+01:00
1.062000, 0, 1.04, 2025-08-04T12:30:00+01:00, 2025-08-04T13:00:00+01:00
0.792000, -0.12, 1.04, 2025-08-04T13:00:00+01:00, 2025-08-04T13:30:00+01:00
0.622000, 0, 1.04, 2025-08-04T13:30:00+01:00, 2025-08-04T14:00:00+01:00
0.730000, 0.7, 1.04, 2025-08-04T14:00:00+01:00, 2025-08-04T14:30:00+01:00
0.782000, 0.17, 1.04, 2025-08-04T14:30:00+01:00, 2025-08-04T15:00:00+01:00
0.799000, 1.69, 1.04, 2025-08-04T15:00:00+01:00, 2025-08-04T15:30:00+01:00
0.693000, 1.46, 1.04, 2025-08-04T15:30:00+01:00, 2025-08-04T16:00:00+01:00
0.043000, 0.7, 1.04, 2025-08-04T16:00:00+01:00, 2025-08-04T16:30:00+01:00
0.008000, 0.15, 1.04, 2025-08-04T16:30:00+01:00, 2025-08-04T17:00:00+01:00
0.016000, 0.31, 1.04, 2025-08-04T17:00:00+01:00, 2025-08-04T17:30:00+01:00
0.014000, 0.31, 1.04, 2025-08-04T17:30:00+01:00, 2025-08-04T18:00:00+01:00
0.005000, 0.12, 1.04, 2025-08-04T18:00:00+01:00, 2025-08-04T18:30:00+01:00
0.005000, 0.12, 1.04, 2025-08-04T18:30:00+01:00, 2025-08-04T19:00:00+01:00
0.002000, 0.03, 1.04, 2025-08-04T19:00:00+01:00, 2025-08-04T19:30:00+01:00
0.001000, 0.01, 1.04, 2025-08-04T19:30:00+01:00, 2025-08-04T20:00:00+01:00
0.003000, 0.04, 1.04, 2025-08-04T20:00:00+01:00, 2025-08-04T20:30:00+01:00
0.002000, 0.03, 1.04, 2025-08-04T20:30:00+01:00, 2025-08-04T21:00:00+01:00
0.004000, 0.05, 1.04, 2025-08-04T21:00:00+01:00, 2025-08-04T21:30:00+01:00
0.003000, 0.03, 1.04, 2025-08-04T21:30:00+01:00, 2025-08-04T22:00:00+01:00
0.004000, 0.04, 1.04, 2025-08-04T22:00:00+01:00, 2025-08-04T22:30:00+01:00
0.002000, 0.01, 1.04, 2025-08-04T22:30:00+01:00, 2025-08-04T23:00:00+01:00
0.002000, 0, 1.04, 2025-08-04T23:00:00+01:00, 2025-08-04T23:30:00+01:00
0.001000, 0, 1.04, 2025-08-04T23:30:00+01:00, 2025-08-05T00:00:00+01:00
0.002000, 0, 1.04, 2025-08-05T00:00:00+01:00, 2025-08-05T00:30:00+01:00
0.002000, 0, 1.04, 2025-08-05T00:30:00+01:00, 2025-08-05T01:00:00+01:00
0.002000, 0, 1.04, 2025-08-05T01:00:00+01:00, 2025-08-05T01:30:00+01:00
0.001000, 0, 1.04, 2025-08-05T01:30:00+01:00, 2025-08-05T02:00:00+01:00
0.002000, 0, 1.04, 2025-08-05T02:00:00+01:00, 2025-08-05T02:30:00+01:00
0.002000, 0, 1.04, 2025-08-05T02:30:00+01:00, 2025-08-05T03:00:00+01:00
0.002000, 0, 1.04, 2025-08-05T03:00:00+01:00, 2025-08-05T03:30:00+01:00
0.001000, 0, 1.04, 2025-08-05T03:30:00+01:00, 2025-08-05T04:00:00+01:00
0.003000, 0, 1.04, 2025-08-05T04:00:00+01:00, 2025-08-05T04:30:00+01:00
0.001000, 0, 1.04, 2025-08-05T04:30:00+01:00, 2025-08-05T05:00:00+01:00
0.002000, 0, 1.04, 2025-08-05T05:00:00+01:00, 2025-08-05T05:30:00+01:00
0.002000, 0, 1.04, 2025-08-05T05:30:00+01:00, 2025-08-05T06:00:00+01:00
0.002000, 0, 1.04, 2025-08-05T06:00:00+01:00, 2025-08-05T06:30:00+01:00
0.005000, 0.01, 1.04, 2025-08-05T06:30:00+01:00, 2025-08-05T07:00:00+01:00
0.002000, 0, 1.04, 2025-08-05T07:00:00+01:00, 2025-08-05T07:30:00+01:00
0.001000, 0, 1.04, 2025-08-05T07:30:00+01:00, 2025-08-05T08:00:00+01:00
0.014000, 0.01, 1.04, 2025-08-05T08:00:00+01:00, 2025-08-05T08:30:00+01:00
0.004000, 0, 1.04, 2025-08-05T08:30:00+01:00, 2025-08-05T09:00:00+01:00
0.004000, 0, 1.04, 2025-08-05T09:00:00+01:00, 2025-08-05T09:30:00+01:00
0.688000, -0.88, 1.04, 2025-08-05T09:30:00+01:00, 2025-08-05T10:00:00+01:00
0.211000, -0.17, 1.04, 2025-08-05T10:00:00+01:00, 2025-08-05T10:30:00+01:00
0.041000, -0.04, 1.04, 2025-08-05T10:30:00+01:00, 2025-08-05T11:00:00+01:00
0.008000, -0.01, 1.04, 2025-08-05T11:00:00+01:00, 2025-08-05T11:30:00+01:00
0.011000, -0.02, 1.04, 2025-08-05T11:30:00+01:00, 2025-08-05T12:00:00+01:00
1.006000, -4.44, 1.04, 2025-08-05T12:00:00+01:00, 2025-08-05T12:30:00+01:00
0.889000, -2.89, 1.04, 2025-08-05T12:30:00+01:00, 2025-08-05T13:00:00+01:00
0.972000, -4.2, 1.04, 2025-08-05T13:00:00+01:00, 2025-08-05T13:30:00+01:00
1.562000, -3.44, 1.04, 2025-08-05T13:30:00+01:00, 2025-08-05T14:00:00+01:00
0.716000, -1.38, 1.04, 2025-08-05T14:00:00+01:00, 2025-08-05T14:30:00+01:00
1.584000, -2.96, 1.04, 2025-08-05T14:30:00+01:00, 2025-08-05T15:00:00+01:00
0.888000, -3.92, 1.04, 2025-08-05T15:00:00+01:00, 2025-08-05T15:30:00+01:00
0.670000, -0.3, 1.04, 2025-08-05T15:30:00+01:00, 2025-08-05T16:00:00+01:00
0.006000, 0.06, 1.04, 2025-08-05T16:00:00+01:00, 2025-08-05T16:30:00+01:00
0.001000, 0.01, 1.04, 2025-08-05T16:30:00+01:00, 2025-08-05T17:00:00+01:00
0.003000, 0.03, 1.04, 2025-08-05T17:00:00+01:00, 2025-08-05T17:30:00+01:00
0.016000, 0.25, 1.04, 2025-08-05T17:30:00+01:00, 2025-08-05T18:00:00+01:00
0.009000, 0.19, 1.04, 2025-08-05T18:00:00+01:00, 2025-08-05T18:30:00+01:00
0.017000, 0.45, 1.04, 2025-08-05T18:30:00+01:00, 2025-08-05T19:00:00+01:00
0.006000, 0.07, 1.04, 2025-08-05T19:00:00+01:00, 2025-08-05T19:30:00+01:00
0.003000, 0.05, 1.04, 2025-08-05T19:30:00+01:00, 2025-08-05T20:00:00+01:00
0.002000, 0.03, 1.04, 2025-08-05T20:00:00+01:00, 2025-08-05T20:30:00+01:00
0.003000, 0.05, 1.04, 2025-08-05T20:30:00+01:00, 2025-08-05T21:00:00+01:00
0.003000, 0.05, 1.04, 2025-08-05T21:00:00+01:00, 2025-08-05T21:30:00+01:00
0.002000, 0.03, 1.04, 2025-08-05T21:30:00+01:00, 2025-08-05T22:00:00+01:00
0.006000, 0.11, 1.04, 2025-08-05T22:00:00+01:00, 2025-08-05T22:30:00+01:00
0.002000, 0.03, 1.04, 2025-08-05T22:30:00+01:00, 2025-08-05T23:00:00+01:00
0.002000, 0.03, 1.04, 2025-08-05T23:00:00+01:00, 2025-08-05T23:30:00+01:00
0.003000, 0.04, 1.04, 2025-08-05T23:30:00+01:00, 2025-08-06T00:00:00+01:00
1.253000, 11.05, 1.04, 2025-08-06T00:00:00+01:00, 2025-08-06T00:30:00+01:00
1.234000, 8.98, 1.04, 2025-08-06T00:30:00+01:00, 2025-08-06T01:00:00+01:00
1.227000, 10.02, 1.04, 2025-08-06T01:00:00+01:00, 2025-08-06T01:30:00+01:00
1.222000, 9.7, 1.04, 2025-08-06T01:30:00+01:00, 2025-08-06T02:00:00+01:00
1.108000, 8.16, 1.04, 2025-08-06T02:00:00+01:00, 2025-08-06T02:30:00+01:00
0.281000, 1.91, 1.04, 2025-08-06T02:30:00+01:00, 2025-08-06T03:00:00+01:00
0.134000, 1.31, 1.04, 2025-08-06T03:00:00+01:00, 2025-08-06T03:30:00+01:00
0.166000, 1.35, 1.04, 2025-08-06T03:30:00+01:00, 2025-08-06T04:00:00+01:00
0.145000, 1.15, 1.04, 2025-08-06T04:00:00+01:00, 2025-08-06T04:30:00+01:00
0.158000, 1.36, 1.04, 2025-08-06T04:30:00+01:00, 2025-08-06T05:00:00+01:00
0.145000, 1.15, 1.04, 2025-08-06T05:00:00+01:00, 2025-08-06T05:30:00+01:00
0.149000, 1.45, 1.04, 2025-08-06T05:30:00+01:00, 2025-08-06T06:00:00+01:00
0.007000, 0.1, 1.04, 2025-08-06T06:00:00+01:00, 2025-08-06T06:30:00+01:00
0.002000, 0.04, 1.04, 2025-08-06T06:30:00+01:00, 2025-08-06T07:00:00+01:00
0.002000, 0.03, 1.04, 2025-08-06T07:00:00+01:00, 2025-08-06T07:30:00+01:00
0.003000, 0.05, 1.04, 2025-08-06T07:30:00+01:00, 2025-08-06T08:00:00+01:00
0.003000, 0.05, 1.04, 2025-08-06T08:00:00+01:00, 2025-08-06T08:30:00+01:00
0.006000, 0.09, 1.04, 2025-08-06T08:30:00+01:00, 2025-08-06T09:00:00+01:00
0.002000, 0.03, 1.04, 2025-08-06T09:00:00+01:00, 2025-08-06T09:30:00+01:00
0.007000, 0.09, 1.04, 2025-08-06T09:30:00+01:00, 2025-08-06T10:00:00+01:00
0.009000, 0.13, 1.04, 2025-08-06T10:00:00+01:00, 2025-08-06T10:30:00+01:00
0.007000, 0.09, 1.04, 2025-08-06T10:30:00+01:00, 2025-08-06T11:00:00+01:00
0.006000, 0.09, 1.04, 2025-08-06T11:00:00+01:00, 2025-08-06T11:30:00+01:00
0.009000, 0.12, 1.04, 2025-08-06T11:30:00+01:00, 2025-08-06T12:00:00+01:00
0.015000, 0.2, 1.04, 2025-08-06T12:00:00+01:00, 2025-08-06T12:30:00+01:00
0.013000, 0.19, 1.04, 2025-08-06T12:30:00+01:00, 2025-08-06T13:00:00+01:00
0.022000, 0.36, 1.04, 2025-08-06T13:00:00+01:00, 2025-08-06T13:30:00+01:00
0.004000, 0.07, 1.04, 2025-08-06T13:30:00+01:00, 2025-08-06T14:00:00+01:00
0.002000, 0.03, 1.04, 2025-08-06T14:00:00+01:00, 2025-08-06T14:30:00+01:00
0.001000, 0.02, 1.04, 2025-08-06T14:30:00+01:00, 2025-08-06T15:00:00+01:00
0.000000, 0, 1.04, 2025-08-06T15:00:00+01:00, 2025-08-06T15:30:00+01:00
0.001000, 0.02, 1.04, 2025-08-06T15:30:00+01:00, 2025-08-06T16:00:00+01:00
0.000000, 0, 1.04, 2025-08-06T16:00:00+01:00, 2025-08-06T16:30:00+01:00
0.002000, 0.06, 1.04, 2025-08-06T16:30:00+01:00, 2025-08-06T17:00:00+01:00
0.002000, 0.06, 1.04, 2025-08-06T17:00:00+01:00, 2025-08-06T17:30:00+01:00
0.016000, 0.49, 1.04, 2025-08-06T17:30:00+01:00, 2025-08-06T18:00:00+01:00
0.070000, 2.44, 1.04, 2025-08-06T18:00:00+01:00, 2025-08-06T18:30:00+01:00
0.001000, 0.03, 1.04, 2025-08-06T18:30:00+01:00, 2025-08-06T19:00:00+01:00
0.002000, 0.05, 1.04, 2025-08-06T19:00:00+01:00, 2025-08-06T19:30:00+01:00
0.002000, 0.04, 1.04, 2025-08-06T19:30:00+01:00, 2025-08-06T20:00:00+01:00
0.018000, 0.4, 1.04, 2025-08-06T20:00:00+01:00, 2025-08-06T20:30:00+01:00
0.002000, 0.04, 1.04, 2025-08-06T20:30:00+01:00, 2025-08-06T21:00:00+01:00
0.016000, 0.34, 1.04, 2025-08-06T21:00:00+01:00, 2025-08-06T21:30:00+01:00
0.004000, 0.08, 1.04, 2025-08-06T21:30:00+01:00, 2025-08-06T22:00:00+01:00
0.002000, 0.04, 1.04, 2025-08-06T22:00:00+01:00, 2025-08-06T22:30:00+01:00
0.002000, 0.03, 1.04, 2025-08-06T22:30:00+01:00, 2025-08-06T23:00:00+01:00
0.002000, 0.03, 1.04, 2025-08-06T23:00:00+01:00, 2025-08-06T23:30:00+01:00
0.002000, 0.03, 1.04, 2025-08-06T23:30:00+01:00, 2025-08-07T00:00:00+01:00
1.230000, 16.83, 1.04, 2025-08-07T00:00:00+01:00, 2025-08-07T00:30:00+01:00
1.328000, 15.99, 1.04, 2025-08-07T00:30:00+01:00, 2025-08-07T01:00:00+01:00
1.252000, 11.04, 1.04, 2025-08-07T01:00:00+01:00, 2025-08-07T01:30:00+01:00
1.249000, 9.69, 1.04, 2025-08-07T01:30:00+01:00, 2025-08-07T02:00:00+01:00
1.087000, 7.4, 1.04, 2025-08-07T02:00:00+01:00, 2025-08-07T02:30:00+01:00
0.246000, 1.26, 1.04, 2025-08-07T02:30:00+01:00, 2025-08-07T03:00:00+01:00
0.132000, 0.9, 1.04, 2025-08-07T03:00:00+01:00, 2025-08-07T03:30:00+01:00
0.162000, 1, 1.04, 2025-08-07T03:30:00+01:00, 2025-08-07T04:00:00+01:00
0.165000, 1.3, 1.04, 2025-08-07T04:00:00+01:00, 2025-08-07T04:30:00+01:00
0.125000, 0.84, 1.04, 2025-08-07T04:30:00+01:00, 2025-08-07T05:00:00+01:00
0.156000, 0.89, 1.04, 2025-08-07T05:00:00+01:00, 2025-08-07T05:30:00+01:00
0.129000, 1, 1.04, 2025-08-07T05:30:00+01:00, 2025-08-07T06:00:00+01:00
0.009000, 0.12, 1.04, 2025-08-07T06:00:00+01:00, 2025-08-07T06:30:00+01:00
0.002000, 0.03, 1.04, 2025-08-07T06:30:00+01:00, 2025-08-07T07:00:00+01:00
0.002000, 0.03, 1.04, 2025-08-07T07:00:00+01:00, 2025-08-07T07:30:00+01:00
0.002000, 0.03, 1.04, 2025-08-07T07:30:00+01:00, 2025-08-07T08:00:00+01:00
0.004000, 0.06, 1.04, 2025-08-07T08:00:00+01:00, 2025-08-07T08:30:00+01:00
0.005000, 0.08, 1.04, 2025-08-07T08:30:00+01:00, 2025-08-07T09:00:00+01:00
0.010000, 0.09, 1.04, 2025-08-07T09:00:00+01:00, 2025-08-07T09:30:00+01:00
0.002000, 0.02, 1.04, 2025-08-07T09:30:00+01:00, 2025-08-07T10:00:00+01:00
0.005000, 0.03, 1.04, 2025-08-07T10:00:00+01:00, 2025-08-07T10:30:00+01:00
0.007000, 0.03, 1.04, 2025-08-07T10:30:00+01:00, 2025-08-07T11:00:00+01:00
0.061000, 0.17, 1.04, 2025-08-07T11:00:00+01:00, 2025-08-07T11:30:00+01:00
0.008000, 0.02, 1.04, 2025-08-07T11:30:00+01:00, 2025-08-07T12:00:00+01:00
0.009000, 0.03, 1.04, 2025-08-07T12:00:00+01:00, 2025-08-07T12:30:00+01:00
0.012000, 0.04, 1.04, 2025-08-07T12:30:00+01:00, 2025-08-07T13:00:00+01:00
0.013000, 0.03, 1.04, 2025-08-07T13:00:00+01:00, 2025-08-07T13:30:00+01:00
0.010000, 0.02, 1.04, 2025-08-07T13:30:00+01:00, 2025-08-07T14:00:00+01:00
0.011000, 0, 1.04, 2025-08-07T14:00:00+01:00, 2025-08-07T14:30:00+01:00
0.011000, 0, 1.04, 2025-08-07T14:30:00+01:00, 2025-08-07T15:00:00+01:00
0.009000, 0.03, 1.04, 2025-08-07T15:00:00+01:00, 2025-08-07T15:30:00+01:00
0.010000, 0.04, 1.04, 2025-08-07T15:30:00+01:00, 2025-08-07T16:00:00+01:00
0.005000, 0.11, 1.04, 2025-08-07T16:00:00+01:00, 2025-08-07T16:30:00+01:00
0.005000, 0.13, 1.04, 2025-08-07T16:30:00+01:00, 2025-08-07T17:00:00+01:00
0.006000, 0.17, 1.04, 2025-08-07T17:00:00+01:00, 2025-08-07T17:30:00+01:00
0.004000, 0.11, 1.04, 2025-08-07T17:30:00+01:00, 2025-08-07T18:00:00+01:00
0.004000, 0.12, 1.04, 2025-08-07T18:00:00+01:00, 2025-08-07T18:30:00+01:00
0.065000, 2.03, 1.04, 2025-08-07T18:30:00+01:00, 2025-08-07T19:00:00+01:00
0.005000, 0.11, 1.04, 2025-08-07T19:00:00+01:00, 2025-08-07T19:30:00+01:00
0.001000, 0.02, 1.04, 2025-08-07T19:30:00+01:00, 2025-08-07T20:00:00+01:00
0.005000, 0.11, 1.04, 2025-08-07T20:00:00+01:00, 2025-08-07T20:30:00+01:00
0.006000, 0.13, 1.04, 2025-08-07T20:30:00+01:00, 2025-08-07T21:00:00+01:00
0.002000, 0.04, 1.04, 2025-08-07T21:00:00+01:00, 2025-08-07T21:30:00+01:00
0.002000, 0.04, 1.04, 2025-08-07T21:30:00+01:00, 2025-08-07T22:00:00+01:00
0.003000, 0.06, 1.04, 2025-08-07T22:00:00+01:00, 2025-08-07T22:30:00+01:00
0.003000, 0.05, 1.04, 2025-08-07T22:30:00+01:00, 2025-08-07T23:00:00+01:00
0.001000, 0.02, 1.04, 2025-08-07T23:00:00+01:00, 2025-08-07T23:30:00+01:00
0.001000, 0.02, 1.04, 2025-08-07T23:30:00+01:00, 2025-08-08T00:00:00+01:00
0.002000, 0.03, 1.04, 2025-08-08T00:00:00+01:00, 2025-08-08T00:30:00+01:00
0.002000, 0.03, 1.04, 2025-08-08T00:30:00+01:00, 2025-08-08T01:00:00+01:00
0.002000, 0.03, 1.04, 2025-08-08T01:00:00+01:00, 2025-08-08T01:30:00+01:00
0.002000, 0.03, 1.04, 2025-08-08T01:30:00+01:00, 2025-08-08T02:00:00+01:00
0.002000, 0.03, 1.04, 2025-08-08T02:00:00+01:00, 2025-08-08T02:30:00+01:00
0.002000, 0.03, 1.04, 2025-08-08T02:30:00+01:00, 2025-08-08T03:00:00+01:00
0.002000, 0.03, 1.04, 2025-08-08T03:00:00+01:00, 2025-08-08T03:30:00+01:00
0.001000, 0.01, 1.04, 2025-08-08T03:30:00+01:00, 2025-08-08T04:00:00+01:00
0.002000, 0.03, 1.04, 2025-08-08T04:00:00+01:00, 2025-08-08T04:30:00+01:00
0.002000, 0.03, 1.04, 2025-08-08T04:30:00+01:00, 2025-08-08T05:00:00+01:00
0.002000, 0.03, 1.04, 2025-08-08T05:00:00+01:00, 2025-08-08T05:30:00+01:00
0.001000, 0.02, 1.04, 2025-08-08T05:30:00+01:00, 2025-08-08T06:00:00+01:00
0.003000, 0.05, 1.04, 2025-08-08T06:00:00+01:00, 2025-08-08T06:30:00+01:00
0.005000, 0.09, 1.04, 2025-08-08T06:30:00+01:00, 2025-08-08T07:00:00+01:00
0.002000, 0.04, 1.04, 2025-08-08T07:00:00+01:00, 2025-08-08T07:30:00+01:00
0.002000, 0.04, 1.04, 2025-08-08T07:30:00+01:00, 2025-08-08T08:00:00+01:00
0.006000, 0.11, 1.04, 2025-08-08T08:00:00+01:00, 2025-08-08T08:30:00+01:00
0.004000, 0.07, 1.04, 2025-08-08T08:30:00+01:00, 2025-08-08T09:00:00+01:00
0.004000, 0.05, 1.04, 2025-08-08T09:00:00+01:00, 2025-08-08T09:30:00+01:00
0.003000, 0.03, 1.04, 2025-08-08T09:30:00+01:00, 2025-08-08T10:00:00+01:00
0.004000, 0.01, 1.04, 2025-08-08T10:00:00+01:00, 2025-08-08T10:30:00+01:00
0.006000, 0.01, 1.04, 2025-08-08T10:30:00+01:00, 2025-08-08T11:00:00+01:00
0.013000, 0.03, 1.04, 2025-08-08T11:00:00+01:00, 2025-08-08T11:30:00+01:00
0.828000, 0.61, 1.04, 2025-08-08T11:30:00+01:00, 2025-08-08T12:00:00+01:00
0.718000, 0.69, 1.04, 2025-08-08T12:00:00+01:00, 2025-08-08T12:30:00+01:00
0.912000, 0.2, 1.04, 2025-08-08T12:30:00+01:00, 2025-08-08T13:00:00+01:00
1.399000, -0.62, 1.04, 2025-08-08T13:00:00+01:00, 2025-08-08T13:30:00+01:00
0.475000, -0.25, 1.04, 2025-08-08T13:30:00+01:00, 2025-08-08T14:00:00+01:00
0.021000, -0.01, 1.04, 2025-08-08T14:00:00+01:00, 2025-08-08T14:30:00+01:00
0.013000, 0, 1.04, 2025-08-08T14:30:00+01:00, 2025-08-08T15:00:00+01:00
0.015000, 0.03, 1.04, 2025-08-08T15:00:00+01:00, 2025-08-08T15:30:00+01:00
0.032000, 0.13, 1.04, 2025-08-08T15:30:00+01:00, 2025-08-08T16:00:00+01:00
0.004000, 0.09, 1.04, 2025-08-08T16:00:00+01:00, 2025-08-08T16:30:00+01:00
0.018000, 0.47, 1.04, 2025-08-08T16:30:00+01:00, 2025-08-08T17:00:00+01:00
0.004000, 0.11, 1.04, 2025-08-08T17:00:00+01:00, 2025-08-08T17:30:00+01:00
0.003000, 0.09, 1.04, 2025-08-08T17:30:00+01:00, 2025-08-08T18:00:00+01:00
0.001000, 0.03, 1.04, 2025-08-08T18:00:00+01:00, 2025-08-08T18:30:00+01:00
0.001000, 0.03, 1.04, 2025-08-08T18:30:00+01:00, 2025-08-08T19:00:00+01:00
0.001000, 0.02, 1.04, 2025-08-08T19:00:00+01:00, 2025-08-08T19:30:00+01:00
0.002000, 0.04, 1.04, 2025-08-08T19:30:00+01:00, 2025-08-08T20:00:00+01:00
0.003000, 0.06, 1.04, 2025-08-08T20:00:00+01:00, 2025-08-08T20:30:00+01:00
0.003000, 0.06, 1.04, 2025-08-08T20:30:00+01:00, 2025-08-08T21:00:00+01:00
0.010000, 0.21, 1.04, 2025-08-08T21:00:00+01:00, 2025-08-08T21:30:00+01:00
0.003000, 0.06, 1.04, 2025-08-08T21:30:00+01:00, 2025-08-08T22:00:00+01:00
0.003000, 0.05, 1.04, 2025-08-08T22:00:00+01:00, 2025-08-08T22:30:00+01:00
0.002000, 0.03, 1.04, 2025-08-08T22:30:00+01:00, 2025-08-08T23:00:00+01:00
0.000000, 0, 1.04, 2025-08-08T23:00:00+01:00, 2025-08-08T23:30:00+01:00
0.002000, 0.03, 1.04, 2025-08-08T23:30:00+01:00, 2025-08-09T00:00:00+01:00
0.002000, 0.03, 1.04, 2025-08-09T00:00:00+01:00, 2025-08-09T00:30:00+01:00
0.001000, 0.02, 1.04, 2025-08-09T00:30:00+01:00, 2025-08-09T01:00:00+01:00
0.001000, 0.01, 1.04, 2025-08-09T01:00:00+01:00, 2025-08-09T01:30:00+01:00
0.002000, 0.03, 1.04, 2025-08-09T01:30:00+01:00, 2025-08-09T02:00:00+01:00
0.002000, 0.03, 1.04, 2025-08-09T02:00:00+01:00, 2025-08-09T02:30:00+01:00
0.002000, 0.02, 1.04, 2025-08-09T02:30:00+01:00, 2025-08-09T03:00:00+01:00
0.001000, 0.01, 1.04, 2025-08-09T03:00:00+01:00, 2025-08-09T03:30:00+01:00
0.002000, 0.02, 1.04, 2025-08-09T03:30:00+01:00, 2025-08-09T04:00:00+01:00
0.002000, 0.02, 1.04, 2025-08-09T04:00:00+01:00, 2025-08-09T04:30:00+01:00
0.002000, 0.02, 1.04, 2025-08-09T04:30:00+01:00, 2025-08-09T05:00:00+01:00
0.001000, 0.01, 1.04, 2025-08-09T05:00:00+01:00, 2025-08-09T05:30:00+01:00
0.002000, 0.02, 1.04, 2025-08-09T05:30:00+01:00, 2025-08-09T06:00:00+01:00
0.005000, 0.04, 1.04, 2025-08-09T06:00:00+01:00, 2025-08-09T06:30:00+01:00
0.001000, 0.01, 1.04, 2025-08-09T06:30:00+01:00, 2025-08-09T07:00:00+01:00
0.002000, 0.02, 1.04, 2025-08-09T07:00:00+01:00, 2025-08-09T07:30:00+01:00
0.003000, 0.03, 1.04, 2025-08-09T07:30:00+01:00, 2025-08-09T08:00:00+01:00
0.003000, 0.01, 1.04, 2025-08-09T08:00:00+01:00, 2025-08-09T08:30:00+01:00
0.008000, 0.02, 1.04, 2025-08-09T08:30:00+01:00, 2025-08-09T09:00:00+01:00
0.007000, 0.02, 1.04, 2025-08-09T09:00:00+01:00, 2025-08-09T09:30:00+01:00
0.009000, 0.02, 1.04, 2025-08-09T09:30:00+01:00, 2025-08-09T10:00:00+01:00
0.010000, 0.02, 1.04, 2025-08-09T10:00:00+01:00, 2025-08-09T10:30:00+01:00
0.008000, 0.02, 1.04, 2025-08-09T10:30:00+01:00, 2025-08-09T11:00:00+01:00
0.055000, 0.01, 1.04, 2025-08-09T11:00:00+01:00, 2025-08-09T11:30:00+01:00
0.864000, 0.47, 1.04, 2025-08-09T11:30:00+01:00, 2025-08-09T12:00:00+01:00
1.334000, -1.27, 1.04, 2025-08-09T12:00:00+01:00, 2025-08-09T12:30:00+01:00
1.802000, -1.95, 1.04, 2025-08-09T12:30:00+01:00, 2025-08-09T13:00:00+01:00
1.704000, -0.86, 1.04, 2025-08-09T13:00:00+01:00, 2025-08-09T13:30:00+01:00
0.849000, -0.58, 1.04, 2025-08-09T13:30:00+01:00, 2025-08-09T14:00:00+01:00
0.153000, 0.01, 1.04, 2025-08-09T14:00:00+01:00, 2025-08-09T14:30:00+01:00
0.151000, -0.07, 1.04, 2025-08-09T14:30:00+01:00, 2025-08-09T15:00:00+01:00
0.159000, -0.07, 1.04, 2025-08-09T15:00:00+01:00, 2025-08-09T15:30:00+01:00
0.150000, 0.06, 1.04, 2025-08-09T15:30:00+01:00, 2025-08-09T16:00:00+01:00
0.006000, 0.07, 1.04, 2025-08-09T16:00:00+01:00, 2025-08-09T16:30:00+01:00
0.004000, 0.06, 1.04, 2025-08-09T16:30:00+01:00, 2025-08-09T17:00:00+01:00
0.004000, 0.09, 1.04, 2025-08-09T17:00:00+01:00, 2025-08-09T17:30:00+01:00
0.006000, 0.15, 1.04, 2025-08-09T17:30:00+01:00, 2025-08-09T18:00:00+01:00
0.023000, 0.65, 1.04, 2025-08-09T18:00:00+01:00, 2025-08-09T18:30:00+01:00
0.016000, 0.47, 1.04, 2025-08-09T18:30:00+01:00, 2025-08-09T19:00:00+01:00
0.005000, 0.1, 1.04, 2025-08-09T19:00:00+01:00, 2025-08-09T19:30:00+01:00
0.053000, 1.12, 1.04, 2025-08-09T19:30:00+01:00, 2025-08-09T20:00:00+01:00
0.003000, 0.06, 1.04, 2025-08-09T20:00:00+01:00, 2025-08-09T20:30:00+01:00
0.004000, 0.08, 1.04, 2025-08-09T20:30:00+01:00, 2025-08-09T21:00:00+01:00
0.004000, 0.08, 1.04, 2025-08-09T21:00:00+01:00, 2025-08-09T21:30:00+01:00
0.003000, 0.06, 1.04, 2025-08-09T21:30:00+01:00, 2025-08-09T22:00:00+01:00
0.005000, 0.1, 1.04, 2025-08-09T22:00:00+01:00, 2025-08-09T22:30:00+01:00
0.003000, 0.05, 1.04, 2025-08-09T22:30:00+01:00, 2025-08-09T23:00:00+01:00
0.002000, 0.04, 1.04, 2025-08-09T23:00:00+01:00, 2025-08-09T23:30:00+01:00
0.002000, 0.03, 1.04, 2025-08-09T23:30:00+01:00, 2025-08-10T00:00:00+01:00
0.002000, 0.03, 1.04, 2025-08-10T00:00:00+01:00, 2025-08-10T00:30:00+01:00
0.001000, 0.02, 1.04, 2025-08-10T00:30:00+01:00, 2025-08-10T01:00:00+01:00
0.002000, 0.03, 1.04, 2025-08-10T01:00:00+01:00, 2025-08-10T01:30:00+01:00
0.002000, 0.04, 1.04, 2025-08-10T01:30:00+01:00, 2025-08-10T02:00:00+01:00
0.002000, 0.03, 1.04, 2025-08-10T02:00:00+01:00, 2025-08-10T02:30:00+01:00
0.002000, 0.03, 1.04, 2025-08-10T02:30:00+01:00, 2025-08-10T03:00:00+01:00
0.002000, 0.03, 1.04, 2025-08-10T03:00:00+01:00, 2025-08-10T03:30:00+01:00
0.001000, 0.02, 1.04, 2025-08-10T03:30:00+01:00, 2025-08-10T04:00:00+01:00
0.002000, 0.03, 1.04, 2025-08-10T04:00:00+01:00, 2025-08-10T04:30:00+01:00
0.002000, 0.04, 1.04, 2025-08-10T04:30:00+01:00, 2025-08-10T05:00:00+01:00
0.002000, 0.04, 1.04, 2025-08-10T05:00:00+01:00, 2025-08-10T05:30:00+01:00
0.002000, 0.04, 1.04, 2025-08-10T05:30:00+01:00, 2025-08-10T06:00:00+01:00
0.003000, 0.05, 1.04, 2025-08-10T06:00:00+01:00, 2025-08-10T06:30:00+01:00
0.006000, 0.11, 1.04, 2025-08-10T06:30:00+01:00, 2025-08-10T07:00:00+01:00
0.003000, 0.06, 1.04, 2025-08-10T07:00:00+01:00, 2025-08-10T07:30:00+01:00
0.003000, 0.06, 1.04, 2025-08-10T07:30:00+01:00, 2025-08-10T08:00:00+01:00
0.004000, 0.08, 1.04, 2025-08-10T08:00:00+01:00, 2025-08-10T08:30:00+01:00
0.005000, 0.09, 1.04, 2025-08-10T08:30:00+01:00, 2025-08-10T09:00:00+01:00
0.004000, 0.07, 1.04, 2025-08-10T09:00:00+01:00, 2025-08-10T09:30:00+01:00
0.006000, 0.1, 1.04, 2025-08-10T09:30:00+01:00, 2025-08-10T10:00:00+01:00
0.006000, 0.1, 1.04, 2025-08-10T10:00:00+01:00, 2025-08-10T10:30:00+01:00
0.004000, 0.06, 1.04, 2025-08-10T10:30:00+01:00, 2025-08-10T11:00:00+01:00
0.005000, 0.07, 1.04, 2025-08-10T11:00:00+01:00, 2025-08-10T11:30:00+01:00
0.422000, 4.8, 1.04, 2025-08-10T11:30:00+01:00, 2025-08-10T12:00:00+01:00
0.385000, 4.21, 1.04, 2025-08-10T12:00:00+01:00, 2025-08-10T12:30:00+01:00
0.508000, 5.15, 1.04, 2025-08-10T12:30:00+01:00, 2025-08-10T13:00:00+01:00
0.615000, 7.19, 1.04, 2025-08-10T13:00:00+01:00, 2025-08-10T13:30:00+01:00
0.632000, 7.39, 1.04, 2025-08-10T13:30:00+01:00, 2025-08-10T14:00:00+01:00
0.520000, 4.95, 1.04, 2025-08-10T14:00:00+01:00, 2025-08-10T14:30:00+01:00
0.245000, 2.55, 1.04, 2025-08-10T14:30:00+01:00, 2025-08-10T15:00:00+01:00
0.034000, 0.36, 1.04, 2025-08-10T15:00:00+01:00, 2025-08-10T15:30:00+01:00
0.012000, 0.15, 1.04, 2025-08-10T15:30:00+01:00, 2025-08-10T16:00:00+01:00
0.001000, 0.03, 1.04, 2025-08-10T16:00:00+01:00, 2025-08-10T16:30:00+01:00
0.001000, 0.03, 1.04, 2025-08-10T16:30:00+01:00, 2025-08-10T17:00:00+01:00
0.001000, 0.03, 1.04, 2025-08-10T17:00:00+01:00, 2025-08-10T17:30:00+01:00
0.004000, 0.12, 1.04, 2025-08-10T17:30:00+01:00, 2025-08-10T18:00:00+01:00
0.005000, 0.16, 1.04, 2025-08-10T18:00:00+01:00, 2025-08-10T18:30:00+01:00
0.004000, 0.13, 1.04, 2025-08-10T18:30:00+01:00, 2025-08-10T19:00:00+01:00
0.001000, 0.02, 1.04, 2025-08-10T19:00:00+01:00, 2025-08-10T19:30:00+01:00
0.004000, 0.09, 1.04, 2025-08-10T19:30:00+01:00, 2025-08-10T20:00:00+01:00
0.003000, 0.07, 1.04, 2025-08-10T20:00:00+01:00, 2025-08-10T20:30:00+01:00
0.029000, 0.63, 1.04, 2025-08-10T20:30:00+01:00, 2025-08-10T21:00:00+01:00
0.001000, 0.02, 1.04, 2025-08-10T21:00:00+01:00, 2025-08-10T21:30:00+01:00
0.003000, 0.06, 1.04, 2025-08-10T21:30:00+01:00, 2025-08-10T22:00:00+01:00
0.002000, 0.04, 1.04, 2025-08-10T22:00:00+01:00, 2025-08-10T22:30:00+01:00
0.001000, 0.02, 1.04, 2025-08-10T22:30:00+01:00, 2025-08-10T23:00:00+01:00
0.001000, 0.02, 1.04, 2025-08-10T23:00:00+01:00, 2025-08-10T23:30:00+01:00
0.001000, 0.02, 1.04, 2025-08-10T23:30:00+01:00, 2025-08-11T00:00:00+01:00
0.002000, 0.03, 1.04, 2025-08-11T00:00:00+01:00, 2025-08-11T00:30:00+01:00
0.002000, 0.03, 1.04, 2025-08-11T00:30:00+01:00, 2025-08-11T01:00:00+01:00
0.001000, 0.02, 1.04, 2025-08-11T01:00:00+01:00, 2025-08-11T01:30:00+01:00
0.001000, 0.02, 1.04, 2025-08-11T01:30:00+01:00, 2025-08-11T02:00:00+01:00
0.002000, 0.03, 1.04, 2025-08-11T02:00:00+01:00, 2025-08-11T02:30:00+01:00
0.002000, 0.03, 1.04, 2025-08-11T02:30:00+01:00, 2025-08-11T03:00:00+01:00
0.002000, 0.03, 1.04, 2025-08-11T03:00:00+01:00, 2025-08-11T03:30:00+01:00
0.001000, 0.01, 1.04, 2025-08-11T03:30:00+01:00, 2025-08-11T04:00:00+01:00
0.002000, 0.03, 1.04, 2025-08-11T04:00:00+01:00, 2025-08-11T04:30:00+01:00
0.002000, 0.03, 1.04, 2025-08-11T04:30:00+01:00, 2025-08-11T05:00:00+01:00
0.002000, 0.04, 1.04, 2025-08-11T05:00:00+01:00, 2025-08-11T05:30:00+01:00
0.001000, 0.02, 1.04, 2025-08-11T05:30:00+01:00, 2025-08-11T06:00:00+01:00
0.002000, 0.04, 1.04, 2025-08-11T06:00:00+01:00, 2025-08-11T06:30:00+01:00
0.007000, 0.14, 1.04, 2025-08-11T06:30:00+01:00, 2025-08-11T07:00:00+01:00
0.001000, 0.02, 1.04, 2025-08-11T07:00:00+01:00, 2025-08-11T07:30:00+01:00
0.002000, 0.04, 1.04, 2025-08-11T07:30:00+01:00, 2025-08-11T08:00:00+01:00
0.016000, 0.29, 1.04, 2025-08-11T08:00:00+01:00, 2025-08-11T08:30:00+01:00
0.003000, 0.06, 1.04, 2025-08-11T08:30:00+01:00, 2025-08-11T09:00:00+01:00
0.554000, 10.08, 1.04, 2025-08-11T09:00:00+01:00, 2025-08-11T09:30:00+01:00
0.066000, 1.08, 1.04, 2025-08-11T09:30:00+01:00, 2025-08-11T10:00:00+01:00
0.013000, 0.22, 1.04, 2025-08-11T10:00:00+01:00, 2025-08-11T10:30:00+01:00
0.005000, 0.09, 1.04, 2025-08-11T10:30:00+01:00, 2025-08-11T11:00:00+01:00
0.003000, 0.05, 1.04, 2025-08-11T11:00:00+01:00, 2025-08-11T11:30:00+01:00
0.712000, 11.61, 1.04, 2025-08-11T11:30:00+01:00, 2025-08-11T12:00:00+01:00
1.064000, 18.3, 1.04, 2025-08-11T12:00:00+01:00, 2025-08-11T12:30:00+01:00
0.714000, 12.28, 1.04, 2025-08-11T12:30:00+01:00, 2025-08-11T13:00:00+01:00
0.667000, 10.55, 1.04, 2025-08-11T13:00:00+01:00, 2025-08-11T13:30:00+01:00
0.766000, 11.82, 1.04, 2025-08-11T13:30:00+01:00, 2025-08-11T14:00:00+01:00
0.730000, 11.59, 1.04, 2025-08-11T14:00:00+01:00, 2025-08-11T14:30:00+01:00
0.925000, 14.28, 1.04, 2025-08-11T14:30:00+01:00, 2025-08-11T15:00:00+01:00
0.949000, 14.23, 1.04, 2025-08-11T15:00:00+01:00, 2025-08-11T15:30:00+01:00
0.092000, 1.42, 1.04, 2025-08-11T15:30:00+01:00, 2025-08-11T16:00:00+01:00
0.002000, 0.06, 1.04, 2025-08-11T16:00:00+01:00, 2025-08-11T16:30:00+01:00
0.002000, 0.06, 1.04, 2025-08-11T16:30:00+01:00, 2025-08-11T17:00:00+01:00
0.002000, 0.06, 1.04, 2025-08-11T17:00:00+01:00, 2025-08-11T17:30:00+01:00
0.030000, 1.03, 1.04, 2025-08-11T17:30:00+01:00, 2025-08-11T18:00:00+01:00
0.003000, 0.12, 1.04, 2025-08-11T18:00:00+01:00, 2025-08-11T18:30:00+01:00
0.004000, 0.16, 1.04, 2025-08-11T18:30:00+01:00, 2025-08-11T19:00:00+01:00
0.185000, 5.39, 1.04, 2025-08-11T19:00:00+01:00, 2025-08-11T19:30:00+01:00
0.080000, 2.34, 1.04, 2025-08-11T19:30:00+01:00, 2025-08-11T20:00:00+01:00
0.073000, 1.98, 1.04, 2025-08-11T20:00:00+01:00, 2025-08-11T20:30:00+01:00
0.005000, 0.14, 1.04, 2025-08-11T20:30:00+01:00, 2025-08-11T21:00:00+01:00
0.003000, 0.07, 1.04, 2025-08-11T21:00:00+01:00, 2025-08-11T21:30:00+01:00
0.004000, 0.08, 1.04, 2025-08-11T21:30:00+01:00, 2025-08-11T22:00:00+01:00
0.002000, 0.04, 1.04, 2025-08-11T22:00:00+01:00, 2025-08-11T22:30:00+01:00
0.001000, 0.02, 1.04, 2025-08-11T22:30:00+01:00, 2025-08-11T23:00:00+01:00
0.001000, 0.02, 1.04, 2025-08-11T23:00:00+01:00, 2025-08-11T23:30:00+01:00
0.002000, 0.04, 1.04, 2025-08-11T23:30:00+01:00, 2025-08-12T00:00:00+01:00
0.001000, 0.02, 1.04, 2025-08-12T00:00:00+01:00, 2025-08-12T00:30:00+01:00
0.001000, 0.02, 1.04, 2025-08-12T00:30:00+01:00, 2025-08-12T01:00:00+01:00
0.001000, 0.02, 1.04, 2025-08-12T01:00:00+01:00, 2025-08-12T01:30:00+01:00
0.001000, 0.02, 1.04, 2025-08-12T01:30:00+01:00, 2025-08-12T02:00:00+01:00
0.002000, 0.03, 1.04, 2025-08-12T02:00:00+01:00, 2025-08-12T02:30:00+01:00
0.001000, 0.02, 1.04, 2025-08-12T02:30:00+01:00, 2025-08-12T03:00:00+01:00
0.001000, 0.02, 1.04, 2025-08-12T03:00:00+01:00, 2025-08-12T03:30:00+01:00
0.002000, 0.03, 1.04, 2025-08-12T03:30:00+01:00, 2025-08-12T04:00:00+01:00
0.002000, 0.03, 1.04, 2025-08-12T04:00:00+01:00, 2025-08-12T04:30:00+01:00
0.001000, 0.02, 1.04, 2025-08-12T04:30:00+01:00, 2025-08-12T05:00:00+01:00
0.139000, 2.57, 1.04, 2025-08-12T05:00:00+01:00, 2025-08-12T05:30:00+01:00
0.152000, 2.85, 1.04, 2025-08-12T05:30:00+01:00, 2025-08-12T06:00:00+01:00
0.001000, 0.02, 1.04, 2025-08-12T06:00:00+01:00, 2025-08-12T06:30:00+01:00
0.003000, 0.06, 1.04, 2025-08-12T06:30:00+01:00, 2025-08-12T07:00:00+01:00
0.075000, 1.26, 1.04, 2025-08-12T07:00:00+01:00, 2025-08-12T07:30:00+01:00
0.151000, 3.06, 1.04, 2025-08-12T07:30:00+01:00, 2025-08-12T08:00:00+01:00
0.054000, 1, 1.04, 2025-08-12T08:00:00+01:00, 2025-08-12T08:30:00+01:00
0.246000, 4.6, 1.04, 2025-08-12T08:30:00+01:00, 2025-08-12T09:00:00+01:00
0.139000, 2.64, 1.04, 2025-08-12T09:00:00+01:00, 2025-08-12T09:30:00+01:00
0.134000, 2.46, 1.04, 2025-08-12T09:30:00+01:00, 2025-08-12T10:00:00+01:00
0.155000, 3.01, 1.04, 2025-08-12T10:00:00+01:00, 2025-08-12T10:30:00+01:00
0.085000, 1.55, 1.04, 2025-08-12T10:30:00+01:00, 2025-08-12T11:00:00+01:00
0.019000, 0.34, 1.04, 2025-08-12T11:00:00+01:00, 2025-08-12T11:30:00+01:00
0.780000, 13.42, 1.04, 2025-08-12T11:30:00+01:00, 2025-08-12T12:00:00+01:00
1.088000, 17.36, 1.04, 2025-08-12T12:00:00+01:00, 2025-08-12T12:30:00+01:00
0.847000, 13.75, 1.04, 2025-08-12T12:30:00+01:00, 2025-08-12T13:00:00+01:00
0.408000, 6.4, 1.04, 2025-08-12T13:00:00+01:00, 2025-08-12T13:30:00+01:00
0.965000, 14.72, 1.04, 2025-08-12T13:30:00+01:00, 2025-08-12T14:00:00+01:00
0.787000, 11.94, 1.04, 2025-08-12T14:00:00+01:00, 2025-08-12T14:30:00+01:00
0.523000, 8.13, 1.04, 2025-08-12T14:30:00+01:00, 2025-08-12T15:00:00+01:00
0.590000, 9.24, 1.04, 2025-08-12T15:00:00+01:00, 2025-08-12T15:30:00+01:00
0.505000, 7.85, 1.04, 2025-08-12T15:30:00+01:00, 2025-08-12T16:00:00+01:00
0.002000, 0.06, 1.04, 2025-08-12T16:00:00+01:00, 2025-08-12T16:30:00+01:00
0.001000, 0.03, 1.04, 2025-08-12T16:30:00+01:00, 2025-08-12T17:00:00+01:00
0.000000, 0, 1.04, 2025-08-12T17:00:00+01:00, 2025-08-12T17:30:00+01:00
0.002000, 0.07, 1.04, 2025-08-12T17:30:00+01:00, 2025-08-12T18:00:00+01:00
0.016000, 0.64, 1.04, 2025-08-12T18:00:00+01:00, 2025-08-12T18:30:00+01:00
0.094000, 3.85, 1.04, 2025-08-12T18:30:00+01:00, 2025-08-12T19:00:00+01:00
0.006000, 0.17, 1.04, 2025-08-12T19:00:00+01:00, 2025-08-12T19:30:00+01:00
0.002000, 0.06, 1.04, 2025-08-12T19:30:00+01:00, 2025-08-12T20:00:00+01:00
0.004000, 0.11, 1.04, 2025-08-12T20:00:00+01:00, 2025-08-12T20:30:00+01:00
0.004000, 0.11, 1.04, 2025-08-12T20:30:00+01:00, 2025-08-12T21:00:00+01:00
0.003000, 0.08, 1.04, 2025-08-12T21:00:00+01:00, 2025-08-12T21:30:00+01:00
0.003000, 0.07, 1.04, 2025-08-12T21:30:00+01:00, 2025-08-12T22:00:00+01:00
0.004000, 0.08, 1.04, 2025-08-12T22:00:00+01:00, 2025-08-12T22:30:00+01:00
0.001000, 0.02, 1.04, 2025-08-12T22:30:00+01:00, 2025-08-12T23:00:00+01:00
0.001000, 0.02, 1.04, 2025-08-12T23:00:00+01:00, 2025-08-12T23:30:00+01:00
0.002000, 0.04, 1.04, 2025-08-12T23:30:00+01:00, 2025-08-13T00:00:00+01:00
0.001000, 0.02, 1.04, 2025-08-13T00:00:00+01:00, 2025-08-13T00:30:00+01:00
0.001000, 0.02, 1.04, 2025-08-13T00:30:00+01:00, 2025-08-13T01:00:00+01:00
0.001000, 0.02, 1.04, 2025-08-13T01:00:00+01:00, 2025-08-13T01:30:00+01:00
0.002000, 0.03, 1.04, 2025-08-13T01:30:00+01:00, 2025-08-13T02:00:00+01:00
0.001000, 0.02, 1.04, 2025-08-13T02:00:00+01:00, 2025-08-13T02:30:00+01:00
0.001000, 0.02, 1.04, 2025-08-13T02:30:00+01:00, 2025-08-13T03:00:00+01:00
0.001000, 0.02, 1.04, 2025-08-13T03:00:00+01:00, 2025-08-13T03:30:00+01:00
0.001000, 0.02, 1.04, 2025-08-13T03:30:00+01:00, 2025-08-13T04:00:00+01:00
0.002000, 0.04, 1.04, 2025-08-13T04:00:00+01:00, 2025-08-13T04:30:00+01:00
0.000000, 0, 1.04, 2025-08-13T04:30:00+01:00, 2025-08-13T05:00:00+01:00
0.002000, 0.04, 1.04, 2025-08-13T05:00:00+01:00, 2025-08-13T05:30:00+01:00
0.002000, 0.04, 1.04, 2025-08-13T05:30:00+01:00, 2025-08-13T06:00:00+01:00
0.001000, 0.02, 1.04, 2025-08-13T06:00:00+01:00, 2025-08-13T06:30:00+01:00
0.006000, 0.13, 1.04, 2025-08-13T06:30:00+01:00, 2025-08-13T07:00:00+01:00
0.061000, 1.23, 1.04, 2025-08-13T07:00:00+01:00, 2025-08-13T07:30:00+01:00
0.180000, 3.81, 1.04, 2025-08-13T07:30:00+01:00, 2025-08-13T08:00:00+01:00
0.141000, 2.84, 1.04, 2025-08-13T08:00:00+01:00, 2025-08-13T08:30:00+01:00
0.005000, 0.1, 1.04, 2025-08-13T08:30:00+01:00, 2025-08-13T09:00:00+01:00
0.004000, 0.08, 1.04, 2025-08-13T09:00:00+01:00, 2025-08-13T09:30:00+01:00
0.003000, 0.06, 1.04, 2025-08-13T09:30:00+01:00, 2025-08-13T10:00:00+01:00
0.003000, 0.05, 1.04, 2025-08-13T10:00:00+01:00, 2025-08-13T10:30:00+01:00
0.003000, 0.05, 1.04, 2025-08-13T10:30:00+01:00, 2025-08-13T11:00:00+01:00
0.004000, 0.06, 1.04, 2025-08-13T11:00:00+01:00, 2025-08-13T11:30:00+01:00
0.701000, 10.88, 1.04, 2025-08-13T11:30:00+01:00, 2025-08-13T12:00:00+01:00
0.935000, 14.23, 1.04, 2025-08-13T12:00:00+01:00, 2025-08-13T12:30:00+01:00
0.732000, 11.14, 1.04, 2025-08-13T12:30:00+01:00, 2025-08-13T13:00:00+01:00
0.482000, 7.47, 1.04, 2025-08-13T13:00:00+01:00, 2025-08-13T13:30:00+01:00
0.745000, 11.54, 1.04, 2025-08-13T13:30:00+01:00, 2025-08-13T14:00:00+01:00
0.597000, 9.35, 1.04, 2025-08-13T14:00:00+01:00, 2025-08-13T14:30:00+01:00
0.590000, 9.19, 1.04, 2025-08-13T14:30:00+01:00, 2025-08-13T15:00:00+01:00
0.211000, 3.42, 1.04, 2025-08-13T15:00:00+01:00, 2025-08-13T15:30:00+01:00
0.106000, 1.8, 1.04, 2025-08-13T15:30:00+01:00, 2025-08-13T16:00:00+01:00
0.001000, 0.03, 1.04, 2025-08-13T16:00:00+01:00, 2025-08-13T16:30:00+01:00
0.002000, 0.06, 1.04, 2025-08-13T16:30:00+01:00, 2025-08-13T17:00:00+01:00
0.005000, 0.18, 1.04, 2025-08-13T17:00:00+01:00, 2025-08-13T17:30:00+01:00
0.004000, 0.15, 1.04, 2025-08-13T17:30:00+01:00, 2025-08-13T18:00:00+01:00
0.002000, 0.08, 1.04, 2025-08-13T18:00:00+01:00, 2025-08-13T18:30:00+01:00
0.002000, 0.08, 1.04, 2025-08-13T18:30:00+01:00, 2025-08-13T19:00:00+01:00
0.005000, 0.15, 1.04, 2025-08-13T19:00:00+01:00, 2025-08-13T19:30:00+01:00
0.001000, 0.03, 1.04, 2025-08-13T19:30:00+01:00, 2025-08-13T20:00:00+01:00
0.007000, 0.21, 1.04, 2025-08-13T20:00:00+01:00, 2025-08-13T20:30:00+01:00
0.002000, 0.06, 1.04, 2025-08-13T20:30:00+01:00, 2025-08-13T21:00:00+01:00
0.002000, 0.05, 1.04, 2025-08-13T21:00:00+01:00, 2025-08-13T21:30:00+01:00
0.002000, 0.05, 1.04, 2025-08-13T21:30:00+01:00, 2025-08-13T22:00:00+01:00
0.002000, 0.05, 1.04, 2025-08-13T22:00:00+01:00, 2025-08-13T22:30:00+01:00
0.001000, 0.02, 1.04, 2025-08-13T22:30:00+01:00, 2025-08-13T23:00:00+01:00
0.002000, 0.04, 1.04, 2025-08-13T23:00:00+01:00, 2025-08-13T23:30:00+01:00
0.001000, 0.02, 1.04, 2025-08-13T23:30:00+01:00, 2025-08-14T00:00:00+01:00
0.001000, 0.02, 1.04, 2025-08-14T00:00:00+01:00, 2025-08-14T00:30:00+01:00
1.311000, 21.76, 1.04, 2025-08-14T00:30:00+01:00, 2025-08-14T01:00:00+01:00
1.274000, 20.8, 1.04, 2025-08-14T01:00:00+01:00, 2025-08-14T01:30:00+01:00
1.347000, 22.47, 1.04, 2025-08-14T01:30:00+01:00, 2025-08-14T02:00:00+01:00
1.313000, 21.55, 1.04, 2025-08-14T02:00:00+01:00, 2025-08-14T02:30:00+01:00
1.201000, 19.51, 1.04, 2025-08-14T02:30:00+01:00, 2025-08-14T03:00:00+01:00
0.395000, 6.48, 1.04, 2025-08-14T03:00:00+01:00, 2025-08-14T03:30:00+01:00
0.203000, 3.3, 1.04, 2025-08-14T03:30:00+01:00, 2025-08-14T04:00:00+01:00
0.259000, 4.2, 1.04, 2025-08-14T04:00:00+01:00, 2025-08-14T04:30:00+01:00
0.009000, 0.14, 1.04, 2025-08-14T04:30:00+01:00, 2025-08-14T05:00:00+01:00
0.002000, 0.03, 1.04, 2025-08-14T05:00:00+01:00, 2025-08-14T05:30:00+01:00
0.001000, 0.02, 1.04, 2025-08-14T05:30:00+01:00, 2025-08-14T06:00:00+01:00
0.004000, 0.07, 1.04, 2025-08-14T06:00:00+01:00, 2025-08-14T06:30:00+01:00
0.002000, 0.04, 1.04, 2025-08-14T06:30:00+01:00, 2025-08-14T07:00:00+01:00
0.001000, 0.02, 1.04, 2025-08-14T07:00:00+01:00, 2025-08-14T07:30:00+01:00
0.002000, 0.04, 1.04, 2025-08-14T07:30:00+01:00, 2025-08-14T08:00:00+01:00
0.084000, 1.48, 1.04, 2025-08-14T08:00:00+01:00, 2025-08-14T08:30:00+01:00
0.006000, 0.11, 1.04, 2025-08-14T08:30:00+01:00, 2025-08-14T09:00:00+01:00
0.010000, 0.18, 1.04, 2025-08-14T09:00:00+01:00, 2025-08-14T09:30:00+01:00
0.006000, 0.1, 1.04, 2025-08-14T09:30:00+01:00, 2025-08-14T10:00:00+01:00
0.012000, 0.21, 1.04, 2025-08-14T10:00:00+01:00, 2025-08-14T10:30:00+01:00
0.004000, 0.07, 1.04, 2025-08-14T10:30:00+01:00, 2025-08-14T11:00:00+01:00
0.000000, 0, 1.04, 2025-08-14T11:00:00+01:00, 2025-08-14T11:30:00+01:00
0.006000, 0.1, 1.04, 2025-08-14T11:30:00+01:00, 2025-08-14T12:00:00+01:00
0.001000, 0.02, 1.04, 2025-08-14T12:00:00+01:00, 2025-08-14T12:30:00+01:00
0.008000, 0.13, 1.04, 2025-08-14T12:30:00+01:00, 2025-08-14T13:00:00+01:00
0.007000, 0.11, 1.04, 2025-08-14T13:00:00+01:00, 2025-08-14T13:30:00+01:00
0.006000, 0.09, 1.04, 2025-08-14T13:30:00+01:00, 2025-08-14T14:00:00+01:00
0.003000, 0.05, 1.04, 2025-08-14T14:00:00+01:00, 2025-08-14T14:30:00+01:00
0.002000, 0.03, 1.04, 2025-08-14T14:30:00+01:00, 2025-08-14T15:00:00+01:00
0.006000, 0.1, 1.04, 2025-08-14T15:00:00+01:00, 2025-08-14T15:30:00+01:00
0.004000, 0.06, 1.04, 2025-08-14T15:30:00+01:00, 2025-08-14T16:00:00+01:00
0.001000, 0.03, 1.04, 2025-08-14T16:00:00+01:00, 2025-08-14T16:30:00+01:00
0.003000, 0.09, 1.04, 2025-08-14T16:30:00+01:00, 2025-08-14T17:00:00+01:00
0.005000, 0.16, 1.04, 2025-08-14T17:00:00+01:00, 2025-08-14T17:30:00+01:00
0.046000, 1.56, 1.04, 2025-08-14T17:30:00+01:00, 2025-08-14T18:00:00+01:00
0.055000, 2.12, 1.04, 2025-08-14T18:00:00+01:00, 2025-08-14T18:30:00+01:00
0.001000, 0.04, 1.04, 2025-08-14T18:30:00+01:00, 2025-08-14T19:00:00+01:00
0.002000, 0.06, 1.04, 2025-08-14T19:00:00+01:00, 2025-08-14T19:30:00+01:00
0.002000, 0.05, 1.04, 2025-08-14T19:30:00+01:00, 2025-08-14T20:00:00+01:00
0.001000, 0.03, 1.04, 2025-08-14T20:00:00+01:00, 2025-08-14T20:30:00+01:00
0.004000, 0.11, 1.04, 2025-08-14T20:30:00+01:00, 2025-08-14T21:00:00+01:00
0.003000, 0.07, 1.04, 2025-08-14T21:00:00+01:00, 2025-08-14T21:30:00+01:00
0.003000, 0.06, 1.04, 2025-08-14T21:30:00+01:00, 2025-08-14T22:00:00+01:00
0.003000, 0.06, 1.04, 2025-08-14T22:00:00+01:00, 2025-08-14T22:30:00+01:00
0.002000, 0.03, 1.04, 2025-08-14T22:30:00+01:00, 2025-08-14T23:00:00+01:00
0.001000, 0.02, 1.04, 2025-08-14T23:00:00+01:00, 2025-08-14T23:30:00+01:00
0.002000, 0.04, 1.04, 2025-08-14T23:30:00+01:00, 2025-08-15T00:00:00+01:00
0.002000, 0.04, 1.04, 2025-08-15T00:00:00+01:00, 2025-08-15T00:30:00+01:00
0.002000, 0.04, 1.04, 2025-08-15T00:30:00+01:00, 2025-08-15T01:00:00+01:00
0.001000, 0.02, 1.04, 2025-08-15T01:00:00+01:00, 2025-08-15T01:30:00+01:00
0.001000, 0.02, 1.04, 2025-08-15T01:30:00+01:00, 2025-08-15T02:00:00+01:00
0.002000, 0.03, 1.04, 2025-08-15T02:00:00+01:00, 2025-08-15T02:30:00+01:00
1.261000, 20.34, 1.04, 2025-08-15T02:30:00+01:00, 2025-08-15T03:00:00+01:00
1.245000, 20.12, 1.04, 2025-08-15T03:00:00+01:00, 2025-08-15T03:30:00+01:00
1.249000, 20.13, 1.04, 2025-08-15T03:30:00+01:00, 2025-08-15T04:00:00+01:00
1.273000, 20.52, 1.04, 2025-08-15T04:00:00+01:00, 2025-08-15T04:30:00+01:00
1.221000, 19.12, 1.04, 2025-08-15T04:30:00+01:00, 2025-08-15T05:00:00+01:00
0.630000, 10.15, 1.04, 2025-08-15T05:00:00+01:00, 2025-08-15T05:30:00+01:00
0.008000, 0.13, 1.04, 2025-08-15T05:30:00+01:00, 2025-08-15T06:00:00+01:00
0.002000, 0.04, 1.04, 2025-08-15T06:00:00+01:00, 2025-08-15T06:30:00+01:00
0.003000, 0.06, 1.04, 2025-08-15T06:30:00+01:00, 2025-08-15T07:00:00+01:00
0.002000, 0.04, 1.04, 2025-08-15T07:00:00+01:00, 2025-08-15T07:30:00+01:00
0.002000, 0.04, 1.04, 2025-08-15T07:30:00+01:00, 2025-08-15T08:00:00+01:00
0.106000, 1.92, 1.04, 2025-08-15T08:00:00+01:00, 2025-08-15T08:30:00+01:00
0.006000, 0.11, 1.04, 2025-08-15T08:30:00+01:00, 2025-08-15T09:00:00+01:00
0.003000, 0.05, 1.04, 2025-08-15T09:00:00+01:00, 2025-08-15T09:30:00+01:00
0.004000, 0.07, 1.04, 2025-08-15T09:30:00+01:00, 2025-08-15T10:00:00+01:00
0.002000, 0.03, 1.04, 2025-08-15T10:00:00+01:00, 2025-08-15T10:30:00+01:00
0.004000, 0.07, 1.04, 2025-08-15T10:30:00+01:00, 2025-08-15T11:00:00+01:00
0.009000, 0.15, 1.04, 2025-08-15T11:00:00+01:00, 2025-08-15T11:30:00+01:00
0.000000, 0, 1.04, 2025-08-15T11:30:00+01:00, 2025-08-15T12:00:00+01:00
1.494000, 23.06, 1.04, 2025-08-15T12:00:00+01:00, 2025-08-15T12:30:00+01:00
1.607000, 24.45, 1.04, 2025-08-15T12:30:00+01:00, 2025-08-15T13:00:00+01:00
0.970000, 14.76, 1.04, 2025-08-15T13:00:00+01:00, 2025-08-15T13:30:00+01:00
0.142000, 2.16, 1.04, 2025-08-15T13:30:00+01:00, 2025-08-15T14:00:00+01:00
0.119000, 1.84, 1.04, 2025-08-15T14:00:00+01:00, 2025-08-15T14:30:00+01:00
0.061000, 0.95, 1.04, 2025-08-15T14:30:00+01:00, 2025-08-15T15:00:00+01:00
0.042000, 0.64, 1.04, 2025-08-15T15:00:00+01:00, 2025-08-15T15:30:00+01:00
0.009000, 0.14, 1.04, 2025-08-15T15:30:00+01:00, 2025-08-15T16:00:00+01:00
0.001000, 0.03, 1.04, 2025-08-15T16:00:00+01:00, 2025-08-15T16:30:00+01:00
0.012000, 0.34, 1.04, 2025-08-15T16:30:00+01:00, 2025-08-15T17:00:00+01:00
0.003000, 0.09, 1.04, 2025-08-15T17:00:00+01:00, 2025-08-15T17:30:00+01:00
0.004000, 0.12, 1.04, 2025-08-15T17:30:00+01:00, 2025-08-15T18:00:00+01:00
0.040000, 1.3, 1.04, 2025-08-15T18:00:00+01:00, 2025-08-15T18:30:00+01:00
0.037000, 1.26, 1.04, 2025-08-15T18:30:00+01:00, 2025-08-15T19:00:00+01:00
0.005000, 0.11, 1.04, 2025-08-15T19:00:00+01:00, 2025-08-15T19:30:00+01:00
0.013000, 0.29, 1.04, 2025-08-15T19:30:00+01:00, 2025-08-15T20:00:00+01:00
0.002000, 0.04, 1.04, 2025-08-15T20:00:00+01:00, 2025-08-15T20:30:00+01:00
0.003000, 0.07, 1.04, 2025-08-15T20:30:00+01:00, 2025-08-15T21:00:00+01:00
0.002000, 0.04, 1.04, 2025-08-15T21:00:00+01:00, 2025-08-15T21:30:00+01:00
0.003000, 0.06, 1.04, 2025-08-15T21:30:00+01:00, 2025-08-15T22:00:00+01:00
0.001000, 0.02, 1.04, 2025-08-15T22:00:00+01:00, 2025-08-15T22:30:00+01:00
0.002000, 0.03, 1.04, 2025-08-15T22:30:00+01:00, 2025-08-15T23:00:00+01:00
0.002000, 0.04, 1.04, 2025-08-15T23:00:00+01:00, 2025-08-15T23:30:00+01:00
0.002000, 0.04, 1.04, 2025-08-15T23:30:00+01:00, 2025-08-16T00:00:00+01:00
0.002000, 0.03, 1.04, 2025-08-16T00:00:00+01:00, 2025-08-16T00:30:00+01:00
0.002000, 0.04, 1.04, 2025-08-16T00:30:00+01:00, 2025-08-16T01:00:00+01:00
0.002000, 0.03, 1.04, 2025-08-16T01:00:00+01:00, 2025-08-16T01:30:00+01:00
0.002000, 0.03, 1.04, 2025-08-16T01:30:00+01:00, 2025-08-16T02:00:00+01:00
0.002000, 0.03, 1.04, 2025-08-16T02:00:00+01:00, 2025-08-16T02:30:00+01:00
1.221000, 19.79, 1.04, 2025-08-16T02:30:00+01:00, 2025-08-16T03:00:00+01:00
1.262000, 19.85, 1.04, 2025-08-16T03:00:00+01:00, 2025-08-16T03:30:00+01:00
1.221000, 18.85, 1.04, 2025-08-16T03:30:00+01:00, 2025-08-16T04:00:00+01:00
1.246000, 19.98, 1.04, 2025-08-16T04:00:00+01:00, 2025-08-16T04:30:00+01:00
1.215000, 18.77, 1.04, 2025-08-16T04:30:00+01:00, 2025-08-16T05:00:00+01:00
0.615000, 9.85, 1.04, 2025-08-16T05:00:00+01:00, 2025-08-16T05:30:00+01:00
0.009000, 0.14, 1.04, 2025-08-16T05:30:00+01:00, 2025-08-16T06:00:00+01:00
0.002000, 0.03, 1.04, 2025-08-16T06:00:00+01:00, 2025-08-16T06:30:00+01:00
0.005000, 0.08, 1.04, 2025-08-16T06:30:00+01:00, 2025-08-16T07:00:00+01:00
0.001000, 0.02, 1.04, 2025-08-16T07:00:00+01:00, 2025-08-16T07:30:00+01:00
0.003000, 0.05, 1.04, 2025-08-16T07:30:00+01:00, 2025-08-16T08:00:00+01:00
0.005000, 0.09, 1.04, 2025-08-16T08:00:00+01:00, 2025-08-16T08:30:00+01:00
0.003000, 0.05, 1.04, 2025-08-16T08:30:00+01:00, 2025-08-16T09:00:00+01:00
0.004000, 0.07, 1.04, 2025-08-16T09:00:00+01:00, 2025-08-16T09:30:00+01:00
0.005000, 0.09, 1.04, 2025-08-16T09:30:00+01:00, 2025-08-16T10:00:00+01:00
0.006000, 0.11, 1.04, 2025-08-16T10:00:00+01:00, 2025-08-16T10:30:00+01:00
0.006000, 0.1, 1.04, 2025-08-16T10:30:00+01:00, 2025-08-16T11:00:00+01:00
0.004000, 0.06, 1.04, 2025-08-16T11:00:00+01:00, 2025-08-16T11:30:00+01:00
0.004000, 0.06, 1.04, 2025-08-16T11:30:00+01:00, 2025-08-16T12:00:00+01:00
0.797000, 12.3, 1.04, 2025-08-16T12:00:00+01:00, 2025-08-16T12:30:00+01:00
0.178000, 2.58, 1.04, 2025-08-16T12:30:00+01:00, 2025-08-16T13:00:00+01:00
0.008000, 0.11, 1.04, 2025-08-16T13:00:00+01:00, 2025-08-16T13:30:00+01:00
0.011000, 0.15, 1.04, 2025-08-16T13:30:00+01:00, 2025-08-16T14:00:00+01:00
0.000000, 0, 1.04, 2025-08-16T14:00:00+01:00, 2025-08-16T14:30:00+01:00
0.001000, 0.01, 1.04, 2025-08-16T14:30:00+01:00, 2025-08-16T15:00:00+01:00
0.008000, 0.11, 1.04, 2025-08-16T15:00:00+01:00, 2025-08-16T15:30:00+01:00
0.003000, 0.04, 1.04, 2025-08-16T15:30:00+01:00, 2025-08-16T16:00:00+01:00
0.000000, 0, 1.04, 2025-08-16T16:00:00+01:00, 2025-08-16T16:30:00+01:00
0.001000, 0.03, 1.04, 2025-08-16T16:30:00+01:00, 2025-08-16T17:00:00+01:00
0.001000, 0.03, 1.04, 2025-08-16T17:00:00+01:00, 2025-08-16T17:30:00+01:00
0.000000, 0, 1.04, 2025-08-16T17:30:00+01:00, 2025-08-16T18:00:00+01:00
0.002000, 0.06, 1.04, 2025-08-16T18:00:00+01:00, 2025-08-16T18:30:00+01:00
0.035000, 1.16, 1.04, 2025-08-16T18:30:00+01:00, 2025-08-16T19:00:00+01:00
0.001000, 0.02, 1.04, 2025-08-16T19:00:00+01:00, 2025-08-16T19:30:00+01:00
0.002000, 0.04, 1.04, 2025-08-16T19:30:00+01:00, 2025-08-16T20:00:00+01:00
0.002000, 0.04, 1.04, 2025-08-16T20:00:00+01:00, 2025-08-16T20:30:00+01:00
0.002000, 0.04, 1.04, 2025-08-16T20:30:00+01:00, 2025-08-16T21:00:00+01:00
0.002000, 0.04, 1.04, 2025-08-16T21:00:00+01:00, 2025-08-16T21:30:00+01:00
0.002000, 0.04, 1.04, 2025-08-16T21:30:00+01:00, 2025-08-16T22:00:00+01:00
0.002000, 0.04, 1.04, 2025-08-16T22:00:00+01:00, 2025-08-16T22:30:00+01:00
0.002000, 0.03, 1.04, 2025-08-16T22:30:00+01:00, 2025-08-16T23:00:00+01:00
0.002000, 0.04, 1.04, 2025-08-16T23:00:00+01:00, 2025-08-16T23:30:00+01:00
0.001000, 0.02, 1.04, 2025-08-16T23:30:00+01:00, 2025-08-17T00:00:00+01:00
0.003000, 0.05, 1.04, 2025-08-17T00:00:00+01:00, 2025-08-17T00:30:00+01:00
0.001000, 0.02, 1.04, 2025-08-17T00:30:00+01:00, 2025-08-17T01:00:00+01:00
0.002000, 0.03, 1.04, 2025-08-17T01:00:00+01:00, 2025-08-17T01:30:00+01:00
0.002000, 0.03, 1.04, 2025-08-17T01:30:00+01:00, 2025-08-17T02:00:00+01:00
0.002000, 0.03, 1.04, 2025-08-17T02:00:00+01:00, 2025-08-17T02:30:00+01:00
1.204000, 19.19, 1.04, 2025-08-17T02:30:00+01:00, 2025-08-17T03:00:00+01:00
1.251000, 20.69, 1.04, 2025-08-17T03:00:00+01:00, 2025-08-17T03:30:00+01:00
1.063000, 17.26, 1.04, 2025-08-17T03:30:00+01:00, 2025-08-17T04:00:00+01:00
0.164000, 2.71, 1.04, 2025-08-17T04:00:00+01:00, 2025-08-17T04:30:00+01:00
0.125000, 1.98, 1.04, 2025-08-17T04:30:00+01:00, 2025-08-17T05:00:00+01:00
0.179000, 2.95, 1.04, 2025-08-17T05:00:00+01:00, 2025-08-17T05:30:00+01:00
0.009000, 0.14, 1.04, 2025-08-17T05:30:00+01:00, 2025-08-17T06:00:00+01:00
0.003000, 0.05, 1.04, 2025-08-17T06:00:00+01:00, 2025-08-17T06:30:00+01:00
0.004000, 0.06, 1.04, 2025-08-17T06:30:00+01:00, 2025-08-17T07:00:00+01:00
0.002000, 0.03, 1.04, 2025-08-17T07:00:00+01:00, 2025-08-17T07:30:00+01:00
0.002000, 0.03, 1.04, 2025-08-17T07:30:00+01:00, 2025-08-17T08:00:00+01:00
0.003000, 0.05, 1.04, 2025-08-17T08:00:00+01:00, 2025-08-17T08:30:00+01:00
0.073000, 1.17, 1.04, 2025-08-17T08:30:00+01:00, 2025-08-17T09:00:00+01:00
0.004000, 0.07, 1.04, 2025-08-17T09:00:00+01:00, 2025-08-17T09:30:00+01:00
0.005000, 0.08, 1.04, 2025-08-17T09:30:00+01:00, 2025-08-17T10:00:00+01:00
0.004000, 0.06, 1.04, 2025-08-17T10:00:00+01:00, 2025-08-17T10:30:00+01:00
0.002000, 0.03, 1.04, 2025-08-17T10:30:00+01:00, 2025-08-17T11:00:00+01:00
0.003000, 0.05, 1.04, 2025-08-17T11:00:00+01:00, 2025-08-17T11:30:00+01:00
0.013000, 0.2, 1.04, 2025-08-17T11:30:00+01:00, 2025-08-17T12:00:00+01:00
0.016000, 0.25, 1.04, 2025-08-17T12:00:00+01:00, 2025-08-17T12:30:00+01:00
0.000000, 0, 1.04, 2025-08-17T12:30:00+01:00, 2025-08-17T13:00:00+01:00
0.066000, 1.02, 1.04, 2025-08-17T13:00:00+01:00, 2025-08-17T13:30:00+01:00
0.005000, 0.07, 1.04, 2025-08-17T13:30:00+01:00, 2025-08-17T14:00:00+01:00
0.006000, 0.09, 1.04, 2025-08-17T14:00:00+01:00, 2025-08-17T14:30:00+01:00
0.000000, 0, 1.04, 2025-08-17T14:30:00+01:00, 2025-08-17T15:00:00+01:00
0.007000, 0.1, 1.04, 2025-08-17T15:00:00+01:00, 2025-08-17T15:30:00+01:00
0.044000, 0.66, 1.04, 2025-08-17T15:30:00+01:00, 2025-08-17T16:00:00+01:00
0.000000, 0, 1.04, 2025-08-17T16:00:00+01:00, 2025-08-17T16:30:00+01:00
0.000000, 0, 1.04, 2025-08-17T16:30:00+01:00, 2025-08-17T17:00:00+01:00
0.002000, 0.06, 1.04, 2025-08-17T17:00:00+01:00, 2025-08-17T17:30:00+01:00
0.002000, 0.06, 1.04, 2025-08-17T17:30:00+01:00, 2025-08-17T18:00:00+01:00
0.002000, 0.06, 1.04, 2025-08-17T18:00:00+01:00, 2025-08-17T18:30:00+01:00
0.004000, 0.14, 1.04, 2025-08-17T18:30:00+01:00, 2025-08-17T19:00:00+01:00
0.001000, 0.02, 1.04, 2025-08-17T19:00:00+01:00, 2025-08-17T19:30:00+01:00
0.003000, 0.06, 1.04, 2025-08-17T19:30:00+01:00, 2025-08-17T20:00:00+01:00
0.003000, 0.06, 1.04, 2025-08-17T20:00:00+01:00, 2025-08-17T20:30:00+01:00
0.003000, 0.07, 1.04, 2025-08-17T20:30:00+01:00, 2025-08-17T21:00:00+01:00
0.006000, 0.13, 1.04, 2025-08-17T21:00:00+01:00, 2025-08-17T21:30:00+01:00
0.002000, 0.04, 1.04, 2025-08-17T21:30:00+01:00, 2025-08-17T22:00:00+01:00
0.002000, 0.04, 1.04, 2025-08-17T22:00:00+01:00, 2025-08-17T22:30:00+01:00
0.009000, 0.16, 1.04, 2025-08-17T22:30:00+01:00, 2025-08-17T23:00:00+01:00
0.002000, 0.04, 1.04, 2025-08-17T23:00:00+01:00, 2025-08-17T23:30:00+01:00
0.002000, 0.03, 1.04, 2025-08-17T23:30:00+01:00, 2025-08-18T00:00:00+01:00
0.001000, 0.02, 1.04, 2025-08-18T00:00:00+01:00, 2025-08-18T00:30:00+01:00
0.003000, 0.05, 1.04, 2025-08-18T00:30:00+01:00, 2025-08-18T01:00:00+01:00
0.003000, 0.05, 1.04, 2025-08-18T01:00:00+01:00, 2025-08-18T01:30:00+01:00
0.002000, 0.03, 1.04, 2025-08-18T01:30:00+01:00, 2025-08-18T02:00:00+01:00
0.002000, 0.03, 1.04, 2025-08-18T02:00:00+01:00, 2025-08-18T02:30:00+01:00
1.295000, 20.84, 1.04, 2025-08-18T02:30:00+01:00, 2025-08-18T03:00:00+01:00
1.297000, 21.46, 1.04, 2025-08-18T03:00:00+01:00, 2025-08-18T03:30:00+01:00
1.305000, 22.95, 1.04, 2025-08-18T03:30:00+01:00, 2025-08-18T04:00:00+01:00
0.867000, 15.08, 1.04, 2025-08-18T04:00:00+01:00, 2025-08-18T04:30:00+01:00
0.210000, 3.41, 1.04, 2025-08-18T04:30:00+01:00, 2025-08-18T05:00:00+01:00
0.228000, 4.29, 1.04, 2025-08-18T05:00:00+01:00, 2025-08-18T05:30:00+01:00
0.009000, 0.17, 1.04, 2025-08-18T05:30:00+01:00, 2025-08-18T06:00:00+01:00
0.003000, 0.06, 1.04, 2025-08-18T06:00:00+01:00, 2025-08-18T06:30:00+01:00
0.003000, 0.06, 1.04, 2025-08-18T06:30:00+01:00, 2025-08-18T07:00:00+01:00
0.007000, 0.13, 1.04, 2025-08-18T07:00:00+01:00, 2025-08-18T07:30:00+01:00
0.003000, 0.06, 1.04, 2025-08-18T07:30:00+01:00, 2025-08-18T08:00:00+01:00
0.009000, 0.16, 1.04, 2025-08-18T08:00:00+01:00, 2025-08-18T08:30:00+01:00
0.043000, 0.83, 1.04, 2025-08-18T08:30:00+01:00, 2025-08-18T09:00:00+01:00
0.004000, 0.08, 1.04, 2025-08-18T09:00:00+01:00, 2025-08-18T09:30:00+01:00
0.003000, 0.06, 1.04, 2025-08-18T09:30:00+01:00, 2025-08-18T10:00:00+01:00
0.003000, 0.06, 1.04, 2025-08-18T10:00:00+01:00, 2025-08-18T10:30:00+01:00
0.014000, 0.27, 1.04, 2025-08-18T10:30:00+01:00, 2025-08-18T11:00:00+01:00
0.004000, 0.07, 1.04, 2025-08-18T11:00:00+01:00, 2025-08-18T11:30:00+01:00
0.003000, 0.05, 1.04, 2025-08-18T11:30:00+01:00, 2025-08-18T12:00:00+01:00
1.303000, 23, 1.04, 2025-08-18T12:00:00+01:00, 2025-08-18T12:30:00+01:00
1.795000, 30.23, 1.04, 2025-08-18T12:30:00+01:00, 2025-08-18T13:00:00+01:00
1.348000, 22.59, 1.04, 2025-08-18T13:00:00+01:00, 2025-08-18T13:30:00+01:00
1.189000, 19.4, 1.04, 2025-08-18T13:30:00+01:00, 2025-08-18T14:00:00+01:00
0.981000, 15.18, 1.04, 2025-08-18T14:00:00+01:00, 2025-08-18T14:30:00+01:00
0.087000, 1.44, 1.04, 2025-08-18T14:30:00+01:00, 2025-08-18T15:00:00+01:00
0.087000, 1.42, 1.04, 2025-08-18T15:00:00+01:00, 2025-08-18T15:30:00+01:00
0.037000, 0.59, 1.04, 2025-08-18T15:30:00+01:00, 2025-08-18T16:00:00+01:00
0.002000, 0.06, 1.04, 2025-08-18T16:00:00+01:00, 2025-08-18T16:30:00+01:00
0.002000, 0.06, 1.04, 2025-08-18T16:30:00+01:00, 2025-08-18T17:00:00+01:00
0.020000, 0.63, 1.04, 2025-08-18T17:00:00+01:00, 2025-08-18T17:30:00+01:00
0.167000, 5.52, 1.04, 2025-08-18T17:30:00+01:00, 2025-08-18T18:00:00+01:00
0.003000, 0.11, 1.04, 2025-08-18T18:00:00+01:00, 2025-08-18T18:30:00+01:00
0.003000, 0.11, 1.04, 2025-08-18T18:30:00+01:00, 2025-08-18T19:00:00+01:00
0.011000, 0.28, 1.04, 2025-08-18T19:00:00+01:00, 2025-08-18T19:30:00+01:00
0.002000, 0.05, 1.04, 2025-08-18T19:30:00+01:00, 2025-08-18T20:00:00+01:00
0.002000, 0.05, 1.04, 2025-08-18T20:00:00+01:00, 2025-08-18T20:30:00+01:00
0.003000, 0.07, 1.04, 2025-08-18T20:30:00+01:00, 2025-08-18T21:00:00+01:00
0.005000, 0.11, 1.04, 2025-08-18T21:00:00+01:00, 2025-08-18T21:30:00+01:00
0.014000, 0.27, 1.04, 2025-08-18T21:30:00+01:00, 2025-08-18T22:00:00+01:00
0.002000, 0.04, 1.04, 2025-08-18T22:00:00+01:00, 2025-08-18T22:30:00+01:00
0.003000, 0.05, 1.04, 2025-08-18T22:30:00+01:00, 2025-08-18T23:00:00+01:00
0.002000, 0.04, 1.04, 2025-08-18T23:00:00+01:00, 2025-08-18T23:30:00+01:00
0.001000, 0.02, 1.04, 2025-08-18T23:30:00+01:00, 2025-08-19T00:00:00+01:00
0.002000, 0.03, 1.04, 2025-08-19T00:00:00+01:00, 2025-08-19T00:30:00+01:00
0.002000, 0.03, 1.04, 2025-08-19T00:30:00+01:00, 2025-08-19T01:00:00+01:00
0.003000, 0.05, 1.04, 2025-08-19T01:00:00+01:00, 2025-08-19T01:30:00+01:00
0.001000, 0.02, 1.04, 2025-08-19T01:30:00+01:00, 2025-08-19T02:00:00+01:00
0.002000, 0.03, 1.04, 2025-08-19T02:00:00+01:00, 2025-08-19T02:30:00+01:00
1.226000, 19.52, 1.04, 2025-08-19T02:30:00+01:00, 2025-08-19T03:00:00+01:00
1.229000, 20.07, 1.04, 2025-08-19T03:00:00+01:00, 2025-08-19T03:30:00+01:00
1.218000, 19.09, 1.04, 2025-08-19T03:30:00+01:00, 2025-08-19T04:00:00+01:00
1.265000, 20.14, 1.04, 2025-08-19T04:00:00+01:00, 2025-08-19T04:30:00+01:00
1.219000, 19.11, 1.04, 2025-08-19T04:30:00+01:00, 2025-08-19T05:00:00+01:00
0.658000, 10.74, 1.04, 2025-08-19T05:00:00+01:00, 2025-08-19T05:30:00+01:00
0.008000, 0.13, 1.04, 2025-08-19T05:30:00+01:00, 2025-08-19T06:00:00+01:00
0.003000, 0.05, 1.04, 2025-08-19T06:00:00+01:00, 2025-08-19T06:30:00+01:00
0.003000, 0.06, 1.04, 2025-08-19T06:30:00+01:00, 2025-08-19T07:00:00+01:00
0.006000, 0.11, 1.04, 2025-08-19T07:00:00+01:00, 2025-08-19T07:30:00+01:00
0.003000, 0.06, 1.04, 2025-08-19T07:30:00+01:00, 2025-08-19T08:00:00+01:00
0.004000, 0.07, 1.04, 2025-08-19T08:00:00+01:00, 2025-08-19T08:30:00+01:00
0.003000, 0.05, 1.04, 2025-08-19T08:30:00+01:00, 2025-08-19T09:00:00+01:00
0.003000, 0.06, 1.04, 2025-08-19T09:00:00+01:00, 2025-08-19T09:30:00+01:00
0.005000, 0.09, 1.04, 2025-08-19T09:30:00+01:00, 2025-08-19T10:00:00+01:00
0.019000, 0.31, 1.04, 2025-08-19T10:00:00+01:00, 2025-08-19T10:30:00+01:00
0.035000, 0.55, 1.04, 2025-08-19T10:30:00+01:00, 2025-08-19T11:00:00+01:00
0.003000, 0.05, 1.04, 2025-08-19T11:00:00+01:00, 2025-08-19T11:30:00+01:00
0.003000, 0.05, 1.04, 2025-08-19T11:30:00+01:00, 2025-08-19T12:00:00+01:00
1.282000, 19.22, 1.04, 2025-08-19T12:00:00+01:00, 2025-08-19T12:30:00+01:00
1.231000, 18.25, 1.04, 2025-08-19T12:30:00+01:00, 2025-08-19T13:00:00+01:00
1.183000, 17.24, 1.04, 2025-08-19T13:00:00+01:00, 2025-08-19T13:30:00+01:00
1.527000, 22.74, 1.04, 2025-08-19T13:30:00+01:00, 2025-08-19T14:00:00+01:00
1.065000, 15.76, 1.04, 2025-08-19T14:00:00+01:00, 2025-08-19T14:30:00+01:00
0.143000, 2.12, 1.04, 2025-08-19T14:30:00+01:00, 2025-08-19T15:00:00+01:00
0.150000, 2.23, 1.04, 2025-08-19T15:00:00+01:00, 2025-08-19T15:30:00+01:00
0.027000, 0.39, 1.04, 2025-08-19T15:30:00+01:00, 2025-08-19T16:00:00+01:00
0.001000, 0.03, 1.04, 2025-08-19T16:00:00+01:00, 2025-08-19T16:30:00+01:00
0.002000, 0.06, 1.04, 2025-08-19T16:30:00+01:00, 2025-08-19T17:00:00+01:00
0.003000, 0.09, 1.04, 2025-08-19T17:00:00+01:00, 2025-08-19T17:30:00+01:00
0.050000, 1.52, 1.04, 2025-08-19T17:30:00+01:00, 2025-08-19T18:00:00+01:00
0.012000, 0.4, 1.04, 2025-08-19T18:00:00+01:00, 2025-08-19T18:30:00+01:00
0.003000, 0.1, 1.04, 2025-08-19T18:30:00+01:00, 2025-08-19T19:00:00+01:00
0.002000, 0.04, 1.04, 2025-08-19T19:00:00+01:00, 2025-08-19T19:30:00+01:00
0.014000, 0.29, 1.04, 2025-08-19T19:30:00+01:00, 2025-08-19T20:00:00+01:00
0.003000, 0.06, 1.04, 2025-08-19T20:00:00+01:00, 2025-08-19T20:30:00+01:00
0.003000, 0.06, 1.04, 2025-08-19T20:30:00+01:00, 2025-08-19T21:00:00+01:00
0.006000, 0.13, 1.04, 2025-08-19T21:00:00+01:00, 2025-08-19T21:30:00+01:00
0.005000, 0.1, 1.04, 2025-08-19T21:30:00+01:00, 2025-08-19T22:00:00+01:00
0.001000, 0.02, 1.04, 2025-08-19T22:00:00+01:00, 2025-08-19T22:30:00+01:00
0.003000, 0.05, 1.04, 2025-08-19T22:30:00+01:00, 2025-08-19T23:00:00+01:00
0.003000, 0.05, 1.04, 2025-08-19T23:00:00+01:00, 2025-08-19T23:30:00+01:00
0.002000, 0.03, 1.04, 2025-08-19T23:30:00+01:00, 2025-08-20T00:00:00+01:00
0.001000, 0.02, 1.04, 2025-08-20T00:00:00+01:00, 2025-08-20T00:30:00+01:00
0.003000, 0.05, 1.04, 2025-08-20T00:30:00+01:00, 2025-08-20T01:00:00+01:00
0.002000, 0.03, 1.04, 2025-08-20T01:00:00+01:00, 2025-08-20T01:30:00+01:00
0.002000, 0.03, 1.04, 2025-08-20T01:30:00+01:00, 2025-08-20T02:00:00+01:00
0.002000, 0.03, 1.04, 2025-08-20T02:00:00+01:00, 2025-08-20T02:30:00+01:00
1.236000, 18.96, 1.04, 2025-08-20T02:30:00+01:00, 2025-08-20T03:00:00+01:00
1.229000, 18.04, 1.04, 2025-08-20T03:00:00+01:00, 2025-08-20T03:30:00+01:00
1.228000, 17.76, 1.04, 2025-08-20T03:30:00+01:00, 2025-08-20T04:00:00+01:00
1.217000, 17.77, 1.04, 2025-08-20T04:00:00+01:00, 2025-08-20T04:30:00+01:00
1.229000, 17.95, 1.04, 2025-08-20T04:30:00+01:00, 2025-08-20T05:00:00+01:00
0.218000, 3.46, 1.04, 2025-08-20T05:00:00+01:00, 2025-08-20T05:30:00+01:00
0.006000, 0.1, 1.04, 2025-08-20T05:30:00+01:00, 2025-08-20T06:00:00+01:00
0.002000, 0.04, 1.04, 2025-08-20T06:00:00+01:00, 2025-08-20T06:30:00+01:00
0.003000, 0.06, 1.04, 2025-08-20T06:30:00+01:00, 2025-08-20T07:00:00+01:00
0.007000, 0.13, 1.04, 2025-08-20T07:00:00+01:00, 2025-08-20T07:30:00+01:00
0.005000, 0.1, 1.04, 2025-08-20T07:30:00+01:00, 2025-08-20T08:00:00+01:00
0.002000, 0.04, 1.04, 2025-08-20T08:00:00+01:00, 2025-08-20T08:30:00+01:00
0.002000, 0.04, 1.04, 2025-08-20T08:30:00+01:00, 2025-08-20T09:00:00+01:00
0.010000, 0.19, 1.04, 2025-08-20T09:00:00+01:00, 2025-08-20T09:30:00+01:00
0.002000, 0.04, 1.04, 2025-08-20T09:30:00+01:00, 2025-08-20T10:00:00+01:00
0.002000, 0.04, 1.04, 2025-08-20T10:00:00+01:00, 2025-08-20T10:30:00+01:00
0.005000, 0.09, 1.04, 2025-08-20T10:30:00+01:00, 2025-08-20T11:00:00+01:00
0.005000, 0.09, 1.04, 2025-08-20T11:00:00+01:00, 2025-08-20T11:30:00+01:00
0.003000, 0.05, 1.04, 2025-08-20T11:30:00+01:00, 2025-08-20T12:00:00+01:00
1.318000, 23.39, 1.04, 2025-08-20T12:00:00+01:00, 2025-08-20T12:30:00+01:00
0.988000, 16.49, 1.04, 2025-08-20T12:30:00+01:00, 2025-08-20T13:00:00+01:00
0.683000, 10.92, 1.04, 2025-08-20T13:00:00+01:00, 2025-08-20T13:30:00+01:00
0.848000, 13.44, 1.04, 2025-08-20T13:30:00+01:00, 2025-08-20T14:00:00+01:00
0.664000, 10.33, 1.04, 2025-08-20T14:00:00+01:00, 2025-08-20T14:30:00+01:00
0.334000, 5.23, 1.04, 2025-08-20T14:30:00+01:00, 2025-08-20T15:00:00+01:00
0.003000, 0.05, 1.04, 2025-08-20T15:00:00+01:00, 2025-08-20T15:30:00+01:00
0.015000, 0.24, 1.04, 2025-08-20T15:30:00+01:00, 2025-08-20T16:00:00+01:00
0.001000, 0.03, 1.04, 2025-08-20T16:00:00+01:00, 2025-08-20T16:30:00+01:00
0.000000, 0, 1.04, 2025-08-20T16:30:00+01:00, 2025-08-20T17:00:00+01:00
0.001000, 0.03, 1.04, 2025-08-20T17:00:00+01:00, 2025-08-20T17:30:00+01:00
0.002000, 0.06, 1.04, 2025-08-20T17:30:00+01:00, 2025-08-20T18:00:00+01:00
0.002000, 0.07, 1.04, 2025-08-20T18:00:00+01:00, 2025-08-20T18:30:00+01:00
0.002000, 0.07, 1.04, 2025-08-20T18:30:00+01:00, 2025-08-20T19:00:00+01:00
0.001000, 0.02, 1.04, 2025-08-20T19:00:00+01:00, 2025-08-20T19:30:00+01:00
0.003000, 0.06, 1.04, 2025-08-20T19:30:00+01:00, 2025-08-20T20:00:00+01:00
0.002000, 0.04, 1.04, 2025-08-20T20:00:00+01:00, 2025-08-20T20:30:00+01:00
0.030000, 0.65, 1.04, 2025-08-20T20:30:00+01:00, 2025-08-20T21:00:00+01:00
0.006000, 0.12, 1.04, 2025-08-20T21:00:00+01:00, 2025-08-20T21:30:00+01:00
0.004000, 0.07, 1.04, 2025-08-20T21:30:00+01:00, 2025-08-20T22:00:00+01:00
0.004000, 0.07, 1.04, 2025-08-20T22:00:00+01:00, 2025-08-20T22:30:00+01:00
0.002000, 0.03, 1.04, 2025-08-20T22:30:00+01:00, 2025-08-20T23:00:00+01:00
0.002000, 0.04, 1.04, 2025-08-20T23:00:00+01:00, 2025-08-20T23:30:00+01:00
0.003000, 0.06, 1.04, 2025-08-20T23:30:00+01:00, 2025-08-21T00:00:00+01:00
0.002000, 0.03, 1.04, 2025-08-21T00:00:00+01:00, 2025-08-21T00:30:00+01:00
0.002000, 0.03, 1.04, 2025-08-21T00:30:00+01:00, 2025-08-21T01:00:00+01:00
0.003000, 0.05, 1.04, 2025-08-21T01:00:00+01:00, 2025-08-21T01:30:00+01:00
0.002000, 0.03, 1.04, 2025-08-21T01:30:00+01:00, 2025-08-21T02:00:00+01:00
0.003000, 0.05, 1.04, 2025-08-21T02:00:00+01:00, 2025-08-21T02:30:00+01:00
1.245000, 20.16, 1.04, 2025-08-21T02:30:00+01:00, 2025-08-21T03:00:00+01:00
0.783000, 13.33, 1.04, 2025-08-21T03:00:00+01:00, 2025-08-21T03:30:00+01:00
0.153000, 2.53, 1.04, 2025-08-21T03:30:00+01:00, 2025-08-21T04:00:00+01:00
0.180000, 3.03, 1.04, 2025-08-21T04:00:00+01:00, 2025-08-21T04:30:00+01:00
0.125000, 2.07, 1.04, 2025-08-21T04:30:00+01:00, 2025-08-21T05:00:00+01:00
0.158000, 2.68, 1.04, 2025-08-21T05:00:00+01:00, 2025-08-21T05:30:00+01:00
0.009000, 0.16, 1.04, 2025-08-21T05:30:00+01:00, 2025-08-21T06:00:00+01:00
0.002000, 0.04, 1.04, 2025-08-21T06:00:00+01:00, 2025-08-21T06:30:00+01:00
0.003000, 0.06, 1.04, 2025-08-21T06:30:00+01:00, 2025-08-21T07:00:00+01:00
0.004000, 0.08, 1.04, 2025-08-21T07:00:00+01:00, 2025-08-21T07:30:00+01:00
0.004000, 0.08, 1.04, 2025-08-21T07:30:00+01:00, 2025-08-21T08:00:00+01:00
0.004000, 0.07, 1.04, 2025-08-21T08:00:00+01:00, 2025-08-21T08:30:00+01:00
0.003000, 0.06, 1.04, 2025-08-21T08:30:00+01:00, 2025-08-21T09:00:00+01:00
0.004000, 0.07, 1.04, 2025-08-21T09:00:00+01:00, 2025-08-21T09:30:00+01:00
0.002000, 0.03, 1.04, 2025-08-21T09:30:00+01:00, 2025-08-21T10:00:00+01:00
0.003000, 0.05, 1.04, 2025-08-21T10:00:00+01:00, 2025-08-21T10:30:00+01:00
0.003000, 0.05, 1.04, 2025-08-21T10:30:00+01:00, 2025-08-21T11:00:00+01:00
0.003000, 0.05, 1.04, 2025-08-21T11:00:00+01:00, 2025-08-21T11:30:00+01:00
0.004000, 0.07, 1.04, 2025-08-21T11:30:00+01:00, 2025-08-21T12:00:00+01:00
0.967000, 16.03, 1.04, 2025-08-21T12:00:00+01:00, 2025-08-21T12:30:00+01:00
0.678000, 11.48, 1.04, 2025-08-21T12:30:00+01:00, 2025-08-21T13:00:00+01:00
0.412000, 6.83, 1.04, 2025-08-21T13:00:00+01:00, 2025-08-21T13:30:00+01:00
0.012000, 0.2, 1.04, 2025-08-21T13:30:00+01:00, 2025-08-21T14:00:00+01:00
0.007000, 0.12, 1.04, 2025-08-21T14:00:00+01:00, 2025-08-21T14:30:00+01:00
0.000000, 0, 1.04, 2025-08-21T14:30:00+01:00, 2025-08-21T15:00:00+01:00
0.011000, 0.18, 1.04, 2025-08-21T15:00:00+01:00, 2025-08-21T15:30:00+01:00
0.024000, 0.39, 1.04, 2025-08-21T15:30:00+01:00, 2025-08-21T16:00:00+01:00
0.001000, 0.03, 1.04, 2025-08-21T16:00:00+01:00, 2025-08-21T16:30:00+01:00
0.002000, 0.06, 1.04, 2025-08-21T16:30:00+01:00, 2025-08-21T17:00:00+01:00
0.003000, 0.09, 1.04, 2025-08-21T17:00:00+01:00, 2025-08-21T17:30:00+01:00
0.004000, 0.13, 1.04, 2025-08-21T17:30:00+01:00, 2025-08-21T18:00:00+01:00
0.006000, 0.19, 1.04, 2025-08-21T18:00:00+01:00, 2025-08-21T18:30:00+01:00
0.004000, 0.13, 1.04, 2025-08-21T18:30:00+01:00, 2025-08-21T19:00:00+01:00
0.005000, 0.11, 1.04, 2025-08-21T19:00:00+01:00, 2025-08-21T19:30:00+01:00
0.002000, 0.04, 1.04, 2025-08-21T19:30:00+01:00, 2025-08-21T20:00:00+01:00
0.004000, 0.09, 1.04, 2025-08-21T20:00:00+01:00, 2025-08-21T20:30:00+01:00
0.003000, 0.06, 1.04, 2025-08-21T20:30:00+01:00, 2025-08-21T21:00:00+01:00
0.003000, 0.06, 1.04, 2025-08-21T21:00:00+01:00, 2025-08-21T21:30:00+01:00
0.003000, 0.06, 1.04, 2025-08-21T21:30:00+01:00, 2025-08-21T22:00:00+01:00
0.001000, 0.02, 1.04, 2025-08-21T22:00:00+01:00, 2025-08-21T22:30:00+01:00
0.003000, 0.05, 1.04, 2025-08-21T22:30:00+01:00, 2025-08-21T23:00:00+01:00
0.002000, 0.04, 1.04, 2025-08-21T23:00:00+01:00, 2025-08-21T23:30:00+01:00
0.002000, 0.04, 1.04, 2025-08-21T23:30:00+01:00, 2025-08-22T00:00:00+01:00
0.002000, 0.04, 1.04, 2025-08-22T00:00:00+01:00, 2025-08-22T00:30:00+01:00
0.003000, 0.05, 1.04, 2025-08-22T00:30:00+01:00, 2025-08-22T01:00:00+01:00
0.002000, 0.04, 1.04, 2025-08-22T01:00:00+01:00, 2025-08-22T01:30:00+01:00
0.002000, 0.03, 1.04, 2025-08-22T01:30:00+01:00, 2025-08-22T02:00:00+01:00
0.003000, 0.05, 1.04, 2025-08-22T02:00:00+01:00, 2025-08-22T02:30:00+01:00
1.234000, 20.41, 1.04, 2025-08-22T02:30:00+01:00, 2025-08-22T03:00:00+01:00
1.211000, 20.14, 1.04, 2025-08-22T03:00:00+01:00, 2025-08-22T03:30:00+01:00
0.567000, 9.38, 1.04, 2025-08-22T03:30:00+01:00, 2025-08-22T04:00:00+01:00
0.170000, 2.81, 1.04, 2025-08-22T04:00:00+01:00, 2025-08-22T04:30:00+01:00
0.139000, 2.3, 1.04, 2025-08-22T04:30:00+01:00, 2025-08-22T05:00:00+01:00
0.149000, 2.83, 1.04, 2025-08-22T05:00:00+01:00, 2025-08-22T05:30:00+01:00
0.017000, 0.32, 1.04, 2025-08-22T05:30:00+01:00, 2025-08-22T06:00:00+01:00
0.003000, 0.06, 1.04, 2025-08-22T06:00:00+01:00, 2025-08-22T06:30:00+01:00
0.003000, 0.07, 1.04, 2025-08-22T06:30:00+01:00, 2025-08-22T07:00:00+01:00
0.005000, 0.1, 1.04, 2025-08-22T07:00:00+01:00, 2025-08-22T07:30:00+01:00
0.002000, 0.04, 1.04, 2025-08-22T07:30:00+01:00, 2025-08-22T08:00:00+01:00
0.004000, 0.08, 1.04, 2025-08-22T08:00:00+01:00, 2025-08-22T08:30:00+01:00
0.012000, 0.24, 1.04, 2025-08-22T08:30:00+01:00, 2025-08-22T09:00:00+01:00
0.005000, 0.1, 1.04, 2025-08-22T09:00:00+01:00, 2025-08-22T09:30:00+01:00
0.004000, 0.07, 1.04, 2025-08-22T09:30:00+01:00, 2025-08-22T10:00:00+01:00
0.005000, 0.09, 1.04, 2025-08-22T10:00:00+01:00, 2025-08-22T10:30:00+01:00
0.011000, 0.19, 1.04, 2025-08-22T10:30:00+01:00, 2025-08-22T11:00:00+01:00
0.004000, 0.07, 1.04, 2025-08-22T11:00:00+01:00, 2025-08-22T11:30:00+01:00
0.008000, 0.14, 1.04, 2025-08-22T11:30:00+01:00, 2025-08-22T12:00:00+01:00
1.158000, 20.43, 1.04, 2025-08-22T12:00:00+01:00, 2025-08-22T12:30:00+01:00
1.575000, 26.49, 1.04, 2025-08-22T12:30:00+01:00, 2025-08-22T13:00:00+01:00
1.736000, 29.71, 1.04, 2025-08-22T13:00:00+01:00, 2025-08-22T13:30:00+01:00
1.333000, 22.63, 1.04, 2025-08-22T13:30:00+01:00, 2025-08-22T14:00:00+01:00
0.930000, 15.47, 1.04, 2025-08-22T14:00:00+01:00, 2025-08-22T14:30:00+01:00
0.107000, 1.84, 1.04, 2025-08-22T14:30:00+01:00, 2025-08-22T15:00:00+01:00
0.112000, 1.9, 1.04, 2025-08-22T15:00:00+01:00, 2025-08-22T15:30:00+01:00
0.002000, 0.04, 1.04, 2025-08-22T15:30:00+01:00, 2025-08-22T16:00:00+01:00
0.001000, 0.03, 1.04, 2025-08-22T16:00:00+01:00, 2025-08-22T16:30:00+01:00
0.002000, 0.06, 1.04, 2025-08-22T16:30:00+01:00, 2025-08-22T17:00:00+01:00
0.002000, 0.06, 1.04, 2025-08-22T17:00:00+01:00, 2025-08-22T17:30:00+01:00
0.012000, 0.4, 1.04, 2025-08-22T17:30:00+01:00, 2025-08-22T18:00:00+01:00
0.008000, 0.28, 1.04, 2025-08-22T18:00:00+01:00, 2025-08-22T18:30:00+01:00
0.004000, 0.14, 1.04, 2025-08-22T18:30:00+01:00, 2025-08-22T19:00:00+01:00
0.002000, 0.05, 1.04, 2025-08-22T19:00:00+01:00, 2025-08-22T19:30:00+01:00
0.003000, 0.07, 1.04, 2025-08-22T19:30:00+01:00, 2025-08-22T20:00:00+01:00
0.002000, 0.04, 1.04, 2025-08-22T20:00:00+01:00, 2025-08-22T20:30:00+01:00
0.002000, 0.04, 1.04, 2025-08-22T20:30:00+01:00, 2025-08-22T21:00:00+01:00
0.003000, 0.06, 1.04, 2025-08-22T21:00:00+01:00, 2025-08-22T21:30:00+01:00
0.002000, 0.04, 1.04, 2025-08-22T21:30:00+01:00, 2025-08-22T22:00:00+01:00
0.003000, 0.06, 1.04, 2025-08-22T22:00:00+01:00, 2025-08-22T22:30:00+01:00
0.004000, 0.07, 1.04, 2025-08-22T22:30:00+01:00, 2025-08-22T23:00:00+01:00
0.002000, 0.04, 1.04, 2025-08-22T23:00:00+01:00, 2025-08-22T23:30:00+01:00
0.002000, 0.04, 1.04, 2025-08-22T23:30:00+01:00, 2025-08-23T00:00:00+01:00
0.002000, 0.04, 1.04, 2025-08-23T00:00:00+01:00, 2025-08-23T00:30:00+01:00
0.003000, 0.05, 1.04, 2025-08-23T00:30:00+01:00, 2025-08-23T01:00:00+01:00
0.001000, 0.02, 1.04, 2025-08-23T01:00:00+01:00, 2025-08-23T01:30:00+01:00
0.003000, 0.05, 1.04, 2025-08-23T01:30:00+01:00, 2025-08-23T02:00:00+01:00
0.002000, 0.03, 1.04, 2025-08-23T02:00:00+01:00, 2025-08-23T02:30:00+01:00
1.228000, 20.51, 1.04, 2025-08-23T02:30:00+01:00, 2025-08-23T03:00:00+01:00
1.212000, 20.12, 1.04, 2025-08-23T03:00:00+01:00, 2025-08-23T03:30:00+01:00
0.910000, 14.65, 1.04, 2025-08-23T03:30:00+01:00, 2025-08-23T04:00:00+01:00
0.156000, 2.65, 1.04, 2025-08-23T04:00:00+01:00, 2025-08-23T04:30:00+01:00
0.155000, 2.59, 1.04, 2025-08-23T04:30:00+01:00, 2025-08-23T05:00:00+01:00
0.132000, 2.28, 1.04, 2025-08-23T05:00:00+01:00, 2025-08-23T05:30:00+01:00
0.022000, 0.37, 1.04, 2025-08-23T05:30:00+01:00, 2025-08-23T06:00:00+01:00
0.002000, 0.03, 1.04, 2025-08-23T06:00:00+01:00, 2025-08-23T06:30:00+01:00
0.006000, 0.11, 1.04, 2025-08-23T06:30:00+01:00, 2025-08-23T07:00:00+01:00
0.002000, 0.03, 1.04, 2025-08-23T07:00:00+01:00, 2025-08-23T07:30:00+01:00
0.002000, 0.04, 1.04, 2025-08-23T07:30:00+01:00, 2025-08-23T08:00:00+01:00
0.002000, 0.03, 1.04, 2025-08-23T08:00:00+01:00, 2025-08-23T08:30:00+01:00
0.003000, 0.05, 1.04, 2025-08-23T08:30:00+01:00, 2025-08-23T09:00:00+01:00
0.003000, 0.05, 1.04, 2025-08-23T09:00:00+01:00, 2025-08-23T09:30:00+01:00
0.002000, 0.04, 1.04, 2025-08-23T09:30:00+01:00, 2025-08-23T10:00:00+01:00
0.003000, 0.06, 1.04, 2025-08-23T10:00:00+01:00, 2025-08-23T10:30:00+01:00
0.002000, 0.04, 1.04, 2025-08-23T10:30:00+01:00, 2025-08-23T11:00:00+01:00
0.002000, 0.04, 1.04, 2025-08-23T11:00:00+01:00, 2025-08-23T11:30:00+01:00
0.003000, 0.05, 1.04, 2025-08-23T11:30:00+01:00, 2025-08-23T12:00:00+01:00
0.843000, 15.62, 1.04, 2025-08-23T12:00:00+01:00, 2025-08-23T12:30:00+01:00
0.434000, 7.94, 1.04, 2025-08-23T12:30:00+01:00, 2025-08-23T13:00:00+01:00
0.170000, 3.12, 1.04, 2025-08-23T13:00:00+01:00, 2025-08-23T13:30:00+01:00
1.024000, 18.96, 1.04, 2025-08-23T13:30:00+01:00, 2025-08-23T14:00:00+01:00
0.321000, 5.91, 1.04, 2025-08-23T14:00:00+01:00, 2025-08-23T14:30:00+01:00
0.065000, 1.19, 1.04, 2025-08-23T14:30:00+01:00, 2025-08-23T15:00:00+01:00
0.003000, 0.05, 1.04, 2025-08-23T15:00:00+01:00, 2025-08-23T15:30:00+01:00
0.038000, 0.71, 1.04, 2025-08-23T15:30:00+01:00, 2025-08-23T16:00:00+01:00
0.007000, 0.21, 1.04, 2025-08-23T16:00:00+01:00, 2025-08-23T16:30:00+01:00
0.002000, 0.06, 1.04, 2025-08-23T16:30:00+01:00, 2025-08-23T17:00:00+01:00
0.003000, 0.1, 1.04, 2025-08-23T17:00:00+01:00, 2025-08-23T17:30:00+01:00
0.003000, 0.1, 1.04, 2025-08-23T17:30:00+01:00, 2025-08-23T18:00:00+01:00
0.032000, 1.12, 1.04, 2025-08-23T18:00:00+01:00, 2025-08-23T18:30:00+01:00
0.003000, 0.11, 1.04, 2025-08-23T18:30:00+01:00, 2025-08-23T19:00:00+01:00
0.003000, 0.07, 1.04, 2025-08-23T19:00:00+01:00, 2025-08-23T19:30:00+01:00
0.003000, 0.07, 1.04, 2025-08-23T19:30:00+01:00, 2025-08-23T20:00:00+01:00
0.003000, 0.07, 1.04, 2025-08-23T20:00:00+01:00, 2025-08-23T20:30:00+01:00
0.003000, 0.07, 1.04, 2025-08-23T20:30:00+01:00, 2025-08-23T21:00:00+01:00
0.002000, 0.04, 1.04, 2025-08-23T21:00:00+01:00, 2025-08-23T21:30:00+01:00
0.002000, 0.04, 1.04, 2025-08-23T21:30:00+01:00, 2025-08-23T22:00:00+01:00
0.015000, 0.31, 1.04, 2025-08-23T22:00:00+01:00, 2025-08-23T22:30:00+01:00
0.003000, 0.06, 1.04, 2025-08-23T22:30:00+01:00, 2025-08-23T23:00:00+01:00
0.006000, 0.11, 1.04, 2025-08-23T23:00:00+01:00, 2025-08-23T23:30:00+01:00
0.002000, 0.04, 1.04, 2025-08-23T23:30:00+01:00, 2025-08-24T00:00:00+01:00
0.003000, 0.05, 1.04, 2025-08-24T00:00:00+01:00, 2025-08-24T00:30:00+01:00
0.002000, 0.04, 1.04, 2025-08-24T00:30:00+01:00, 2025-08-24T01:00:00+01:00
0.003000, 0.06, 1.04, 2025-08-24T01:00:00+01:00, 2025-08-24T01:30:00+01:00
0.007000, 0.13, 1.04, 2025-08-24T01:30:00+01:00, 2025-08-24T02:00:00+01:00
0.002000, 0.04, 1.04, 2025-08-24T02:00:00+01:00, 2025-08-24T02:30:00+01:00
1.297000, 24.16, 1.04, 2025-08-24T02:30:00+01:00, 2025-08-24T03:00:00+01:00
1.271000, 24.24, 1.04, 2025-08-24T03:00:00+01:00, 2025-08-24T03:30:00+01:00
1.236000, 22.89, 1.04, 2025-08-24T03:30:00+01:00, 2025-08-24T04:00:00+01:00
1.236000, 23.27, 1.04, 2025-08-24T04:00:00+01:00, 2025-08-24T04:30:00+01:00
0.402000, 7.28, 1.04, 2025-08-24T04:30:00+01:00, 2025-08-24T05:00:00+01:00
0.159000, 2.84, 1.04, 2025-08-24T05:00:00+01:00, 2025-08-24T05:30:00+01:00
0.007000, 0.13, 1.04, 2025-08-24T05:30:00+01:00, 2025-08-24T06:00:00+01:00
0.003000, 0.05, 1.04, 2025-08-24T06:00:00+01:00, 2025-08-24T06:30:00+01:00
0.003000, 0.05, 1.04, 2025-08-24T06:30:00+01:00, 2025-08-24T07:00:00+01:00
0.006000, 0.1, 1.04, 2025-08-24T07:00:00+01:00, 2025-08-24T07:30:00+01:00
0.002000, 0.03, 1.04, 2025-08-24T07:30:00+01:00, 2025-08-24T08:00:00+01:00
0.003000, 0.05, 1.04, 2025-08-24T08:00:00+01:00, 2025-08-24T08:30:00+01:00
0.003000, 0.05, 1.04, 2025-08-24T08:30:00+01:00, 2025-08-24T09:00:00+01:00
0.003000, 0.05, 1.04, 2025-08-24T09:00:00+01:00, 2025-08-24T09:30:00+01:00
0.006000, 0.1, 1.04, 2025-08-24T09:30:00+01:00, 2025-08-24T10:00:00+01:00
0.004000, 0.07, 1.04, 2025-08-24T10:00:00+01:00, 2025-08-24T10:30:00+01:00
0.004000, 0.07, 1.04, 2025-08-24T10:30:00+01:00, 2025-08-24T11:00:00+01:00
0.005000, 0.09, 1.04, 2025-08-24T11:00:00+01:00, 2025-08-24T11:30:00+01:00
0.003000, 0.05, 1.04, 2025-08-24T11:30:00+01:00, 2025-08-24T12:00:00+01:00
0.386000, 6.69, 1.04, 2025-08-24T12:00:00+01:00, 2025-08-24T12:30:00+01:00
0.049000, 0.86, 1.04, 2025-08-24T12:30:00+01:00, 2025-08-24T13:00:00+01:00
0.144000, 2.4, 1.04, 2025-08-24T13:00:00+01:00, 2025-08-24T13:30:00+01:00
0.192000, 3.29, 1.04, 2025-08-24T13:30:00+01:00, 2025-08-24T14:00:00+01:00
0.065000, 1.11, 1.04, 2025-08-24T14:00:00+01:00, 2025-08-24T14:30:00+01:00
0.001000, 0.02, 1.04, 2025-08-24T14:30:00+01:00, 2025-08-24T15:00:00+01:00
0.017000, 0.31, 1.04, 2025-08-24T15:00:00+01:00, 2025-08-24T15:30:00+01:00
0.156000, 2.76, 1.04, 2025-08-24T15:30:00+01:00, 2025-08-24T16:00:00+01:00
0.005000, 0.14, 1.04, 2025-08-24T16:00:00+01:00, 2025-08-24T16:30:00+01:00
0.007000, 0.21, 1.04, 2025-08-24T16:30:00+01:00, 2025-08-24T17:00:00+01:00
0.002000, 0.06, 1.04, 2025-08-24T17:00:00+01:00, 2025-08-24T17:30:00+01:00
0.004000, 0.13, 1.04, 2025-08-24T17:30:00+01:00, 2025-08-24T18:00:00+01:00
0.009000, 0.31, 1.04, 2025-08-24T18:00:00+01:00, 2025-08-24T18:30:00+01:00
0.011000, 0.37, 1.04, 2025-08-24T18:30:00+01:00, 2025-08-24T19:00:00+01:00
0.004000, 0.09, 1.04, 2025-08-24T19:00:00+01:00, 2025-08-24T19:30:00+01:00
0.061000, 1.36, 1.04, 2025-08-24T19:30:00+01:00, 2025-08-24T20:00:00+01:00
0.194000, 4.28, 1.04, 2025-08-24T20:00:00+01:00, 2025-08-24T20:30:00+01:00
0.023000, 0.52, 1.04, 2025-08-24T20:30:00+01:00, 2025-08-24T21:00:00+01:00
0.004000, 0.09, 1.04, 2025-08-24T21:00:00+01:00, 2025-08-24T21:30:00+01:00
0.001000, 0.02, 1.04, 2025-08-24T21:30:00+01:00, 2025-08-24T22:00:00+01:00
0.003000, 0.06, 1.04, 2025-08-24T22:00:00+01:00, 2025-08-24T22:30:00+01:00
0.002000, 0.04, 1.04, 2025-08-24T22:30:00+01:00, 2025-08-24T23:00:00+01:00
0.002000, 0.04, 1.04, 2025-08-24T23:00:00+01:00, 2025-08-24T23:30:00+01:00
0.002000, 0.04, 1.04, 2025-08-24T23:30:00+01:00, 2025-08-25T00:00:00+01:00
0.002000, 0.04, 1.04, 2025-08-25T00:00:00+01:00, 2025-08-25T00:30:00+01:00
0.003000, 0.06, 1.04, 2025-08-25T00:30:00+01:00, 2025-08-25T01:00:00+01:00
0.004000, 0.07, 1.04, 2025-08-25T01:00:00+01:00, 2025-08-25T01:30:00+01:00
0.002000, 0.04, 1.04, 2025-08-25T01:30:00+01:00, 2025-08-25T02:00:00+01:00
0.005000, 0.09, 1.04, 2025-08-25T02:00:00+01:00, 2025-08-25T02:30:00+01:00
1.325000, 22.79, 1.04, 2025-08-25T02:30:00+01:00, 2025-08-25T03:00:00+01:00
1.405000, 24.16, 1.04, 2025-08-25T03:00:00+01:00, 2025-08-25T03:30:00+01:00
1.322000, 22.74, 1.04, 2025-08-25T03:30:00+01:00, 2025-08-25T04:00:00+01:00
1.319000, 24.11, 1.04, 2025-08-25T04:00:00+01:00, 2025-08-25T04:30:00+01:00
1.292000, 22.59, 1.04, 2025-08-25T04:30:00+01:00, 2025-08-25T05:00:00+01:00
1.318000, 27.07, 1.04, 2025-08-25T05:00:00+01:00, 2025-08-25T05:30:00+01:00
0.050000, 1.02, 1.04, 2025-08-25T05:30:00+01:00, 2025-08-25T06:00:00+01:00
0.003000, 0.07, 1.04, 2025-08-25T06:00:00+01:00, 2025-08-25T06:30:00+01:00
0.008000, 0.17, 1.04, 2025-08-25T06:30:00+01:00, 2025-08-25T07:00:00+01:00
0.002000, 0.04, 1.04, 2025-08-25T07:00:00+01:00, 2025-08-25T07:30:00+01:00
0.002000, 0.04, 1.04, 2025-08-25T07:30:00+01:00, 2025-08-25T08:00:00+01:00
0.003000, 0.05, 1.04, 2025-08-25T08:00:00+01:00, 2025-08-25T08:30:00+01:00
0.004000, 0.08, 1.04, 2025-08-25T08:30:00+01:00, 2025-08-25T09:00:00+01:00
0.005000, 0.09, 1.04, 2025-08-25T09:00:00+01:00, 2025-08-25T09:30:00+01:00
0.005000, 0.08, 1.04, 2025-08-25T09:30:00+01:00, 2025-08-25T10:00:00+01:00
0.020000, 0.29, 1.04, 2025-08-25T10:00:00+01:00, 2025-08-25T10:30:00+01:00
0.010000, 0.13, 1.04, 2025-08-25T10:30:00+01:00, 2025-08-25T11:00:00+01:00
0.005000, 0.05, 1.04, 2025-08-25T11:00:00+01:00, 2025-08-25T11:30:00+01:00
0.227000, 1.43, 1.04, 2025-08-25T11:30:00+01:00, 2025-08-25T12:00:00+01:00
1.632000, 3.67, 1.04, 2025-08-25T12:00:00+01:00, 2025-08-25T12:30:00+01:00
0.954000, 2.1, 1.04, 2025-08-25T12:30:00+01:00, 2025-08-25T13:00:00+01:00
0.813000, 1.11, 1.04, 2025-08-25T13:00:00+01:00, 2025-08-25T13:30:00+01:00
0.800000, 0.75, 1.04, 2025-08-25T13:30:00+01:00, 2025-08-25T14:00:00+01:00
1.166000, 2.47, 1.04, 2025-08-25T14:00:00+01:00, 2025-08-25T14:30:00+01:00
0.521000, 0.83, 1.04, 2025-08-25T14:30:00+01:00, 2025-08-25T15:00:00+01:00
0.379000, 3.57, 1.04, 2025-08-25T15:00:00+01:00, 2025-08-25T15:30:00+01:00
0.114000, 1.1, 1.04, 2025-08-25T15:30:00+01:00, 2025-08-25T16:00:00+01:00
0.001000, 0.03, 1.04, 2025-08-25T16:00:00+01:00, 2025-08-25T16:30:00+01:00
0.001000, 0.03, 1.04, 2025-08-25T16:30:00+01:00, 2025-08-25T17:00:00+01:00
0.002000, 0.06, 1.04, 2025-08-25T17:00:00+01:00, 2025-08-25T17:30:00+01:00
0.003000, 0.1, 1.04, 2025-08-25T17:30:00+01:00, 2025-08-25T18:00:00+01:00
0.003000, 0.1, 1.04, 2025-08-25T18:00:00+01:00, 2025-08-25T18:30:00+01:00
0.021000, 0.71, 1.04, 2025-08-25T18:30:00+01:00, 2025-08-25T19:00:00+01:00
0.034000, 0.78, 1.04, 2025-08-25T19:00:00+01:00, 2025-08-25T19:30:00+01:00
0.007000, 0.16, 1.04, 2025-08-25T19:30:00+01:00, 2025-08-25T20:00:00+01:00
0.002000, 0.05, 1.04, 2025-08-25T20:00:00+01:00, 2025-08-25T20:30:00+01:00
0.007000, 0.16, 1.04, 2025-08-25T20:30:00+01:00, 2025-08-25T21:00:00+01:00
0.016000, 0.35, 1.04, 2025-08-25T21:00:00+01:00, 2025-08-25T21:30:00+01:00
0.010000, 0.2, 1.04, 2025-08-25T21:30:00+01:00, 2025-08-25T22:00:00+01:00
0.002000, 0.04, 1.04, 2025-08-25T22:00:00+01:00, 2025-08-25T22:30:00+01:00
0.001000, 0.02, 1.04, 2025-08-25T22:30:00+01:00, 2025-08-25T23:00:00+01:00
0.003000, 0.05, 1.04, 2025-08-25T23:00:00+01:00, 2025-08-25T23:30:00+01:00
0.002000, 0.04, 1.04, 2025-08-25T23:30:00+01:00, 2025-08-26T00:00:00+01:00
0.003000, 0.06, 1.04, 2025-08-26T00:00:00+01:00, 2025-08-26T00:30:00+01:00
0.003000, 0.05, 1.04, 2025-08-26T00:30:00+01:00, 2025-08-26T01:00:00+01:00
0.003000, 0.05, 1.04, 2025-08-26T01:00:00+01:00, 2025-08-26T01:30:00+01:00
0.004000, 0.07, 1.04, 2025-08-26T01:30:00+01:00, 2025-08-26T02:00:00+01:00
0.002000, 0.03, 1.04, 2025-08-26T02:00:00+01:00, 2025-08-26T02:30:00+01:00
1.238000, 18.69, 1.04, 2025-08-26T02:30:00+01:00, 2025-08-26T03:00:00+01:00
1.226000, 18.34, 1.04, 2025-08-26T03:00:00+01:00, 2025-08-26T03:30:00+01:00
1.246000, 18.64, 1.04, 2025-08-26T03:30:00+01:00, 2025-08-26T04:00:00+01:00
1.220000, 19.37, 1.04, 2025-08-26T04:00:00+01:00, 2025-08-26T04:30:00+01:00
1.243000, 19.77, 1.04, 2025-08-26T04:30:00+01:00, 2025-08-26T05:00:00+01:00
1.237000, 23.56, 1.04, 2025-08-26T05:00:00+01:00, 2025-08-26T05:30:00+01:00
0.047000, 0.95, 1.04, 2025-08-26T05:30:00+01:00, 2025-08-26T06:00:00+01:00
0.001000, 0.02, 1.04, 2025-08-26T06:00:00+01:00, 2025-08-26T06:30:00+01:00
0.002000, 0.05, 1.04, 2025-08-26T06:30:00+01:00, 2025-08-26T07:00:00+01:00
0.002000, 0.04, 1.04, 2025-08-26T07:00:00+01:00, 2025-08-26T07:30:00+01:00
0.007000, 0.16, 1.04, 2025-08-26T07:30:00+01:00, 2025-08-26T08:00:00+01:00
0.003000, 0.06, 1.04, 2025-08-26T08:00:00+01:00, 2025-08-26T08:30:00+01:00
0.003000, 0.06, 1.04, 2025-08-26T08:30:00+01:00, 2025-08-26T09:00:00+01:00
0.006000, 0.12, 1.04, 2025-08-26T09:00:00+01:00, 2025-08-26T09:30:00+01:00
0.005000, 0.1, 1.04, 2025-08-26T09:30:00+01:00, 2025-08-26T10:00:00+01:00
0.004000, 0.07, 1.04, 2025-08-26T10:00:00+01:00, 2025-08-26T10:30:00+01:00
0.012000, 0.21, 1.04, 2025-08-26T10:30:00+01:00, 2025-08-26T11:00:00+01:00
0.010000, 0.17, 1.04, 2025-08-26T11:00:00+01:00, 2025-08-26T11:30:00+01:00
0.003000, 0.05, 1.04, 2025-08-26T11:30:00+01:00, 2025-08-26T12:00:00+01:00
0.952000, 15.74, 1.04, 2025-08-26T12:00:00+01:00, 2025-08-26T12:30:00+01:00
0.893000, 14.77, 1.04, 2025-08-26T12:30:00+01:00, 2025-08-26T13:00:00+01:00
0.797000, 13.18, 1.04, 2025-08-26T13:00:00+01:00, 2025-08-26T13:30:00+01:00
0.541000, 8.83, 1.04, 2025-08-26T13:30:00+01:00, 2025-08-26T14:00:00+01:00
0.011000, 0.18, 1.04, 2025-08-26T14:00:00+01:00, 2025-08-26T14:30:00+01:00
0.027000, 0.45, 1.04, 2025-08-26T14:30:00+01:00, 2025-08-26T15:00:00+01:00
0.031000, 0.58, 1.04, 2025-08-26T15:00:00+01:00, 2025-08-26T15:30:00+01:00
0.001000, 0.02, 1.04, 2025-08-26T15:30:00+01:00, 2025-08-26T16:00:00+01:00
0.001000, 0.03, 1.04, 2025-08-26T16:00:00+01:00, 2025-08-26T16:30:00+01:00
0.001000, 0.03, 1.04, 2025-08-26T16:30:00+01:00, 2025-08-26T17:00:00+01:00
0.003000, 0.09, 1.04, 2025-08-26T17:00:00+01:00, 2025-08-26T17:30:00+01:00
0.004000, 0.13, 1.04, 2025-08-26T17:30:00+01:00, 2025-08-26T18:00:00+01:00
0.021000, 0.74, 1.04, 2025-08-26T18:00:00+01:00, 2025-08-26T18:30:00+01:00
0.002000, 0.07, 1.04, 2025-08-26T18:30:00+01:00, 2025-08-26T19:00:00+01:00
0.003000, 0.08, 1.04, 2025-08-26T19:00:00+01:00, 2025-08-26T19:30:00+01:00
0.002000, 0.05, 1.04, 2025-08-26T19:30:00+01:00, 2025-08-26T20:00:00+01:00
0.004000, 0.1, 1.04, 2025-08-26T20:00:00+01:00, 2025-08-26T20:30:00+01:00
0.003000, 0.07, 1.04, 2025-08-26T20:30:00+01:00, 2025-08-26T21:00:00+01:00
0.003000, 0.07, 1.04, 2025-08-26T21:00:00+01:00, 2025-08-26T21:30:00+01:00
0.002000, 0.04, 1.04, 2025-08-26T21:30:00+01:00, 2025-08-26T22:00:00+01:00
0.002000, 0.04, 1.04, 2025-08-26T22:00:00+01:00, 2025-08-26T22:30:00+01:00
0.000000, 0, 1.04, 2025-08-26T22:30:00+01:00, 2025-08-26T23:00:00+01:00
0.003000, 0.06, 1.04, 2025-08-26T23:00:00+01:00, 2025-08-26T23:30:00+01:00
0.002000, 0.04, 1.04, 2025-08-26T23:30:00+01:00, 2025-08-27T00:00:00+01:00
0.001000, 0.02, 1.04, 2025-08-27T00:00:00+01:00, 2025-08-27T00:30:00+01:00
0.002000, 0.04, 1.04, 2025-08-27T00:30:00+01:00, 2025-08-27T01:00:00+01:00
0.002000, 0.03, 1.04, 2025-08-27T01:00:00+01:00, 2025-08-27T01:30:00+01:00
0.001000, 0.02, 1.04, 2025-08-27T01:30:00+01:00, 2025-08-27T02:00:00+01:00
0.001000, 0.02, 1.04, 2025-08-27T02:00:00+01:00, 2025-08-27T02:30:00+01:00
1.260000, 20.97, 1.04, 2025-08-27T02:30:00+01:00, 2025-08-27T03:00:00+01:00
1.226000, 20.18, 1.04, 2025-08-27T03:00:00+01:00, 2025-08-27T03:30:00+01:00
1.250000, 20.17, 1.04, 2025-08-27T03:30:00+01:00, 2025-08-27T04:00:00+01:00
1.210000, 20.68, 1.04, 2025-08-27T04:00:00+01:00, 2025-08-27T04:30:00+01:00
0.971000, 16.03, 1.04, 2025-08-27T04:30:00+01:00, 2025-08-27T05:00:00+01:00
0.167000, 3.24, 1.04, 2025-08-27T05:00:00+01:00, 2025-08-27T05:30:00+01:00
0.006000, 0.12, 1.04, 2025-08-27T05:30:00+01:00, 2025-08-27T06:00:00+01:00
0.002000, 0.04, 1.04, 2025-08-27T06:00:00+01:00, 2025-08-27T06:30:00+01:00
0.006000, 0.13, 1.04, 2025-08-27T06:30:00+01:00, 2025-08-27T07:00:00+01:00
0.002000, 0.04, 1.04, 2025-08-27T07:00:00+01:00, 2025-08-27T07:30:00+01:00
0.003000, 0.07, 1.04, 2025-08-27T07:30:00+01:00, 2025-08-27T08:00:00+01:00
0.009000, 0.18, 1.04, 2025-08-27T08:00:00+01:00, 2025-08-27T08:30:00+01:00
0.004000, 0.08, 1.04, 2025-08-27T08:30:00+01:00, 2025-08-27T09:00:00+01:00
0.005000, 0.09, 1.04, 2025-08-27T09:00:00+01:00, 2025-08-27T09:30:00+01:00
0.010000, 0.18, 1.04, 2025-08-27T09:30:00+01:00, 2025-08-27T10:00:00+01:00
0.012000, 0.2, 1.04, 2025-08-27T10:00:00+01:00, 2025-08-27T10:30:00+01:00
0.008000, 0.13, 1.04, 2025-08-27T10:30:00+01:00, 2025-08-27T11:00:00+01:00
0.004000, 0.07, 1.04, 2025-08-27T11:00:00+01:00, 2025-08-27T11:30:00+01:00
0.003000, 0.05, 1.04, 2025-08-27T11:30:00+01:00, 2025-08-27T12:00:00+01:00
1.391000, 21.59, 1.04, 2025-08-27T12:00:00+01:00, 2025-08-27T12:30:00+01:00
1.274000, 18.82, 1.04, 2025-08-27T12:30:00+01:00, 2025-08-27T13:00:00+01:00
0.552000, 8.27, 1.04, 2025-08-27T13:00:00+01:00, 2025-08-27T13:30:00+01:00
0.075000, 1.08, 1.04, 2025-08-27T13:30:00+01:00, 2025-08-27T14:00:00+01:00
0.011000, 0.16, 1.04, 2025-08-27T14:00:00+01:00, 2025-08-27T14:30:00+01:00
0.016000, 0.23, 1.04, 2025-08-27T14:30:00+01:00, 2025-08-27T15:00:00+01:00
0.047000, 0.66, 1.04, 2025-08-27T15:00:00+01:00, 2025-08-27T15:30:00+01:00
0.004000, 0.06, 1.04, 2025-08-27T15:30:00+01:00, 2025-08-27T16:00:00+01:00
0.001000, 0.03, 1.04, 2025-08-27T16:00:00+01:00, 2025-08-27T16:30:00+01:00
0.002000, 0.06, 1.04, 2025-08-27T16:30:00+01:00, 2025-08-27T17:00:00+01:00
0.000000, 0, 1.04, 2025-08-27T17:00:00+01:00, 2025-08-27T17:30:00+01:00
0.002000, 0.07, 1.04, 2025-08-27T17:30:00+01:00, 2025-08-27T18:00:00+01:00
0.004000, 0.13, 1.04, 2025-08-27T18:00:00+01:00, 2025-08-27T18:30:00+01:00
0.001000, 0.03, 1.04, 2025-08-27T18:30:00+01:00, 2025-08-27T19:00:00+01:00
0.005000, 0.11, 1.04, 2025-08-27T19:00:00+01:00, 2025-08-27T19:30:00+01:00
0.002000, 0.04, 1.04, 2025-08-27T19:30:00+01:00, 2025-08-27T20:00:00+01:00
0.004000, 0.09, 1.04, 2025-08-27T20:00:00+01:00, 2025-08-27T20:30:00+01:00
0.002000, 0.04, 1.04, 2025-08-27T20:30:00+01:00, 2025-08-27T21:00:00+01:00
0.003000, 0.07, 1.04, 2025-08-27T21:00:00+01:00, 2025-08-27T21:30:00+01:00
0.002000, 0.04, 1.04, 2025-08-27T21:30:00+01:00, 2025-08-27T22:00:00+01:00
0.005000, 0.1, 1.04, 2025-08-27T22:00:00+01:00, 2025-08-27T22:30:00+01:00
0.003000, 0.05, 1.04, 2025-08-27T22:30:00+01:00, 2025-08-27T23:00:00+01:00
0.002000, 0.04, 1.04, 2025-08-27T23:00:00+01:00, 2025-08-27T23:30:00+01:00
0.002000, 0.04, 1.04, 2025-08-27T23:30:00+01:00, 2025-08-28T00:00:00+01:00
0.002000, 0.03, 1.04, 2025-08-28T00:00:00+01:00, 2025-08-28T00:30:00+01:00
0.002000, 0.03, 1.04, 2025-08-28T00:30:00+01:00, 2025-08-28T01:00:00+01:00
0.002000, 0.03, 1.04, 2025-08-28T01:00:00+01:00, 2025-08-28T01:30:00+01:00
0.002000, 0.03, 1.04, 2025-08-28T01:30:00+01:00, 2025-08-28T02:00:00+01:00
0.002000, 0.03, 1.04, 2025-08-28T02:00:00+01:00, 2025-08-28T02:30:00+01:00
1.258000, 20.29, 1.04, 2025-08-28T02:30:00+01:00, 2025-08-28T03:00:00+01:00
1.244000, 18.81, 1.04, 2025-08-28T03:00:00+01:00, 2025-08-28T03:30:00+01:00
1.190000, 17.84, 1.04, 2025-08-28T03:30:00+01:00, 2025-08-28T04:00:00+01:00
0.156000, 2.55, 1.04, 2025-08-28T04:00:00+01:00, 2025-08-28T04:30:00+01:00
0.193000, 3.08, 1.04, 2025-08-28T04:30:00+01:00, 2025-08-28T05:00:00+01:00
0.159000, 2.8, 1.04, 2025-08-28T05:00:00+01:00, 2025-08-28T05:30:00+01:00
0.006000, 0.1, 1.04, 2025-08-28T05:30:00+01:00, 2025-08-28T06:00:00+01:00
0.003000, 0.06, 1.04, 2025-08-28T06:00:00+01:00, 2025-08-28T06:30:00+01:00
0.007000, 0.15, 1.04, 2025-08-28T06:30:00+01:00, 2025-08-28T07:00:00+01:00
0.003000, 0.07, 1.04, 2025-08-28T07:00:00+01:00, 2025-08-28T07:30:00+01:00
0.002000, 0.05, 1.04, 2025-08-28T07:30:00+01:00, 2025-08-28T08:00:00+01:00
0.005000, 0.11, 1.04, 2025-08-28T08:00:00+01:00, 2025-08-28T08:30:00+01:00
0.004000, 0.09, 1.04, 2025-08-28T08:30:00+01:00, 2025-08-28T09:00:00+01:00
0.005000, 0.1, 1.04, 2025-08-28T09:00:00+01:00, 2025-08-28T09:30:00+01:00
0.006000, 0.11, 1.04, 2025-08-28T09:30:00+01:00, 2025-08-28T10:00:00+01:00
0.016000, 0.27, 1.04, 2025-08-28T10:00:00+01:00, 2025-08-28T10:30:00+01:00
0.018000, 0.33, 1.04, 2025-08-28T10:30:00+01:00, 2025-08-28T11:00:00+01:00
0.009000, 0.16, 1.04, 2025-08-28T11:00:00+01:00, 2025-08-28T11:30:00+01:00
0.007000, 0.13, 1.04, 2025-08-28T11:30:00+01:00, 2025-08-28T12:00:00+01:00
1.104000, 19.47, 1.04, 2025-08-28T12:00:00+01:00, 2025-08-28T12:30:00+01:00
0.780000, 13.35, 1.04, 2025-08-28T12:30:00+01:00, 2025-08-28T13:00:00+01:00
0.420000, 6.69, 1.04, 2025-08-28T13:00:00+01:00, 2025-08-28T13:30:00+01:00
0.041000, 0.63, 1.04, 2025-08-28T13:30:00+01:00, 2025-08-28T14:00:00+01:00
0.001000, 0.01, 1.04, 2025-08-28T14:00:00+01:00, 2025-08-28T14:30:00+01:00
0.036000, 0.54, 1.04, 2025-08-28T14:30:00+01:00, 2025-08-28T15:00:00+01:00
0.062000, 0.93, 1.04, 2025-08-28T15:00:00+01:00, 2025-08-28T15:30:00+01:00
0.054000, 0.81, 1.04, 2025-08-28T15:30:00+01:00, 2025-08-28T16:00:00+01:00
0.002000, 0.06, 1.04, 2025-08-28T16:00:00+01:00, 2025-08-28T16:30:00+01:00
0.014000, 0.39, 1.04, 2025-08-28T16:30:00+01:00, 2025-08-28T17:00:00+01:00
0.002000, 0.06, 1.04, 2025-08-28T17:00:00+01:00, 2025-08-28T17:30:00+01:00
0.002000, 0.06, 1.04, 2025-08-28T17:30:00+01:00, 2025-08-28T18:00:00+01:00
0.003000, 0.09, 1.04, 2025-08-28T18:00:00+01:00, 2025-08-28T18:30:00+01:00
0.130000, 4.22, 1.04, 2025-08-28T18:30:00+01:00, 2025-08-28T19:00:00+01:00
0.020000, 0.4, 1.04, 2025-08-28T19:00:00+01:00, 2025-08-28T19:30:00+01:00
0.007000, 0.14, 1.04, 2025-08-28T19:30:00+01:00, 2025-08-28T20:00:00+01:00
0.003000, 0.06, 1.04, 2025-08-28T20:00:00+01:00, 2025-08-28T20:30:00+01:00
0.003000, 0.06, 1.04, 2025-08-28T20:30:00+01:00, 2025-08-28T21:00:00+01:00
0.003000, 0.06, 1.04, 2025-08-28T21:00:00+01:00, 2025-08-28T21:30:00+01:00
0.162000, 2.86, 1.04, 2025-08-28T21:30:00+01:00, 2025-08-28T22:00:00+01:00
0.084000, 1.32, 1.04, 2025-08-28T22:00:00+01:00, 2025-08-28T22:30:00+01:00
0.002000, 0.03, 1.04, 2025-08-28T22:30:00+01:00, 2025-08-28T23:00:00+01:00
0.003000, 0.05, 1.04, 2025-08-28T23:00:00+01:00, 2025-08-28T23:30:00+01:00
0.002000, 0.03, 1.04, 2025-08-28T23:30:00+01:00, 2025-08-29T00:00:00+01:00
0.002000, 0.03, 1.04, 2025-08-29T00:00:00+01:00, 2025-08-29T00:30:00+01:00
0.002000, 0.03, 1.04, 2025-08-29T00:30:00+01:00, 2025-08-29T01:00:00+01:00
0.003000, 0.05, 1.04, 2025-08-29T01:00:00+01:00, 2025-08-29T01:30:00+01:00
0.002000, 0.03, 1.04, 2025-08-29T01:30:00+01:00, 2025-08-29T02:00:00+01:00
0.001000, 0.01, 1.04, 2025-08-29T02:00:00+01:00, 2025-08-29T02:30:00+01:00
1.226000, 17.84, 1.04, 2025-08-29T02:30:00+01:00, 2025-08-29T03:00:00+01:00
1.246000, 18.13, 1.04, 2025-08-29T03:00:00+01:00, 2025-08-29T03:30:00+01:00
1.219000, 17.74, 1.04, 2025-08-29T03:30:00+01:00, 2025-08-29T04:00:00+01:00
1.227000, 17.86, 1.04, 2025-08-29T04:00:00+01:00, 2025-08-29T04:30:00+01:00
1.026000, 14.93, 1.04, 2025-08-29T04:30:00+01:00, 2025-08-29T05:00:00+01:00
0.167000, 3.02, 1.04, 2025-08-29T05:00:00+01:00, 2025-08-29T05:30:00+01:00
0.007000, 0.12, 1.04, 2025-08-29T05:30:00+01:00, 2025-08-29T06:00:00+01:00
0.002000, 0.04, 1.04, 2025-08-29T06:00:00+01:00, 2025-08-29T06:30:00+01:00
0.003000, 0.06, 1.04, 2025-08-29T06:30:00+01:00, 2025-08-29T07:00:00+01:00
0.004000, 0.08, 1.04, 2025-08-29T07:00:00+01:00, 2025-08-29T07:30:00+01:00
0.003000, 0.06, 1.04, 2025-08-29T07:30:00+01:00, 2025-08-29T08:00:00+01:00
0.005000, 0.1, 1.04, 2025-08-29T08:00:00+01:00, 2025-08-29T08:30:00+01:00
0.005000, 0.11, 1.04, 2025-08-29T08:30:00+01:00, 2025-08-29T09:00:00+01:00
0.005000, 0.1, 1.04, 2025-08-29T09:00:00+01:00, 2025-08-29T09:30:00+01:00
0.007000, 0.14, 1.04, 2025-08-29T09:30:00+01:00, 2025-08-29T10:00:00+01:00
0.008000, 0.15, 1.04, 2025-08-29T10:00:00+01:00, 2025-08-29T10:30:00+01:00
0.007000, 0.13, 1.04, 2025-08-29T10:30:00+01:00, 2025-08-29T11:00:00+01:00
0.005000, 0.09, 1.04, 2025-08-29T11:00:00+01:00, 2025-08-29T11:30:00+01:00
0.007000, 0.12, 1.04, 2025-08-29T11:30:00+01:00, 2025-08-29T12:00:00+01:00
0.659000, 10.75, 1.04, 2025-08-29T12:00:00+01:00, 2025-08-29T12:30:00+01:00
0.756000, 11.39, 1.04, 2025-08-29T12:30:00+01:00, 2025-08-29T13:00:00+01:00
0.440000, 6.81, 1.04, 2025-08-29T13:00:00+01:00, 2025-08-29T13:30:00+01:00
0.377000, 5.49, 1.04, 2025-08-29T13:30:00+01:00, 2025-08-29T14:00:00+01:00
0.055000, 0.81, 1.04, 2025-08-29T14:00:00+01:00, 2025-08-29T14:30:00+01:00
0.081000, 1.18, 1.04, 2025-08-29T14:30:00+01:00, 2025-08-29T15:00:00+01:00
0.047000, 0.68, 1.04, 2025-08-29T15:00:00+01:00, 2025-08-29T15:30:00+01:00
0.017000, 0.25, 1.04, 2025-08-29T15:30:00+01:00, 2025-08-29T16:00:00+01:00
0.004000, 0.11, 1.04, 2025-08-29T16:00:00+01:00, 2025-08-29T16:30:00+01:00
0.002000, 0.06, 1.04, 2025-08-29T16:30:00+01:00, 2025-08-29T17:00:00+01:00
0.003000, 0.09, 1.04, 2025-08-29T17:00:00+01:00, 2025-08-29T17:30:00+01:00
0.001000, 0.03, 1.04, 2025-08-29T17:30:00+01:00, 2025-08-29T18:00:00+01:00
0.003000, 0.1, 1.04, 2025-08-29T18:00:00+01:00, 2025-08-29T18:30:00+01:00
0.005000, 0.17, 1.04, 2025-08-29T18:30:00+01:00, 2025-08-29T19:00:00+01:00
0.003000, 0.07, 1.04, 2025-08-29T19:00:00+01:00, 2025-08-29T19:30:00+01:00
0.003000, 0.07, 1.04, 2025-08-29T19:30:00+01:00, 2025-08-29T20:00:00+01:00
0.002000, 0.04, 1.04, 2025-08-29T20:00:00+01:00, 2025-08-29T20:30:00+01:00
0.038000, 0.77, 1.04, 2025-08-29T20:30:00+01:00, 2025-08-29T21:00:00+01:00
0.003000, 0.06, 1.04, 2025-08-29T21:00:00+01:00, 2025-08-29T21:30:00+01:00
0.002000, 0.03, 1.04, 2025-08-29T21:30:00+01:00, 2025-08-29T22:00:00+01:00
0.003000, 0.05, 1.04, 2025-08-29T22:00:00+01:00, 2025-08-29T22:30:00+01:00
0.001000, 0.02, 1.04, 2025-08-29T22:30:00+01:00, 2025-08-29T23:00:00+01:00
0.003000, 0.05, 1.04, 2025-08-29T23:00:00+01:00, 2025-08-29T23:30:00+01:00
0.001000, 0.02, 1.04, 2025-08-29T23:30:00+01:00, 2025-08-30T00:00:00+01:00
0.003000, 0.05, 1.04, 2025-08-30T00:00:00+01:00, 2025-08-30T00:30:00+01:00
0.001000, 0.02, 1.04, 2025-08-30T00:30:00+01:00, 2025-08-30T01:00:00+01:00
0.002000, 0.04, 1.04, 2025-08-30T01:00:00+01:00, 2025-08-30T01:30:00+01:00
0.002000, 0.04, 1.04, 2025-08-30T01:30:00+01:00, 2025-08-30T02:00:00+01:00
0.002000, 0.03, 1.04, 2025-08-30T02:00:00+01:00, 2025-08-30T02:30:00+01:00
1.225000, 20.31, 1.04, 2025-08-30T02:30:00+01:00, 2025-08-30T03:00:00+01:00
1.239000, 19.89, 1.04, 2025-08-30T03:00:00+01:00, 2025-08-30T03:30:00+01:00
1.081000, 17.29, 1.04, 2025-08-30T03:30:00+01:00, 2025-08-30T04:00:00+01:00
0.158000, 2.65, 1.04, 2025-08-30T04:00:00+01:00, 2025-08-30T04:30:00+01:00
0.166000, 2.72, 1.04, 2025-08-30T04:30:00+01:00, 2025-08-30T05:00:00+01:00
0.154000, 2.65, 1.04, 2025-08-30T05:00:00+01:00, 2025-08-30T05:30:00+01:00
0.008000, 0.14, 1.04, 2025-08-30T05:30:00+01:00, 2025-08-30T06:00:00+01:00
0.002000, 0.04, 1.04, 2025-08-30T06:00:00+01:00, 2025-08-30T06:30:00+01:00
0.003000, 0.06, 1.04, 2025-08-30T06:30:00+01:00, 2025-08-30T07:00:00+01:00
0.006000, 0.11, 1.04, 2025-08-30T07:00:00+01:00, 2025-08-30T07:30:00+01:00
0.034000, 0.67, 1.04, 2025-08-30T07:30:00+01:00, 2025-08-30T08:00:00+01:00
0.121000, 2.13, 1.04, 2025-08-30T08:00:00+01:00, 2025-08-30T08:30:00+01:00
0.015000, 0.28, 1.04, 2025-08-30T08:30:00+01:00, 2025-08-30T09:00:00+01:00
0.005000, 0.09, 1.04, 2025-08-30T09:00:00+01:00, 2025-08-30T09:30:00+01:00
0.005000, 0.09, 1.04, 2025-08-30T09:30:00+01:00, 2025-08-30T10:00:00+01:00
0.006000, 0.1, 1.04, 2025-08-30T10:00:00+01:00, 2025-08-30T10:30:00+01:00
0.014000, 0.22, 1.04, 2025-08-30T10:30:00+01:00, 2025-08-30T11:00:00+01:00
0.006000, 0.09, 1.04, 2025-08-30T11:00:00+01:00, 2025-08-30T11:30:00+01:00
0.001000, 0.02, 1.04, 2025-08-30T11:30:00+01:00, 2025-08-30T12:00:00+01:00
1.680000, 24.13, 1.04, 2025-08-30T12:00:00+01:00, 2025-08-30T12:30:00+01:00
1.308000, 16.71, 1.04, 2025-08-30T12:30:00+01:00, 2025-08-30T13:00:00+01:00
1.007000, 9.4, 1.04, 2025-08-30T13:00:00+01:00, 2025-08-30T13:30:00+01:00
1.037000, 7.88, 1.04, 2025-08-30T13:30:00+01:00, 2025-08-30T14:00:00+01:00
0.220000, 0.92, 1.04, 2025-08-30T14:00:00+01:00, 2025-08-30T14:30:00+01:00
0.111000, 0.33, 1.04, 2025-08-30T14:30:00+01:00, 2025-08-30T15:00:00+01:00
0.104000, 0.36, 1.04, 2025-08-30T15:00:00+01:00, 2025-08-30T15:30:00+01:00
0.076000, 0.25, 1.04, 2025-08-30T15:30:00+01:00, 2025-08-30T16:00:00+01:00
0.002000, 0.05, 1.04, 2025-08-30T16:00:00+01:00, 2025-08-30T16:30:00+01:00
0.002000, 0.05, 1.04, 2025-08-30T16:30:00+01:00, 2025-08-30T17:00:00+01:00
0.002000, 0.05, 1.04, 2025-08-30T17:00:00+01:00, 2025-08-30T17:30:00+01:00
0.051000, 1.36, 1.04, 2025-08-30T17:30:00+01:00, 2025-08-30T18:00:00+01:00
0.007000, 0.19, 1.04, 2025-08-30T18:00:00+01:00, 2025-08-30T18:30:00+01:00
0.005000, 0.13, 1.04, 2025-08-30T18:30:00+01:00, 2025-08-30T19:00:00+01:00
0.003000, 0.04, 1.04, 2025-08-30T19:00:00+01:00, 2025-08-30T19:30:00+01:00
0.002000, 0.03, 1.04, 2025-08-30T19:30:00+01:00, 2025-08-30T20:00:00+01:00
0.004000, 0.06, 1.04, 2025-08-30T20:00:00+01:00, 2025-08-30T20:30:00+01:00
0.003000, 0.04, 1.04, 2025-08-30T20:30:00+01:00, 2025-08-30T21:00:00+01:00
0.004000, 0.05, 1.04, 2025-08-30T21:00:00+01:00, 2025-08-30T21:30:00+01:00
0.002000, 0.02, 1.04, 2025-08-30T21:30:00+01:00, 2025-08-30T22:00:00+01:00
0.006000, 0.06, 1.04, 2025-08-30T22:00:00+01:00, 2025-08-30T22:30:00+01:00
0.002000, 0.01, 1.04, 2025-08-30T22:30:00+01:00, 2025-08-30T23:00:00+01:00
0.002000, 0, 1.04, 2025-08-30T23:00:00+01:00, 2025-08-30T23:30:00+01:00
0.001000, 0, 1.04, 2025-08-30T23:30:00+01:00, 2025-08-31T00:00:00+01:00
0.002000, 0, 1.04, 2025-08-31T00:00:00+01:00, 2025-08-31T00:30:00+01:00
0.001000, 0, 1.04, 2025-08-31T00:30:00+01:00, 2025-08-31T01:00:00+01:00
0.002000, 0, 1.04, 2025-08-31T01:00:00+01:00, 2025-08-31T01:30:00+01:00
0.002000, 0, 1.04, 2025-08-31T01:30:00+01:00, 2025-08-31T02:00:00+01:00
0.002000, 0, 1.04, 2025-08-31T02:00:00+01:00, 2025-08-31T02:30:00+01:00
1.224000, 1.3, 1.04, 2025-08-31T02:30:00+01:00, 2025-08-31T03:00:00+01:00
1.246000, 1.19, 1.04, 2025-08-31T03:00:00+01:00, 2025-08-31T03:30:00+01:00
1.222000, 0.81, 1.04, 2025-08-31T03:30:00+01:00, 2025-08-31T04:00:00+01:00
1.235000, 1.17, 1.04, 2025-08-31T04:00:00+01:00, 2025-08-31T04:30:00+01:00
0.352000, 0.23, 1.04, 2025-08-31T04:30:00+01:00, 2025-08-31T05:00:00+01:00
0.153000, 0.1, 1.04, 2025-08-31T05:00:00+01:00, 2025-08-31T05:30:00+01:00
0.008000, 0, 1.04, 2025-08-31T05:30:00+01:00, 2025-08-31T06:00:00+01:00
0.003000, 0, 1.04, 2025-08-31T06:00:00+01:00, 2025-08-31T06:30:00+01:00
0.002000, 0, 1.04, 2025-08-31T06:30:00+01:00, 2025-08-31T07:00:00+01:00
0.005000, 0.01, 1.04, 2025-08-31T07:00:00+01:00, 2025-08-31T07:30:00+01:00
0.001000, 0, 1.04, 2025-08-31T07:30:00+01:00, 2025-08-31T08:00:00+01:00
0.004000, 0, 1.04, 2025-08-31T08:00:00+01:00, 2025-08-31T08:30:00+01:00
0.004000, 0, 1.04, 2025-08-31T08:30:00+01:00, 2025-08-31T09:00:00+01:00
0.008000, 0, 1.04, 2025-08-31T09:00:00+01:00, 2025-08-31T09:30:00+01:00
0.007000, 0, 1.04, 2025-08-31T09:30:00+01:00, 2025-08-31T10:00:00+01:00
0.006000, 0, 1.04, 2025-08-31T10:00:00+01:00, 2025-08-31T10:30:00+01:00
0.013000, 0, 1.04, 2025-08-31T10:30:00+01:00, 2025-08-31T11:00:00+01:00
0.326000, 0.01, 1.04, 2025-08-31T11:00:00+01:00, 2025-08-31T11:30:00+01:00
0.321000, 0.01, 1.04, 2025-08-31T11:30:00+01:00, 2025-08-31T12:00:00+01:00
2.152000, -0.95, 1.04, 2025-08-31T12:00:00+01:00, 2025-08-31T12:30:00+01:00
0.878000, 0, 1.04, 2025-08-31T12:30:00+01:00, 2025-08-31T13:00:00+01:00
0.302000, 0.01, 1.04, 2025-08-31T13:00:00+01:00, 2025-08-31T13:30:00+01:00
0.007000, 0, 1.04, 2025-08-31T13:30:00+01:00, 2025-08-31T14:00:00+01:00
0.386000, -0.37, 1.04, 2025-08-31T14:00:00+01:00, 2025-08-31T14:30:00+01:00
0.471000, 0.01, 1.04, 2025-08-31T14:30:00+01:00, 2025-08-31T15:00:00+01:00
0.353000, 0.01, 1.04, 2025-08-31T15:00:00+01:00, 2025-08-31T15:30:00+01:00
0.050000, 0, 1.04, 2025-08-31T15:30:00+01:00, 2025-08-31T16:00:00+01:00
0.003000, 0.04, 1.04, 2025-08-31T16:00:00+01:00, 2025-08-31T16:30:00+01:00
0.002000, 0.03, 1.04, 2025-08-31T16:30:00+01:00, 2025-08-31T17:00:00+01:00
0.003000, 0.04, 1.04, 2025-08-31T17:00:00+01:00, 2025-08-31T17:30:00+01:00
0.005000, 0.1, 1.04, 2025-08-31T17:30:00+01:00, 2025-08-31T18:00:00+01:00
0.005000, 0.1, 1.04, 2025-08-31T18:00:00+01:00, 2025-08-31T18:30:00+01:00
0.039000, 0.88, 1.04, 2025-08-31T18:30:00+01:00, 2025-08-31T19:00:00+01:00
0.005000, 0.07, 1.04, 2025-08-31T19:00:00+01:00, 2025-08-31T19:30:00+01:00
0.002000, 0.03, 1.04, 2025-08-31T19:30:00+01:00, 2025-08-31T20:00:00+01:00
0.003000, 0.04, 1.04, 2025-08-31T20:00:00+01:00, 2025-08-31T20:30:00+01:00
0.002000, 0.03, 1.04, 2025-08-31T20:30:00+01:00, 2025-08-31T21:00:00+01:00
0.004000, 0.06, 1.04, 2025-08-31T21:00:00+01:00, 2025-08-31T21:30:00+01:00
0.002000, 0.03, 1.04, 2025-08-31T21:30:00+01:00, 2025-08-31T22:00:00+01:00
0.001000, 0.01, 1.04, 2025-08-31T22:00:00+01:00, 2025-08-31T22:30:00+01:00
0.004000, 0.03, 1.04, 2025-08-31T22:30:00+01:00, 2025-08-31T23:00:00+01:00
0.002000, 0.02, 1.04, 2025-08-31T23:00:00+01:00, 2025-08-31T23:30:00+01:00
0.002000, 0.01, 1.04, 2025-08-31T23:30:00+01:00, 2025-08-31T23:59:59.999000+01:00
