Consumption (kwh), Estimated Cost Inc. Tax (p), Standing Charge Inc. Tax (p), Start, End
1.294000, 30.94, 1.04, 2025-02-01T00:00:00+00:00, 2025-02-01T00:30:00+00:00
1.286000, 35.12, 1.04, 2025-02-01T00:30:00+00:00, 2025-02-01T01:00:00+00:00
1.276000, 32.95, 1.04, 2025-02-01T01:00:00+00:00, 2025-02-01T01:30:00+00:00
1.285000, 29.47, 1.04, 2025-02-01T01:30:00+00:00, 2025-02-01T02:00:00+00:00
1.283000, 28.86, 1.04, 2025-02-01T02:00:00+00:00, 2025-02-01T02:30:00+00:00
1.266000, 28.19, 1.04, 2025-02-01T02:30:00+00:00, 2025-02-01T03:00:00+00:00
1.281000, 28.53, 1.04, 2025-02-01T03:00:00+00:00, 2025-02-01T03:30:00+00:00
1.285000, 28.33, 1.04, 2025-02-01T03:30:00+00:00, 2025-02-01T04:00:00+00:00
1.130000, 25.17, 1.04, 2025-02-01T04:00:00+00:00, 2025-02-01T04:30:00+00:00
0.306000, 6.81, 1.04, 2025-02-01T04:30:00+00:00, 2025-02-01T05:00:00+00:00
0.211000, 4.75, 1.04, 2025-02-01T05:00:00+00:00, 2025-02-01T05:30:00+00:00
0.225000, 5.02, 1.04, 2025-02-01T05:30:00+00:00, 2025-02-01T06:00:00+00:00
0.198000, 4.98, 1.04, 2025-02-01T06:00:00+00:00, 2025-02-01T06:30:00+00:00
0.211000, 5.72, 1.04, 2025-02-01T06:30:00+00:00, 2025-02-01T07:00:00+00:00
0.236000, 6.74, 1.04, 2025-02-01T07:00:00+00:00, 2025-02-01T07:30:00+00:00
0.232000, 6.91, 1.04, 2025-02-01T07:30:00+00:00, 2025-02-01T08:00:00+00:00
0.010000, 0.29, 1.04, 2025-02-01T08:00:00+00:00, 2025-02-01T08:30:00+00:00
0.011000, 0.33, 1.04, 2025-02-01T08:30:00+00:00, 2025-02-01T09:00:00+00:00
0.002000, 0.05, 1.04, 2025-02-01T09:00:00+00:00, 2025-02-01T09:30:00+00:00
0.003000, 0.08, 1.04, 2025-02-01T09:30:00+00:00, 2025-02-01T10:00:00+00:00
0.002000, 0.05, 1.04, 2025-02-01T10:00:00+00:00, 2025-02-01T10:30:00+00:00
0.001000, 0.02, 1.04, 2025-02-01T10:30:00+00:00, 2025-02-01T11:00:00+00:00
0.058000, 1.39, 1.04, 2025-02-01T11:00:00+00:00, 2025-02-01T11:30:00+00:00
0.004000, 0.1, 1.04, 2025-02-01T11:30:00+00:00, 2025-02-01T12:00:00+00:00
0.041000, 0.95, 1.04, 2025-02-01T12:00:00+00:00, 2025-02-01T12:30:00+00:00
0.017000, 0.39, 1.04, 2025-02-01T12:30:00+00:00, 2025-02-01T13:00:00+00:00
0.001000, 0.02, 1.04, 2025-02-01T13:00:00+00:00, 2025-02-01T13:30:00+00:00
0.002000, 0.05, 1.04, 2025-02-01T13:30:00+00:00, 2025-02-01T14:00:00+00:00
0.002000, 0.04, 1.04, 2025-02-01T14:00:00+00:00, 2025-02-01T14:30:00+00:00
0.004000, 0.09, 1.04, 2025-02-01T14:30:00+00:00, 2025-02-01T15:00:00+00:00
0.004000, 0.1, 1.04, 2025-02-01T15:00:00+00:00, 2025-02-01T15:30:00+00:00
0.001000, 0.03, 1.04, 2025-02-01T15:30:00+00:00, 2025-02-01T16:00:00+00:00
0.003000, 0.12, 1.04, 2025-02-01T16:00:00+00:00, 2025-02-01T16:30:00+00:00
0.002000, 0.08, 1.04, 2025-02-01T16:30:00+00:00, 2025-02-01T17:00:00+00:00
0.002000, 0.09, 1.04, 2025-02-01T17:00:00+00:00, 2025-02-01T17:30:00+00:00
0.002000, 0.09, 1.04, 2025-02-01T17:30:00+00:00, 2025-02-01T18:00:00+00:00
0.002000, 0.09, 1.04, 2025-02-01T18:00:00+00:00, 2025-02-01T18:30:00+00:00
0.011000, 0.46, 1.04, 2025-02-01T18:30:00+00:00, 2025-02-01T19:00:00+00:00
0.002000, 0.06, 1.04, 2025-02-01T19:00:00+00:00, 2025-02-01T19:30:00+00:00
0.353000, 9.34, 1.04, 2025-02-01T19:30:00+00:00, 2025-02-01T20:00:00+00:00
1.165000, 30.41, 1.04, 2025-02-01T20:00:00+00:00, 2025-02-01T20:30:00+00:00
1.365000, 32.72, 1.04, 2025-02-01T20:30:00+00:00, 2025-02-01T21:00:00+00:00
0.364000, 9.63, 1.04, 2025-02-01T21:00:00+00:00, 2025-02-01T21:30:00+00:00
0.718000, 17.87, 1.04, 2025-02-01T21:30:00+00:00, 2025-02-01T22:00:00+00:00
0.547000, 13.89, 1.04, 2025-02-01T22:00:00+00:00, 2025-02-01T22:30:00+00:00
0.387000, 8.26, 1.04, 2025-02-01T22:30:00+00:00, 2025-02-01T23:00:00+00:00
0.205000, 4.83, 1.04, 2025-02-01T23:00:00+00:00, 2025-02-01T23:30:00+00:00
0.157000, 3.65, 1.04, 2025-02-01T23:30:00+00:00, 2025-02-02T00:00:00+00:00
1.231000, 27.47, 1.04, 2025-02-02T00:00:00+00:00, 2025-02-02T00:30:00+00:00
1.228000, 31.14, 1.04, 2025-02-02T00:30:00+00:00, 2025-02-02T01:00:00+00:00
1.225000, 29.34, 1.04, 2025-02-02T01:00:00+00:00, 2025-02-02T01:30:00+00:00
1.230000, 27.2, 1.04, 2025-02-02T01:30:00+00:00, 2025-02-02T02:00:00+00:00
1.195000, 27.24, 1.04, 2025-02-02T02:00:00+00:00, 2025-02-02T02:30:00+00:00
1.214000, 26.5, 1.04, 2025-02-02T02:30:00+00:00, 2025-02-02T03:00:00+00:00
1.198000, 26.5, 1.04, 2025-02-02T03:00:00+00:00, 2025-02-02T03:30:00+00:00
1.227000, 26.51, 1.04, 2025-02-02T03:30:00+00:00, 2025-02-02T04:00:00+00:00
1.101000, 24.47, 1.04, 2025-02-02T04:00:00+00:00, 2025-02-02T04:30:00+00:00
0.275000, 5.96, 1.04, 2025-02-02T04:30:00+00:00, 2025-02-02T05:00:00+00:00
0.222000, 4.9, 1.04, 2025-02-02T05:00:00+00:00, 2025-02-02T05:30:00+00:00
0.200000, 4.41, 1.04, 2025-02-02T05:30:00+00:00, 2025-02-02T06:00:00+00:00
0.225000, 5.42, 1.04, 2025-02-02T06:00:00+00:00, 2025-02-02T06:30:00+00:00
0.203000, 4.79, 1.04, 2025-02-02T06:30:00+00:00, 2025-02-02T07:00:00+00:00
0.244000, 5.7, 1.04, 2025-02-02T07:00:00+00:00, 2025-02-02T07:30:00+00:00
0.208000, 5.05, 1.04, 2025-02-02T07:30:00+00:00, 2025-02-02T08:00:00+00:00
0.009000, 0.21, 1.04, 2025-02-02T08:00:00+00:00, 2025-02-02T08:30:00+00:00
0.054000, 1.49, 1.04, 2025-02-02T08:30:00+00:00, 2025-02-02T09:00:00+00:00
0.002000, 0.05, 1.04, 2025-02-02T09:00:00+00:00, 2025-02-02T09:30:00+00:00
0.003000, 0.08, 1.04, 2025-02-02T09:30:00+00:00, 2025-02-02T10:00:00+00:00
0.003000, 0.08, 1.04, 2025-02-02T10:00:00+00:00, 2025-02-02T10:30:00+00:00
0.108000, 2.76, 1.04, 2025-02-02T10:30:00+00:00, 2025-02-02T11:00:00+00:00
0.002000, 0.06, 1.04, 2025-02-02T11:00:00+00:00, 2025-02-02T11:30:00+00:00
0.005000, 0.14, 1.04, 2025-02-02T11:30:00+00:00, 2025-02-02T12:00:00+00:00
0.005000, 0.13, 1.04, 2025-02-02T12:00:00+00:00, 2025-02-02T12:30:00+00:00
0.003000, 0.08, 1.04, 2025-02-02T12:30:00+00:00, 2025-02-02T13:00:00+00:00
0.002000, 0.05, 1.04, 2025-02-02T13:00:00+00:00, 2025-02-02T13:30:00+00:00
0.010000, 0.25, 1.04, 2025-02-02T13:30:00+00:00, 2025-02-02T14:00:00+00:00
0.024000, 0.56, 1.04, 2025-02-02T14:00:00+00:00, 2025-02-02T14:30:00+00:00
0.010000, 0.24, 1.04, 2025-02-02T14:30:00+00:00, 2025-02-02T15:00:00+00:00
0.002000, 0.05, 1.04, 2025-02-02T15:00:00+00:00, 2025-02-02T15:30:00+00:00
0.001000, 0.03, 1.04, 2025-02-02T15:30:00+00:00, 2025-02-02T16:00:00+00:00
0.003000, 0.12, 1.04, 2025-02-02T16:00:00+00:00, 2025-02-02T16:30:00+00:00
0.002000, 0.09, 1.04, 2025-02-02T16:30:00+00:00, 2025-02-02T17:00:00+00:00
0.002000, 0.09, 1.04, 2025-02-02T17:00:00+00:00, 2025-02-02T17:30:00+00:00
0.006000, 0.28, 1.04, 2025-02-02T17:30:00+00:00, 2025-02-02T18:00:00+00:00
0.002000, 0.09, 1.04, 2025-02-02T18:00:00+00:00, 2025-02-02T18:30:00+00:00
0.007000, 0.31, 1.04, 2025-02-02T18:30:00+00:00, 2025-02-02T19:00:00+00:00
0.003000, 0.1, 1.04, 2025-02-02T19:00:00+00:00, 2025-02-02T19:30:00+00:00
0.003000, 0.09, 1.04, 2025-02-02T19:30:00+00:00, 2025-02-02T20:00:00+00:00
0.005000, 0.16, 1.04, 2025-02-02T20:00:00+00:00, 2025-02-02T20:30:00+00:00
0.689000, 18.38, 1.04, 2025-02-02T20:30:00+00:00, 2025-02-02T21:00:00+00:00
0.290000, 8.03, 1.04, 2025-02-02T21:00:00+00:00, 2025-02-02T21:30:00+00:00
0.352000, 8.68, 1.04, 2025-02-02T21:30:00+00:00, 2025-02-02T22:00:00+00:00
0.313000, 8.23, 1.04, 2025-02-02T22:00:00+00:00, 2025-02-02T22:30:00+00:00
0.386000, 8.51, 1.04, 2025-02-02T22:30:00+00:00, 2025-02-02T23:00:00+00:00
0.203000, 5.09, 1.04, 2025-02-02T23:00:00+00:00, 2025-02-02T23:30:00+00:00
0.218000, 5.19, 1.04, 2025-02-02T23:30:00+00:00, 2025-02-03T00:00:00+00:00
1.237000, 26.81, 1.04, 2025-02-03T00:00:00+00:00, 2025-02-03T00:30:00+00:00
1.288000, 30.28, 1.04, 2025-02-03T00:30:00+00:00, 2025-02-03T01:00:00+00:00
1.265000, 28.69, 1.04, 2025-02-03T01:00:00+00:00, 2025-02-03T01:30:00+00:00
1.269000, 27.5, 1.04, 2025-02-03T01:30:00+00:00, 2025-02-03T02:00:00+00:00
1.242000, 26.92, 1.04, 2025-02-03T02:00:00+00:00, 2025-02-03T02:30:00+00:00
1.338000, 29, 1.04, 2025-02-03T02:30:00+00:00, 2025-02-03T03:00:00+00:00
1.331000, 28.85, 1.04, 2025-02-03T03:00:00+00:00, 2025-02-03T03:30:00+00:00
1.293000, 28.02, 1.04, 2025-02-03T03:30:00+00:00, 2025-02-03T04:00:00+00:00
1.240000, 27.21, 1.04, 2025-02-03T04:00:00+00:00, 2025-02-03T04:30:00+00:00
0.486000, 10.53, 1.04, 2025-02-03T04:30:00+00:00, 2025-02-03T05:00:00+00:00
0.201000, 4.83, 1.04, 2025-02-03T05:00:00+00:00, 2025-02-03T05:30:00+00:00
0.178000, 4.2, 1.04, 2025-02-03T05:30:00+00:00, 2025-02-03T06:00:00+00:00
0.171000, 4.3, 1.04, 2025-02-03T06:00:00+00:00, 2025-02-03T06:30:00+00:00
0.237000, 6.43, 1.04, 2025-02-03T06:30:00+00:00, 2025-02-03T07:00:00+00:00
0.223000, 7.24, 1.04, 2025-02-03T07:00:00+00:00, 2025-02-03T07:30:00+00:00
0.361000, 13.05, 1.04, 2025-02-03T07:30:00+00:00, 2025-02-03T08:00:00+00:00
0.022000, 0.78, 1.04, 2025-02-03T08:00:00+00:00, 2025-02-03T08:30:00+00:00
0.003000, 0.1, 1.04, 2025-02-03T08:30:00+00:00, 2025-02-03T09:00:00+00:00
0.002000, 0.06, 1.04, 2025-02-03T09:00:00+00:00, 2025-02-03T09:30:00+00:00
0.004000, 0.11, 1.04, 2025-02-03T09:30:00+00:00, 2025-02-03T10:00:00+00:00
0.002000, 0.05, 1.04, 2025-02-03T10:00:00+00:00, 2025-02-03T10:30:00+00:00
0.003000, 0.07, 1.04, 2025-02-03T10:30:00+00:00, 2025-02-03T11:00:00+00:00
0.003000, 0.07, 1.04, 2025-02-03T11:00:00+00:00, 2025-02-03T11:30:00+00:00
0.096000, 2.1, 1.04, 2025-02-03T11:30:00+00:00, 2025-02-03T12:00:00+00:00
0.004000, 0.09, 1.04, 2025-02-03T12:00:00+00:00, 2025-02-03T12:30:00+00:00
0.065000, 1.42, 1.04, 2025-02-03T12:30:00+00:00, 2025-02-03T13:00:00+00:00
0.010000, 0.22, 1.04, 2025-02-03T13:00:00+00:00, 2025-02-03T13:30:00+00:00
0.002000, 0.04, 1.04, 2025-02-03T13:30:00+00:00, 2025-02-03T14:00:00+00:00
0.003000, 0.07, 1.04, 2025-02-03T14:00:00+00:00, 2025-02-03T14:30:00+00:00
0.003000, 0.07, 1.04, 2025-02-03T14:30:00+00:00, 2025-02-03T15:00:00+00:00
0.002000, 0.05, 1.04, 2025-02-03T15:00:00+00:00, 2025-02-03T15:30:00+00:00
0.002000, 0.05, 1.04, 2025-02-03T15:30:00+00:00, 2025-02-03T16:00:00+00:00
0.021000, 0.79, 1.04, 2025-02-03T16:00:00+00:00, 2025-02-03T16:30:00+00:00
0.002000, 0.09, 1.04, 2025-02-03T16:30:00+00:00, 2025-02-03T17:00:00+00:00
0.003000, 0.13, 1.04, 2025-02-03T17:00:00+00:00, 2025-02-03T17:30:00+00:00
0.003000, 0.13, 1.04, 2025-02-03T17:30:00+00:00, 2025-02-03T18:00:00+00:00
0.020000, 0.87, 1.04, 2025-02-03T18:00:00+00:00, 2025-02-03T18:30:00+00:00
0.005000, 0.19, 1.04, 2025-02-03T18:30:00+00:00, 2025-02-03T19:00:00+00:00
0.003000, 0.09, 1.04, 2025-02-03T19:00:00+00:00, 2025-02-03T19:30:00+00:00
0.108000, 2.74, 1.04, 2025-02-03T19:30:00+00:00, 2025-02-03T20:00:00+00:00
0.003000, 0.08, 1.04, 2025-02-03T20:00:00+00:00, 2025-02-03T20:30:00+00:00
0.474000, 11.91, 1.04, 2025-02-03T20:30:00+00:00, 2025-02-03T21:00:00+00:00
0.619000, 15.01, 1.04, 2025-02-03T21:00:00+00:00, 2025-02-03T21:30:00+00:00
0.315000, 7.42, 1.04, 2025-02-03T21:30:00+00:00, 2025-02-03T22:00:00+00:00
0.383000, 8.87, 1.04, 2025-02-03T22:00:00+00:00, 2025-02-03T22:30:00+00:00
0.227000, 4.71, 1.04, 2025-02-03T22:30:00+00:00, 2025-02-03T23:00:00+00:00
0.253000, 5.58, 1.04, 2025-02-03T23:00:00+00:00, 2025-02-03T23:30:00+00:00
0.223000, 4.18, 1.04, 2025-02-03T23:30:00+00:00, 2025-02-04T00:00:00+00:00
1.285000, 26.07, 1.04, 2025-02-04T00:00:00+00:00, 2025-02-04T00:30:00+00:00
1.291000, 29.35, 1.04, 2025-02-04T00:30:00+00:00, 2025-02-04T01:00:00+00:00
1.297000, 28.6, 1.04, 2025-02-04T01:00:00+00:00, 2025-02-04T01:30:00+00:00
1.299000, 25.78, 1.04, 2025-02-04T01:30:00+00:00, 2025-02-04T02:00:00+00:00
1.262000, 25.22, 1.04, 2025-02-04T02:00:00+00:00, 2025-02-04T02:30:00+00:00
1.285000, 24.1, 1.04, 2025-02-04T02:30:00+00:00, 2025-02-04T03:00:00+00:00
1.301000, 25.75, 1.04, 2025-02-04T03:00:00+00:00, 2025-02-04T03:30:00+00:00
1.285000, 24.25, 1.04, 2025-02-04T03:30:00+00:00, 2025-02-04T04:00:00+00:00
1.108000, 19.87, 1.04, 2025-02-04T04:00:00+00:00, 2025-02-04T04:30:00+00:00
0.300000, 4.96, 1.04, 2025-02-04T04:30:00+00:00, 2025-02-04T05:00:00+00:00
0.244000, 4.79, 1.04, 2025-02-04T05:00:00+00:00, 2025-02-04T05:30:00+00:00
0.198000, 3.73, 1.04, 2025-02-04T05:30:00+00:00, 2025-02-04T06:00:00+00:00
0.194000, 4.19, 1.04, 2025-02-04T06:00:00+00:00, 2025-02-04T06:30:00+00:00
0.232000, 5.41, 1.04, 2025-02-04T06:30:00+00:00, 2025-02-04T07:00:00+00:00
0.252000, 7.19, 1.04, 2025-02-04T07:00:00+00:00, 2025-02-04T07:30:00+00:00
0.300000, 9.46, 1.04, 2025-02-04T07:30:00+00:00, 2025-02-04T08:00:00+00:00
0.018000, 0.5, 1.04, 2025-02-04T08:00:00+00:00, 2025-02-04T08:30:00+00:00
0.003000, 0.09, 1.04, 2025-02-04T08:30:00+00:00, 2025-02-04T09:00:00+00:00
0.002000, 0.05, 1.04, 2025-02-04T09:00:00+00:00, 2025-02-04T09:30:00+00:00
0.004000, 0.1, 1.04, 2025-02-04T09:30:00+00:00, 2025-02-04T10:00:00+00:00
0.002000, 0.05, 1.04, 2025-02-04T10:00:00+00:00, 2025-02-04T10:30:00+00:00
0.002000, 0.05, 1.04, 2025-02-04T10:30:00+00:00, 2025-02-04T11:00:00+00:00
0.002000, 0.05, 1.04, 2025-02-04T11:00:00+00:00, 2025-02-04T11:30:00+00:00
0.002000, 0.05, 1.04, 2025-02-04T11:30:00+00:00, 2025-02-04T12:00:00+00:00
0.007000, 0.16, 1.04, 2025-02-04T12:00:00+00:00, 2025-02-04T12:30:00+00:00
0.002000, 0.05, 1.04, 2025-02-04T12:30:00+00:00, 2025-02-04T13:00:00+00:00
0.001000, 0.02, 1.04, 2025-02-04T13:00:00+00:00, 2025-02-04T13:30:00+00:00
0.002000, 0.05, 1.04, 2025-02-04T13:30:00+00:00, 2025-02-04T14:00:00+00:00
0.001000, 0.02, 1.04, 2025-02-04T14:00:00+00:00, 2025-02-04T14:30:00+00:00
0.003000, 0.07, 1.04, 2025-02-04T14:30:00+00:00, 2025-02-04T15:00:00+00:00
0.002000, 0.05, 1.04, 2025-02-04T15:00:00+00:00, 2025-02-04T15:30:00+00:00
0.002000, 0.05, 1.04, 2025-02-04T15:30:00+00:00, 2025-02-04T16:00:00+00:00
0.002000, 0.07, 1.04, 2025-02-04T16:00:00+00:00, 2025-02-04T16:30:00+00:00
0.029000, 1.17, 1.04, 2025-02-04T16:30:00+00:00, 2025-02-04T17:00:00+00:00
0.004000, 0.17, 1.04, 2025-02-04T17:00:00+00:00, 2025-02-04T17:30:00+00:00
0.179000, 7.98, 1.04, 2025-02-04T17:30:00+00:00, 2025-02-04T18:00:00+00:00
0.044000, 1.89, 1.04, 2025-02-04T18:00:00+00:00, 2025-02-04T18:30:00+00:00
0.199000, 8.04, 1.04, 2025-02-04T18:30:00+00:00, 2025-02-04T19:00:00+00:00
0.466000, 13.53, 1.04, 2025-02-04T19:00:00+00:00, 2025-02-04T19:30:00+00:00
0.406000, 10.74, 1.04, 2025-02-04T19:30:00+00:00, 2025-02-04T20:00:00+00:00
0.393000, 9.5, 1.04, 2025-02-04T20:00:00+00:00, 2025-02-04T20:30:00+00:00
0.458000, 11.31, 1.04, 2025-02-04T20:30:00+00:00, 2025-02-04T21:00:00+00:00
0.553000, 13.9, 1.04, 2025-02-04T21:00:00+00:00, 2025-02-04T21:30:00+00:00
0.501000, 12.15, 1.04, 2025-02-04T21:30:00+00:00, 2025-02-04T22:00:00+00:00
0.406000, 9.76, 1.04, 2025-02-04T22:00:00+00:00, 2025-02-04T22:30:00+00:00
0.330000, 6.99, 1.04, 2025-02-04T22:30:00+00:00, 2025-02-04T23:00:00+00:00
0.282000, 6.04, 1.04, 2025-02-04T23:00:00+00:00, 2025-02-04T23:30:00+00:00
0.214000, 4.25, 1.04, 2025-02-04T23:30:00+00:00, 2025-02-05T00:00:00+00:00
1.291000, 25.62, 1.04, 2025-02-05T00:00:00+00:00, 2025-02-05T00:30:00+00:00
1.395000, 29.75, 1.04, 2025-02-05T00:30:00+00:00, 2025-02-05T01:00:00+00:00
1.322000, 26.37, 1.04, 2025-02-05T01:00:00+00:00, 2025-02-05T01:30:00+00:00
1.307000, 26.07, 1.04, 2025-02-05T01:30:00+00:00, 2025-02-05T02:00:00+00:00
1.278000, 25.5, 1.04, 2025-02-05T02:00:00+00:00, 2025-02-05T02:30:00+00:00
1.261000, 25.16, 1.04, 2025-02-05T02:30:00+00:00, 2025-02-05T03:00:00+00:00
1.311000, 26.42, 1.04, 2025-02-05T03:00:00+00:00, 2025-02-05T03:30:00+00:00
1.271000, 25.69, 1.04, 2025-02-05T03:30:00+00:00, 2025-02-05T04:00:00+00:00
1.125000, 24.55, 1.04, 2025-02-05T04:00:00+00:00, 2025-02-05T04:30:00+00:00
0.303000, 6.72, 1.04, 2025-02-05T04:30:00+00:00, 2025-02-05T05:00:00+00:00
0.205000, 5.03, 1.04, 2025-02-05T05:00:00+00:00, 2025-02-05T05:30:00+00:00
0.210000, 5.1, 1.04, 2025-02-05T05:30:00+00:00, 2025-02-05T06:00:00+00:00
0.185000, 5.02, 1.04, 2025-02-05T06:00:00+00:00, 2025-02-05T06:30:00+00:00
0.227000, 6.21, 1.04, 2025-02-05T06:30:00+00:00, 2025-02-05T07:00:00+00:00
0.243000, 7.49, 1.04, 2025-02-05T07:00:00+00:00, 2025-02-05T07:30:00+00:00
0.275000, 9.41, 1.04, 2025-02-05T07:30:00+00:00, 2025-02-05T08:00:00+00:00
0.035000, 1, 1.04, 2025-02-05T08:00:00+00:00, 2025-02-05T08:30:00+00:00
0.003000, 0.09, 1.04, 2025-02-05T08:30:00+00:00, 2025-02-05T09:00:00+00:00
0.002000, 0.05, 1.04, 2025-02-05T09:00:00+00:00, 2025-02-05T09:30:00+00:00
0.004000, 0.1, 1.04, 2025-02-05T09:30:00+00:00, 2025-02-05T10:00:00+00:00
0.003000, 0.07, 1.04, 2025-02-05T10:00:00+00:00, 2025-02-05T10:30:00+00:00
0.003000, 0.07, 1.04, 2025-02-05T10:30:00+00:00, 2025-02-05T11:00:00+00:00
0.002000, 0.05, 1.04, 2025-02-05T11:00:00+00:00, 2025-02-05T11:30:00+00:00
0.002000, 0.04, 1.04, 2025-02-05T11:30:00+00:00, 2025-02-05T12:00:00+00:00
0.002000, 0.04, 1.04, 2025-02-05T12:00:00+00:00, 2025-02-05T12:30:00+00:00
0.003000, 0.07, 1.04, 2025-02-05T12:30:00+00:00, 2025-02-05T13:00:00+00:00
0.003000, 0.07, 1.04, 2025-02-05T13:00:00+00:00, 2025-02-05T13:30:00+00:00
0.002000, 0.04, 1.04, 2025-02-05T13:30:00+00:00, 2025-02-05T14:00:00+00:00
0.002000, 0.05, 1.04, 2025-02-05T14:00:00+00:00, 2025-02-05T14:30:00+00:00
0.003000, 0.08, 1.04, 2025-02-05T14:30:00+00:00, 2025-02-05T15:00:00+00:00
0.004000, 0.11, 1.04, 2025-02-05T15:00:00+00:00, 2025-02-05T15:30:00+00:00
0.021000, 0.59, 1.04, 2025-02-05T15:30:00+00:00, 2025-02-05T16:00:00+00:00
0.002000, 0.08, 1.04, 2025-02-05T16:00:00+00:00, 2025-02-05T16:30:00+00:00
0.003000, 0.14, 1.04, 2025-02-05T16:30:00+00:00, 2025-02-05T17:00:00+00:00
0.003000, 0.14, 1.04, 2025-02-05T17:00:00+00:00, 2025-02-05T17:30:00+00:00
0.019000, 0.92, 1.04, 2025-02-05T17:30:00+00:00, 2025-02-05T18:00:00+00:00
0.150000, 7.11, 1.04, 2025-02-05T18:00:00+00:00, 2025-02-05T18:30:00+00:00
0.002000, 0.09, 1.04, 2025-02-05T18:30:00+00:00, 2025-02-05T19:00:00+00:00
0.004000, 0.14, 1.04, 2025-02-05T19:00:00+00:00, 2025-02-05T19:30:00+00:00
0.213000, 6.61, 1.04, 2025-02-05T19:30:00+00:00, 2025-02-05T20:00:00+00:00
0.023000, 0.75, 1.04, 2025-02-05T20:00:00+00:00, 2025-02-05T20:30:00+00:00
0.441000, 12.84, 1.04, 2025-02-05T20:30:00+00:00, 2025-02-05T21:00:00+00:00
0.380000, 10.14, 1.04, 2025-02-05T21:00:00+00:00, 2025-02-05T21:30:00+00:00
0.399000, 10.47, 1.04, 2025-02-05T21:30:00+00:00, 2025-02-05T22:00:00+00:00
0.363000, 9.12, 1.04, 2025-02-05T22:00:00+00:00, 2025-02-05T22:30:00+00:00
0.270000, 6.31, 1.04, 2025-02-05T22:30:00+00:00, 2025-02-05T23:00:00+00:00
0.225000, 5.66, 1.04, 2025-02-05T23:00:00+00:00, 2025-02-05T23:30:00+00:00
0.230000, 5.56, 1.04, 2025-02-05T23:30:00+00:00, 2025-02-06T00:00:00+00:00
1.280000, 30.76, 1.04, 2025-02-06T00:00:00+00:00, 2025-02-06T00:30:00+00:00
1.274000, 33.92, 1.04, 2025-02-06T00:30:00+00:00, 2025-02-06T01:00:00+00:00
1.333000, 32.33, 1.04, 2025-02-06T01:00:00+00:00, 2025-02-06T01:30:00+00:00
1.356000, 30.61, 1.04, 2025-02-06T01:30:00+00:00, 2025-02-06T02:00:00+00:00
1.317000, 31.87, 1.04, 2025-02-06T02:00:00+00:00, 2025-02-06T02:30:00+00:00
1.303000, 30.17, 1.04, 2025-02-06T02:30:00+00:00, 2025-02-06T03:00:00+00:00
1.280000, 30.66, 1.04, 2025-02-06T03:00:00+00:00, 2025-02-06T03:30:00+00:00
1.303000, 29.81, 1.04, 2025-02-06T03:30:00+00:00, 2025-02-06T04:00:00+00:00
1.130000, 26.91, 1.04, 2025-02-06T04:00:00+00:00, 2025-02-06T04:30:00+00:00
0.283000, 6.42, 1.04, 2025-02-06T04:30:00+00:00, 2025-02-06T05:00:00+00:00
0.221000, 5.31, 1.04, 2025-02-06T05:00:00+00:00, 2025-02-06T05:30:00+00:00
0.212000, 4.86, 1.04, 2025-02-06T05:30:00+00:00, 2025-02-06T06:00:00+00:00
0.204000, 6.01, 1.04, 2025-02-06T06:00:00+00:00, 2025-02-06T06:30:00+00:00
0.210000, 6.71, 1.04, 2025-02-06T06:30:00+00:00, 2025-02-06T07:00:00+00:00
0.219000, 7.82, 1.04, 2025-02-06T07:00:00+00:00, 2025-02-06T07:30:00+00:00
0.317000, 12.23, 1.04, 2025-02-06T07:30:00+00:00, 2025-02-06T08:00:00+00:00
0.012000, 0.41, 1.04, 2025-02-06T08:00:00+00:00, 2025-02-06T08:30:00+00:00
0.009000, 0.31, 1.04, 2025-02-06T08:30:00+00:00, 2025-02-06T09:00:00+00:00
0.003000, 0.09, 1.04, 2025-02-06T09:00:00+00:00, 2025-02-06T09:30:00+00:00
0.010000, 0.26, 1.04, 2025-02-06T09:30:00+00:00, 2025-02-06T10:00:00+00:00
0.048000, 1.24, 1.04, 2025-02-06T10:00:00+00:00, 2025-02-06T10:30:00+00:00
0.003000, 0.07, 1.04, 2025-02-06T10:30:00+00:00, 2025-02-06T11:00:00+00:00
0.014000, 0.36, 1.04, 2025-02-06T11:00:00+00:00, 2025-02-06T11:30:00+00:00
0.021000, 0.5, 1.04, 2025-02-06T11:30:00+00:00, 2025-02-06T12:00:00+00:00
0.005000, 0.12, 1.04, 2025-02-06T12:00:00+00:00, 2025-02-06T12:30:00+00:00
0.005000, 0.12, 1.04, 2025-02-06T12:30:00+00:00, 2025-02-06T13:00:00+00:00
0.004000, 0.09, 1.04, 2025-02-06T13:00:00+00:00, 2025-02-06T13:30:00+00:00
0.002000, 0.04, 1.04, 2025-02-06T13:30:00+00:00, 2025-02-06T14:00:00+00:00
0.003000, 0.07, 1.04, 2025-02-06T14:00:00+00:00, 2025-02-06T14:30:00+00:00
0.003000, 0.07, 1.04, 2025-02-06T14:30:00+00:00, 2025-02-06T15:00:00+00:00
0.001000, 0.02, 1.04, 2025-02-06T15:00:00+00:00, 2025-02-06T15:30:00+00:00
0.004000, 0.1, 1.04, 2025-02-06T15:30:00+00:00, 2025-02-06T16:00:00+00:00
0.002000, 0.08, 1.04, 2025-02-06T16:00:00+00:00, 2025-02-06T16:30:00+00:00
0.002000, 0.09, 1.04, 2025-02-06T16:30:00+00:00, 2025-02-06T17:00:00+00:00
0.003000, 0.14, 1.04, 2025-02-06T17:00:00+00:00, 2025-02-06T17:30:00+00:00
0.002000, 0.09, 1.04, 2025-02-06T17:30:00+00:00, 2025-02-06T18:00:00+00:00
0.001000, 0.04, 1.04, 2025-02-06T18:00:00+00:00, 2025-02-06T18:30:00+00:00
0.003000, 0.13, 1.04, 2025-02-06T18:30:00+00:00, 2025-02-06T19:00:00+00:00
0.004000, 0.11, 1.04, 2025-02-06T19:00:00+00:00, 2025-02-06T19:30:00+00:00
0.008000, 0.19, 1.04, 2025-02-06T19:30:00+00:00, 2025-02-06T20:00:00+00:00
0.020000, 0.51, 1.04, 2025-02-06T20:00:00+00:00, 2025-02-06T20:30:00+00:00
0.003000, 0.08, 1.04, 2025-02-06T20:30:00+00:00, 2025-02-06T21:00:00+00:00
0.003000, 0.08, 1.04, 2025-02-06T21:00:00+00:00, 2025-02-06T21:30:00+00:00
0.351000, 8.82, 1.04, 2025-02-06T21:30:00+00:00, 2025-02-06T22:00:00+00:00
0.341000, 8.12, 1.04, 2025-02-06T22:00:00+00:00, 2025-02-06T22:30:00+00:00
0.276000, 6.24, 1.04, 2025-02-06T22:30:00+00:00, 2025-02-06T23:00:00+00:00
0.245000, 5.94, 1.04, 2025-02-06T23:00:00+00:00, 2025-02-06T23:30:00+00:00
0.223000, 5.36, 1.04, 2025-02-06T23:30:00+00:00, 2025-02-07T00:00:00+00:00
1.275000, 30.5, 1.04, 2025-02-07T00:00:00+00:00, 2025-02-07T00:30:00+00:00
1.306000, 34.56, 1.04, 2025-02-07T00:30:00+00:00, 2025-02-07T01:00:00+00:00
1.296000, 32.62, 1.04, 2025-02-07T01:00:00+00:00, 2025-02-07T01:30:00+00:00
1.283000, 29.93, 1.04, 2025-02-07T01:30:00+00:00, 2025-02-07T02:00:00+00:00
1.283000, 30.55, 1.04, 2025-02-07T02:00:00+00:00, 2025-02-07T02:30:00+00:00
1.285000, 29.71, 1.04, 2025-02-07T02:30:00+00:00, 2025-02-07T03:00:00+00:00
1.255000, 28.77, 1.04, 2025-02-07T03:00:00+00:00, 2025-02-07T03:30:00+00:00
1.294000, 27.39, 1.04, 2025-02-07T03:30:00+00:00, 2025-02-07T04:00:00+00:00
1.135000, 26.28, 1.04, 2025-02-07T04:00:00+00:00, 2025-02-07T04:30:00+00:00
0.315000, 6.53, 1.04, 2025-02-07T04:30:00+00:00, 2025-02-07T05:00:00+00:00
0.251000, 5.53, 1.04, 2025-02-07T05:00:00+00:00, 2025-02-07T05:30:00+00:00
0.265000, 5.61, 1.04, 2025-02-07T05:30:00+00:00, 2025-02-07T06:00:00+00:00
0.248000, 6.51, 1.04, 2025-02-07T06:00:00+00:00, 2025-02-07T06:30:00+00:00
0.251000, 6.14, 1.04, 2025-02-07T06:30:00+00:00, 2025-02-07T07:00:00+00:00
0.220000, 6.21, 1.04, 2025-02-07T07:00:00+00:00, 2025-02-07T07:30:00+00:00
0.236000, 7.55, 1.04, 2025-02-07T07:30:00+00:00, 2025-02-07T08:00:00+00:00
0.025000, 0.68, 1.04, 2025-02-07T08:00:00+00:00, 2025-02-07T08:30:00+00:00
0.003000, 0.08, 1.04, 2025-02-07T08:30:00+00:00, 2025-02-07T09:00:00+00:00
0.007000, 0.19, 1.04, 2025-02-07T09:00:00+00:00, 2025-02-07T09:30:00+00:00
0.002000, 0.05, 1.04, 2025-02-07T09:30:00+00:00, 2025-02-07T10:00:00+00:00
0.003000, 0.08, 1.04, 2025-02-07T10:00:00+00:00, 2025-02-07T10:30:00+00:00
0.002000, 0.05, 1.04, 2025-02-07T10:30:00+00:00, 2025-02-07T11:00:00+00:00
0.002000, 0.05, 1.04, 2025-02-07T11:00:00+00:00, 2025-02-07T11:30:00+00:00
0.001000, 0.02, 1.04, 2025-02-07T11:30:00+00:00, 2025-02-07T12:00:00+00:00
0.002000, 0.05, 1.04, 2025-02-07T12:00:00+00:00, 2025-02-07T12:30:00+00:00
0.006000, 0.14, 1.04, 2025-02-07T12:30:00+00:00, 2025-02-07T13:00:00+00:00
0.004000, 0.09, 1.04, 2025-02-07T13:00:00+00:00, 2025-02-07T13:30:00+00:00
0.003000, 0.07, 1.04, 2025-02-07T13:30:00+00:00, 2025-02-07T14:00:00+00:00
0.007000, 0.16, 1.04, 2025-02-07T14:00:00+00:00, 2025-02-07T14:30:00+00:00
0.018000, 0.41, 1.04, 2025-02-07T14:30:00+00:00, 2025-02-07T15:00:00+00:00
0.002000, 0.05, 1.04, 2025-02-07T15:00:00+00:00, 2025-02-07T15:30:00+00:00
0.002000, 0.05, 1.04, 2025-02-07T15:30:00+00:00, 2025-02-07T16:00:00+00:00
0.003000, 0.11, 1.04, 2025-02-07T16:00:00+00:00, 2025-02-07T16:30:00+00:00
0.003000, 0.12, 1.04, 2025-02-07T16:30:00+00:00, 2025-02-07T17:00:00+00:00
0.002000, 0.08, 1.04, 2025-02-07T17:00:00+00:00, 2025-02-07T17:30:00+00:00
0.022000, 0.92, 1.04, 2025-02-07T17:30:00+00:00, 2025-02-07T18:00:00+00:00
0.011000, 0.46, 1.04, 2025-02-07T18:00:00+00:00, 2025-02-07T18:30:00+00:00
0.002000, 0.08, 1.04, 2025-02-07T18:30:00+00:00, 2025-02-07T19:00:00+00:00
0.003000, 0.08, 1.04, 2025-02-07T19:00:00+00:00, 2025-02-07T19:30:00+00:00
0.002000, 0.05, 1.04, 2025-02-07T19:30:00+00:00, 2025-02-07T20:00:00+00:00
0.001000, 0.03, 1.04, 2025-02-07T20:00:00+00:00, 2025-02-07T20:30:00+00:00
0.003000, 0.07, 1.04, 2025-02-07T20:30:00+00:00, 2025-02-07T21:00:00+00:00
0.002000, 0.05, 1.04, 2025-02-07T21:00:00+00:00, 2025-02-07T21:30:00+00:00
0.002000, 0.05, 1.04, 2025-02-07T21:30:00+00:00, 2025-02-07T22:00:00+00:00
0.063000, 1.57, 1.04, 2025-02-07T22:00:00+00:00, 2025-02-07T22:30:00+00:00
0.438000, 9.37, 1.04, 2025-02-07T22:30:00+00:00, 2025-02-07T23:00:00+00:00
0.268000, 6.62, 1.04, 2025-02-07T23:00:00+00:00, 2025-02-07T23:30:00+00:00
0.236000, 4.68, 1.04, 2025-02-07T23:30:00+00:00, 2025-02-08T00:00:00+00:00
1.294000, 25.95, 1.04, 2025-02-08T00:00:00+00:00, 2025-02-08T00:30:00+00:00
1.280000, 30.48, 1.04, 2025-02-08T00:30:00+00:00, 2025-02-08T01:00:00+00:00
1.256000, 27.01, 1.04, 2025-02-08T01:00:00+00:00, 2025-02-08T01:30:00+00:00
1.302000, 26.99, 1.04, 2025-02-08T01:30:00+00:00, 2025-02-08T02:00:00+00:00
1.384000, 29.69, 1.04, 2025-02-08T02:00:00+00:00, 2025-02-08T02:30:00+00:00
1.301000, 28.11, 1.04, 2025-02-08T02:30:00+00:00, 2025-02-08T03:00:00+00:00
1.300000, 28.38, 1.04, 2025-02-08T03:00:00+00:00, 2025-02-08T03:30:00+00:00
1.286000, 27.22, 1.04, 2025-02-08T03:30:00+00:00, 2025-02-08T04:00:00+00:00
1.170000, 25.48, 1.04, 2025-02-08T04:00:00+00:00, 2025-02-08T04:30:00+00:00
0.300000, 6.35, 1.04, 2025-02-08T04:30:00+00:00, 2025-02-08T05:00:00+00:00
0.213000, 4.56, 1.04, 2025-02-08T05:00:00+00:00, 2025-02-08T05:30:00+00:00
0.206000, 4.35, 1.04, 2025-02-08T05:30:00+00:00, 2025-02-08T06:00:00+00:00
0.203000, 4.86, 1.04, 2025-02-08T06:00:00+00:00, 2025-02-08T06:30:00+00:00
0.217000, 5.26, 1.04, 2025-02-08T06:30:00+00:00, 2025-02-08T07:00:00+00:00
0.222000, 5.25, 1.04, 2025-02-08T07:00:00+00:00, 2025-02-08T07:30:00+00:00
0.255000, 6.51, 1.04, 2025-02-08T07:30:00+00:00, 2025-02-08T08:00:00+00:00
0.009000, 0.22, 1.04, 2025-02-08T08:00:00+00:00, 2025-02-08T08:30:00+00:00
0.037000, 0.93, 1.04, 2025-02-08T08:30:00+00:00, 2025-02-08T09:00:00+00:00
0.029000, 0.77, 1.04, 2025-02-08T09:00:00+00:00, 2025-02-08T09:30:00+00:00
0.027000, 0.67, 1.04, 2025-02-08T09:30:00+00:00, 2025-02-08T10:00:00+00:00
0.004000, 0.11, 1.04, 2025-02-08T10:00:00+00:00, 2025-02-08T10:30:00+00:00
0.002000, 0.06, 1.04, 2025-02-08T10:30:00+00:00, 2025-02-08T11:00:00+00:00
0.003000, 0.09, 1.04, 2025-02-08T11:00:00+00:00, 2025-02-08T11:30:00+00:00
0.002000, 0.05, 1.04, 2025-02-08T11:30:00+00:00, 2025-02-08T12:00:00+00:00
0.012000, 0.33, 1.04, 2025-02-08T12:00:00+00:00, 2025-02-08T12:30:00+00:00
0.002000, 0.06, 1.04, 2025-02-08T12:30:00+00:00, 2025-02-08T13:00:00+00:00
0.003000, 0.09, 1.04, 2025-02-08T13:00:00+00:00, 2025-02-08T13:30:00+00:00
0.000000, 0, 1.04, 2025-02-08T13:30:00+00:00, 2025-02-08T14:00:00+00:00
0.002000, 0.05, 1.04, 2025-02-08T14:00:00+00:00, 2025-02-08T14:30:00+00:00
0.002000, 0.05, 1.04, 2025-02-08T14:30:00+00:00, 2025-02-08T15:00:00+00:00
0.002000, 0.05, 1.04, 2025-02-08T15:00:00+00:00, 2025-02-08T15:30:00+00:00
0.002000, 0.05, 1.04, 2025-02-08T15:30:00+00:00, 2025-02-08T16:00:00+00:00
0.062000, 2.44, 1.04, 2025-02-08T16:00:00+00:00, 2025-02-08T16:30:00+00:00
0.112000, 4.97, 1.04, 2025-02-08T16:30:00+00:00, 2025-02-08T17:00:00+00:00
0.009000, 0.39, 1.04, 2025-02-08T17:00:00+00:00, 2025-02-08T17:30:00+00:00
0.592000, 27.48, 1.04, 2025-02-08T17:30:00+00:00, 2025-02-08T18:00:00+00:00
0.563000, 25.3, 1.04, 2025-02-08T18:00:00+00:00, 2025-02-08T18:30:00+00:00
0.595000, 25.88, 1.04, 2025-02-08T18:30:00+00:00, 2025-02-08T19:00:00+00:00
0.413000, 13.66, 1.04, 2025-02-08T19:00:00+00:00, 2025-02-08T19:30:00+00:00
0.427000, 12.13, 1.04, 2025-02-08T19:30:00+00:00, 2025-02-08T20:00:00+00:00
1.540000, 43.69, 1.04, 2025-02-08T20:00:00+00:00, 2025-02-08T20:30:00+00:00
0.374000, 8.74, 1.04, 2025-02-08T20:30:00+00:00, 2025-02-08T21:00:00+00:00
0.365000, 10.06, 1.04, 2025-02-08T21:00:00+00:00, 2025-02-08T21:30:00+00:00
0.457000, 11.47, 1.04, 2025-02-08T21:30:00+00:00, 2025-02-08T22:00:00+00:00
0.453000, 11.99, 1.04, 2025-02-08T22:00:00+00:00, 2025-02-08T22:30:00+00:00
0.369000, 8.38, 1.04, 2025-02-08T22:30:00+00:00, 2025-02-08T23:00:00+00:00
0.162000, 4.43, 1.04, 2025-02-08T23:00:00+00:00, 2025-02-08T23:30:00+00:00
0.143000, 3.55, 1.04, 2025-02-08T23:30:00+00:00, 2025-02-09T00:00:00+00:00
1.218000, 27.39, 1.04, 2025-02-09T00:00:00+00:00, 2025-02-09T00:30:00+00:00
1.215000, 35.04, 1.04, 2025-02-09T00:30:00+00:00, 2025-02-09T01:00:00+00:00
1.200000, 31.29, 1.04, 2025-02-09T01:00:00+00:00, 2025-02-09T01:30:00+00:00
1.204000, 30.26, 1.04, 2025-02-09T01:30:00+00:00, 2025-02-09T02:00:00+00:00
1.198000, 31.7, 1.04, 2025-02-09T02:00:00+00:00, 2025-02-09T02:30:00+00:00
1.225000, 27.55, 1.04, 2025-02-09T02:30:00+00:00, 2025-02-09T03:00:00+00:00
1.301000, 32.31, 1.04, 2025-02-09T03:00:00+00:00, 2025-02-09T03:30:00+00:00
1.230000, 27.66, 1.04, 2025-02-09T03:30:00+00:00, 2025-02-09T04:00:00+00:00
1.162000, 27.14, 1.04, 2025-02-09T04:00:00+00:00, 2025-02-09T04:30:00+00:00
0.334000, 7.51, 1.04, 2025-02-09T04:30:00+00:00, 2025-02-09T05:00:00+00:00
0.218000, 5.18, 1.04, 2025-02-09T05:00:00+00:00, 2025-02-09T05:30:00+00:00
0.217000, 4.99, 1.04, 2025-02-09T05:30:00+00:00, 2025-02-09T06:00:00+00:00
0.202000, 5.07, 1.04, 2025-02-09T06:00:00+00:00, 2025-02-09T06:30:00+00:00
0.209000, 5.53, 1.04, 2025-02-09T06:30:00+00:00, 2025-02-09T07:00:00+00:00
0.242000, 5.8, 1.04, 2025-02-09T07:00:00+00:00, 2025-02-09T07:30:00+00:00
0.209000, 5.5, 1.04, 2025-02-09T07:30:00+00:00, 2025-02-09T08:00:00+00:00
0.010000, 0.22, 1.04, 2025-02-09T08:00:00+00:00, 2025-02-09T08:30:00+00:00
0.003000, 0.07, 1.04, 2025-02-09T08:30:00+00:00, 2025-02-09T09:00:00+00:00
0.012000, 0.29, 1.04, 2025-02-09T09:00:00+00:00, 2025-02-09T09:30:00+00:00
0.010000, 0.26, 1.04, 2025-02-09T09:30:00+00:00, 2025-02-09T10:00:00+00:00
0.200000, 5.04, 1.04, 2025-02-09T10:00:00+00:00, 2025-02-09T10:30:00+00:00
0.002000, 0.05, 1.04, 2025-02-09T10:30:00+00:00, 2025-02-09T11:00:00+00:00
0.013000, 0.36, 1.04, 2025-02-09T11:00:00+00:00, 2025-02-09T11:30:00+00:00
0.015000, 0.42, 1.04, 2025-02-09T11:30:00+00:00, 2025-02-09T12:00:00+00:00
0.004000, 0.11, 1.04, 2025-02-09T12:00:00+00:00, 2025-02-09T12:30:00+00:00
0.014000, 0.39, 1.04, 2025-02-09T12:30:00+00:00, 2025-02-09T13:00:00+00:00
0.004000, 0.11, 1.04, 2025-02-09T13:00:00+00:00, 2025-02-09T13:30:00+00:00
0.002000, 0.05, 1.04, 2025-02-09T13:30:00+00:00, 2025-02-09T14:00:00+00:00
0.004000, 0.1, 1.04, 2025-02-09T14:00:00+00:00, 2025-02-09T14:30:00+00:00
0.002000, 0.05, 1.04, 2025-02-09T14:30:00+00:00, 2025-02-09T15:00:00+00:00
0.027000, 0.72, 1.04, 2025-02-09T15:00:00+00:00, 2025-02-09T15:30:00+00:00
0.016000, 0.41, 1.04, 2025-02-09T15:30:00+00:00, 2025-02-09T16:00:00+00:00
0.136000, 5.72, 1.04, 2025-02-09T16:00:00+00:00, 2025-02-09T16:30:00+00:00
0.293000, 12.5, 1.04, 2025-02-09T16:30:00+00:00, 2025-02-09T17:00:00+00:00
0.870000, 37.27, 1.04, 2025-02-09T17:00:00+00:00, 2025-02-09T17:30:00+00:00
0.609000, 26.63, 1.04, 2025-02-09T17:30:00+00:00, 2025-02-09T18:00:00+00:00
0.479000, 21.94, 1.04, 2025-02-09T18:00:00+00:00, 2025-02-09T18:30:00+00:00
0.318000, 13.4, 1.04, 2025-02-09T18:30:00+00:00, 2025-02-09T19:00:00+00:00
0.996000, 30.97, 1.04, 2025-02-09T19:00:00+00:00, 2025-02-09T19:30:00+00:00
0.847000, 23.21, 1.04, 2025-02-09T19:30:00+00:00, 2025-02-09T20:00:00+00:00
0.443000, 11.91, 1.04, 2025-02-09T20:00:00+00:00, 2025-02-09T20:30:00+00:00
0.902000, 21.4, 1.04, 2025-02-09T20:30:00+00:00, 2025-02-09T21:00:00+00:00
0.428000, 10.92, 1.04, 2025-02-09T21:00:00+00:00, 2025-02-09T21:30:00+00:00
0.436000, 11, 1.04, 2025-02-09T21:30:00+00:00, 2025-02-09T22:00:00+00:00
0.445000, 12.95, 1.04, 2025-02-09T22:00:00+00:00, 2025-02-09T22:30:00+00:00
0.275000, 6.37, 1.04, 2025-02-09T22:30:00+00:00, 2025-02-09T23:00:00+00:00
0.198000, 4.72, 1.04, 2025-02-09T23:00:00+00:00, 2025-02-09T23:30:00+00:00
0.188000, 4.15, 1.04, 2025-02-09T23:30:00+00:00, 2025-02-10T00:00:00+00:00
1.301000, 28.69, 1.04, 2025-02-10T00:00:00+00:00, 2025-02-10T00:30:00+00:00
1.291000, 32.02, 1.04, 2025-02-10T00:30:00+00:00, 2025-02-10T01:00:00+00:00
1.261000, 30.59, 1.04, 2025-02-10T01:00:00+00:00, 2025-02-10T01:30:00+00:00
1.269000, 27.98, 1.04, 2025-02-10T01:30:00+00:00, 2025-02-10T02:00:00+00:00
1.278000, 28.74, 1.04, 2025-02-10T02:00:00+00:00, 2025-02-10T02:30:00+00:00
1.292000, 28.49, 1.04, 2025-02-10T02:30:00+00:00, 2025-02-10T03:00:00+00:00
1.245000, 27.45, 1.04, 2025-02-10T03:00:00+00:00, 2025-02-10T03:30:00+00:00
1.282000, 27.14, 1.04, 2025-02-10T03:30:00+00:00, 2025-02-10T04:00:00+00:00
1.145000, 25.85, 1.04, 2025-02-10T04:00:00+00:00, 2025-02-10T04:30:00+00:00
0.274000, 5.9, 1.04, 2025-02-10T04:30:00+00:00, 2025-02-10T05:00:00+00:00
0.202000, 5.06, 1.04, 2025-02-10T05:00:00+00:00, 2025-02-10T05:30:00+00:00
0.182000, 4.46, 1.04, 2025-02-10T05:30:00+00:00, 2025-02-10T06:00:00+00:00
0.206000, 5.29, 1.04, 2025-02-10T06:00:00+00:00, 2025-02-10T06:30:00+00:00
0.221000, 6.04, 1.04, 2025-02-10T06:30:00+00:00, 2025-02-10T07:00:00+00:00
0.205000, 5.65, 1.04, 2025-02-10T07:00:00+00:00, 2025-02-10T07:30:00+00:00
0.310000, 9.84, 1.04, 2025-02-10T07:30:00+00:00, 2025-02-10T08:00:00+00:00
0.013000, 0.38, 1.04, 2025-02-10T08:00:00+00:00, 2025-02-10T08:30:00+00:00
0.013000, 0.38, 1.04, 2025-02-10T08:30:00+00:00, 2025-02-10T09:00:00+00:00
0.001000, 0.03, 1.04, 2025-02-10T09:00:00+00:00, 2025-02-10T09:30:00+00:00
0.014000, 0.41, 1.04, 2025-02-10T09:30:00+00:00, 2025-02-10T10:00:00+00:00
0.017000, 0.47, 1.04, 2025-02-10T10:00:00+00:00, 2025-02-10T10:30:00+00:00
0.002000, 0.05, 1.04, 2025-02-10T10:30:00+00:00, 2025-02-10T11:00:00+00:00
0.002000, 0.05, 1.04, 2025-02-10T11:00:00+00:00, 2025-02-10T11:30:00+00:00
0.002000, 0.05, 1.04, 2025-02-10T11:30:00+00:00, 2025-02-10T12:00:00+00:00
0.003000, 0.08, 1.04, 2025-02-10T12:00:00+00:00, 2025-02-10T12:30:00+00:00
0.011000, 0.27, 1.04, 2025-02-10T12:30:00+00:00, 2025-02-10T13:00:00+00:00
0.002000, 0.05, 1.04, 2025-02-10T13:00:00+00:00, 2025-02-10T13:30:00+00:00
0.002000, 0.05, 1.04, 2025-02-10T13:30:00+00:00, 2025-02-10T14:00:00+00:00
0.002000, 0.05, 1.04, 2025-02-10T14:00:00+00:00, 2025-02-10T14:30:00+00:00
0.001000, 0.02, 1.04, 2025-02-10T14:30:00+00:00, 2025-02-10T15:00:00+00:00
0.003000, 0.07, 1.04, 2025-02-10T15:00:00+00:00, 2025-02-10T15:30:00+00:00
0.002000, 0.05, 1.04, 2025-02-10T15:30:00+00:00, 2025-02-10T16:00:00+00:00
0.002000, 0.07, 1.04, 2025-02-10T16:00:00+00:00, 2025-02-10T16:30:00+00:00
0.002000, 0.09, 1.04, 2025-02-10T16:30:00+00:00, 2025-02-10T17:00:00+00:00
0.004000, 0.17, 1.04, 2025-02-10T17:00:00+00:00, 2025-02-10T17:30:00+00:00
0.036000, 1.64, 1.04, 2025-02-10T17:30:00+00:00, 2025-02-10T18:00:00+00:00
0.027000, 1.29, 1.04, 2025-02-10T18:00:00+00:00, 2025-02-10T18:30:00+00:00
0.003000, 0.13, 1.04, 2025-02-10T18:30:00+00:00, 2025-02-10T19:00:00+00:00
0.003000, 0.09, 1.04, 2025-02-10T19:00:00+00:00, 2025-02-10T19:30:00+00:00
0.358000, 9.87, 1.04, 2025-02-10T19:30:00+00:00, 2025-02-10T20:00:00+00:00
0.975000, 26.87, 1.04, 2025-02-10T20:00:00+00:00, 2025-02-10T20:30:00+00:00
0.548000, 13.9, 1.04, 2025-02-10T20:30:00+00:00, 2025-02-10T21:00:00+00:00
0.390000, 11.17, 1.04, 2025-02-10T21:00:00+00:00, 2025-02-10T21:30:00+00:00
0.401000, 10.03, 1.04, 2025-02-10T21:30:00+00:00, 2025-02-10T22:00:00+00:00
0.325000, 8.03, 1.04, 2025-02-10T22:00:00+00:00, 2025-02-10T22:30:00+00:00
0.242000, 5.87, 1.04, 2025-02-10T22:30:00+00:00, 2025-02-10T23:00:00+00:00
0.219000, 5.68, 1.04, 2025-02-10T23:00:00+00:00, 2025-02-10T23:30:00+00:00
0.212000, 5.14, 1.04, 2025-02-10T23:30:00+00:00, 2025-02-11T00:00:00+00:00
1.296000, 31.43, 1.04, 2025-02-11T00:00:00+00:00, 2025-02-11T00:30:00+00:00
1.294000, 35.38, 1.04, 2025-02-11T00:30:00+00:00, 2025-02-11T01:00:00+00:00
1.299000, 32.99, 1.04, 2025-02-11T01:00:00+00:00, 2025-02-11T01:30:00+00:00
1.276000, 30.61, 1.04, 2025-02-11T01:30:00+00:00, 2025-02-11T02:00:00+00:00
1.294000, 31.6, 1.04, 2025-02-11T02:00:00+00:00, 2025-02-11T02:30:00+00:00
1.292000, 31.26, 1.04, 2025-02-11T02:30:00+00:00, 2025-02-11T03:00:00+00:00
1.287000, 31.43, 1.04, 2025-02-11T03:00:00+00:00, 2025-02-11T03:30:00+00:00
1.250000, 29.54, 1.04, 2025-02-11T03:30:00+00:00, 2025-02-11T04:00:00+00:00
1.140000, 25.89, 1.04, 2025-02-11T04:00:00+00:00, 2025-02-11T04:30:00+00:00
0.328000, 7.09, 1.04, 2025-02-11T04:30:00+00:00, 2025-02-11T05:00:00+00:00
0.195000, 4.51, 1.04, 2025-02-11T05:00:00+00:00, 2025-02-11T05:30:00+00:00
0.191000, 4.38, 1.04, 2025-02-11T05:30:00+00:00, 2025-02-11T06:00:00+00:00
0.194000, 5.16, 1.04, 2025-02-11T06:00:00+00:00, 2025-02-11T06:30:00+00:00
0.230000, 5.98, 1.04, 2025-02-11T06:30:00+00:00, 2025-02-11T07:00:00+00:00
0.221000, 5.77, 1.04, 2025-02-11T07:00:00+00:00, 2025-02-11T07:30:00+00:00
0.298000, 8.94, 1.04, 2025-02-11T07:30:00+00:00, 2025-02-11T08:00:00+00:00
0.012000, 0.33, 1.04, 2025-02-11T08:00:00+00:00, 2025-02-11T08:30:00+00:00
0.008000, 0.24, 1.04, 2025-02-11T08:30:00+00:00, 2025-02-11T09:00:00+00:00
0.007000, 0.21, 1.04, 2025-02-11T09:00:00+00:00, 2025-02-11T09:30:00+00:00
0.008000, 0.24, 1.04, 2025-02-11T09:30:00+00:00, 2025-02-11T10:00:00+00:00
0.016000, 0.46, 1.04, 2025-02-11T10:00:00+00:00, 2025-02-11T10:30:00+00:00
0.008000, 0.22, 1.04, 2025-02-11T10:30:00+00:00, 2025-02-11T11:00:00+00:00
0.010000, 0.26, 1.04, 2025-02-11T11:00:00+00:00, 2025-02-11T11:30:00+00:00
0.004000, 0.1, 1.04, 2025-02-11T11:30:00+00:00, 2025-02-11T12:00:00+00:00
0.054000, 1.37, 1.04, 2025-02-11T12:00:00+00:00, 2025-02-11T12:30:00+00:00
0.002000, 0.05, 1.04, 2025-02-11T12:30:00+00:00, 2025-02-11T13:00:00+00:00
0.002000, 0.05, 1.04, 2025-02-11T13:00:00+00:00, 2025-02-11T13:30:00+00:00
0.002000, 0.05, 1.04, 2025-02-11T13:30:00+00:00, 2025-02-11T14:00:00+00:00
0.002000, 0.06, 1.04, 2025-02-11T14:00:00+00:00, 2025-02-11T14:30:00+00:00
0.002000, 0.05, 1.04, 2025-02-11T14:30:00+00:00, 2025-02-11T15:00:00+00:00
0.001000, 0.03, 1.04, 2025-02-11T15:00:00+00:00, 2025-02-11T15:30:00+00:00
0.003000, 0.08, 1.04, 2025-02-11T15:30:00+00:00, 2025-02-11T16:00:00+00:00
0.002000, 0.08, 1.04, 2025-02-11T16:00:00+00:00, 2025-02-11T16:30:00+00:00
0.002000, 0.09, 1.04, 2025-02-11T16:30:00+00:00, 2025-02-11T17:00:00+00:00
0.030000, 1.31, 1.04, 2025-02-11T17:00:00+00:00, 2025-02-11T17:30:00+00:00
0.916000, 40.09, 1.04, 2025-02-11T17:30:00+00:00, 2025-02-11T18:00:00+00:00
0.764000, 36.71, 1.04, 2025-02-11T18:00:00+00:00, 2025-02-11T18:30:00+00:00
0.381000, 17.74, 1.04, 2025-02-11T18:30:00+00:00, 2025-02-11T19:00:00+00:00
0.447000, 12.81, 1.04, 2025-02-11T19:00:00+00:00, 2025-02-11T19:30:00+00:00
0.408000, 11.69, 1.04, 2025-02-11T19:30:00+00:00, 2025-02-11T20:00:00+00:00
1.031000, 28.54, 1.04, 2025-02-11T20:00:00+00:00, 2025-02-11T20:30:00+00:00
0.585000, 14.62, 1.04, 2025-02-11T20:30:00+00:00, 2025-02-11T21:00:00+00:00
0.724000, 21.39, 1.04, 2025-02-11T21:00:00+00:00, 2025-02-11T21:30:00+00:00
0.434000, 11.12, 1.04, 2025-02-11T21:30:00+00:00, 2025-02-11T22:00:00+00:00
0.323000, 8.19, 1.04, 2025-02-11T22:00:00+00:00, 2025-02-11T22:30:00+00:00
0.238000, 5.39, 1.04, 2025-02-11T22:30:00+00:00, 2025-02-11T23:00:00+00:00
0.218000, 5.53, 1.04, 2025-02-11T23:00:00+00:00, 2025-02-11T23:30:00+00:00
0.223000, 5.4, 1.04, 2025-02-11T23:30:00+00:00, 2025-02-12T00:00:00+00:00
1.278000, 30.43, 1.04, 2025-02-12T00:00:00+00:00, 2025-02-12T00:30:00+00:00
1.276000, 32.36, 1.04, 2025-02-12T00:30:00+00:00, 2025-02-12T01:00:00+00:00
1.301000, 32.99, 1.04, 2025-02-12T01:00:00+00:00, 2025-02-12T01:30:00+00:00
1.308000, 32.59, 1.04, 2025-02-12T01:30:00+00:00, 2025-02-12T02:00:00+00:00
1.264000, 32.05, 1.04, 2025-02-12T02:00:00+00:00, 2025-02-12T02:30:00+00:00
1.269000, 31.62, 1.04, 2025-02-12T02:30:00+00:00, 2025-02-12T03:00:00+00:00
1.313000, 33.02, 1.04, 2025-02-12T03:00:00+00:00, 2025-02-12T03:30:00+00:00
1.287000, 31.82, 1.04, 2025-02-12T03:30:00+00:00, 2025-02-12T04:00:00+00:00
1.101000, 27.92, 1.04, 2025-02-12T04:00:00+00:00, 2025-02-12T04:30:00+00:00
0.313000, 7.94, 1.04, 2025-02-12T04:30:00+00:00, 2025-02-12T05:00:00+00:00
0.212000, 6.15, 1.04, 2025-02-12T05:00:00+00:00, 2025-02-12T05:30:00+00:00
0.210000, 5.42, 1.04, 2025-02-12T05:30:00+00:00, 2025-02-12T06:00:00+00:00
0.173000, 4.89, 1.04, 2025-02-12T06:00:00+00:00, 2025-02-12T06:30:00+00:00
0.213000, 7.14, 1.04, 2025-02-12T06:30:00+00:00, 2025-02-12T07:00:00+00:00
0.254000, 8.12, 1.04, 2025-02-12T07:00:00+00:00, 2025-02-12T07:30:00+00:00
0.264000, 8.8, 1.04, 2025-02-12T07:30:00+00:00, 2025-02-12T08:00:00+00:00
0.016000, 0.51, 1.04, 2025-02-12T08:00:00+00:00, 2025-02-12T08:30:00+00:00
0.003000, 0.1, 1.04, 2025-02-12T08:30:00+00:00, 2025-02-12T09:00:00+00:00
0.012000, 0.38, 1.04, 2025-02-12T09:00:00+00:00, 2025-02-12T09:30:00+00:00
0.003000, 0.09, 1.04, 2025-02-12T09:30:00+00:00, 2025-02-12T10:00:00+00:00
0.002000, 0.06, 1.04, 2025-02-12T10:00:00+00:00, 2025-02-12T10:30:00+00:00
0.002000, 0.06, 1.04, 2025-02-12T10:30:00+00:00, 2025-02-12T11:00:00+00:00
0.003000, 0.08, 1.04, 2025-02-12T11:00:00+00:00, 2025-02-12T11:30:00+00:00
0.002000, 0.05, 1.04, 2025-02-12T11:30:00+00:00, 2025-02-12T12:00:00+00:00
0.001000, 0.03, 1.04, 2025-02-12T12:00:00+00:00, 2025-02-12T12:30:00+00:00
0.015000, 0.4, 1.04, 2025-02-12T12:30:00+00:00, 2025-02-12T13:00:00+00:00
0.002000, 0.06, 1.04, 2025-02-12T13:00:00+00:00, 2025-02-12T13:30:00+00:00
0.002000, 0.06, 1.04, 2025-02-12T13:30:00+00:00, 2025-02-12T14:00:00+00:00
0.001000, 0.03, 1.04, 2025-02-12T14:00:00+00:00, 2025-02-12T14:30:00+00:00
0.008000, 0.22, 1.04, 2025-02-12T14:30:00+00:00, 2025-02-12T15:00:00+00:00
0.001000, 0.03, 1.04, 2025-02-12T15:00:00+00:00, 2025-02-12T15:30:00+00:00
0.003000, 0.1, 1.04, 2025-02-12T15:30:00+00:00, 2025-02-12T16:00:00+00:00
0.003000, 0.13, 1.04, 2025-02-12T16:00:00+00:00, 2025-02-12T16:30:00+00:00
0.035000, 1.59, 1.04, 2025-02-12T16:30:00+00:00, 2025-02-12T17:00:00+00:00
0.024000, 1.09, 1.04, 2025-02-12T17:00:00+00:00, 2025-02-12T17:30:00+00:00
0.076000, 3.59, 1.04, 2025-02-12T17:30:00+00:00, 2025-02-12T18:00:00+00:00
0.004000, 0.18, 1.04, 2025-02-12T18:00:00+00:00, 2025-02-12T18:30:00+00:00
0.001000, 0.05, 1.04, 2025-02-12T18:30:00+00:00, 2025-02-12T19:00:00+00:00
0.167000, 5.51, 1.04, 2025-02-12T19:00:00+00:00, 2025-02-12T19:30:00+00:00
1.238000, 39.11, 1.04, 2025-02-12T19:30:00+00:00, 2025-02-12T20:00:00+00:00
0.679000, 21.8, 1.04, 2025-02-12T20:00:00+00:00, 2025-02-12T20:30:00+00:00
0.363000, 10.57, 1.04, 2025-02-12T20:30:00+00:00, 2025-02-12T21:00:00+00:00
0.401000, 12.38, 1.04, 2025-02-12T21:00:00+00:00, 2025-02-12T21:30:00+00:00
0.381000, 10.88, 1.04, 2025-02-12T21:30:00+00:00, 2025-02-12T22:00:00+00:00
0.400000, 10.5, 1.04, 2025-02-12T22:00:00+00:00, 2025-02-12T22:30:00+00:00
0.233000, 5.91, 1.04, 2025-02-12T22:30:00+00:00, 2025-02-12T23:00:00+00:00
0.244000, 6.2, 1.04, 2025-02-12T23:00:00+00:00, 2025-02-12T23:30:00+00:00
0.225000, 5.26, 1.04, 2025-02-12T23:30:00+00:00, 2025-02-13T00:00:00+00:00
1.265000, 28.88, 1.04, 2025-02-13T00:00:00+00:00, 2025-02-13T00:30:00+00:00
1.281000, 32.51, 1.04, 2025-02-13T00:30:00+00:00, 2025-02-13T01:00:00+00:00
1.306000, 31.68, 1.04, 2025-02-13T01:00:00+00:00, 2025-02-13T01:30:00+00:00
1.272000, 31.03, 1.04, 2025-02-13T01:30:00+00:00, 2025-02-13T02:00:00+00:00
1.263000, 30.24, 1.04, 2025-02-13T02:00:00+00:00, 2025-02-13T02:30:00+00:00
1.275000, 29.8, 1.04, 2025-02-13T02:30:00+00:00, 2025-02-13T03:00:00+00:00
1.282000, 30.69, 1.04, 2025-02-13T03:00:00+00:00, 2025-02-13T03:30:00+00:00
1.316000, 30.76, 1.04, 2025-02-13T03:30:00+00:00, 2025-02-13T04:00:00+00:00
1.225000, 29.71, 1.04, 2025-02-13T04:00:00+00:00, 2025-02-13T04:30:00+00:00
0.485000, 11.34, 1.04, 2025-02-13T04:30:00+00:00, 2025-02-13T05:00:00+00:00
0.201000, 4.96, 1.04, 2025-02-13T05:00:00+00:00, 2025-02-13T05:30:00+00:00
0.216000, 5.05, 1.04, 2025-02-13T05:30:00+00:00, 2025-02-13T06:00:00+00:00
0.195000, 6.02, 1.04, 2025-02-13T06:00:00+00:00, 2025-02-13T06:30:00+00:00
0.200000, 6.39, 1.04, 2025-02-13T06:30:00+00:00, 2025-02-13T07:00:00+00:00
0.238000, 8.13, 1.04, 2025-02-13T07:00:00+00:00, 2025-02-13T07:30:00+00:00
0.293000, 10.44, 1.04, 2025-02-13T07:30:00+00:00, 2025-02-13T08:00:00+00:00
0.018000, 0.56, 1.04, 2025-02-13T08:00:00+00:00, 2025-02-13T08:30:00+00:00
0.005000, 0.16, 1.04, 2025-02-13T08:30:00+00:00, 2025-02-13T09:00:00+00:00
0.086000, 2.91, 1.04, 2025-02-13T09:00:00+00:00, 2025-02-13T09:30:00+00:00
0.076000, 2.48, 1.04, 2025-02-13T09:30:00+00:00, 2025-02-13T10:00:00+00:00
0.003000, 0.09, 1.04, 2025-02-13T10:00:00+00:00, 2025-02-13T10:30:00+00:00
0.002000, 0.06, 1.04, 2025-02-13T10:30:00+00:00, 2025-02-13T11:00:00+00:00
0.003000, 0.09, 1.04, 2025-02-13T11:00:00+00:00, 2025-02-13T11:30:00+00:00
0.003000, 0.09, 1.04, 2025-02-13T11:30:00+00:00, 2025-02-13T12:00:00+00:00
0.003000, 0.08, 1.04, 2025-02-13T12:00:00+00:00, 2025-02-13T12:30:00+00:00
0.002000, 0.06, 1.04, 2025-02-13T12:30:00+00:00, 2025-02-13T13:00:00+00:00
0.004000, 0.11, 1.04, 2025-02-13T13:00:00+00:00, 2025-02-13T13:30:00+00:00
0.002000, 0.05, 1.04, 2025-02-13T13:30:00+00:00, 2025-02-13T14:00:00+00:00
0.003000, 0.08, 1.04, 2025-02-13T14:00:00+00:00, 2025-02-13T14:30:00+00:00
0.002000, 0.05, 1.04, 2025-02-13T14:30:00+00:00, 2025-02-13T15:00:00+00:00
0.002000, 0.06, 1.04, 2025-02-13T15:00:00+00:00, 2025-02-13T15:30:00+00:00
0.009000, 0.27, 1.04, 2025-02-13T15:30:00+00:00, 2025-02-13T16:00:00+00:00
0.002000, 0.08, 1.04, 2025-02-13T16:00:00+00:00, 2025-02-13T16:30:00+00:00
0.003000, 0.14, 1.04, 2025-02-13T16:30:00+00:00, 2025-02-13T17:00:00+00:00
0.014000, 0.61, 1.04, 2025-02-13T17:00:00+00:00, 2025-02-13T17:30:00+00:00
0.115000, 5.2, 1.04, 2025-02-13T17:30:00+00:00, 2025-02-13T18:00:00+00:00
0.489000, 22.76, 1.04, 2025-02-13T18:00:00+00:00, 2025-02-13T18:30:00+00:00
0.315000, 14.41, 1.04, 2025-02-13T18:30:00+00:00, 2025-02-13T19:00:00+00:00
0.592000, 18.86, 1.04, 2025-02-13T19:00:00+00:00, 2025-02-13T19:30:00+00:00
0.517000, 15.28, 1.04, 2025-02-13T19:30:00+00:00, 2025-02-13T20:00:00+00:00
0.857000, 25.49, 1.04, 2025-02-13T20:00:00+00:00, 2025-02-13T20:30:00+00:00
0.451000, 12.79, 1.04, 2025-02-13T20:30:00+00:00, 2025-02-13T21:00:00+00:00
0.625000, 17.39, 1.04, 2025-02-13T21:00:00+00:00, 2025-02-13T21:30:00+00:00
0.469000, 11.67, 1.04, 2025-02-13T21:30:00+00:00, 2025-02-13T22:00:00+00:00
0.364000, 9.54, 1.04, 2025-02-13T22:00:00+00:00, 2025-02-13T22:30:00+00:00
0.264000, 6.17, 1.04, 2025-02-13T22:30:00+00:00, 2025-02-13T23:00:00+00:00
0.195000, 4.77, 1.04, 2025-02-13T23:00:00+00:00, 2025-02-13T23:30:00+00:00
0.215000, 4.88, 1.04, 2025-02-13T23:30:00+00:00, 2025-02-14T00:00:00+00:00
1.287000, 28.38, 1.04, 2025-02-14T00:00:00+00:00, 2025-02-14T00:30:00+00:00
1.287000, 29.51, 1.04, 2025-02-14T00:30:00+00:00, 2025-02-14T01:00:00+00:00
1.273000, 28.26, 1.04, 2025-02-14T01:00:00+00:00, 2025-02-14T01:30:00+00:00
1.278000, 28.18, 1.04, 2025-02-14T01:30:00+00:00, 2025-02-14T02:00:00+00:00
1.275000, 28.11, 1.04, 2025-02-14T02:00:00+00:00, 2025-02-14T02:30:00+00:00
1.333000, 29.25, 1.04, 2025-02-14T02:30:00+00:00, 2025-02-14T03:00:00+00:00
1.344000, 29.64, 1.04, 2025-02-14T03:00:00+00:00, 2025-02-14T03:30:00+00:00
1.301000, 28.48, 1.04, 2025-02-14T03:30:00+00:00, 2025-02-14T04:00:00+00:00
1.163000, 27.28, 1.04, 2025-02-14T04:00:00+00:00, 2025-02-14T04:30:00+00:00
0.300000, 6.62, 1.04, 2025-02-14T04:30:00+00:00, 2025-02-14T05:00:00+00:00
0.211000, 6.33, 1.04, 2025-02-14T05:00:00+00:00, 2025-02-14T05:30:00+00:00
0.170000, 3.78, 1.04, 2025-02-14T05:30:00+00:00, 2025-02-14T06:00:00+00:00
0.234000, 7.02, 1.04, 2025-02-14T06:00:00+00:00, 2025-02-14T06:30:00+00:00
0.225000, 6.72, 1.04, 2025-02-14T06:30:00+00:00, 2025-02-14T07:00:00+00:00
0.225000, 7.59, 1.04, 2025-02-14T07:00:00+00:00, 2025-02-14T07:30:00+00:00
0.214000, 7.6, 1.04, 2025-02-14T07:30:00+00:00, 2025-02-14T08:00:00+00:00
0.043000, 1.38, 1.04, 2025-02-14T08:00:00+00:00, 2025-02-14T08:30:00+00:00
0.018000, 0.59, 1.04, 2025-02-14T08:30:00+00:00, 2025-02-14T09:00:00+00:00
0.009000, 0.29, 1.04, 2025-02-14T09:00:00+00:00, 2025-02-14T09:30:00+00:00
0.003000, 0.09, 1.04, 2025-02-14T09:30:00+00:00, 2025-02-14T10:00:00+00:00
0.004000, 0.12, 1.04, 2025-02-14T10:00:00+00:00, 2025-02-14T10:30:00+00:00
0.012000, 0.33, 1.04, 2025-02-14T10:30:00+00:00, 2025-02-14T11:00:00+00:00
0.016000, 0.46, 1.04, 2025-02-14T11:00:00+00:00, 2025-02-14T11:30:00+00:00
0.146000, 3.98, 1.04, 2025-02-14T11:30:00+00:00, 2025-02-14T12:00:00+00:00
0.076000, 2.15, 1.04, 2025-02-14T12:00:00+00:00, 2025-02-14T12:30:00+00:00
0.001000, 0.03, 1.04, 2025-02-14T12:30:00+00:00, 2025-02-14T13:00:00+00:00
0.002000, 0.05, 1.04, 2025-02-14T13:00:00+00:00, 2025-02-14T13:30:00+00:00
0.002000, 0.05, 1.04, 2025-02-14T13:30:00+00:00, 2025-02-14T14:00:00+00:00
0.003000, 0.09, 1.04, 2025-02-14T14:00:00+00:00, 2025-02-14T14:30:00+00:00
0.002000, 0.06, 1.04, 2025-02-14T14:30:00+00:00, 2025-02-14T15:00:00+00:00
0.002000, 0.06, 1.04, 2025-02-14T15:00:00+00:00, 2025-02-14T15:30:00+00:00
0.003000, 0.1, 1.04, 2025-02-14T15:30:00+00:00, 2025-02-14T16:00:00+00:00
0.021000, 0.89, 1.04, 2025-02-14T16:00:00+00:00, 2025-02-14T16:30:00+00:00
0.002000, 0.1, 1.04, 2025-02-14T16:30:00+00:00, 2025-02-14T17:00:00+00:00
0.002000, 0.09, 1.04, 2025-02-14T17:00:00+00:00, 2025-02-14T17:30:00+00:00
0.065000, 3.19, 1.04, 2025-02-14T17:30:00+00:00, 2025-02-14T18:00:00+00:00
0.007000, 0.34, 1.04, 2025-02-14T18:00:00+00:00, 2025-02-14T18:30:00+00:00
0.004000, 0.18, 1.04, 2025-02-14T18:30:00+00:00, 2025-02-14T19:00:00+00:00
0.003000, 0.1, 1.04, 2025-02-14T19:00:00+00:00, 2025-02-14T19:30:00+00:00
0.101000, 3.05, 1.04, 2025-02-14T19:30:00+00:00, 2025-02-14T20:00:00+00:00
0.945000, 28.27, 1.04, 2025-02-14T20:00:00+00:00, 2025-02-14T20:30:00+00:00
0.999000, 27.53, 1.04, 2025-02-14T20:30:00+00:00, 2025-02-14T21:00:00+00:00
0.419000, 11.78, 1.04, 2025-02-14T21:00:00+00:00, 2025-02-14T21:30:00+00:00
0.373000, 9.74, 1.04, 2025-02-14T21:30:00+00:00, 2025-02-14T22:00:00+00:00
0.372000, 9.68, 1.04, 2025-02-14T22:00:00+00:00, 2025-02-14T22:30:00+00:00
0.258000, 6.4, 1.04, 2025-02-14T22:30:00+00:00, 2025-02-14T23:00:00+00:00
0.317000, 7.83, 1.04, 2025-02-14T23:00:00+00:00, 2025-02-14T23:30:00+00:00
0.234000, 5.88, 1.04, 2025-02-14T23:30:00+00:00, 2025-02-15T00:00:00+00:00
1.287000, 28.38, 1.04, 2025-02-15T00:00:00+00:00, 2025-02-15T00:30:00+00:00
1.267000, 33.8, 1.04, 2025-02-15T00:30:00+00:00, 2025-02-15T01:00:00+00:00
1.299000, 28.93, 1.04, 2025-02-15T01:00:00+00:00, 2025-02-15T01:30:00+00:00
1.297000, 28.6, 1.04, 2025-02-15T01:30:00+00:00, 2025-02-15T02:00:00+00:00
1.278000, 28.43, 1.04, 2025-02-15T02:00:00+00:00, 2025-02-15T02:30:00+00:00
1.258000, 27.96, 1.04, 2025-02-15T02:30:00+00:00, 2025-02-15T03:00:00+00:00
1.302000, 28.71, 1.04, 2025-02-15T03:00:00+00:00, 2025-02-15T03:30:00+00:00
1.286000, 27.79, 1.04, 2025-02-15T03:30:00+00:00, 2025-02-15T04:00:00+00:00
1.119000, 24.56, 1.04, 2025-02-15T04:00:00+00:00, 2025-02-15T04:30:00+00:00
0.296000, 6.46, 1.04, 2025-02-15T04:30:00+00:00, 2025-02-15T05:00:00+00:00
0.233000, 5.19, 1.04, 2025-02-15T05:00:00+00:00, 2025-02-15T05:30:00+00:00
0.290000, 6.39, 1.04, 2025-02-15T05:30:00+00:00, 2025-02-15T06:00:00+00:00
0.249000, 6.6, 1.04, 2025-02-15T06:00:00+00:00, 2025-02-15T06:30:00+00:00
0.251000, 6.64, 1.04, 2025-02-15T06:30:00+00:00, 2025-02-15T07:00:00+00:00
0.276000, 6.21, 1.04, 2025-02-15T07:00:00+00:00, 2025-02-15T07:30:00+00:00
0.222000, 5.71, 1.04, 2025-02-15T07:30:00+00:00, 2025-02-15T08:00:00+00:00
0.010000, 0.24, 1.04, 2025-02-15T08:00:00+00:00, 2025-02-15T08:30:00+00:00
0.003000, 0.09, 1.04, 2025-02-15T08:30:00+00:00, 2025-02-15T09:00:00+00:00
0.004000, 0.09, 1.04, 2025-02-15T09:00:00+00:00, 2025-02-15T09:30:00+00:00
0.002000, 0.05, 1.04, 2025-02-15T09:30:00+00:00, 2025-02-15T10:00:00+00:00
0.005000, 0.13, 1.04, 2025-02-15T10:00:00+00:00, 2025-02-15T10:30:00+00:00
0.010000, 0.25, 1.04, 2025-02-15T10:30:00+00:00, 2025-02-15T11:00:00+00:00
0.008000, 0.21, 1.04, 2025-02-15T11:00:00+00:00, 2025-02-15T11:30:00+00:00
0.007000, 0.17, 1.04, 2025-02-15T11:30:00+00:00, 2025-02-15T12:00:00+00:00
0.014000, 0.37, 1.04, 2025-02-15T12:00:00+00:00, 2025-02-15T12:30:00+00:00
0.004000, 0.11, 1.04, 2025-02-15T12:30:00+00:00, 2025-02-15T13:00:00+00:00
0.002000, 0.05, 1.04, 2025-02-15T13:00:00+00:00, 2025-02-15T13:30:00+00:00
0.002000, 0.05, 1.04, 2025-02-15T13:30:00+00:00, 2025-02-15T14:00:00+00:00
0.002000, 0.05, 1.04, 2025-02-15T14:00:00+00:00, 2025-02-15T14:30:00+00:00
0.002000, 0.05, 1.04, 2025-02-15T14:30:00+00:00, 2025-02-15T15:00:00+00:00
0.046000, 1.28, 1.04, 2025-02-15T15:00:00+00:00, 2025-02-15T15:30:00+00:00
0.004000, 0.11, 1.04, 2025-02-15T15:30:00+00:00, 2025-02-15T16:00:00+00:00
0.003000, 0.12, 1.04, 2025-02-15T16:00:00+00:00, 2025-02-15T16:30:00+00:00
0.002000, 0.08, 1.04, 2025-02-15T16:30:00+00:00, 2025-02-15T17:00:00+00:00
0.004000, 0.17, 1.04, 2025-02-15T17:00:00+00:00, 2025-02-15T17:30:00+00:00
0.274000, 11.67, 1.04, 2025-02-15T17:30:00+00:00, 2025-02-15T18:00:00+00:00
0.729000, 31.62, 1.04, 2025-02-15T18:00:00+00:00, 2025-02-15T18:30:00+00:00
0.336000, 14.54, 1.04, 2025-02-15T18:30:00+00:00, 2025-02-15T19:00:00+00:00
0.282000, 7.66, 1.04, 2025-02-15T19:00:00+00:00, 2025-02-15T19:30:00+00:00
0.292000, 7.42, 1.04, 2025-02-15T19:30:00+00:00, 2025-02-15T20:00:00+00:00
0.276000, 6.63, 1.04, 2025-02-15T20:00:00+00:00, 2025-02-15T20:30:00+00:00
0.267000, 6.55, 1.04, 2025-02-15T20:30:00+00:00, 2025-02-15T21:00:00+00:00
0.398000, 9.45, 1.04, 2025-02-15T21:00:00+00:00, 2025-02-15T21:30:00+00:00
0.428000, 10.57, 1.04, 2025-02-15T21:30:00+00:00, 2025-02-15T22:00:00+00:00
0.374000, 9.4, 1.04, 2025-02-15T22:00:00+00:00, 2025-02-15T22:30:00+00:00
0.365000, 8.45, 1.04, 2025-02-15T22:30:00+00:00, 2025-02-15T23:00:00+00:00
0.162000, 3.97, 1.04, 2025-02-15T23:00:00+00:00, 2025-02-15T23:30:00+00:00
0.120000, 3.11, 1.04, 2025-02-15T23:30:00+00:00, 2025-02-16T00:00:00+00:00
1.221000, 28.58, 1.04, 2025-02-16T00:00:00+00:00, 2025-02-16T00:30:00+00:00
1.235000, 32.03, 1.04, 2025-02-16T00:30:00+00:00, 2025-02-16T01:00:00+00:00
1.213000, 27.92, 1.04, 2025-02-16T01:00:00+00:00, 2025-02-16T01:30:00+00:00
1.201000, 28.41, 1.04, 2025-02-16T01:30:00+00:00, 2025-02-16T02:00:00+00:00
1.203000, 28.72, 1.04, 2025-02-16T02:00:00+00:00, 2025-02-16T02:30:00+00:00
1.241000, 27.03, 1.04, 2025-02-16T02:30:00+00:00, 2025-02-16T03:00:00+00:00
1.193000, 29.46, 1.04, 2025-02-16T03:00:00+00:00, 2025-02-16T03:30:00+00:00
1.193000, 26.18, 1.04, 2025-02-16T03:30:00+00:00, 2025-02-16T04:00:00+00:00
1.119000, 26.24, 1.04, 2025-02-16T04:00:00+00:00, 2025-02-16T04:30:00+00:00
0.353000, 7.63, 1.04, 2025-02-16T04:30:00+00:00, 2025-02-16T05:00:00+00:00
0.207000, 4.86, 1.04, 2025-02-16T05:00:00+00:00, 2025-02-16T05:30:00+00:00
0.210000, 4.72, 1.04, 2025-02-16T05:30:00+00:00, 2025-02-16T06:00:00+00:00
0.189000, 4.45, 1.04, 2025-02-16T06:00:00+00:00, 2025-02-16T06:30:00+00:00
0.226000, 5.68, 1.04, 2025-02-16T06:30:00+00:00, 2025-02-16T07:00:00+00:00
0.243000, 5.69, 1.04, 2025-02-16T07:00:00+00:00, 2025-02-16T07:30:00+00:00
0.228000, 5.81, 1.04, 2025-02-16T07:30:00+00:00, 2025-02-16T08:00:00+00:00
0.009000, 0.21, 1.04, 2025-02-16T08:00:00+00:00, 2025-02-16T08:30:00+00:00
0.007000, 0.21, 1.04, 2025-02-16T08:30:00+00:00, 2025-02-16T09:00:00+00:00
0.038000, 0.8, 1.04, 2025-02-16T09:00:00+00:00, 2025-02-16T09:30:00+00:00
0.003000, 0.07, 1.04, 2025-02-16T09:30:00+00:00, 2025-02-16T10:00:00+00:00
0.003000, 0.07, 1.04, 2025-02-16T10:00:00+00:00, 2025-02-16T10:30:00+00:00
0.002000, 0.05, 1.04, 2025-02-16T10:30:00+00:00, 2025-02-16T11:00:00+00:00
0.003000, 0.07, 1.04, 2025-02-16T11:00:00+00:00, 2025-02-16T11:30:00+00:00
0.002000, 0.05, 1.04, 2025-02-16T11:30:00+00:00, 2025-02-16T12:00:00+00:00
0.016000, 0.4, 1.04, 2025-02-16T12:00:00+00:00, 2025-02-16T12:30:00+00:00
0.027000, 0.7, 1.04, 2025-02-16T12:30:00+00:00, 2025-02-16T13:00:00+00:00
0.009000, 0.23, 1.04, 2025-02-16T13:00:00+00:00, 2025-02-16T13:30:00+00:00
0.004000, 0.09, 1.04, 2025-02-16T13:30:00+00:00, 2025-02-16T14:00:00+00:00
0.001000, 0.02, 1.04, 2025-02-16T14:00:00+00:00, 2025-02-16T14:30:00+00:00
0.003000, 0.07, 1.04, 2025-02-16T14:30:00+00:00, 2025-02-16T15:00:00+00:00
0.002000, 0.05, 1.04, 2025-02-16T15:00:00+00:00, 2025-02-16T15:30:00+00:00
0.005000, 0.12, 1.04, 2025-02-16T15:30:00+00:00, 2025-02-16T16:00:00+00:00
0.003000, 0.11, 1.04, 2025-02-16T16:00:00+00:00, 2025-02-16T16:30:00+00:00
0.002000, 0.08, 1.04, 2025-02-16T16:30:00+00:00, 2025-02-16T17:00:00+00:00
0.005000, 0.21, 1.04, 2025-02-16T17:00:00+00:00, 2025-02-16T17:30:00+00:00
0.011000, 0.47, 1.04, 2025-02-16T17:30:00+00:00, 2025-02-16T18:00:00+00:00
0.003000, 0.13, 1.04, 2025-02-16T18:00:00+00:00, 2025-02-16T18:30:00+00:00
0.001000, 0.04, 1.04, 2025-02-16T18:30:00+00:00, 2025-02-16T19:00:00+00:00
0.002000, 0.06, 1.04, 2025-02-16T19:00:00+00:00, 2025-02-16T19:30:00+00:00
0.001000, 0.03, 1.04, 2025-02-16T19:30:00+00:00, 2025-02-16T20:00:00+00:00
0.003000, 0.09, 1.04, 2025-02-16T20:00:00+00:00, 2025-02-16T20:30:00+00:00
0.095000, 2.39, 1.04, 2025-02-16T20:30:00+00:00, 2025-02-16T21:00:00+00:00
0.396000, 9.95, 1.04, 2025-02-16T21:00:00+00:00, 2025-02-16T21:30:00+00:00
0.328000, 8.24, 1.04, 2025-02-16T21:30:00+00:00, 2025-02-16T22:00:00+00:00
0.404000, 9.77, 1.04, 2025-02-16T22:00:00+00:00, 2025-02-16T22:30:00+00:00
0.216000, 4.77, 1.04, 2025-02-16T22:30:00+00:00, 2025-02-16T23:00:00+00:00
0.192000, 5.28, 1.04, 2025-02-16T23:00:00+00:00, 2025-02-16T23:30:00+00:00
0.178000, 4.32, 1.04, 2025-02-16T23:30:00+00:00, 2025-02-17T00:00:00+00:00
1.297000, 28.03, 1.04, 2025-02-17T00:00:00+00:00, 2025-02-17T00:30:00+00:00
1.373000, 33.3, 1.04, 2025-02-17T00:30:00+00:00, 2025-02-17T01:00:00+00:00
1.268000, 27.96, 1.04, 2025-02-17T01:00:00+00:00, 2025-02-17T01:30:00+00:00
1.298000, 26.67, 1.04, 2025-02-17T01:30:00+00:00, 2025-02-17T02:00:00+00:00
1.282000, 27.7, 1.04, 2025-02-17T02:00:00+00:00, 2025-02-17T02:30:00+00:00
1.280000, 27.38, 1.04, 2025-02-17T02:30:00+00:00, 2025-02-17T03:00:00+00:00
1.260000, 27.23, 1.04, 2025-02-17T03:00:00+00:00, 2025-02-17T03:30:00+00:00
1.260000, 26.87, 1.04, 2025-02-17T03:30:00+00:00, 2025-02-17T04:00:00+00:00
1.113000, 24.54, 1.04, 2025-02-17T04:00:00+00:00, 2025-02-17T04:30:00+00:00
0.325000, 7.14, 1.04, 2025-02-17T04:30:00+00:00, 2025-02-17T05:00:00+00:00
0.173000, 3.96, 1.04, 2025-02-17T05:00:00+00:00, 2025-02-17T05:30:00+00:00
0.209000, 4.38, 1.04, 2025-02-17T05:30:00+00:00, 2025-02-17T06:00:00+00:00
0.192000, 5.5, 1.04, 2025-02-17T06:00:00+00:00, 2025-02-17T06:30:00+00:00
0.215000, 6.68, 1.04, 2025-02-17T06:30:00+00:00, 2025-02-17T07:00:00+00:00
0.236000, 7.75, 1.04, 2025-02-17T07:00:00+00:00, 2025-02-17T07:30:00+00:00
0.292000, 9.94, 1.04, 2025-02-17T07:30:00+00:00, 2025-02-17T08:00:00+00:00
0.013000, 0.33, 1.04, 2025-02-17T08:00:00+00:00, 2025-02-17T08:30:00+00:00
0.032000, 0.93, 1.04, 2025-02-17T08:30:00+00:00, 2025-02-17T09:00:00+00:00
0.007000, 0.18, 1.04, 2025-02-17T09:00:00+00:00, 2025-02-17T09:30:00+00:00
0.028000, 0.62, 1.04, 2025-02-17T09:30:00+00:00, 2025-02-17T10:00:00+00:00
0.003000, 0.07, 1.04, 2025-02-17T10:00:00+00:00, 2025-02-17T10:30:00+00:00
0.003000, 0.06, 1.04, 2025-02-17T10:30:00+00:00, 2025-02-17T11:00:00+00:00
0.002000, 0.04, 1.04, 2025-02-17T11:00:00+00:00, 2025-02-17T11:30:00+00:00
0.003000, 0.06, 1.04, 2025-02-17T11:30:00+00:00, 2025-02-17T12:00:00+00:00
0.004000, 0.09, 1.04, 2025-02-17T12:00:00+00:00, 2025-02-17T12:30:00+00:00
0.021000, 0.45, 1.04, 2025-02-17T12:30:00+00:00, 2025-02-17T13:00:00+00:00
0.003000, 0.07, 1.04, 2025-02-17T13:00:00+00:00, 2025-02-17T13:30:00+00:00
0.015000, 0.31, 1.04, 2025-02-17T13:30:00+00:00, 2025-02-17T14:00:00+00:00
0.002000, 0.04, 1.04, 2025-02-17T14:00:00+00:00, 2025-02-17T14:30:00+00:00
0.002000, 0.04, 1.04, 2025-02-17T14:30:00+00:00, 2025-02-17T15:00:00+00:00
0.002000, 0.05, 1.04, 2025-02-17T15:00:00+00:00, 2025-02-17T15:30:00+00:00
0.001000, 0.02, 1.04, 2025-02-17T15:30:00+00:00, 2025-02-17T16:00:00+00:00
0.002000, 0.08, 1.04, 2025-02-17T16:00:00+00:00, 2025-02-17T16:30:00+00:00
0.002000, 0.09, 1.04, 2025-02-17T16:30:00+00:00, 2025-02-17T17:00:00+00:00
0.002000, 0.1, 1.04, 2025-02-17T17:00:00+00:00, 2025-02-17T17:30:00+00:00
0.207000, 10.09, 1.04, 2025-02-17T17:30:00+00:00, 2025-02-17T18:00:00+00:00
0.037000, 1.8, 1.04, 2025-02-17T18:00:00+00:00, 2025-02-17T18:30:00+00:00
0.002000, 0.09, 1.04, 2025-02-17T18:30:00+00:00, 2025-02-17T19:00:00+00:00
0.908000, 28.58, 1.04, 2025-02-17T19:00:00+00:00, 2025-02-17T19:30:00+00:00
0.836000, 24.7, 1.04, 2025-02-17T19:30:00+00:00, 2025-02-17T20:00:00+00:00
0.631000, 17.25, 1.04, 2025-02-17T20:00:00+00:00, 2025-02-17T20:30:00+00:00
0.499000, 12.08, 1.04, 2025-02-17T20:30:00+00:00, 2025-02-17T21:00:00+00:00
0.556000, 13.49, 1.04, 2025-02-17T21:00:00+00:00, 2025-02-17T21:30:00+00:00
0.350000, 8.78, 1.04, 2025-02-17T21:30:00+00:00, 2025-02-17T22:00:00+00:00
0.269000, 6.29, 1.04, 2025-02-17T22:00:00+00:00, 2025-02-17T22:30:00+00:00
0.243000, 5.48, 1.04, 2025-02-17T22:30:00+00:00, 2025-02-17T23:00:00+00:00
0.226000, 5.48, 1.04, 2025-02-17T23:00:00+00:00, 2025-02-17T23:30:00+00:00
0.206000, 4.8, 1.04, 2025-02-17T23:30:00+00:00, 2025-02-18T00:00:00+00:00
1.259000, 26.9, 1.04, 2025-02-18T00:00:00+00:00, 2025-02-18T00:30:00+00:00
1.274000, 30.77, 1.04, 2025-02-18T00:30:00+00:00, 2025-02-18T01:00:00+00:00
1.315000, 29.31, 1.04, 2025-02-18T01:00:00+00:00, 2025-02-18T01:30:00+00:00
1.266000, 27.29, 1.04, 2025-02-18T01:30:00+00:00, 2025-02-18T02:00:00+00:00
1.269000, 27.17, 1.04, 2025-02-18T02:00:00+00:00, 2025-02-18T02:30:00+00:00
1.296000, 25.92, 1.04, 2025-02-18T02:30:00+00:00, 2025-02-18T03:00:00+00:00
1.293000, 27.26, 1.04, 2025-02-18T03:00:00+00:00, 2025-02-18T03:30:00+00:00
1.279000, 24.82, 1.04, 2025-02-18T03:30:00+00:00, 2025-02-18T04:00:00+00:00
1.127000, 24.65, 1.04, 2025-02-18T04:00:00+00:00, 2025-02-18T04:30:00+00:00
0.297000, 5.89, 1.04, 2025-02-18T04:30:00+00:00, 2025-02-18T05:00:00+00:00
0.235000, 5.3, 1.04, 2025-02-18T05:00:00+00:00, 2025-02-18T05:30:00+00:00
0.195000, 4.08, 1.04, 2025-02-18T05:30:00+00:00, 2025-02-18T06:00:00+00:00
0.199000, 5.66, 1.04, 2025-02-18T06:00:00+00:00, 2025-02-18T06:30:00+00:00
0.201000, 6.52, 1.04, 2025-02-18T06:30:00+00:00, 2025-02-18T07:00:00+00:00
0.238000, 7.65, 1.04, 2025-02-18T07:00:00+00:00, 2025-02-18T07:30:00+00:00
0.231000, 7.82, 1.04, 2025-02-18T07:30:00+00:00, 2025-02-18T08:00:00+00:00
0.013000, 0.34, 1.04, 2025-02-18T08:00:00+00:00, 2025-02-18T08:30:00+00:00
0.004000, 0.11, 1.04, 2025-02-18T08:30:00+00:00, 2025-02-18T09:00:00+00:00
0.002000, 0.05, 1.04, 2025-02-18T09:00:00+00:00, 2025-02-18T09:30:00+00:00
0.002000, 0.04, 1.04, 2025-02-18T09:30:00+00:00, 2025-02-18T10:00:00+00:00
0.002000, 0.04, 1.04, 2025-02-18T10:00:00+00:00, 2025-02-18T10:30:00+00:00
0.002000, 0.04, 1.04, 2025-02-18T10:30:00+00:00, 2025-02-18T11:00:00+00:00
0.005000, 0.1, 1.04, 2025-02-18T11:00:00+00:00, 2025-02-18T11:30:00+00:00
0.002000, 0.04, 1.04, 2025-02-18T11:30:00+00:00, 2025-02-18T12:00:00+00:00
0.001000, 0.02, 1.04, 2025-02-18T12:00:00+00:00, 2025-02-18T12:30:00+00:00
0.000000, 0, 1.04, 2025-02-18T12:30:00+00:00, 2025-02-18T13:00:00+00:00
0.000000, 0, 1.04, 2025-02-18T13:00:00+00:00, 2025-02-18T13:30:00+00:00
0.001000, 0.02, 1.04, 2025-02-18T13:30:00+00:00, 2025-02-18T14:00:00+00:00
0.001000, 0.02, 1.04, 2025-02-18T14:00:00+00:00, 2025-02-18T14:30:00+00:00
0.001000, 0.02, 1.04, 2025-02-18T14:30:00+00:00, 2025-02-18T15:00:00+00:00
0.007000, 0.16, 1.04, 2025-02-18T15:00:00+00:00, 2025-02-18T15:30:00+00:00
0.001000, 0.02, 1.04, 2025-02-18T15:30:00+00:00, 2025-02-18T16:00:00+00:00
0.003000, 0.12, 1.04, 2025-02-18T16:00:00+00:00, 2025-02-18T16:30:00+00:00
0.003000, 0.13, 1.04, 2025-02-18T16:30:00+00:00, 2025-02-18T17:00:00+00:00
0.003000, 0.12, 1.04, 2025-02-18T17:00:00+00:00, 2025-02-18T17:30:00+00:00
0.039000, 1.67, 1.04, 2025-02-18T17:30:00+00:00, 2025-02-18T18:00:00+00:00
0.004000, 0.17, 1.04, 2025-02-18T18:00:00+00:00, 2025-02-18T18:30:00+00:00
0.013000, 0.52, 1.04, 2025-02-18T18:30:00+00:00, 2025-02-18T19:00:00+00:00
0.038000, 1, 1.04, 2025-02-18T19:00:00+00:00, 2025-02-18T19:30:00+00:00
0.003000, 0.08, 1.04, 2025-02-18T19:30:00+00:00, 2025-02-18T20:00:00+00:00
0.196000, 4.58, 1.04, 2025-02-18T20:00:00+00:00, 2025-02-18T20:30:00+00:00
0.004000, 0.09, 1.04, 2025-02-18T20:30:00+00:00, 2025-02-18T21:00:00+00:00
0.003000, 0.07, 1.04, 2025-02-18T21:00:00+00:00, 2025-02-18T21:30:00+00:00
0.004000, 0.09, 1.04, 2025-02-18T21:30:00+00:00, 2025-02-18T22:00:00+00:00
0.003000, 0.07, 1.04, 2025-02-18T22:00:00+00:00, 2025-02-18T22:30:00+00:00
0.002000, 0.04, 1.04, 2025-02-18T22:30:00+00:00, 2025-02-18T23:00:00+00:00
0.001000, 0.02, 1.04, 2025-02-18T23:00:00+00:00, 2025-02-18T23:30:00+00:00
0.092000, 1.73, 1.04, 2025-02-18T23:30:00+00:00, 2025-02-19T00:00:00+00:00
1.332000, 23.64, 1.04, 2025-02-19T00:00:00+00:00, 2025-02-19T00:30:00+00:00
1.309000, 25.98, 1.04, 2025-02-19T00:30:00+00:00, 2025-02-19T01:00:00+00:00
1.252000, 24.08, 1.04, 2025-02-19T01:00:00+00:00, 2025-02-19T01:30:00+00:00
1.298000, 24.33, 1.04, 2025-02-19T01:30:00+00:00, 2025-02-19T02:00:00+00:00
1.296000, 25.43, 1.04, 2025-02-19T02:00:00+00:00, 2025-02-19T02:30:00+00:00
1.283000, 23.74, 1.04, 2025-02-19T02:30:00+00:00, 2025-02-19T03:00:00+00:00
1.265000, 23.43, 1.04, 2025-02-19T03:00:00+00:00, 2025-02-19T03:30:00+00:00
1.284000, 23.55, 1.04, 2025-02-19T03:30:00+00:00, 2025-02-19T04:00:00+00:00
1.136000, 22.25, 1.04, 2025-02-19T04:00:00+00:00, 2025-02-19T04:30:00+00:00
0.283000, 5.29, 1.04, 2025-02-19T04:30:00+00:00, 2025-02-19T05:00:00+00:00
0.207000, 4.36, 1.04, 2025-02-19T05:00:00+00:00, 2025-02-19T05:30:00+00:00
0.177000, 3.61, 1.04, 2025-02-19T05:30:00+00:00, 2025-02-19T06:00:00+00:00
0.220000, 5.96, 1.04, 2025-02-19T06:00:00+00:00, 2025-02-19T06:30:00+00:00
0.197000, 5.63, 1.04, 2025-02-19T06:30:00+00:00, 2025-02-19T07:00:00+00:00
0.237000, 6.98, 1.04, 2025-02-19T07:00:00+00:00, 2025-02-19T07:30:00+00:00
0.247000, 7.66, 1.04, 2025-02-19T07:30:00+00:00, 2025-02-19T08:00:00+00:00
0.017000, 0.43, 1.04, 2025-02-19T08:00:00+00:00, 2025-02-19T08:30:00+00:00
0.003000, 0.08, 1.04, 2025-02-19T08:30:00+00:00, 2025-02-19T09:00:00+00:00
0.002000, 0.05, 1.04, 2025-02-19T09:00:00+00:00, 2025-02-19T09:30:00+00:00
0.003000, 0.07, 1.04, 2025-02-19T09:30:00+00:00, 2025-02-19T10:00:00+00:00
0.002000, 0.04, 1.04, 2025-02-19T10:00:00+00:00, 2025-02-19T10:30:00+00:00
0.001000, 0.02, 1.04, 2025-02-19T10:30:00+00:00, 2025-02-19T11:00:00+00:00
0.003000, 0.06, 1.04, 2025-02-19T11:00:00+00:00, 2025-02-19T11:30:00+00:00
0.002000, 0.04, 1.04, 2025-02-19T11:30:00+00:00, 2025-02-19T12:00:00+00:00
0.004000, 0.08, 1.04, 2025-02-19T12:00:00+00:00, 2025-02-19T12:30:00+00:00
0.004000, 0.08, 1.04, 2025-02-19T12:30:00+00:00, 2025-02-19T13:00:00+00:00
0.009000, 0.17, 1.04, 2025-02-19T13:00:00+00:00, 2025-02-19T13:30:00+00:00
0.002000, 0.04, 1.04, 2025-02-19T13:30:00+00:00, 2025-02-19T14:00:00+00:00
0.007000, 0.15, 1.04, 2025-02-19T14:00:00+00:00, 2025-02-19T14:30:00+00:00
0.022000, 0.46, 1.04, 2025-02-19T14:30:00+00:00, 2025-02-19T15:00:00+00:00
0.006000, 0.13, 1.04, 2025-02-19T15:00:00+00:00, 2025-02-19T15:30:00+00:00
0.008000, 0.18, 1.04, 2025-02-19T15:30:00+00:00, 2025-02-19T16:00:00+00:00
0.007000, 0.25, 1.04, 2025-02-19T16:00:00+00:00, 2025-02-19T16:30:00+00:00
0.013000, 0.48, 1.04, 2025-02-19T16:30:00+00:00, 2025-02-19T17:00:00+00:00
0.045000, 1.74, 1.04, 2025-02-19T17:00:00+00:00, 2025-02-19T17:30:00+00:00
0.766000, 31.15, 1.04, 2025-02-19T17:30:00+00:00, 2025-02-19T18:00:00+00:00
1.563000, 62.77, 1.04, 2025-02-19T18:00:00+00:00, 2025-02-19T18:30:00+00:00
0.386000, 15.08, 1.04, 2025-02-19T18:30:00+00:00, 2025-02-19T19:00:00+00:00
0.400000, 9.39, 1.04, 2025-02-19T19:00:00+00:00, 2025-02-19T19:30:00+00:00
0.527000, 11.74, 1.04, 2025-02-19T19:30:00+00:00, 2025-02-19T20:00:00+00:00
1.314000, 28.97, 1.04, 2025-02-19T20:00:00+00:00, 2025-02-19T20:30:00+00:00
0.757000, 16.69, 1.04, 2025-02-19T20:30:00+00:00, 2025-02-19T21:00:00+00:00
0.629000, 14.03, 1.04, 2025-02-19T21:00:00+00:00, 2025-02-19T21:30:00+00:00
0.453000, 10.27, 1.04, 2025-02-19T21:30:00+00:00, 2025-02-19T22:00:00+00:00
0.342000, 7.11, 1.04, 2025-02-19T22:00:00+00:00, 2025-02-19T22:30:00+00:00
0.334000, 6.02, 1.04, 2025-02-19T22:30:00+00:00, 2025-02-19T23:00:00+00:00
0.341000, 6.02, 1.04, 2025-02-19T23:00:00+00:00, 2025-02-19T23:30:00+00:00
0.243000, 4.29, 1.04, 2025-02-19T23:30:00+00:00, 2025-02-20T00:00:00+00:00
1.293000, 20.93, 1.04, 2025-02-20T00:00:00+00:00, 2025-02-20T00:30:00+00:00
1.287000, 22.7, 1.04, 2025-02-20T00:30:00+00:00, 2025-02-20T01:00:00+00:00
1.285000, 23.23, 1.04, 2025-02-20T01:00:00+00:00, 2025-02-20T01:30:00+00:00
1.316000, 19.29, 1.04, 2025-02-20T01:30:00+00:00, 2025-02-20T02:00:00+00:00
1.273000, 22.46, 1.04, 2025-02-20T02:00:00+00:00, 2025-02-20T02:30:00+00:00
1.296000, 19.91, 1.04, 2025-02-20T02:30:00+00:00, 2025-02-20T03:00:00+00:00
1.262000, 23.37, 1.04, 2025-02-20T03:00:00+00:00, 2025-02-20T03:30:00+00:00
1.323000, 20.13, 1.04, 2025-02-20T03:30:00+00:00, 2025-02-20T04:00:00+00:00
1.114000, 18.18, 1.04, 2025-02-20T04:00:00+00:00, 2025-02-20T04:30:00+00:00
0.312000, 4.82, 1.04, 2025-02-20T04:30:00+00:00, 2025-02-20T05:00:00+00:00
0.309000, 4.84, 1.04, 2025-02-20T05:00:00+00:00, 2025-02-20T05:30:00+00:00
0.250000, 3.97, 1.04, 2025-02-20T05:30:00+00:00, 2025-02-20T06:00:00+00:00
0.243000, 4.73, 1.04, 2025-02-20T06:00:00+00:00, 2025-02-20T06:30:00+00:00
0.245000, 5.93, 1.04, 2025-02-20T06:30:00+00:00, 2025-02-20T07:00:00+00:00
0.220000, 4.97, 1.04, 2025-02-20T07:00:00+00:00, 2025-02-20T07:30:00+00:00
0.258000, 6.54, 1.04, 2025-02-20T07:30:00+00:00, 2025-02-20T08:00:00+00:00
0.014000, 0.27, 1.04, 2025-02-20T08:00:00+00:00, 2025-02-20T08:30:00+00:00
0.026000, 0.58, 1.04, 2025-02-20T08:30:00+00:00, 2025-02-20T09:00:00+00:00
0.149000, 3.15, 1.04, 2025-02-20T09:00:00+00:00, 2025-02-20T09:30:00+00:00
0.003000, 0.06, 1.04, 2025-02-20T09:30:00+00:00, 2025-02-20T10:00:00+00:00
0.002000, 0.04, 1.04, 2025-02-20T10:00:00+00:00, 2025-02-20T10:30:00+00:00
0.009000, 0.17, 1.04, 2025-02-20T10:30:00+00:00, 2025-02-20T11:00:00+00:00
0.002000, 0.04, 1.04, 2025-02-20T11:00:00+00:00, 2025-02-20T11:30:00+00:00
0.002000, 0.03, 1.04, 2025-02-20T11:30:00+00:00, 2025-02-20T12:00:00+00:00
0.003000, 0.05, 1.04, 2025-02-20T12:00:00+00:00, 2025-02-20T12:30:00+00:00
0.002000, 0.03, 1.04, 2025-02-20T12:30:00+00:00, 2025-02-20T13:00:00+00:00
0.003000, 0.05, 1.04, 2025-02-20T13:00:00+00:00, 2025-02-20T13:30:00+00:00
0.002000, 0.03, 1.04, 2025-02-20T13:30:00+00:00, 2025-02-20T14:00:00+00:00
0.002000, 0.03, 1.04, 2025-02-20T14:00:00+00:00, 2025-02-20T14:30:00+00:00
0.002000, 0.03, 1.04, 2025-02-20T14:30:00+00:00, 2025-02-20T15:00:00+00:00
0.003000, 0.05, 1.04, 2025-02-20T15:00:00+00:00, 2025-02-20T15:30:00+00:00
0.003000, 0.06, 1.04, 2025-02-20T15:30:00+00:00, 2025-02-20T16:00:00+00:00
0.002000, 0.07, 1.04, 2025-02-20T16:00:00+00:00, 2025-02-20T16:30:00+00:00
0.002000, 0.07, 1.04, 2025-02-20T16:30:00+00:00, 2025-02-20T17:00:00+00:00
0.001000, 0.04, 1.04, 2025-02-20T17:00:00+00:00, 2025-02-20T17:30:00+00:00
0.003000, 0.11, 1.04, 2025-02-20T17:30:00+00:00, 2025-02-20T18:00:00+00:00
0.039000, 1.46, 1.04, 2025-02-20T18:00:00+00:00, 2025-02-20T18:30:00+00:00
0.002000, 0.07, 1.04, 2025-02-20T18:30:00+00:00, 2025-02-20T19:00:00+00:00
0.003000, 0.07, 1.04, 2025-02-20T19:00:00+00:00, 2025-02-20T19:30:00+00:00
0.002000, 0.05, 1.04, 2025-02-20T19:30:00+00:00, 2025-02-20T20:00:00+00:00
0.002000, 0.04, 1.04, 2025-02-20T20:00:00+00:00, 2025-02-20T20:30:00+00:00
0.218000, 4.09, 1.04, 2025-02-20T20:30:00+00:00, 2025-02-20T21:00:00+00:00
0.283000, 5.62, 1.04, 2025-02-20T21:00:00+00:00, 2025-02-20T21:30:00+00:00
0.454000, 7.93, 1.04, 2025-02-20T21:30:00+00:00, 2025-02-20T22:00:00+00:00
0.360000, 6.11, 1.04, 2025-02-20T22:00:00+00:00, 2025-02-20T22:30:00+00:00
0.266000, 3.52, 1.04, 2025-02-20T22:30:00+00:00, 2025-02-20T23:00:00+00:00
0.231000, 3.31, 1.04, 2025-02-20T23:00:00+00:00, 2025-02-20T23:30:00+00:00
0.217000, 2.06, 1.04, 2025-02-20T23:30:00+00:00, 2025-02-21T00:00:00+00:00
1.299000, 11.46, 1.04, 2025-02-21T00:00:00+00:00, 2025-02-21T00:30:00+00:00
1.295000, 16.53, 1.04, 2025-02-21T00:30:00+00:00, 2025-02-21T01:00:00+00:00
1.278000, 14.81, 1.04, 2025-02-21T01:00:00+00:00, 2025-02-21T01:30:00+00:00
1.271000, 9.02, 1.04, 2025-02-21T01:30:00+00:00, 2025-02-21T02:00:00+00:00
1.291000, 12.12, 1.04, 2025-02-21T02:00:00+00:00, 2025-02-21T02:30:00+00:00
1.294000, 10.35, 1.04, 2025-02-21T02:30:00+00:00, 2025-02-21T03:00:00+00:00
1.284000, 10.25, 1.04, 2025-02-21T03:00:00+00:00, 2025-02-21T03:30:00+00:00
1.265000, 8.17, 1.04, 2025-02-21T03:30:00+00:00, 2025-02-21T04:00:00+00:00
1.267000, 13.41, 1.04, 2025-02-21T04:00:00+00:00, 2025-02-21T04:30:00+00:00
0.491000, 4, 1.04, 2025-02-21T04:30:00+00:00, 2025-02-21T05:00:00+00:00
0.214000, 2.14, 1.04, 2025-02-21T05:00:00+00:00, 2025-02-21T05:30:00+00:00
0.173000, 1.91, 1.04, 2025-02-21T05:30:00+00:00, 2025-02-21T06:00:00+00:00
0.215000, 1.78, 1.04, 2025-02-21T06:00:00+00:00, 2025-02-21T06:30:00+00:00
0.251000, 3.8, 1.04, 2025-02-21T06:30:00+00:00, 2025-02-21T07:00:00+00:00
0.237000, 3.96, 1.04, 2025-02-21T07:00:00+00:00, 2025-02-21T07:30:00+00:00
0.265000, 4.85, 1.04, 2025-02-21T07:30:00+00:00, 2025-02-21T08:00:00+00:00
0.011000, 0.19, 1.04, 2025-02-21T08:00:00+00:00, 2025-02-21T08:30:00+00:00
0.018000, 0.33, 1.04, 2025-02-21T08:30:00+00:00, 2025-02-21T09:00:00+00:00
0.002000, 0.03, 1.04, 2025-02-21T09:00:00+00:00, 2025-02-21T09:30:00+00:00
0.003000, 0.04, 1.04, 2025-02-21T09:30:00+00:00, 2025-02-21T10:00:00+00:00
0.003000, 0.04, 1.04, 2025-02-21T10:00:00+00:00, 2025-02-21T10:30:00+00:00
0.003000, 0.04, 1.04, 2025-02-21T10:30:00+00:00, 2025-02-21T11:00:00+00:00
0.006000, 0.07, 1.04, 2025-02-21T11:00:00+00:00, 2025-02-21T11:30:00+00:00
0.002000, 0.02, 1.04, 2025-02-21T11:30:00+00:00, 2025-02-21T12:00:00+00:00
0.003000, 0.04, 1.04, 2025-02-21T12:00:00+00:00, 2025-02-21T12:30:00+00:00
0.002000, 0.02, 1.04, 2025-02-21T12:30:00+00:00, 2025-02-21T13:00:00+00:00
0.008000, 0.09, 1.04, 2025-02-21T13:00:00+00:00, 2025-02-21T13:30:00+00:00
0.002000, 0.02, 1.04, 2025-02-21T13:30:00+00:00, 2025-02-21T14:00:00+00:00
0.002000, 0.03, 1.04, 2025-02-21T14:00:00+00:00, 2025-02-21T14:30:00+00:00
0.003000, 0.04, 1.04, 2025-02-21T14:30:00+00:00, 2025-02-21T15:00:00+00:00
0.002000, 0.02, 1.04, 2025-02-21T15:00:00+00:00, 2025-02-21T15:30:00+00:00
0.001000, 0.01, 1.04, 2025-02-21T15:30:00+00:00, 2025-02-21T16:00:00+00:00
0.003000, 0.08, 1.04, 2025-02-21T16:00:00+00:00, 2025-02-21T16:30:00+00:00
0.002000, 0.06, 1.04, 2025-02-21T16:30:00+00:00, 2025-02-21T17:00:00+00:00
0.002000, 0.06, 1.04, 2025-02-21T17:00:00+00:00, 2025-02-21T17:30:00+00:00
0.012000, 0.42, 1.04, 2025-02-21T17:30:00+00:00, 2025-02-21T18:00:00+00:00
0.014000, 0.49, 1.04, 2025-02-21T18:00:00+00:00, 2025-02-21T18:30:00+00:00
0.010000, 0.31, 1.04, 2025-02-21T18:30:00+00:00, 2025-02-21T19:00:00+00:00
0.022000, 0.46, 1.04, 2025-02-21T19:00:00+00:00, 2025-02-21T19:30:00+00:00
0.214000, 3.48, 1.04, 2025-02-21T19:30:00+00:00, 2025-02-21T20:00:00+00:00
0.418000, 6.54, 1.04, 2025-02-21T20:00:00+00:00, 2025-02-21T20:30:00+00:00
0.750000, 9.26, 1.04, 2025-02-21T20:30:00+00:00, 2025-02-21T21:00:00+00:00
0.525000, 7.99, 1.04, 2025-02-21T21:00:00+00:00, 2025-02-21T21:30:00+00:00
0.340000, 3.6, 1.04, 2025-02-21T21:30:00+00:00, 2025-02-21T22:00:00+00:00
0.355000, 4.54, 1.04, 2025-02-21T22:00:00+00:00, 2025-02-21T22:30:00+00:00
0.272000, 2.4, 1.04, 2025-02-21T22:30:00+00:00, 2025-02-21T23:00:00+00:00
0.385000, 4.39, 1.04, 2025-02-21T23:00:00+00:00, 2025-02-21T23:30:00+00:00
0.350000, 3.32, 1.04, 2025-02-21T23:30:00+00:00, 2025-02-22T00:00:00+00:00
1.312000, 9.26, 1.04, 2025-02-22T00:00:00+00:00, 2025-02-22T00:30:00+00:00
1.296000, 13.36, 1.04, 2025-02-22T00:30:00+00:00, 2025-02-22T01:00:00+00:00
1.299000, 12.89, 1.04, 2025-02-22T01:00:00+00:00, 2025-02-22T01:30:00+00:00
1.270000, 11.35, 1.04, 2025-02-22T01:30:00+00:00, 2025-02-22T02:00:00+00:00
1.297000, 12.65, 1.04, 2025-02-22T02:00:00+00:00, 2025-02-22T02:30:00+00:00
1.290000, 10.88, 1.04, 2025-02-22T02:30:00+00:00, 2025-02-22T03:00:00+00:00
1.315000, 12.18, 1.04, 2025-02-22T03:00:00+00:00, 2025-02-22T03:30:00+00:00
1.367000, 9.95, 1.04, 2025-02-22T03:30:00+00:00, 2025-02-22T04:00:00+00:00
1.164000, 11.29, 1.04, 2025-02-22T04:00:00+00:00, 2025-02-22T04:30:00+00:00
0.349000, 3.31, 1.04, 2025-02-22T04:30:00+00:00, 2025-02-22T05:00:00+00:00
0.210000, 1.94, 1.04, 2025-02-22T05:00:00+00:00, 2025-02-22T05:30:00+00:00
0.224000, 2.19, 1.04, 2025-02-22T05:30:00+00:00, 2025-02-22T06:00:00+00:00
0.206000, 1.73, 1.04, 2025-02-22T06:00:00+00:00, 2025-02-22T06:30:00+00:00
0.212000, 3.06, 1.04, 2025-02-22T06:30:00+00:00, 2025-02-22T07:00:00+00:00
0.264000, 3.94, 1.04, 2025-02-22T07:00:00+00:00, 2025-02-22T07:30:00+00:00
0.282000, 5.36, 1.04, 2025-02-22T07:30:00+00:00, 2025-02-22T08:00:00+00:00
0.011000, 0.23, 1.04, 2025-02-22T08:00:00+00:00, 2025-02-22T08:30:00+00:00
0.002000, 0.05, 1.04, 2025-02-22T08:30:00+00:00, 2025-02-22T09:00:00+00:00
0.004000, 0.1, 1.04, 2025-02-22T09:00:00+00:00, 2025-02-22T09:30:00+00:00
0.002000, 0.05, 1.04, 2025-02-22T09:30:00+00:00, 2025-02-22T10:00:00+00:00
0.006000, 0.13, 1.04, 2025-02-22T10:00:00+00:00, 2025-02-22T10:30:00+00:00
0.130000, 2.87, 1.04, 2025-02-22T10:30:00+00:00, 2025-02-22T11:00:00+00:00
0.006000, 0.12, 1.04, 2025-02-22T11:00:00+00:00, 2025-02-22T11:30:00+00:00
0.007000, 0.14, 1.04, 2025-02-22T11:30:00+00:00, 2025-02-22T12:00:00+00:00
0.004000, 0.07, 1.04, 2025-02-22T12:00:00+00:00, 2025-02-22T12:30:00+00:00
0.002000, 0.03, 1.04, 2025-02-22T12:30:00+00:00, 2025-02-22T13:00:00+00:00
0.008000, 0.13, 1.04, 2025-02-22T13:00:00+00:00, 2025-02-22T13:30:00+00:00
0.004000, 0.06, 1.04, 2025-02-22T13:30:00+00:00, 2025-02-22T14:00:00+00:00
0.009000, 0.15, 1.04, 2025-02-22T14:00:00+00:00, 2025-02-22T14:30:00+00:00
0.032000, 0.54, 1.04, 2025-02-22T14:30:00+00:00, 2025-02-22T15:00:00+00:00
0.003000, 0.06, 1.04, 2025-02-22T15:00:00+00:00, 2025-02-22T15:30:00+00:00
0.002000, 0.04, 1.04, 2025-02-22T15:30:00+00:00, 2025-02-22T16:00:00+00:00
0.002000, 0.07, 1.04, 2025-02-22T16:00:00+00:00, 2025-02-22T16:30:00+00:00
0.002000, 0.08, 1.04, 2025-02-22T16:30:00+00:00, 2025-02-22T17:00:00+00:00
0.001000, 0.04, 1.04, 2025-02-22T17:00:00+00:00, 2025-02-22T17:30:00+00:00
0.002000, 0.08, 1.04, 2025-02-22T17:30:00+00:00, 2025-02-22T18:00:00+00:00
0.001000, 0.04, 1.04, 2025-02-22T18:00:00+00:00, 2025-02-22T18:30:00+00:00
0.001000, 0.04, 1.04, 2025-02-22T18:30:00+00:00, 2025-02-22T19:00:00+00:00
0.001000, 0.03, 1.04, 2025-02-22T19:00:00+00:00, 2025-02-22T19:30:00+00:00
0.002000, 0.04, 1.04, 2025-02-22T19:30:00+00:00, 2025-02-22T20:00:00+00:00
0.001000, 0.02, 1.04, 2025-02-22T20:00:00+00:00, 2025-02-22T20:30:00+00:00
0.002000, 0.04, 1.04, 2025-02-22T20:30:00+00:00, 2025-02-22T21:00:00+00:00
0.004000, 0.09, 1.04, 2025-02-22T21:00:00+00:00, 2025-02-22T21:30:00+00:00
0.003000, 0.06, 1.04, 2025-02-22T21:30:00+00:00, 2025-02-22T22:00:00+00:00
0.003000, 0.06, 1.04, 2025-02-22T22:00:00+00:00, 2025-02-22T22:30:00+00:00
0.001000, 0.02, 1.04, 2025-02-22T22:30:00+00:00, 2025-02-22T23:00:00+00:00
0.003000, 0.06, 1.04, 2025-02-22T23:00:00+00:00, 2025-02-22T23:30:00+00:00
0.002000, 0.03, 1.04, 2025-02-22T23:30:00+00:00, 2025-02-23T00:00:00+00:00
1.234000, 18.8, 1.04, 2025-02-23T00:00:00+00:00, 2025-02-23T00:30:00+00:00
1.206000, 21.15, 1.04, 2025-02-23T00:30:00+00:00, 2025-02-23T01:00:00+00:00
1.193000, 16.84, 1.04, 2025-02-23T01:00:00+00:00, 2025-02-23T01:30:00+00:00
1.211000, 12.55, 1.04, 2025-02-23T01:30:00+00:00, 2025-02-23T02:00:00+00:00
1.214000, 16.06, 1.04, 2025-02-23T02:00:00+00:00, 2025-02-23T02:30:00+00:00
1.214000, 11.24, 1.04, 2025-02-23T02:30:00+00:00, 2025-02-23T03:00:00+00:00
0.816000, 11.7, 1.04, 2025-02-23T03:00:00+00:00, 2025-02-23T03:30:00+00:00
0.125000, 1.45, 1.04, 2025-02-23T03:30:00+00:00, 2025-02-23T04:00:00+00:00
0.211000, 3.16, 1.04, 2025-02-23T04:00:00+00:00, 2025-02-23T04:30:00+00:00
0.226000, 2.49, 1.04, 2025-02-23T04:30:00+00:00, 2025-02-23T05:00:00+00:00
0.211000, 2.85, 1.04, 2025-02-23T05:00:00+00:00, 2025-02-23T05:30:00+00:00
0.201000, 2.17, 1.04, 2025-02-23T05:30:00+00:00, 2025-02-23T06:00:00+00:00
0.224000, 2.48, 1.04, 2025-02-23T06:00:00+00:00, 2025-02-23T06:30:00+00:00
0.251000, 3.3, 1.04, 2025-02-23T06:30:00+00:00, 2025-02-23T07:00:00+00:00
0.291000, 3.18, 1.04, 2025-02-23T07:00:00+00:00, 2025-02-23T07:30:00+00:00
0.277000, 3.18, 1.04, 2025-02-23T07:30:00+00:00, 2025-02-23T08:00:00+00:00
0.178000, 0.98, 1.04, 2025-02-23T08:00:00+00:00, 2025-02-23T08:30:00+00:00
0.352000, 3.62, 1.04, 2025-02-23T08:30:00+00:00, 2025-02-23T09:00:00+00:00
0.426000, 4.15, 1.04, 2025-02-23T09:00:00+00:00, 2025-02-23T09:30:00+00:00
0.311000, 3.45, 1.04, 2025-02-23T09:30:00+00:00, 2025-02-23T10:00:00+00:00
0.377000, 3.61, 1.04, 2025-02-23T10:00:00+00:00, 2025-02-23T10:30:00+00:00
0.259000, 3.03, 1.04, 2025-02-23T10:30:00+00:00, 2025-02-23T11:00:00+00:00
0.245000, 1.9, 1.04, 2025-02-23T11:00:00+00:00, 2025-02-23T11:30:00+00:00
0.642000, 6.23, 1.04, 2025-02-23T11:30:00+00:00, 2025-02-23T12:00:00+00:00
0.788000, 5.84, 1.04, 2025-02-23T12:00:00+00:00, 2025-02-23T12:30:00+00:00
0.861000, 7.21, 1.04, 2025-02-23T12:30:00+00:00, 2025-02-23T13:00:00+00:00
0.191000, 1.47, 1.04, 2025-02-23T13:00:00+00:00, 2025-02-23T13:30:00+00:00
0.239000, 1.78, 1.04, 2025-02-23T13:30:00+00:00, 2025-02-23T14:00:00+00:00
0.236000, 2.24, 1.04, 2025-02-23T14:00:00+00:00, 2025-02-23T14:30:00+00:00
0.259000, 1.92, 1.04, 2025-02-23T14:30:00+00:00, 2025-02-23T15:00:00+00:00
0.240000, 2.91, 1.04, 2025-02-23T15:00:00+00:00, 2025-02-23T15:30:00+00:00
0.336000, 4.45, 1.04, 2025-02-23T15:30:00+00:00, 2025-02-23T16:00:00+00:00
0.358000, 9.33, 1.04, 2025-02-23T16:00:00+00:00, 2025-02-23T16:30:00+00:00
0.341000, 9.71, 1.04, 2025-02-23T16:30:00+00:00, 2025-02-23T17:00:00+00:00
0.368000, 12.43, 1.04, 2025-02-23T17:00:00+00:00, 2025-02-23T17:30:00+00:00
0.706000, 24.34, 1.04, 2025-02-23T17:30:00+00:00, 2025-02-23T18:00:00+00:00
1.524000, 55.59, 1.04, 2025-02-23T18:00:00+00:00, 2025-02-23T18:30:00+00:00
0.979000, 33.34, 1.04, 2025-02-23T18:30:00+00:00, 2025-02-23T19:00:00+00:00
0.380000, 7.31, 1.04, 2025-02-23T19:00:00+00:00, 2025-02-23T19:30:00+00:00
0.605000, 8.39, 1.04, 2025-02-23T19:30:00+00:00, 2025-02-23T20:00:00+00:00
0.404000, 6.15, 1.04, 2025-02-23T20:00:00+00:00, 2025-02-23T20:30:00+00:00
0.488000, 5.32, 1.04, 2025-02-23T20:30:00+00:00, 2025-02-23T21:00:00+00:00
0.552000, 7.98, 1.04, 2025-02-23T21:00:00+00:00, 2025-02-23T21:30:00+00:00
0.365000, 2.77, 1.04, 2025-02-23T21:30:00+00:00, 2025-02-23T22:00:00+00:00
0.360000, 3.56, 1.04, 2025-02-23T22:00:00+00:00, 2025-02-23T22:30:00+00:00
0.616000, 1.63, 1.04, 2025-02-23T22:30:00+00:00, 2025-02-23T23:00:00+00:00
0.273000, 1.5, 1.04, 2025-02-23T23:00:00+00:00, 2025-02-23T23:30:00+00:00
0.238000, 1.27, 1.04, 2025-02-23T23:30:00+00:00, 2025-02-24T00:00:00+00:00
0.311000, 0.51, 1.04, 2025-02-24T00:00:00+00:00, 2025-02-24T00:30:00+00:00
0.249000, 1.37, 1.04, 2025-02-24T00:30:00+00:00, 2025-02-24T01:00:00+00:00
0.209000, 0.97, 1.04, 2025-02-24T01:00:00+00:00, 2025-02-24T01:30:00+00:00
0.184000, 0.62, 1.04, 2025-02-24T01:30:00+00:00, 2025-02-24T02:00:00+00:00
0.200000, 0.71, 1.04, 2025-02-24T02:00:00+00:00, 2025-02-24T02:30:00+00:00
0.199000, 0.53, 1.04, 2025-02-24T02:30:00+00:00, 2025-02-24T03:00:00+00:00
0.236000, 0.83, 1.04, 2025-02-24T03:00:00+00:00, 2025-02-24T03:30:00+00:00
0.171000, 0.6, 1.04, 2025-02-24T03:30:00+00:00, 2025-02-24T04:00:00+00:00
0.206000, 0.73, 1.04, 2025-02-24T04:00:00+00:00, 2025-02-24T04:30:00+00:00
0.215000, 0.47, 1.04, 2025-02-24T04:30:00+00:00, 2025-02-24T05:00:00+00:00
0.213000, 1.5, 1.04, 2025-02-24T05:00:00+00:00, 2025-02-24T05:30:00+00:00
0.184000, 1.79, 1.04, 2025-02-24T05:30:00+00:00, 2025-02-24T06:00:00+00:00
0.190000, 1.99, 1.04, 2025-02-24T06:00:00+00:00, 2025-02-24T06:30:00+00:00
0.242000, 4.86, 1.04, 2025-02-24T06:30:00+00:00, 2025-02-24T07:00:00+00:00
0.234000, 4.9, 1.04, 2025-02-24T07:00:00+00:00, 2025-02-24T07:30:00+00:00
0.280000, 6.17, 1.04, 2025-02-24T07:30:00+00:00, 2025-02-24T08:00:00+00:00
0.236000, 4.89, 1.04, 2025-02-24T08:00:00+00:00, 2025-02-24T08:30:00+00:00
0.408000, 8.64, 1.04, 2025-02-24T08:30:00+00:00, 2025-02-24T09:00:00+00:00
0.285000, 5.84, 1.04, 2025-02-24T09:00:00+00:00, 2025-02-24T09:30:00+00:00
0.250000, 4.58, 1.04, 2025-02-24T09:30:00+00:00, 2025-02-24T10:00:00+00:00
0.121000, 2.08, 1.04, 2025-02-24T10:00:00+00:00, 2025-02-24T10:30:00+00:00
0.686000, 10.59, 1.04, 2025-02-24T10:30:00+00:00, 2025-02-24T11:00:00+00:00
0.431000, 7.07, 1.04, 2025-02-24T11:00:00+00:00, 2025-02-24T11:30:00+00:00
0.185000, 2.81, 1.04, 2025-02-24T11:30:00+00:00, 2025-02-24T12:00:00+00:00
0.955000, 14.66, 1.04, 2025-02-24T12:00:00+00:00, 2025-02-24T12:30:00+00:00
0.126000, 1.93, 1.04, 2025-02-24T12:30:00+00:00, 2025-02-24T13:00:00+00:00
0.265000, 4.02, 1.04, 2025-02-24T13:00:00+00:00, 2025-02-24T13:30:00+00:00
0.356000, 5.46, 1.04, 2025-02-24T13:30:00+00:00, 2025-02-24T14:00:00+00:00
0.328000, 5.51, 1.04, 2025-02-24T14:00:00+00:00, 2025-02-24T14:30:00+00:00
0.293000, 5.27, 1.04, 2025-02-24T14:30:00+00:00, 2025-02-24T15:00:00+00:00
0.326000, 6.11, 1.04, 2025-02-24T15:00:00+00:00, 2025-02-24T15:30:00+00:00
0.396000, 7.07, 1.04, 2025-02-24T15:30:00+00:00, 2025-02-24T16:00:00+00:00
0.517000, 15.29, 1.04, 2025-02-24T16:00:00+00:00, 2025-02-24T16:30:00+00:00
0.345000, 12.56, 1.04, 2025-02-24T16:30:00+00:00, 2025-02-24T17:00:00+00:00
0.360000, 13.81, 1.04, 2025-02-24T17:00:00+00:00, 2025-02-24T17:30:00+00:00
0.543000, 22.65, 1.04, 2025-02-24T17:30:00+00:00, 2025-02-24T18:00:00+00:00
1.355000, 55.97, 1.04, 2025-02-24T18:00:00+00:00, 2025-02-24T18:30:00+00:00
1.165000, 44.22, 1.04, 2025-02-24T18:30:00+00:00, 2025-02-24T19:00:00+00:00
0.849000, 22.46, 1.04, 2025-02-24T19:00:00+00:00, 2025-02-24T19:30:00+00:00
0.442000, 10.62, 1.04, 2025-02-24T19:30:00+00:00, 2025-02-24T20:00:00+00:00
0.926000, 21.42, 1.04, 2025-02-24T20:00:00+00:00, 2025-02-24T20:30:00+00:00
0.389000, 8.06, 1.04, 2025-02-24T20:30:00+00:00, 2025-02-24T21:00:00+00:00
0.444000, 8.81, 1.04, 2025-02-24T21:00:00+00:00, 2025-02-24T21:30:00+00:00
0.456000, 8.65, 1.04, 2025-02-24T21:30:00+00:00, 2025-02-24T22:00:00+00:00
0.356000, 8.32, 1.04, 2025-02-24T22:00:00+00:00, 2025-02-24T22:30:00+00:00
0.417000, 6.48, 1.04, 2025-02-24T22:30:00+00:00, 2025-02-24T23:00:00+00:00
0.320000, 5.91, 1.04, 2025-02-24T23:00:00+00:00, 2025-02-24T23:30:00+00:00
0.222000, 3.43, 1.04, 2025-02-24T23:30:00+00:00, 2025-02-25T00:00:00+00:00
0.204000, 3.15, 1.04, 2025-02-25T00:00:00+00:00, 2025-02-25T00:30:00+00:00
0.232000, 4.09, 1.04, 2025-02-25T00:30:00+00:00, 2025-02-25T01:00:00+00:00
0.200000, 3.32, 1.04, 2025-02-25T01:00:00+00:00, 2025-02-25T01:30:00+00:00
0.224000, 3.46, 1.04, 2025-02-25T01:30:00+00:00, 2025-02-25T02:00:00+00:00
0.187000, 2.97, 1.04, 2025-02-25T02:00:00+00:00, 2025-02-25T02:30:00+00:00
0.227000, 3.5, 1.04, 2025-02-25T02:30:00+00:00, 2025-02-25T03:00:00+00:00
0.201000, 3.28, 1.04, 2025-02-25T03:00:00+00:00, 2025-02-25T03:30:00+00:00
0.230000, 3.53, 1.04, 2025-02-25T03:30:00+00:00, 2025-02-25T04:00:00+00:00
0.197000, 3.39, 1.04, 2025-02-25T04:00:00+00:00, 2025-02-25T04:30:00+00:00
0.204000, 3.15, 1.04, 2025-02-25T04:30:00+00:00, 2025-02-25T05:00:00+00:00
0.197000, 4.18, 1.04, 2025-02-25T05:00:00+00:00, 2025-02-25T05:30:00+00:00
0.233000, 5.08, 1.04, 2025-02-25T05:30:00+00:00, 2025-02-25T06:00:00+00:00
0.207000, 5.16, 1.04, 2025-02-25T06:00:00+00:00, 2025-02-25T06:30:00+00:00
0.212000, 5.84, 1.04, 2025-02-25T06:30:00+00:00, 2025-02-25T07:00:00+00:00
0.215000, 5.88, 1.04, 2025-02-25T07:00:00+00:00, 2025-02-25T07:30:00+00:00
0.275000, 7.59, 1.04, 2025-02-25T07:30:00+00:00, 2025-02-25T08:00:00+00:00
0.291000, 8.06, 1.04, 2025-02-25T08:00:00+00:00, 2025-02-25T08:30:00+00:00
0.253000, 6.81, 1.04, 2025-02-25T08:30:00+00:00, 2025-02-25T09:00:00+00:00
0.250000, 6.28, 1.04, 2025-02-25T09:00:00+00:00, 2025-02-25T09:30:00+00:00
0.089000, 2.02, 1.04, 2025-02-25T09:30:00+00:00, 2025-02-25T10:00:00+00:00
0.055000, 1.13, 1.04, 2025-02-25T10:00:00+00:00, 2025-02-25T10:30:00+00:00
0.022000, 0.4, 1.04, 2025-02-25T10:30:00+00:00, 2025-02-25T11:00:00+00:00
0.106000, 2.19, 1.04, 2025-02-25T11:00:00+00:00, 2025-02-25T11:30:00+00:00
0.035000, 0.68, 1.04, 2025-02-25T11:30:00+00:00, 2025-02-25T12:00:00+00:00
0.280000, 5.46, 1.04, 2025-02-25T12:00:00+00:00, 2025-02-25T12:30:00+00:00
0.287000, 5.38, 1.04, 2025-02-25T12:30:00+00:00, 2025-02-25T13:00:00+00:00
0.123000, 2.15, 1.04, 2025-02-25T13:00:00+00:00, 2025-02-25T13:30:00+00:00
0.066000, 1.15, 1.04, 2025-02-25T13:30:00+00:00, 2025-02-25T14:00:00+00:00
0.029000, 0.54, 1.04, 2025-02-25T14:00:00+00:00, 2025-02-25T14:30:00+00:00
0.003000, 0.06, 1.04, 2025-02-25T14:30:00+00:00, 2025-02-25T15:00:00+00:00
0.074000, 1.49, 1.04, 2025-02-25T15:00:00+00:00, 2025-02-25T15:30:00+00:00
0.150000, 3.18, 1.04, 2025-02-25T15:30:00+00:00, 2025-02-25T16:00:00+00:00
0.133000, 4.11, 1.04, 2025-02-25T16:00:00+00:00, 2025-02-25T16:30:00+00:00
0.294000, 10.8, 1.04, 2025-02-25T16:30:00+00:00, 2025-02-25T17:00:00+00:00
0.627000, 24.49, 1.04, 2025-02-25T17:00:00+00:00, 2025-02-25T17:30:00+00:00
1.055000, 43.07, 1.04, 2025-02-25T17:30:00+00:00, 2025-02-25T18:00:00+00:00
0.379000, 16.48, 1.04, 2025-02-25T18:00:00+00:00, 2025-02-25T18:30:00+00:00
0.434000, 17.56, 1.04, 2025-02-25T18:30:00+00:00, 2025-02-25T19:00:00+00:00
0.835000, 22.98, 1.04, 2025-02-25T19:00:00+00:00, 2025-02-25T19:30:00+00:00
0.706000, 18.68, 1.04, 2025-02-25T19:30:00+00:00, 2025-02-25T20:00:00+00:00
0.510000, 12.37, 1.04, 2025-02-25T20:00:00+00:00, 2025-02-25T20:30:00+00:00
0.609000, 13.86, 1.04, 2025-02-25T20:30:00+00:00, 2025-02-25T21:00:00+00:00
0.322000, 6.95, 1.04, 2025-02-25T21:00:00+00:00, 2025-02-25T21:30:00+00:00
0.364000, 7.71, 1.04, 2025-02-25T21:30:00+00:00, 2025-02-25T22:00:00+00:00
0.379000, 8.36, 1.04, 2025-02-25T22:00:00+00:00, 2025-02-25T22:30:00+00:00
0.278000, 5.48, 1.04, 2025-02-25T22:30:00+00:00, 2025-02-25T23:00:00+00:00
0.236000, 5, 1.04, 2025-02-25T23:00:00+00:00, 2025-02-25T23:30:00+00:00
0.212000, 4.3, 1.04, 2025-02-25T23:30:00+00:00, 2025-02-26T00:00:00+00:00
0.219000, 4.3, 1.04, 2025-02-26T00:00:00+00:00, 2025-02-26T00:30:00+00:00
0.231000, 5.06, 1.04, 2025-02-26T00:30:00+00:00, 2025-02-26T01:00:00+00:00
0.224000, 4.86, 1.04, 2025-02-26T01:00:00+00:00, 2025-02-26T01:30:00+00:00
0.228000, 4.67, 1.04, 2025-02-26T01:30:00+00:00, 2025-02-26T02:00:00+00:00
0.190000, 3.98, 1.04, 2025-02-26T02:00:00+00:00, 2025-02-26T02:30:00+00:00
0.244000, 4.84, 1.04, 2025-02-26T02:30:00+00:00, 2025-02-26T03:00:00+00:00
0.202000, 4.16, 1.04, 2025-02-26T03:00:00+00:00, 2025-02-26T03:30:00+00:00
0.208000, 4.16, 1.04, 2025-02-26T03:30:00+00:00, 2025-02-26T04:00:00+00:00
0.210000, 4.4, 1.04, 2025-02-26T04:00:00+00:00, 2025-02-26T04:30:00+00:00
0.208000, 3.85, 1.04, 2025-02-26T04:30:00+00:00, 2025-02-26T05:00:00+00:00
0.225000, 4.84, 1.04, 2025-02-26T05:00:00+00:00, 2025-02-26T05:30:00+00:00
0.206000, 3.82, 1.04, 2025-02-26T05:30:00+00:00, 2025-02-26T06:00:00+00:00
0.269000, 6.38, 1.04, 2025-02-26T06:00:00+00:00, 2025-02-26T06:30:00+00:00
0.210000, 6.02, 1.04, 2025-02-26T06:30:00+00:00, 2025-02-26T07:00:00+00:00
0.278000, 7.23, 1.04, 2025-02-26T07:00:00+00:00, 2025-02-26T07:30:00+00:00
0.230000, 6.34, 1.04, 2025-02-26T07:30:00+00:00, 2025-02-26T08:00:00+00:00
0.297000, 7.73, 1.04, 2025-02-26T08:00:00+00:00, 2025-02-26T08:30:00+00:00
0.449000, 11.92, 1.04, 2025-02-26T08:30:00+00:00, 2025-02-26T09:00:00+00:00
0.658000, 15.52, 1.04, 2025-02-26T09:00:00+00:00, 2025-02-26T09:30:00+00:00
0.050000, 1.14, 1.04, 2025-02-26T09:30:00+00:00, 2025-02-26T10:00:00+00:00
0.010000, 0.21, 1.04, 2025-02-26T10:00:00+00:00, 2025-02-26T10:30:00+00:00
0.041000, 0.79, 1.04, 2025-02-26T10:30:00+00:00, 2025-02-26T11:00:00+00:00
0.025000, 0.46, 1.04, 2025-02-26T11:00:00+00:00, 2025-02-26T11:30:00+00:00
0.004000, 0.07, 1.04, 2025-02-26T11:30:00+00:00, 2025-02-26T12:00:00+00:00
0.080000, 1.48, 1.04, 2025-02-26T12:00:00+00:00, 2025-02-26T12:30:00+00:00
0.082000, 1.5, 1.04, 2025-02-26T12:30:00+00:00, 2025-02-26T13:00:00+00:00
0.030000, 0.56, 1.04, 2025-02-26T13:00:00+00:00, 2025-02-26T13:30:00+00:00
0.186000, 3.4, 1.04, 2025-02-26T13:30:00+00:00, 2025-02-26T14:00:00+00:00
0.271000, 5.02, 1.04, 2025-02-26T14:00:00+00:00, 2025-02-26T14:30:00+00:00
0.121000, 2.24, 1.04, 2025-02-26T14:30:00+00:00, 2025-02-26T15:00:00+00:00
0.131000, 2.71, 1.04, 2025-02-26T15:00:00+00:00, 2025-02-26T15:30:00+00:00
0.132000, 2.79, 1.04, 2025-02-26T15:30:00+00:00, 2025-02-26T16:00:00+00:00
0.168000, 5.6, 1.04, 2025-02-26T16:00:00+00:00, 2025-02-26T16:30:00+00:00
0.331000, 12.04, 1.04, 2025-02-26T16:30:00+00:00, 2025-02-26T17:00:00+00:00
0.379000, 14.47, 1.04, 2025-02-26T17:00:00+00:00, 2025-02-26T17:30:00+00:00
0.472000, 19.73, 1.04, 2025-02-26T17:30:00+00:00, 2025-02-26T18:00:00+00:00
0.631000, 26.73, 1.04, 2025-02-26T18:00:00+00:00, 2025-02-26T18:30:00+00:00
0.370000, 15.41, 1.04, 2025-02-26T18:30:00+00:00, 2025-02-26T19:00:00+00:00
0.334000, 9.21, 1.04, 2025-02-26T19:00:00+00:00, 2025-02-26T19:30:00+00:00
0.328000, 8.49, 1.04, 2025-02-26T19:30:00+00:00, 2025-02-26T20:00:00+00:00
0.459000, 10.22, 1.04, 2025-02-26T20:00:00+00:00, 2025-02-26T20:30:00+00:00
0.442000, 8.38, 1.04, 2025-02-26T20:30:00+00:00, 2025-02-26T21:00:00+00:00
0.335000, 7.46, 1.04, 2025-02-26T21:00:00+00:00, 2025-02-26T21:30:00+00:00
0.259000, 5.67, 1.04, 2025-02-26T21:30:00+00:00, 2025-02-26T22:00:00+00:00
0.274000, 5.86, 1.04, 2025-02-26T22:00:00+00:00, 2025-02-26T22:30:00+00:00
0.220000, 4.27, 1.04, 2025-02-26T22:30:00+00:00, 2025-02-26T23:00:00+00:00
0.229000, 4.37, 1.04, 2025-02-26T23:00:00+00:00, 2025-02-26T23:30:00+00:00
0.288000, 5.39, 1.04, 2025-02-26T23:30:00+00:00, 2025-02-27T00:00:00+00:00
0.247000, 4.4, 1.04, 2025-02-27T00:00:00+00:00, 2025-02-27T00:30:00+00:00
0.254000, 4.93, 1.04, 2025-02-27T00:30:00+00:00, 2025-02-27T01:00:00+00:00
0.197000, 3.71, 1.04, 2025-02-27T01:00:00+00:00, 2025-02-27T01:30:00+00:00
0.192000, 3.39, 1.04, 2025-02-27T01:30:00+00:00, 2025-02-27T02:00:00+00:00
0.218000, 4.1, 1.04, 2025-02-27T02:00:00+00:00, 2025-02-27T02:30:00+00:00
0.221000, 3.85, 1.04, 2025-02-27T02:30:00+00:00, 2025-02-27T03:00:00+00:00
0.215000, 3.84, 1.04, 2025-02-27T03:00:00+00:00, 2025-02-27T03:30:00+00:00
0.180000, 3.06, 1.04, 2025-02-27T03:30:00+00:00, 2025-02-27T04:00:00+00:00
0.199000, 3.73, 1.04, 2025-02-27T04:00:00+00:00, 2025-02-27T04:30:00+00:00
0.239000, 4.16, 1.04, 2025-02-27T04:30:00+00:00, 2025-02-27T05:00:00+00:00
0.227000, 4.7, 1.04, 2025-02-27T05:00:00+00:00, 2025-02-27T05:30:00+00:00
0.179000, 3.39, 1.04, 2025-02-27T05:30:00+00:00, 2025-02-27T06:00:00+00:00
0.199000, 4.35, 1.04, 2025-02-27T06:00:00+00:00, 2025-02-27T06:30:00+00:00
0.259000, 7.14, 1.04, 2025-02-27T06:30:00+00:00, 2025-02-27T07:00:00+00:00
0.223000, 6.29, 1.04, 2025-02-27T07:00:00+00:00, 2025-02-27T07:30:00+00:00
0.197000, 5.73, 1.04, 2025-02-27T07:30:00+00:00, 2025-02-27T08:00:00+00:00
0.142000, 3.71, 1.04, 2025-02-27T08:00:00+00:00, 2025-02-27T08:30:00+00:00
0.106000, 2.58, 1.04, 2025-02-27T08:30:00+00:00, 2025-02-27T09:00:00+00:00
0.052000, 1.16, 1.04, 2025-02-27T09:00:00+00:00, 2025-02-27T09:30:00+00:00
0.014000, 0.25, 1.04, 2025-02-27T09:30:00+00:00, 2025-02-27T10:00:00+00:00
0.146000, 2.83, 1.04, 2025-02-27T10:00:00+00:00, 2025-02-27T10:30:00+00:00
0.447000, 7.79, 1.04, 2025-02-27T10:30:00+00:00, 2025-02-27T11:00:00+00:00
0.008000, 0.14, 1.04, 2025-02-27T11:00:00+00:00, 2025-02-27T11:30:00+00:00
0.008000, 0.14, 1.04, 2025-02-27T11:30:00+00:00, 2025-02-27T12:00:00+00:00
0.007000, 0.12, 1.04, 2025-02-27T12:00:00+00:00, 2025-02-27T12:30:00+00:00
0.001000, 0.02, 1.04, 2025-02-27T12:30:00+00:00, 2025-02-27T13:00:00+00:00
0.010000, 0.17, 1.04, 2025-02-27T13:00:00+00:00, 2025-02-27T13:30:00+00:00
0.108000, 1.88, 1.04, 2025-02-27T13:30:00+00:00, 2025-02-27T14:00:00+00:00
0.086000, 1.46, 1.04, 2025-02-27T14:00:00+00:00, 2025-02-27T14:30:00+00:00
0.071000, 1.21, 1.04, 2025-02-27T14:30:00+00:00, 2025-02-27T15:00:00+00:00
0.024000, 0.42, 1.04, 2025-02-27T15:00:00+00:00, 2025-02-27T15:30:00+00:00
0.063000, 1.23, 1.04, 2025-02-27T15:30:00+00:00, 2025-02-27T16:00:00+00:00
0.133000, 4.14, 1.04, 2025-02-27T16:00:00+00:00, 2025-02-27T16:30:00+00:00
0.172000, 5.87, 1.04, 2025-02-27T16:30:00+00:00, 2025-02-27T17:00:00+00:00
0.219000, 7.64, 1.04, 2025-02-27T17:00:00+00:00, 2025-02-27T17:30:00+00:00
0.298000, 11.97, 1.04, 2025-02-27T17:30:00+00:00, 2025-02-27T18:00:00+00:00
0.399000, 16.3, 1.04, 2025-02-27T18:00:00+00:00, 2025-02-27T18:30:00+00:00
0.372000, 14.99, 1.04, 2025-02-27T18:30:00+00:00, 2025-02-27T19:00:00+00:00
0.371000, 9.73, 1.04, 2025-02-27T19:00:00+00:00, 2025-02-27T19:30:00+00:00
0.388000, 9.44, 1.04, 2025-02-27T19:30:00+00:00, 2025-02-27T20:00:00+00:00
0.319000, 7.6, 1.04, 2025-02-27T20:00:00+00:00, 2025-02-27T20:30:00+00:00
0.378000, 8.27, 1.04, 2025-02-27T20:30:00+00:00, 2025-02-27T21:00:00+00:00
0.276000, 6.35, 1.04, 2025-02-27T21:00:00+00:00, 2025-02-27T21:30:00+00:00
0.261000, 5.12, 1.04, 2025-02-27T21:30:00+00:00, 2025-02-27T22:00:00+00:00
0.211000, 4.32, 1.04, 2025-02-27T22:00:00+00:00, 2025-02-27T22:30:00+00:00
0.228000, 4.62, 1.04, 2025-02-27T22:30:00+00:00, 2025-02-27T23:00:00+00:00
0.190000, 4.15, 1.04, 2025-02-27T23:00:00+00:00, 2025-02-27T23:30:00+00:00
0.214000, 4.25, 1.04, 2025-02-27T23:30:00+00:00, 2025-02-28T00:00:00+00:00
0.203000, 4.21, 1.04, 2025-02-28T00:00:00+00:00, 2025-02-28T00:30:00+00:00
0.213000, 4.74, 1.04, 2025-02-28T00:30:00+00:00, 2025-02-28T01:00:00+00:00
0.195000, 4.12, 1.04, 2025-02-28T01:00:00+00:00, 2025-02-28T01:30:00+00:00
0.207000, 4.13, 1.04, 2025-02-28T01:30:00+00:00, 2025-02-28T02:00:00+00:00
0.208000, 4.24, 1.04, 2025-02-28T02:00:00+00:00, 2025-02-28T02:30:00+00:00
0.209000, 4.06, 1.04, 2025-02-28T02:30:00+00:00, 2025-02-28T03:00:00+00:00
0.196000, 3.87, 1.04, 2025-02-28T03:00:00+00:00, 2025-02-28T03:30:00+00:00
0.212000, 4.04, 1.04, 2025-02-28T03:30:00+00:00, 2025-02-28T04:00:00+00:00
0.203000, 4.12, 1.04, 2025-02-28T04:00:00+00:00, 2025-02-28T04:30:00+00:00
0.191000, 3.91, 1.04, 2025-02-28T04:30:00+00:00, 2025-02-28T05:00:00+00:00
0.218000, 4.45, 1.04, 2025-02-28T05:00:00+00:00, 2025-02-28T05:30:00+00:00
0.184000, 3.65, 1.04, 2025-02-28T05:30:00+00:00, 2025-02-28T06:00:00+00:00
0.216000, 5.2, 1.04, 2025-02-28T06:00:00+00:00, 2025-02-28T06:30:00+00:00
0.211000, 6.25, 1.04, 2025-02-28T06:30:00+00:00, 2025-02-28T07:00:00+00:00
0.247000, 6.51, 1.04, 2025-02-28T07:00:00+00:00, 2025-02-28T07:30:00+00:00
0.213000, 5.87, 1.04, 2025-02-28T07:30:00+00:00, 2025-02-28T08:00:00+00:00
0.311000, 8.23, 1.04, 2025-02-28T08:00:00+00:00, 2025-02-28T08:30:00+00:00
0.192000, 5.07, 1.04, 2025-02-28T08:30:00+00:00, 2025-02-28T09:00:00+00:00
0.194000, 5.05, 1.04, 2025-02-28T09:00:00+00:00, 2025-02-28T09:30:00+00:00
0.125000, 2.81, 1.04, 2025-02-28T09:30:00+00:00, 2025-02-28T10:00:00+00:00
0.130000, 2.79, 1.04, 2025-02-28T10:00:00+00:00, 2025-02-28T10:30:00+00:00
0.075000, 1.48, 1.04, 2025-02-28T10:30:00+00:00, 2025-02-28T11:00:00+00:00
0.047000, 0.89, 1.04, 2025-02-28T11:00:00+00:00, 2025-02-28T11:30:00+00:00
0.002000, 0.04, 1.04, 2025-02-28T11:30:00+00:00, 2025-02-28T12:00:00+00:00
0.015000, 0.27, 1.04, 2025-02-28T12:00:00+00:00, 2025-02-28T12:30:00+00:00
0.020000, 0.37, 1.04, 2025-02-28T12:30:00+00:00, 2025-02-28T13:00:00+00:00
0.020000, 0.38, 1.04, 2025-02-28T13:00:00+00:00, 2025-02-28T13:30:00+00:00
0.022000, 0.41, 1.04, 2025-02-28T13:30:00+00:00, 2025-02-28T14:00:00+00:00
0.012000, 0.23, 1.04, 2025-02-28T14:00:00+00:00, 2025-02-28T14:30:00+00:00
0.016000, 0.31, 1.04, 2025-02-28T14:30:00+00:00, 2025-02-28T15:00:00+00:00
0.019000, 0.38, 1.04, 2025-02-28T15:00:00+00:00, 2025-02-28T15:30:00+00:00
0.058000, 1.25, 1.04, 2025-02-28T15:30:00+00:00, 2025-02-28T16:00:00+00:00
0.611000, 20.23, 1.04, 2025-02-28T16:00:00+00:00, 2025-02-28T16:30:00+00:00
0.747000, 26.21, 1.04, 2025-02-28T16:30:00+00:00, 2025-02-28T17:00:00+00:00
0.388000, 14.81, 1.04, 2025-02-28T17:00:00+00:00, 2025-02-28T17:30:00+00:00
0.755000, 30.51, 1.04, 2025-02-28T17:30:00+00:00, 2025-02-28T18:00:00+00:00
0.657000, 27.81, 1.04, 2025-02-28T18:00:00+00:00, 2025-02-28T18:30:00+00:00
0.442000, 17.87, 1.04, 2025-02-28T18:30:00+00:00, 2025-02-28T19:00:00+00:00
0.356000, 9.46, 1.04, 2025-02-28T19:00:00+00:00, 2025-02-28T19:30:00+00:00
0.349000, 8.6, 1.04, 2025-02-28T19:30:00+00:00, 2025-02-28T20:00:00+00:00
0.497000, 11.73, 1.04, 2025-02-28T20:00:00+00:00, 2025-02-28T20:30:00+00:00
0.338000, 6.71, 1.04, 2025-02-28T20:30:00+00:00, 2025-02-28T21:00:00+00:00
0.350000, 7.72, 1.04, 2025-02-28T21:00:00+00:00, 2025-02-28T21:30:00+00:00
0.338000, 7.38, 1.04, 2025-02-28T21:30:00+00:00, 2025-02-28T22:00:00+00:00
0.234000, 4.87, 1.04, 2025-02-28T22:00:00+00:00, 2025-02-28T22:30:00+00:00
0.201000, 4.03, 1.04, 2025-02-28T22:30:00+00:00, 2025-02-28T23:00:00+00:00
0.210000, 4.48, 1.04, 2025-02-28T23:00:00+00:00, 2025-02-28T23:30:00+00:00
0.241000, 5.37, 1.04, 2025-02-28T23:30:00+00:00, 2025-02-28T23:59:59.999000+00:00
