Consumption (kwh), Estimated Cost Inc. Tax (p), Standing Charge Inc. Tax (p), Start, End
1.283000, 12.45, 1.04, 2025-11-01T00:00:00+00:00, 2025-11-01T00:30:00+00:00
1.278000, 12.83, 1.04, 2025-11-01T00:30:00+00:00, 2025-11-01T01:00:00+00:00
1.291000, 11.25, 1.04, 2025-11-01T01:00:00+00:00, 2025-11-01T01:30:00+00:00
1.261000, 4.63, 1.04, 2025-11-01T01:30:00+00:00, 2025-11-01T02:00:00+00:00
1.188000, 4.17, 1.04, 2025-11-01T02:00:00+00:00, 2025-11-01T02:30:00+00:00
0.370000, 1.22, 1.04, 2025-11-01T02:30:00+00:00, 2025-11-01T03:00:00+00:00
0.220000, 0.85, 1.04, 2025-11-01T03:00:00+00:00, 2025-11-01T03:30:00+00:00
0.193000, 0.6, 1.04, 2025-11-01T03:30:00+00:00, 2025-11-01T04:00:00+00:00
0.213000, 0.66, 1.04, 2025-11-01T04:00:00+00:00, 2025-11-01T04:30:00+00:00
0.209000, 0.57, 1.04, 2025-11-01T04:30:00+00:00, 2025-11-01T05:00:00+00:00
0.228000, 0.62, 1.04, 2025-11-01T05:00:00+00:00, 2025-11-01T05:30:00+00:00
0.186000, 0.58, 1.04, 2025-11-01T05:30:00+00:00, 2025-11-01T06:00:00+00:00
0.223000, 0.49, 1.04, 2025-11-01T06:00:00+00:00, 2025-11-01T06:30:00+00:00
0.235000, 1.66, 1.04, 2025-11-01T06:30:00+00:00, 2025-11-01T07:00:00+00:00
0.249000, 0.44, 1.04, 2025-11-01T07:00:00+00:00, 2025-11-01T07:30:00+00:00
0.014000, 0.11, 1.04, 2025-11-01T07:30:00+00:00, 2025-11-01T08:00:00+00:00
0.001000, 0, 1.04, 2025-11-01T08:00:00+00:00, 2025-11-01T08:30:00+00:00
0.003000, 0.02, 1.04, 2025-11-01T08:30:00+00:00, 2025-11-01T09:00:00+00:00
0.001000, 0, 1.04, 2025-11-01T09:00:00+00:00, 2025-11-01T09:30:00+00:00
0.001000, 0, 1.04, 2025-11-01T09:30:00+00:00, 2025-11-01T10:00:00+00:00
0.002000, 0.01, 1.04, 2025-11-01T10:00:00+00:00, 2025-11-01T10:30:00+00:00
0.005000, 0.02, 1.04, 2025-11-01T10:30:00+00:00, 2025-11-01T11:00:00+00:00
0.005000, 0.03, 1.04, 2025-11-01T11:00:00+00:00, 2025-11-01T11:30:00+00:00
0.004000, 0.02, 1.04, 2025-11-01T11:30:00+00:00, 2025-11-01T12:00:00+00:00
0.002000, 0.01, 1.04, 2025-11-01T12:00:00+00:00, 2025-11-01T12:30:00+00:00
0.004000, 0.02, 1.04, 2025-11-01T12:30:00+00:00, 2025-11-01T13:00:00+00:00
0.045000, 0.28, 1.04, 2025-11-01T13:00:00+00:00, 2025-11-01T13:30:00+00:00
0.007000, 0.04, 1.04, 2025-11-01T13:30:00+00:00, 2025-11-01T14:00:00+00:00
0.126000, 0.78, 1.04, 2025-11-01T14:00:00+00:00, 2025-11-01T14:30:00+00:00
0.004000, 0.04, 1.04, 2025-11-01T14:30:00+00:00, 2025-11-01T15:00:00+00:00
0.002000, 0.02, 1.04, 2025-11-01T15:00:00+00:00, 2025-11-01T15:30:00+00:00
0.003000, 0.04, 1.04, 2025-11-01T15:30:00+00:00, 2025-11-01T16:00:00+00:00
0.003000, 0.08, 1.04, 2025-11-01T16:00:00+00:00, 2025-11-01T16:30:00+00:00
0.013000, 0.43, 1.04, 2025-11-01T16:30:00+00:00, 2025-11-01T17:00:00+00:00
0.002000, 0.07, 1.04, 2025-11-01T17:00:00+00:00, 2025-11-01T17:30:00+00:00
0.003000, 0.1, 1.04, 2025-11-01T17:30:00+00:00, 2025-11-01T18:00:00+00:00
0.024000, 0.84, 1.04, 2025-11-01T18:00:00+00:00, 2025-11-01T18:30:00+00:00
0.003000, 0.1, 1.04, 2025-11-01T18:30:00+00:00, 2025-11-01T19:00:00+00:00
0.002000, 0.04, 1.04, 2025-11-01T19:00:00+00:00, 2025-11-01T19:30:00+00:00
0.003000, 0.05, 1.04, 2025-11-01T19:30:00+00:00, 2025-11-01T20:00:00+00:00
0.006000, 0.09, 1.04, 2025-11-01T20:00:00+00:00, 2025-11-01T20:30:00+00:00
0.336000, 5.07, 1.04, 2025-11-01T20:30:00+00:00, 2025-11-01T21:00:00+00:00
0.300000, 5.62, 1.04, 2025-11-01T21:00:00+00:00, 2025-11-01T21:30:00+00:00
0.250000, 3.52, 1.04, 2025-11-01T21:30:00+00:00, 2025-11-01T22:00:00+00:00
0.269000, 4.15, 1.04, 2025-11-01T22:00:00+00:00, 2025-11-01T22:30:00+00:00
0.237000, 2.61, 1.04, 2025-11-01T22:30:00+00:00, 2025-11-01T23:00:00+00:00
0.154000, 2.34, 1.04, 2025-11-01T23:00:00+00:00, 2025-11-01T23:30:00+00:00
0.132000, 1.22, 1.04, 2025-11-01T23:30:00+00:00, 2025-11-02T00:00:00+00:00
1.220000, 13.45, 1.04, 2025-11-02T00:00:00+00:00, 2025-11-02T00:30:00+00:00
1.237000, 15.88, 1.04, 2025-11-02T00:30:00+00:00, 2025-11-02T01:00:00+00:00
1.226000, 16.68, 1.04, 2025-11-02T01:00:00+00:00, 2025-11-02T01:30:00+00:00
1.215000, 14.66, 1.04, 2025-11-02T01:30:00+00:00, 2025-11-02T02:00:00+00:00
1.202000, 15.9, 1.04, 2025-11-02T02:00:00+00:00, 2025-11-02T02:30:00+00:00
1.232000, 13.4, 1.04, 2025-11-02T02:30:00+00:00, 2025-11-02T03:00:00+00:00
1.234000, 15.43, 1.04, 2025-11-02T03:00:00+00:00, 2025-11-02T03:30:00+00:00
1.211000, 13.12, 1.04, 2025-11-02T03:30:00+00:00, 2025-11-02T04:00:00+00:00
1.132000, 13.28, 1.04, 2025-11-02T04:00:00+00:00, 2025-11-02T04:30:00+00:00
0.320000, 3.39, 1.04, 2025-11-02T04:30:00+00:00, 2025-11-02T05:00:00+00:00
0.222000, 2.94, 1.04, 2025-11-02T05:00:00+00:00, 2025-11-02T05:30:00+00:00
0.221000, 2.92, 1.04, 2025-11-02T05:30:00+00:00, 2025-11-02T06:00:00+00:00
0.300000, 3.85, 1.04, 2025-11-02T06:00:00+00:00, 2025-11-02T06:30:00+00:00
0.283000, 3.72, 1.04, 2025-11-02T06:30:00+00:00, 2025-11-02T07:00:00+00:00
0.368000, 4.17, 1.04, 2025-11-02T07:00:00+00:00, 2025-11-02T07:30:00+00:00
0.018000, 0.26, 1.04, 2025-11-02T07:30:00+00:00, 2025-11-02T08:00:00+00:00
0.011000, 0.12, 1.04, 2025-11-02T08:00:00+00:00, 2025-11-02T08:30:00+00:00
0.005000, 0.07, 1.04, 2025-11-02T08:30:00+00:00, 2025-11-02T09:00:00+00:00
0.002000, 0.03, 1.04, 2025-11-02T09:00:00+00:00, 2025-11-02T09:30:00+00:00
0.005000, 0.06, 1.04, 2025-11-02T09:30:00+00:00, 2025-11-02T10:00:00+00:00
0.012000, 0.13, 1.04, 2025-11-02T10:00:00+00:00, 2025-11-02T10:30:00+00:00
0.004000, 0.04, 1.04, 2025-11-02T10:30:00+00:00, 2025-11-02T11:00:00+00:00
0.046000, 0.51, 1.04, 2025-11-02T11:00:00+00:00, 2025-11-02T11:30:00+00:00
0.006000, 0.06, 1.04, 2025-11-02T11:30:00+00:00, 2025-11-02T12:00:00+00:00
0.007000, 0.07, 1.04, 2025-11-02T12:00:00+00:00, 2025-11-02T12:30:00+00:00
0.078000, 0.87, 1.04, 2025-11-02T12:30:00+00:00, 2025-11-02T13:00:00+00:00
0.014000, 0.17, 1.04, 2025-11-02T13:00:00+00:00, 2025-11-02T13:30:00+00:00
0.004000, 0.05, 1.04, 2025-11-02T13:30:00+00:00, 2025-11-02T14:00:00+00:00
0.002000, 0.03, 1.04, 2025-11-02T14:00:00+00:00, 2025-11-02T14:30:00+00:00
0.003000, 0.05, 1.04, 2025-11-02T14:30:00+00:00, 2025-11-02T15:00:00+00:00
0.002000, 0.03, 1.04, 2025-11-02T15:00:00+00:00, 2025-11-02T15:30:00+00:00
0.001000, 0.02, 1.04, 2025-11-02T15:30:00+00:00, 2025-11-02T16:00:00+00:00
0.008000, 0.24, 1.04, 2025-11-02T16:00:00+00:00, 2025-11-02T16:30:00+00:00
0.027000, 0.98, 1.04, 2025-11-02T16:30:00+00:00, 2025-11-02T17:00:00+00:00
0.007000, 0.25, 1.04, 2025-11-02T17:00:00+00:00, 2025-11-02T17:30:00+00:00
0.119000, 4.24, 1.04, 2025-11-02T17:30:00+00:00, 2025-11-02T18:00:00+00:00
0.032000, 1.11, 1.04, 2025-11-02T18:00:00+00:00, 2025-11-02T18:30:00+00:00
0.004000, 0.13, 1.04, 2025-11-02T18:30:00+00:00, 2025-11-02T19:00:00+00:00
0.294000, 5.25, 1.04, 2025-11-02T19:00:00+00:00, 2025-11-02T19:30:00+00:00
0.469000, 8.05, 1.04, 2025-11-02T19:30:00+00:00, 2025-11-02T20:00:00+00:00
0.380000, 6.87, 1.04, 2025-11-02T20:00:00+00:00, 2025-11-02T20:30:00+00:00
0.445000, 6.92, 1.04, 2025-11-02T20:30:00+00:00, 2025-11-02T21:00:00+00:00
0.387000, 6.91, 1.04, 2025-11-02T21:00:00+00:00, 2025-11-02T21:30:00+00:00
0.415000, 5.27, 1.04, 2025-11-02T21:30:00+00:00, 2025-11-02T22:00:00+00:00
0.389000, 4.72, 1.04, 2025-11-02T22:00:00+00:00, 2025-11-02T22:30:00+00:00
0.249000, 1.75, 1.04, 2025-11-02T22:30:00+00:00, 2025-11-02T23:00:00+00:00
0.256000, 3.06, 1.04, 2025-11-02T23:00:00+00:00, 2025-11-02T23:30:00+00:00
0.633000, 5.81, 1.04, 2025-11-02T23:30:00+00:00, 2025-11-03T00:00:00+00:00
1.354000, 8.97, 1.04, 2025-11-03T00:00:00+00:00, 2025-11-03T00:30:00+00:00
1.317000, 10.29, 1.04, 2025-11-03T00:30:00+00:00, 2025-11-03T01:00:00+00:00
1.318000, 9.24, 1.04, 2025-11-03T01:00:00+00:00, 2025-11-03T01:30:00+00:00
1.282000, 5.03, 1.04, 2025-11-03T01:30:00+00:00, 2025-11-03T02:00:00+00:00
1.402000, 6.37, 1.04, 2025-11-03T02:00:00+00:00, 2025-11-03T02:30:00+00:00
1.298000, 3.35, 1.04, 2025-11-03T02:30:00+00:00, 2025-11-03T03:00:00+00:00
1.310000, 5.46, 1.04, 2025-11-03T03:00:00+00:00, 2025-11-03T03:30:00+00:00
1.262000, 3.1, 1.04, 2025-11-03T03:30:00+00:00, 2025-11-03T04:00:00+00:00
1.082000, 3.31, 1.04, 2025-11-03T04:00:00+00:00, 2025-11-03T04:30:00+00:00
0.269000, 1.01, 1.04, 2025-11-03T04:30:00+00:00, 2025-11-03T05:00:00+00:00
0.227000, 1.15, 1.04, 2025-11-03T05:00:00+00:00, 2025-11-03T05:30:00+00:00
0.210000, 1.07, 1.04, 2025-11-03T05:30:00+00:00, 2025-11-03T06:00:00+00:00
0.223000, 2.29, 1.04, 2025-11-03T06:00:00+00:00, 2025-11-03T06:30:00+00:00
0.196000, 3.46, 1.04, 2025-11-03T06:30:00+00:00, 2025-11-03T07:00:00+00:00
0.291000, 4.37, 1.04, 2025-11-03T07:00:00+00:00, 2025-11-03T07:30:00+00:00
0.023000, 0.43, 1.04, 2025-11-03T07:30:00+00:00, 2025-11-03T08:00:00+00:00
0.026000, 0.44, 1.04, 2025-11-03T08:00:00+00:00, 2025-11-03T08:30:00+00:00
0.005000, 0.09, 1.04, 2025-11-03T08:30:00+00:00, 2025-11-03T09:00:00+00:00
0.004000, 0.07, 1.04, 2025-11-03T09:00:00+00:00, 2025-11-03T09:30:00+00:00
0.008000, 0.14, 1.04, 2025-11-03T09:30:00+00:00, 2025-11-03T10:00:00+00:00
0.015000, 0.22, 1.04, 2025-11-03T10:00:00+00:00, 2025-11-03T10:30:00+00:00
0.019000, 0.28, 1.04, 2025-11-03T10:30:00+00:00, 2025-11-03T11:00:00+00:00
0.005000, 0.07, 1.04, 2025-11-03T11:00:00+00:00, 2025-11-03T11:30:00+00:00
0.005000, 0.07, 1.04, 2025-11-03T11:30:00+00:00, 2025-11-03T12:00:00+00:00
0.003000, 0.04, 1.04, 2025-11-03T12:00:00+00:00, 2025-11-03T12:30:00+00:00
0.005000, 0.07, 1.04, 2025-11-03T12:30:00+00:00, 2025-11-03T13:00:00+00:00
0.004000, 0.06, 1.04, 2025-11-03T13:00:00+00:00, 2025-11-03T13:30:00+00:00
0.003000, 0.04, 1.04, 2025-11-03T13:30:00+00:00, 2025-11-03T14:00:00+00:00
0.009000, 0.14, 1.04, 2025-11-03T14:00:00+00:00, 2025-11-03T14:30:00+00:00
0.042000, 0.62, 1.04, 2025-11-03T14:30:00+00:00, 2025-11-03T15:00:00+00:00
0.008000, 0.11, 1.04, 2025-11-03T15:00:00+00:00, 2025-11-03T15:30:00+00:00
0.003000, 0.05, 1.04, 2025-11-03T15:30:00+00:00, 2025-11-03T16:00:00+00:00
0.002000, 0.06, 1.04, 2025-11-03T16:00:00+00:00, 2025-11-03T16:30:00+00:00
0.003000, 0.11, 1.04, 2025-11-03T16:30:00+00:00, 2025-11-03T17:00:00+00:00
0.022000, 0.69, 1.04, 2025-11-03T17:00:00+00:00, 2025-11-03T17:30:00+00:00
0.004000, 0.12, 1.04, 2025-11-03T17:30:00+00:00, 2025-11-03T18:00:00+00:00
0.003000, 0.1, 1.04, 2025-11-03T18:00:00+00:00, 2025-11-03T18:30:00+00:00
0.002000, 0.06, 1.04, 2025-11-03T18:30:00+00:00, 2025-11-03T19:00:00+00:00
0.173000, 2.88, 1.04, 2025-11-03T19:00:00+00:00, 2025-11-03T19:30:00+00:00
0.760000, 10.49, 1.04, 2025-11-03T19:30:00+00:00, 2025-11-03T20:00:00+00:00
0.433000, 6.05, 1.04, 2025-11-03T20:00:00+00:00, 2025-11-03T20:30:00+00:00
0.531000, 5.69, 1.04, 2025-11-03T20:30:00+00:00, 2025-11-03T21:00:00+00:00
0.440000, 4.74, 1.04, 2025-11-03T21:00:00+00:00, 2025-11-03T21:30:00+00:00
0.420000, 2.65, 1.04, 2025-11-03T21:30:00+00:00, 2025-11-03T22:00:00+00:00
0.257000, 1.89, 1.04, 2025-11-03T22:00:00+00:00, 2025-11-03T22:30:00+00:00
0.223000, 1.02, 1.04, 2025-11-03T22:30:00+00:00, 2025-11-03T23:00:00+00:00
0.242000, 0.93, 1.04, 2025-11-03T23:00:00+00:00, 2025-11-03T23:30:00+00:00
0.234000, 0.05, 1.04, 2025-11-03T23:30:00+00:00, 2025-11-04T00:00:00+00:00
1.321000, 1.75, 1.04, 2025-11-04T00:00:00+00:00, 2025-11-04T00:30:00+00:00
1.288000, 3.41, 1.04, 2025-11-04T00:30:00+00:00, 2025-11-04T01:00:00+00:00
1.320000, 2.99, 1.04, 2025-11-04T01:00:00+00:00, 2025-11-04T01:30:00+00:00
1.282000, 2.83, 1.04, 2025-11-04T01:30:00+00:00, 2025-11-04T02:00:00+00:00
1.331000, 2.74, 1.04, 2025-11-04T02:00:00+00:00, 2025-11-04T02:30:00+00:00
1.304000, 2.82, 1.04, 2025-11-04T02:30:00+00:00, 2025-11-04T03:00:00+00:00
1.314000, 3.37, 1.04, 2025-11-04T03:00:00+00:00, 2025-11-04T03:30:00+00:00
1.281000, 2.58, 1.04, 2025-11-04T03:30:00+00:00, 2025-11-04T04:00:00+00:00
1.110000, 3.57, 1.04, 2025-11-04T04:00:00+00:00, 2025-11-04T04:30:00+00:00
0.288000, 0.84, 1.04, 2025-11-04T04:30:00+00:00, 2025-11-04T05:00:00+00:00
0.238000, 1.26, 1.04, 2025-11-04T05:00:00+00:00, 2025-11-04T05:30:00+00:00
0.217000, 1.61, 1.04, 2025-11-04T05:30:00+00:00, 2025-11-04T06:00:00+00:00
0.208000, 1.76, 1.04, 2025-11-04T06:00:00+00:00, 2025-11-04T06:30:00+00:00
0.238000, 3.15, 1.04, 2025-11-04T06:30:00+00:00, 2025-11-04T07:00:00+00:00
0.246000, 3.84, 1.04, 2025-11-04T07:00:00+00:00, 2025-11-04T07:30:00+00:00
0.021000, 0.38, 1.04, 2025-11-04T07:30:00+00:00, 2025-11-04T08:00:00+00:00
0.002000, 0.03, 1.04, 2025-11-04T08:00:00+00:00, 2025-11-04T08:30:00+00:00
0.003000, 0.05, 1.04, 2025-11-04T08:30:00+00:00, 2025-11-04T09:00:00+00:00
0.001000, 0.02, 1.04, 2025-11-04T09:00:00+00:00, 2025-11-04T09:30:00+00:00
0.008000, 0.13, 1.04, 2025-11-04T09:30:00+00:00, 2025-11-04T10:00:00+00:00
0.020000, 0.32, 1.04, 2025-11-04T10:00:00+00:00, 2025-11-04T10:30:00+00:00
0.003000, 0.05, 1.04, 2025-11-04T10:30:00+00:00, 2025-11-04T11:00:00+00:00
0.002000, 0.03, 1.04, 2025-11-04T11:00:00+00:00, 2025-11-04T11:30:00+00:00
0.020000, 0.32, 1.04, 2025-11-04T11:30:00+00:00, 2025-11-04T12:00:00+00:00
0.004000, 0.07, 1.04, 2025-11-04T12:00:00+00:00, 2025-11-04T12:30:00+00:00
0.046000, 0.78, 1.04, 2025-11-04T12:30:00+00:00, 2025-11-04T13:00:00+00:00
0.006000, 0.1, 1.04, 2025-11-04T13:00:00+00:00, 2025-11-04T13:30:00+00:00
0.001000, 0.02, 1.04, 2025-11-04T13:30:00+00:00, 2025-11-04T14:00:00+00:00
0.003000, 0.05, 1.04, 2025-11-04T14:00:00+00:00, 2025-11-04T14:30:00+00:00
0.002000, 0.03, 1.04, 2025-11-04T14:30:00+00:00, 2025-11-04T15:00:00+00:00
0.004000, 0.07, 1.04, 2025-11-04T15:00:00+00:00, 2025-11-04T15:30:00+00:00
0.004000, 0.08, 1.04, 2025-11-04T15:30:00+00:00, 2025-11-04T16:00:00+00:00
0.001000, 0.03, 1.04, 2025-11-04T16:00:00+00:00, 2025-11-04T16:30:00+00:00
0.003000, 0.11, 1.04, 2025-11-04T16:30:00+00:00, 2025-11-04T17:00:00+00:00
0.003000, 0.1, 1.04, 2025-11-04T17:00:00+00:00, 2025-11-04T17:30:00+00:00
0.014000, 0.48, 1.04, 2025-11-04T17:30:00+00:00, 2025-11-04T18:00:00+00:00
0.720000, 24.17, 1.04, 2025-11-04T18:00:00+00:00, 2025-11-04T18:30:00+00:00
0.553000, 18.32, 1.04, 2025-11-04T18:30:00+00:00, 2025-11-04T19:00:00+00:00
0.314000, 5.73, 1.04, 2025-11-04T19:00:00+00:00, 2025-11-04T19:30:00+00:00
0.356000, 5.89, 1.04, 2025-11-04T19:30:00+00:00, 2025-11-04T20:00:00+00:00
0.381000, 6.72, 1.04, 2025-11-04T20:00:00+00:00, 2025-11-04T20:30:00+00:00
0.403000, 6.43, 1.04, 2025-11-04T20:30:00+00:00, 2025-11-04T21:00:00+00:00
0.349000, 5.88, 1.04, 2025-11-04T21:00:00+00:00, 2025-11-04T21:30:00+00:00
0.563000, 8.39, 1.04, 2025-11-04T21:30:00+00:00, 2025-11-04T22:00:00+00:00
0.617000, 9.23, 1.04, 2025-11-04T22:00:00+00:00, 2025-11-04T22:30:00+00:00
0.505000, 5.79, 1.04, 2025-11-04T22:30:00+00:00, 2025-11-04T23:00:00+00:00
0.495000, 7.64, 1.04, 2025-11-04T23:00:00+00:00, 2025-11-04T23:30:00+00:00
0.268000, 3.77, 1.04, 2025-11-04T23:30:00+00:00, 2025-11-05T00:00:00+00:00
1.302000, 18.44, 1.04, 2025-11-05T00:00:00+00:00, 2025-11-05T00:30:00+00:00
1.280000, 19.73, 1.04, 2025-11-05T00:30:00+00:00, 2025-11-05T01:00:00+00:00
1.320000, 19.13, 1.04, 2025-11-05T01:00:00+00:00, 2025-11-05T01:30:00+00:00
1.289000, 18.08, 1.04, 2025-11-05T01:30:00+00:00, 2025-11-05T02:00:00+00:00
1.308000, 18.75, 1.04, 2025-11-05T02:00:00+00:00, 2025-11-05T02:30:00+00:00
1.294000, 18.18, 1.04, 2025-11-05T02:30:00+00:00, 2025-11-05T03:00:00+00:00
1.285000, 18.7, 1.04, 2025-11-05T03:00:00+00:00, 2025-11-05T03:30:00+00:00
1.320000, 17.75, 1.04, 2025-11-05T03:30:00+00:00, 2025-11-05T04:00:00+00:00
1.102000, 15.18, 1.04, 2025-11-05T04:00:00+00:00, 2025-11-05T04:30:00+00:00
0.278000, 3.82, 1.04, 2025-11-05T04:30:00+00:00, 2025-11-05T05:00:00+00:00
0.203000, 2.97, 1.04, 2025-11-05T05:00:00+00:00, 2025-11-05T05:30:00+00:00
0.221000, 3.08, 1.04, 2025-11-05T05:30:00+00:00, 2025-11-05T06:00:00+00:00
0.214000, 3.94, 1.04, 2025-11-05T06:00:00+00:00, 2025-11-05T06:30:00+00:00
0.232000, 3.84, 1.04, 2025-11-05T06:30:00+00:00, 2025-11-05T07:00:00+00:00
0.207000, 3.8, 1.04, 2025-11-05T07:00:00+00:00, 2025-11-05T07:30:00+00:00
0.020000, 0.4, 1.04, 2025-11-05T07:30:00+00:00, 2025-11-05T08:00:00+00:00
0.014000, 0.27, 1.04, 2025-11-05T08:00:00+00:00, 2025-11-05T08:30:00+00:00
0.002000, 0.04, 1.04, 2025-11-05T08:30:00+00:00, 2025-11-05T09:00:00+00:00
0.005000, 0.1, 1.04, 2025-11-05T09:00:00+00:00, 2025-11-05T09:30:00+00:00
0.002000, 0.04, 1.04, 2025-11-05T09:30:00+00:00, 2025-11-05T10:00:00+00:00
0.002000, 0.04, 1.04, 2025-11-05T10:00:00+00:00, 2025-11-05T10:30:00+00:00
0.005000, 0.09, 1.04, 2025-11-05T10:30:00+00:00, 2025-11-05T11:00:00+00:00
0.006000, 0.09, 1.04, 2025-11-05T11:00:00+00:00, 2025-11-05T11:30:00+00:00
0.004000, 0.06, 1.04, 2025-11-05T11:30:00+00:00, 2025-11-05T12:00:00+00:00
0.003000, 0.05, 1.04, 2025-11-05T12:00:00+00:00, 2025-11-05T12:30:00+00:00
0.003000, 0.05, 1.04, 2025-11-05T12:30:00+00:00, 2025-11-05T13:00:00+00:00
0.003000, 0.05, 1.04, 2025-11-05T13:00:00+00:00, 2025-11-05T13:30:00+00:00
0.007000, 0.11, 1.04, 2025-11-05T13:30:00+00:00, 2025-11-05T14:00:00+00:00
0.002000, 0.04, 1.04, 2025-11-05T14:00:00+00:00, 2025-11-05T14:30:00+00:00
0.002000, 0.03, 1.04, 2025-11-05T14:30:00+00:00, 2025-11-05T15:00:00+00:00
0.003000, 0.05, 1.04, 2025-11-05T15:00:00+00:00, 2025-11-05T15:30:00+00:00
0.002000, 0.04, 1.04, 2025-11-05T15:30:00+00:00, 2025-11-05T16:00:00+00:00
0.004000, 0.13, 1.04, 2025-11-05T16:00:00+00:00, 2025-11-05T16:30:00+00:00
0.004000, 0.14, 1.04, 2025-11-05T16:30:00+00:00, 2025-11-05T17:00:00+00:00
0.003000, 0.1, 1.04, 2025-11-05T17:00:00+00:00, 2025-11-05T17:30:00+00:00
0.003000, 0.1, 1.04, 2025-11-05T17:30:00+00:00, 2025-11-05T18:00:00+00:00
0.004000, 0.14, 1.04, 2025-11-05T18:00:00+00:00, 2025-11-05T18:30:00+00:00
0.003000, 0.1, 1.04, 2025-11-05T18:30:00+00:00, 2025-11-05T19:00:00+00:00
0.002000, 0.04, 1.04, 2025-11-05T19:00:00+00:00, 2025-11-05T19:30:00+00:00
0.004000, 0.07, 1.04, 2025-11-05T19:30:00+00:00, 2025-11-05T20:00:00+00:00
0.003000, 0.05, 1.04, 2025-11-05T20:00:00+00:00, 2025-11-05T20:30:00+00:00
0.003000, 0.05, 1.04, 2025-11-05T20:30:00+00:00, 2025-11-05T21:00:00+00:00
0.373000, 6.83, 1.04, 2025-11-05T21:00:00+00:00, 2025-11-05T21:30:00+00:00
0.320000, 4.94, 1.04, 2025-11-05T21:30:00+00:00, 2025-11-05T22:00:00+00:00
0.253000, 4.02, 1.04, 2025-11-05T22:00:00+00:00, 2025-11-05T22:30:00+00:00
0.266000, 3.43, 1.04, 2025-11-05T22:30:00+00:00, 2025-11-05T23:00:00+00:00
0.236000, 3.83, 1.04, 2025-11-05T23:00:00+00:00, 2025-11-05T23:30:00+00:00
0.261000, 4.2, 1.04, 2025-11-05T23:30:00+00:00, 2025-11-06T00:00:00+00:00
1.271000, 20.65, 1.04, 2025-11-06T00:00:00+00:00, 2025-11-06T00:30:00+00:00
1.292000, 21.52, 1.04, 2025-11-06T00:30:00+00:00, 2025-11-06T01:00:00+00:00
1.320000, 21.25, 1.04, 2025-11-06T01:00:00+00:00, 2025-11-06T01:30:00+00:00
1.319000, 20.87, 1.04, 2025-11-06T01:30:00+00:00, 2025-11-06T02:00:00+00:00
1.300000, 20.82, 1.04, 2025-11-06T02:00:00+00:00, 2025-11-06T02:30:00+00:00
1.277000, 20.22, 1.04, 2025-11-06T02:30:00+00:00, 2025-11-06T03:00:00+00:00
1.300000, 20.07, 1.04, 2025-11-06T03:00:00+00:00, 2025-11-06T03:30:00+00:00
1.312000, 20.25, 1.04, 2025-11-06T03:30:00+00:00, 2025-11-06T04:00:00+00:00
1.103000, 17.95, 1.04, 2025-11-06T04:00:00+00:00, 2025-11-06T04:30:00+00:00
0.259000, 4.16, 1.04, 2025-11-06T04:30:00+00:00, 2025-11-06T05:00:00+00:00
0.232000, 3.96, 1.04, 2025-11-06T05:00:00+00:00, 2025-11-06T05:30:00+00:00
0.221000, 3.7, 1.04, 2025-11-06T05:30:00+00:00, 2025-11-06T06:00:00+00:00
0.227000, 4.25, 1.04, 2025-11-06T06:00:00+00:00, 2025-11-06T06:30:00+00:00
0.211000, 3.95, 1.04, 2025-11-06T06:30:00+00:00, 2025-11-06T07:00:00+00:00
0.207000, 3.53, 1.04, 2025-11-06T07:00:00+00:00, 2025-11-06T07:30:00+00:00
0.023000, 0.46, 1.04, 2025-11-06T07:30:00+00:00, 2025-11-06T08:00:00+00:00
0.003000, 0.06, 1.04, 2025-11-06T08:00:00+00:00, 2025-11-06T08:30:00+00:00
0.003000, 0.06, 1.04, 2025-11-06T08:30:00+00:00, 2025-11-06T09:00:00+00:00
0.001000, 0.02, 1.04, 2025-11-06T09:00:00+00:00, 2025-11-06T09:30:00+00:00
0.003000, 0.05, 1.04, 2025-11-06T09:30:00+00:00, 2025-11-06T10:00:00+00:00
0.012000, 0.21, 1.04, 2025-11-06T10:00:00+00:00, 2025-11-06T10:30:00+00:00
0.005000, 0.09, 1.04, 2025-11-06T10:30:00+00:00, 2025-11-06T11:00:00+00:00
0.005000, 0.09, 1.04, 2025-11-06T11:00:00+00:00, 2025-11-06T11:30:00+00:00
0.005000, 0.09, 1.04, 2025-11-06T11:30:00+00:00, 2025-11-06T12:00:00+00:00
0.003000, 0.06, 1.04, 2025-11-06T12:00:00+00:00, 2025-11-06T12:30:00+00:00
0.005000, 0.09, 1.04, 2025-11-06T12:30:00+00:00, 2025-11-06T13:00:00+00:00
0.003000, 0.06, 1.04, 2025-11-06T13:00:00+00:00, 2025-11-06T13:30:00+00:00
0.003000, 0.06, 1.04, 2025-11-06T13:30:00+00:00, 2025-11-06T14:00:00+00:00
0.014000, 0.31, 1.04, 2025-11-06T14:00:00+00:00, 2025-11-06T14:30:00+00:00
0.003000, 0.06, 1.04, 2025-11-06T14:30:00+00:00, 2025-11-06T15:00:00+00:00
0.003000, 0.07, 1.04, 2025-11-06T15:00:00+00:00, 2025-11-06T15:30:00+00:00
0.002000, 0.05, 1.04, 2025-11-06T15:30:00+00:00, 2025-11-06T16:00:00+00:00
0.003000, 0.11, 1.04, 2025-11-06T16:00:00+00:00, 2025-11-06T16:30:00+00:00
0.003000, 0.12, 1.04, 2025-11-06T16:30:00+00:00, 2025-11-06T17:00:00+00:00
0.003000, 0.12, 1.04, 2025-11-06T17:00:00+00:00, 2025-11-06T17:30:00+00:00
0.004000, 0.16, 1.04, 2025-11-06T17:30:00+00:00, 2025-11-06T18:00:00+00:00
0.005000, 0.19, 1.04, 2025-11-06T18:00:00+00:00, 2025-11-06T18:30:00+00:00
0.004000, 0.15, 1.04, 2025-11-06T18:30:00+00:00, 2025-11-06T19:00:00+00:00
0.002000, 0.05, 1.04, 2025-11-06T19:00:00+00:00, 2025-11-06T19:30:00+00:00
0.194000, 4.15, 1.04, 2025-11-06T19:30:00+00:00, 2025-11-06T20:00:00+00:00
0.515000, 10.67, 1.04, 2025-11-06T20:00:00+00:00, 2025-11-06T20:30:00+00:00
0.444000, 8.55, 1.04, 2025-11-06T20:30:00+00:00, 2025-11-06T21:00:00+00:00
0.482000, 9.1, 1.04, 2025-11-06T21:00:00+00:00, 2025-11-06T21:30:00+00:00
0.427000, 7.34, 1.04, 2025-11-06T21:30:00+00:00, 2025-11-06T22:00:00+00:00
0.389000, 6.87, 1.04, 2025-11-06T22:00:00+00:00, 2025-11-06T22:30:00+00:00
0.250000, 4.23, 1.04, 2025-11-06T22:30:00+00:00, 2025-11-06T23:00:00+00:00
0.214000, 3.78, 1.04, 2025-11-06T23:00:00+00:00, 2025-11-06T23:30:00+00:00
0.230000, 3.95, 1.04, 2025-11-06T23:30:00+00:00, 2025-11-07T00:00:00+00:00
1.325000, 21.91, 1.04, 2025-11-07T00:00:00+00:00, 2025-11-07T00:30:00+00:00
1.296000, 21.57, 1.04, 2025-11-07T00:30:00+00:00, 2025-11-07T01:00:00+00:00
1.302000, 21.53, 1.04, 2025-11-07T01:00:00+00:00, 2025-11-07T01:30:00+00:00
1.264000, 20.47, 1.04, 2025-11-07T01:30:00+00:00, 2025-11-07T02:00:00+00:00
1.325000, 21.91, 1.04, 2025-11-07T02:00:00+00:00, 2025-11-07T02:30:00+00:00
1.301000, 21.34, 1.04, 2025-11-07T02:30:00+00:00, 2025-11-07T03:00:00+00:00
1.307000, 21.56, 1.04, 2025-11-07T03:00:00+00:00, 2025-11-07T03:30:00+00:00
1.278000, 20.8, 1.04, 2025-11-07T03:30:00+00:00, 2025-11-07T04:00:00+00:00
1.099000, 18.17, 1.04, 2025-11-07T04:00:00+00:00, 2025-11-07T04:30:00+00:00
0.292000, 4.73, 1.04, 2025-11-07T04:30:00+00:00, 2025-11-07T05:00:00+00:00
0.231000, 4.1, 1.04, 2025-11-07T05:00:00+00:00, 2025-11-07T05:30:00+00:00
0.274000, 4.55, 1.04, 2025-11-07T05:30:00+00:00, 2025-11-07T06:00:00+00:00
0.221000, 3.92, 1.04, 2025-11-07T06:00:00+00:00, 2025-11-07T06:30:00+00:00
0.205000, 4.08, 1.04, 2025-11-07T06:30:00+00:00, 2025-11-07T07:00:00+00:00
0.235000, 4.73, 1.04, 2025-11-07T07:00:00+00:00, 2025-11-07T07:30:00+00:00
0.011000, 0.24, 1.04, 2025-11-07T07:30:00+00:00, 2025-11-07T08:00:00+00:00
0.014000, 0.29, 1.04, 2025-11-07T08:00:00+00:00, 2025-11-07T08:30:00+00:00
0.003000, 0.06, 1.04, 2025-11-07T08:30:00+00:00, 2025-11-07T09:00:00+00:00
0.002000, 0.04, 1.04, 2025-11-07T09:00:00+00:00, 2025-11-07T09:30:00+00:00
0.003000, 0.06, 1.04, 2025-11-07T09:30:00+00:00, 2025-11-07T10:00:00+00:00
0.003000, 0.05, 1.04, 2025-11-07T10:00:00+00:00, 2025-11-07T10:30:00+00:00
0.002000, 0.03, 1.04, 2025-11-07T10:30:00+00:00, 2025-11-07T11:00:00+00:00
0.002000, 0.03, 1.04, 2025-11-07T11:00:00+00:00, 2025-11-07T11:30:00+00:00
0.008000, 0.14, 1.04, 2025-11-07T11:30:00+00:00, 2025-11-07T12:00:00+00:00
0.018000, 0.31, 1.04, 2025-11-07T12:00:00+00:00, 2025-11-07T12:30:00+00:00
0.003000, 0.05, 1.04, 2025-11-07T12:30:00+00:00, 2025-11-07T13:00:00+00:00
0.002000, 0.04, 1.04, 2025-11-07T13:00:00+00:00, 2025-11-07T13:30:00+00:00
0.003000, 0.05, 1.04, 2025-11-07T13:30:00+00:00, 2025-11-07T14:00:00+00:00
0.003000, 0.06, 1.04, 2025-11-07T14:00:00+00:00, 2025-11-07T14:30:00+00:00
0.003000, 0.06, 1.04, 2025-11-07T14:30:00+00:00, 2025-11-07T15:00:00+00:00
0.002000, 0.04, 1.04, 2025-11-07T15:00:00+00:00, 2025-11-07T15:30:00+00:00
0.001000, 0.02, 1.04, 2025-11-07T15:30:00+00:00, 2025-11-07T16:00:00+00:00
0.003000, 0.1, 1.04, 2025-11-07T16:00:00+00:00, 2025-11-07T16:30:00+00:00
0.002000, 0.07, 1.04, 2025-11-07T16:30:00+00:00, 2025-11-07T17:00:00+00:00
0.004000, 0.14, 1.04, 2025-11-07T17:00:00+00:00, 2025-11-07T17:30:00+00:00
0.018000, 0.64, 1.04, 2025-11-07T17:30:00+00:00, 2025-11-07T18:00:00+00:00
0.031000, 1.11, 1.04, 2025-11-07T18:00:00+00:00, 2025-11-07T18:30:00+00:00
0.095000, 3.26, 1.04, 2025-11-07T18:30:00+00:00, 2025-11-07T19:00:00+00:00
0.405000, 8.04, 1.04, 2025-11-07T19:00:00+00:00, 2025-11-07T19:30:00+00:00
0.463000, 8.34, 1.04, 2025-11-07T19:30:00+00:00, 2025-11-07T20:00:00+00:00
0.516000, 10.02, 1.04, 2025-11-07T20:00:00+00:00, 2025-11-07T20:30:00+00:00
0.435000, 7.98, 1.04, 2025-11-07T20:30:00+00:00, 2025-11-07T21:00:00+00:00
0.496000, 9.65, 1.04, 2025-11-07T21:00:00+00:00, 2025-11-07T21:30:00+00:00
0.397000, 7.09, 1.04, 2025-11-07T21:30:00+00:00, 2025-11-07T22:00:00+00:00
0.376000, 6.8, 1.04, 2025-11-07T22:00:00+00:00, 2025-11-07T22:30:00+00:00
0.352000, 6.11, 1.04, 2025-11-07T22:30:00+00:00, 2025-11-07T23:00:00+00:00
0.265000, 5, 1.04, 2025-11-07T23:00:00+00:00, 2025-11-07T23:30:00+00:00
0.241000, 4.22, 1.04, 2025-11-07T23:30:00+00:00, 2025-11-08T00:00:00+00:00
1.326000, 21.15, 1.04, 2025-11-08T00:00:00+00:00, 2025-11-08T00:30:00+00:00
1.411000, 24.34, 1.04, 2025-11-08T00:30:00+00:00, 2025-11-08T01:00:00+00:00
1.348000, 22.36, 1.04, 2025-11-08T01:00:00+00:00, 2025-11-08T01:30:00+00:00
1.304000, 21.56, 1.04, 2025-11-08T01:30:00+00:00, 2025-11-08T02:00:00+00:00
1.297000, 21.26, 1.04, 2025-11-08T02:00:00+00:00, 2025-11-08T02:30:00+00:00
1.335000, 21.99, 1.04, 2025-11-08T02:30:00+00:00, 2025-11-08T03:00:00+00:00
1.313000, 22.18, 1.04, 2025-11-08T03:00:00+00:00, 2025-11-08T03:30:00+00:00
1.284000, 20.67, 1.04, 2025-11-08T03:30:00+00:00, 2025-11-08T04:00:00+00:00
1.092000, 17.58, 1.04, 2025-11-08T04:00:00+00:00, 2025-11-08T04:30:00+00:00
0.290000, 4.56, 1.04, 2025-11-08T04:30:00+00:00, 2025-11-08T05:00:00+00:00
0.245000, 4.04, 1.04, 2025-11-08T05:00:00+00:00, 2025-11-08T05:30:00+00:00
0.222000, 3.62, 1.04, 2025-11-08T05:30:00+00:00, 2025-11-08T06:00:00+00:00
0.208000, 3.65, 1.04, 2025-11-08T06:00:00+00:00, 2025-11-08T06:30:00+00:00
0.221000, 3.95, 1.04, 2025-11-08T06:30:00+00:00, 2025-11-08T07:00:00+00:00
0.233000, 3.94, 1.04, 2025-11-08T07:00:00+00:00, 2025-11-08T07:30:00+00:00
0.011000, 0.2, 1.04, 2025-11-08T07:30:00+00:00, 2025-11-08T08:00:00+00:00
0.085000, 1.56, 1.04, 2025-11-08T08:00:00+00:00, 2025-11-08T08:30:00+00:00
0.005000, 0.09, 1.04, 2025-11-08T08:30:00+00:00, 2025-11-08T09:00:00+00:00
0.016000, 0.3, 1.04, 2025-11-08T09:00:00+00:00, 2025-11-08T09:30:00+00:00
0.007000, 0.13, 1.04, 2025-11-08T09:30:00+00:00, 2025-11-08T10:00:00+00:00
0.024000, 0.42, 1.04, 2025-11-08T10:00:00+00:00, 2025-11-08T10:30:00+00:00
0.103000, 1.82, 1.04, 2025-11-08T10:30:00+00:00, 2025-11-08T11:00:00+00:00
0.010000, 0.17, 1.04, 2025-11-08T11:00:00+00:00, 2025-11-08T11:30:00+00:00
0.008000, 0.14, 1.04, 2025-11-08T11:30:00+00:00, 2025-11-08T12:00:00+00:00
0.004000, 0.07, 1.04, 2025-11-08T12:00:00+00:00, 2025-11-08T12:30:00+00:00
0.004000, 0.07, 1.04, 2025-11-08T12:30:00+00:00, 2025-11-08T13:00:00+00:00
0.003000, 0.05, 1.04, 2025-11-08T13:00:00+00:00, 2025-11-08T13:30:00+00:00
0.002000, 0.03, 1.04, 2025-11-08T13:30:00+00:00, 2025-11-08T14:00:00+00:00
0.003000, 0.06, 1.04, 2025-11-08T14:00:00+00:00, 2025-11-08T14:30:00+00:00
0.002000, 0.04, 1.04, 2025-11-08T14:30:00+00:00, 2025-11-08T15:00:00+00:00
0.003000, 0.06, 1.04, 2025-11-08T15:00:00+00:00, 2025-11-08T15:30:00+00:00
0.002000, 0.04, 1.04, 2025-11-08T15:30:00+00:00, 2025-11-08T16:00:00+00:00
0.002000, 0.07, 1.04, 2025-11-08T16:00:00+00:00, 2025-11-08T16:30:00+00:00
0.003000, 0.11, 1.04, 2025-11-08T16:30:00+00:00, 2025-11-08T17:00:00+00:00
0.011000, 0.39, 1.04, 2025-11-08T17:00:00+00:00, 2025-11-08T17:30:00+00:00
0.016000, 0.57, 1.04, 2025-11-08T17:30:00+00:00, 2025-11-08T18:00:00+00:00
0.718000, 25.99, 1.04, 2025-11-08T18:00:00+00:00, 2025-11-08T18:30:00+00:00
0.449000, 15.14, 1.04, 2025-11-08T18:30:00+00:00, 2025-11-08T19:00:00+00:00
0.435000, 9.02, 1.04, 2025-11-08T19:00:00+00:00, 2025-11-08T19:30:00+00:00
0.452000, 8.19, 1.04, 2025-11-08T19:30:00+00:00, 2025-11-08T20:00:00+00:00
0.373000, 6.74, 1.04, 2025-11-08T20:00:00+00:00, 2025-11-08T20:30:00+00:00
0.366000, 6.68, 1.04, 2025-11-08T20:30:00+00:00, 2025-11-08T21:00:00+00:00
0.603000, 10.61, 1.04, 2025-11-08T21:00:00+00:00, 2025-11-08T21:30:00+00:00
0.393000, 6.07, 1.04, 2025-11-08T21:30:00+00:00, 2025-11-08T22:00:00+00:00
0.315000, 4.96, 1.04, 2025-11-08T22:00:00+00:00, 2025-11-08T22:30:00+00:00
0.279000, 4.31, 1.04, 2025-11-08T22:30:00+00:00, 2025-11-08T23:00:00+00:00
0.176000, 2.91, 1.04, 2025-11-08T23:00:00+00:00, 2025-11-08T23:30:00+00:00
0.162000, 2.54, 1.04, 2025-11-08T23:30:00+00:00, 2025-11-09T00:00:00+00:00
1.233000, 19.46, 1.04, 2025-11-09T00:00:00+00:00, 2025-11-09T00:30:00+00:00
1.219000, 22.04, 1.04, 2025-11-09T00:30:00+00:00, 2025-11-09T01:00:00+00:00
1.244000, 23.32, 1.04, 2025-11-09T01:00:00+00:00, 2025-11-09T01:30:00+00:00
1.248000, 21.19, 1.04, 2025-11-09T01:30:00+00:00, 2025-11-09T02:00:00+00:00
1.227000, 20.56, 1.04, 2025-11-09T02:00:00+00:00, 2025-11-09T02:30:00+00:00
1.241000, 19.7, 1.04, 2025-11-09T02:30:00+00:00, 2025-11-09T03:00:00+00:00
1.203000, 19.68, 1.04, 2025-11-09T03:00:00+00:00, 2025-11-09T03:30:00+00:00
1.312000, 20.64, 1.04, 2025-11-09T03:30:00+00:00, 2025-11-09T04:00:00+00:00
1.170000, 18.46, 1.04, 2025-11-09T04:00:00+00:00, 2025-11-09T04:30:00+00:00
0.319000, 4.92, 1.04, 2025-11-09T04:30:00+00:00, 2025-11-09T05:00:00+00:00
0.273000, 4.19, 1.04, 2025-11-09T05:00:00+00:00, 2025-11-09T05:30:00+00:00
0.207000, 3.15, 1.04, 2025-11-09T05:30:00+00:00, 2025-11-09T06:00:00+00:00
0.263000, 4.15, 1.04, 2025-11-09T06:00:00+00:00, 2025-11-09T06:30:00+00:00
0.256000, 4.16, 1.04, 2025-11-09T06:30:00+00:00, 2025-11-09T07:00:00+00:00
0.268000, 4.23, 1.04, 2025-11-09T07:00:00+00:00, 2025-11-09T07:30:00+00:00
0.013000, 0.22, 1.04, 2025-11-09T07:30:00+00:00, 2025-11-09T08:00:00+00:00
0.007000, 0.11, 1.04, 2025-11-09T08:00:00+00:00, 2025-11-09T08:30:00+00:00
0.006000, 0.11, 1.04, 2025-11-09T08:30:00+00:00, 2025-11-09T09:00:00+00:00
0.015000, 0.24, 1.04, 2025-11-09T09:00:00+00:00, 2025-11-09T09:30:00+00:00
0.016000, 0.28, 1.04, 2025-11-09T09:30:00+00:00, 2025-11-09T10:00:00+00:00
0.024000, 0.4, 1.04, 2025-11-09T10:00:00+00:00, 2025-11-09T10:30:00+00:00
0.011000, 0.18, 1.04, 2025-11-09T10:30:00+00:00, 2025-11-09T11:00:00+00:00
0.007000, 0.11, 1.04, 2025-11-09T11:00:00+00:00, 2025-11-09T11:30:00+00:00
0.005000, 0.08, 1.04, 2025-11-09T11:30:00+00:00, 2025-11-09T12:00:00+00:00
0.003000, 0.05, 1.04, 2025-11-09T12:00:00+00:00, 2025-11-09T12:30:00+00:00
0.014000, 0.23, 1.04, 2025-11-09T12:30:00+00:00, 2025-11-09T13:00:00+00:00
0.005000, 0.09, 1.04, 2025-11-09T13:00:00+00:00, 2025-11-09T13:30:00+00:00
0.003000, 0.05, 1.04, 2025-11-09T13:30:00+00:00, 2025-11-09T14:00:00+00:00
0.002000, 0.03, 1.04, 2025-11-09T14:00:00+00:00, 2025-11-09T14:30:00+00:00
0.023000, 0.41, 1.04, 2025-11-09T14:30:00+00:00, 2025-11-09T15:00:00+00:00
0.003000, 0.06, 1.04, 2025-11-09T15:00:00+00:00, 2025-11-09T15:30:00+00:00
0.004000, 0.07, 1.04, 2025-11-09T15:30:00+00:00, 2025-11-09T16:00:00+00:00
0.002000, 0.07, 1.04, 2025-11-09T16:00:00+00:00, 2025-11-09T16:30:00+00:00
0.008000, 0.28, 1.04, 2025-11-09T16:30:00+00:00, 2025-11-09T17:00:00+00:00
0.383000, 14.03, 1.04, 2025-11-09T17:00:00+00:00, 2025-11-09T17:30:00+00:00
2.013000, 73.17, 1.04, 2025-11-09T17:30:00+00:00, 2025-11-09T18:00:00+00:00
0.800000, 29.31, 1.04, 2025-11-09T18:00:00+00:00, 2025-11-09T18:30:00+00:00
1.181000, 41.32, 1.04, 2025-11-09T18:30:00+00:00, 2025-11-09T19:00:00+00:00
0.667000, 13.75, 1.04, 2025-11-09T19:00:00+00:00, 2025-11-09T19:30:00+00:00
0.354000, 6.63, 1.04, 2025-11-09T19:30:00+00:00, 2025-11-09T20:00:00+00:00
0.375000, 7.03, 1.04, 2025-11-09T20:00:00+00:00, 2025-11-09T20:30:00+00:00
0.562000, 10.13, 1.04, 2025-11-09T20:30:00+00:00, 2025-11-09T21:00:00+00:00
0.417000, 7.35, 1.04, 2025-11-09T21:00:00+00:00, 2025-11-09T21:30:00+00:00
0.374000, 6.59, 1.04, 2025-11-09T21:30:00+00:00, 2025-11-09T22:00:00+00:00
0.329000, 6.3, 1.04, 2025-11-09T22:00:00+00:00, 2025-11-09T22:30:00+00:00
0.258000, 4.34, 1.04, 2025-11-09T22:30:00+00:00, 2025-11-09T23:00:00+00:00
0.253000, 4.21, 1.04, 2025-11-09T23:00:00+00:00, 2025-11-09T23:30:00+00:00
0.218000, 3.71, 1.04, 2025-11-09T23:30:00+00:00, 2025-11-10T00:00:00+00:00
1.269000, 19.87, 1.04, 2025-11-10T00:00:00+00:00, 2025-11-10T00:30:00+00:00
1.305000, 21.29, 1.04, 2025-11-10T00:30:00+00:00, 2025-11-10T01:00:00+00:00
1.310000, 20.8, 1.04, 2025-11-10T01:00:00+00:00, 2025-11-10T01:30:00+00:00
1.301000, 20.18, 1.04, 2025-11-10T01:30:00+00:00, 2025-11-10T02:00:00+00:00
1.278000, 19.62, 1.04, 2025-11-10T02:00:00+00:00, 2025-11-10T02:30:00+00:00
1.275000, 18.56, 1.04, 2025-11-10T02:30:00+00:00, 2025-11-10T03:00:00+00:00
1.302000, 19.3, 1.04, 2025-11-10T03:00:00+00:00, 2025-11-10T03:30:00+00:00
1.309000, 18.54, 1.04, 2025-11-10T03:30:00+00:00, 2025-11-10T04:00:00+00:00
1.083000, 16.34, 1.04, 2025-11-10T04:00:00+00:00, 2025-11-10T04:30:00+00:00
0.269000, 3.9, 1.04, 2025-11-10T04:30:00+00:00, 2025-11-10T05:00:00+00:00
0.184000, 2.88, 1.04, 2025-11-10T05:00:00+00:00, 2025-11-10T05:30:00+00:00
0.237000, 3.44, 1.04, 2025-11-10T05:30:00+00:00, 2025-11-10T06:00:00+00:00
0.218000, 3.72, 1.04, 2025-11-10T06:00:00+00:00, 2025-11-10T06:30:00+00:00
0.228000, 3.82, 1.04, 2025-11-10T06:30:00+00:00, 2025-11-10T07:00:00+00:00
0.234000, 3.97, 1.04, 2025-11-10T07:00:00+00:00, 2025-11-10T07:30:00+00:00
0.018000, 0.33, 1.04, 2025-11-10T07:30:00+00:00, 2025-11-10T08:00:00+00:00
0.024000, 0.42, 1.04, 2025-11-10T08:00:00+00:00, 2025-11-10T08:30:00+00:00
0.003000, 0.05, 1.04, 2025-11-10T08:30:00+00:00, 2025-11-10T09:00:00+00:00
0.003000, 0.05, 1.04, 2025-11-10T09:00:00+00:00, 2025-11-10T09:30:00+00:00
0.004000, 0.07, 1.04, 2025-11-10T09:30:00+00:00, 2025-11-10T10:00:00+00:00
0.004000, 0.07, 1.04, 2025-11-10T10:00:00+00:00, 2025-11-10T10:30:00+00:00
0.003000, 0.05, 1.04, 2025-11-10T10:30:00+00:00, 2025-11-10T11:00:00+00:00
0.064000, 1.11, 1.04, 2025-11-10T11:00:00+00:00, 2025-11-10T11:30:00+00:00
0.008000, 0.14, 1.04, 2025-11-10T11:30:00+00:00, 2025-11-10T12:00:00+00:00
0.004000, 0.07, 1.04, 2025-11-10T12:00:00+00:00, 2025-11-10T12:30:00+00:00
0.019000, 0.33, 1.04, 2025-11-10T12:30:00+00:00, 2025-11-10T13:00:00+00:00
0.005000, 0.09, 1.04, 2025-11-10T13:00:00+00:00, 2025-11-10T13:30:00+00:00
0.004000, 0.07, 1.04, 2025-11-10T13:30:00+00:00, 2025-11-10T14:00:00+00:00
0.291000, 5.29, 1.04, 2025-11-10T14:00:00+00:00, 2025-11-10T14:30:00+00:00
0.320000, 5.89, 1.04, 2025-11-10T14:30:00+00:00, 2025-11-10T15:00:00+00:00
0.008000, 0.14, 1.04, 2025-11-10T15:00:00+00:00, 2025-11-10T15:30:00+00:00
0.175000, 3.45, 1.04, 2025-11-10T15:30:00+00:00, 2025-11-10T16:00:00+00:00
0.579000, 18.2, 1.04, 2025-11-10T16:00:00+00:00, 2025-11-10T16:30:00+00:00
0.623000, 22.14, 1.04, 2025-11-10T16:30:00+00:00, 2025-11-10T17:00:00+00:00
0.638000, 20.98, 1.04, 2025-11-10T17:00:00+00:00, 2025-11-10T17:30:00+00:00
0.644000, 22.98, 1.04, 2025-11-10T17:30:00+00:00, 2025-11-10T18:00:00+00:00
0.731000, 25.33, 1.04, 2025-11-10T18:00:00+00:00, 2025-11-10T18:30:00+00:00
0.494000, 16.46, 1.04, 2025-11-10T18:30:00+00:00, 2025-11-10T19:00:00+00:00
0.677000, 12.73, 1.04, 2025-11-10T19:00:00+00:00, 2025-11-10T19:30:00+00:00
0.885000, 15.67, 1.04, 2025-11-10T19:30:00+00:00, 2025-11-10T20:00:00+00:00
0.436000, 7.58, 1.04, 2025-11-10T20:00:00+00:00, 2025-11-10T20:30:00+00:00
0.353000, 5.84, 1.04, 2025-11-10T20:30:00+00:00, 2025-11-10T21:00:00+00:00
0.412000, 7.27, 1.04, 2025-11-10T21:00:00+00:00, 2025-11-10T21:30:00+00:00
0.526000, 8.58, 1.04, 2025-11-10T21:30:00+00:00, 2025-11-10T22:00:00+00:00
0.459000, 7.19, 1.04, 2025-11-10T22:00:00+00:00, 2025-11-10T22:30:00+00:00
0.327000, 5.12, 1.04, 2025-11-10T22:30:00+00:00, 2025-11-10T23:00:00+00:00
0.289000, 4.95, 1.04, 2025-11-10T23:00:00+00:00, 2025-11-10T23:30:00+00:00
0.281000, 4.41, 1.04, 2025-11-10T23:30:00+00:00, 2025-11-11T00:00:00+00:00
1.302000, 20.29, 1.04, 2025-11-11T00:00:00+00:00, 2025-11-11T00:30:00+00:00
1.330000, 21.41, 1.04, 2025-11-11T00:30:00+00:00, 2025-11-11T01:00:00+00:00
1.339000, 20.37, 1.04, 2025-11-11T01:00:00+00:00, 2025-11-11T01:30:00+00:00
1.323000, 18.96, 1.04, 2025-11-11T01:30:00+00:00, 2025-11-11T02:00:00+00:00
1.306000, 19.01, 1.04, 2025-11-11T02:00:00+00:00, 2025-11-11T02:30:00+00:00
1.286000, 17.8, 1.04, 2025-11-11T02:30:00+00:00, 2025-11-11T03:00:00+00:00
1.320000, 19.13, 1.04, 2025-11-11T03:00:00+00:00, 2025-11-11T03:30:00+00:00
1.317000, 18.67, 1.04, 2025-11-11T03:30:00+00:00, 2025-11-11T04:00:00+00:00
1.083000, 15.66, 1.04, 2025-11-11T04:00:00+00:00, 2025-11-11T04:30:00+00:00
0.245000, 3.41, 1.04, 2025-11-11T04:30:00+00:00, 2025-11-11T05:00:00+00:00
0.200000, 3.03, 1.04, 2025-11-11T05:00:00+00:00, 2025-11-11T05:30:00+00:00
0.256000, 3.91, 1.04, 2025-11-11T05:30:00+00:00, 2025-11-11T06:00:00+00:00
0.242000, 4.09, 1.04, 2025-11-11T06:00:00+00:00, 2025-11-11T06:30:00+00:00
0.220000, 4.07, 1.04, 2025-11-11T06:30:00+00:00, 2025-11-11T07:00:00+00:00
0.240000, 4.45, 1.04, 2025-11-11T07:00:00+00:00, 2025-11-11T07:30:00+00:00
0.013000, 0.26, 1.04, 2025-11-11T07:30:00+00:00, 2025-11-11T08:00:00+00:00
0.003000, 0.06, 1.04, 2025-11-11T08:00:00+00:00, 2025-11-11T08:30:00+00:00
0.005000, 0.1, 1.04, 2025-11-11T08:30:00+00:00, 2025-11-11T09:00:00+00:00
0.011000, 0.2, 1.04, 2025-11-11T09:00:00+00:00, 2025-11-11T09:30:00+00:00
0.003000, 0.05, 1.04, 2025-11-11T09:30:00+00:00, 2025-11-11T10:00:00+00:00
0.003000, 0.05, 1.04, 2025-11-11T10:00:00+00:00, 2025-11-11T10:30:00+00:00
0.017000, 0.28, 1.04, 2025-11-11T10:30:00+00:00, 2025-11-11T11:00:00+00:00
0.005000, 0.08, 1.04, 2025-11-11T11:00:00+00:00, 2025-11-11T11:30:00+00:00
0.003000, 0.05, 1.04, 2025-11-11T11:30:00+00:00, 2025-11-11T12:00:00+00:00
0.016000, 0.25, 1.04, 2025-11-11T12:00:00+00:00, 2025-11-11T12:30:00+00:00
0.002000, 0.03, 1.04, 2025-11-11T12:30:00+00:00, 2025-11-11T13:00:00+00:00
0.004000, 0.07, 1.04, 2025-11-11T13:00:00+00:00, 2025-11-11T13:30:00+00:00
0.002000, 0.03, 1.04, 2025-11-11T13:30:00+00:00, 2025-11-11T14:00:00+00:00
0.003000, 0.05, 1.04, 2025-11-11T14:00:00+00:00, 2025-11-11T14:30:00+00:00
0.003000, 0.05, 1.04, 2025-11-11T14:30:00+00:00, 2025-11-11T15:00:00+00:00
0.002000, 0.03, 1.04, 2025-11-11T15:00:00+00:00, 2025-11-11T15:30:00+00:00
0.005000, 0.09, 1.04, 2025-11-11T15:30:00+00:00, 2025-11-11T16:00:00+00:00
0.003000, 0.1, 1.04, 2025-11-11T16:00:00+00:00, 2025-11-11T16:30:00+00:00
0.002000, 0.07, 1.04, 2025-11-11T16:30:00+00:00, 2025-11-11T17:00:00+00:00
0.003000, 0.1, 1.04, 2025-11-11T17:00:00+00:00, 2025-11-11T17:30:00+00:00
0.378000, 12.55, 1.04, 2025-11-11T17:30:00+00:00, 2025-11-11T18:00:00+00:00
0.458000, 14.38, 1.04, 2025-11-11T18:00:00+00:00, 2025-11-11T18:30:00+00:00
0.474000, 14.49, 1.04, 2025-11-11T18:30:00+00:00, 2025-11-11T19:00:00+00:00
0.482000, 8.08, 1.04, 2025-11-11T19:00:00+00:00, 2025-11-11T19:30:00+00:00
0.466000, 8.35, 1.04, 2025-11-11T19:30:00+00:00, 2025-11-11T20:00:00+00:00
0.432000, 7.58, 1.04, 2025-11-11T20:00:00+00:00, 2025-11-11T20:30:00+00:00
0.453000, 7.62, 1.04, 2025-11-11T20:30:00+00:00, 2025-11-11T21:00:00+00:00
0.338000, 5.62, 1.04, 2025-11-11T21:00:00+00:00, 2025-11-11T21:30:00+00:00
0.312000, 4.45, 1.04, 2025-11-11T21:30:00+00:00, 2025-11-11T22:00:00+00:00
0.285000, 4.09, 1.04, 2025-11-11T22:00:00+00:00, 2025-11-11T22:30:00+00:00
0.281000, 3.37, 1.04, 2025-11-11T22:30:00+00:00, 2025-11-11T23:00:00+00:00
0.246000, 2.98, 1.04, 2025-11-11T23:00:00+00:00, 2025-11-11T23:30:00+00:00
0.236000, 2.35, 1.04, 2025-11-11T23:30:00+00:00, 2025-11-12T00:00:00+00:00
1.311000, 13.46, 1.04, 2025-11-12T00:00:00+00:00, 2025-11-12T00:30:00+00:00
1.299000, 15.11, 1.04, 2025-11-12T00:30:00+00:00, 2025-11-12T01:00:00+00:00
1.324000, 12.85, 1.04, 2025-11-12T01:00:00+00:00, 2025-11-12T01:30:00+00:00
1.305000, 12.07, 1.04, 2025-11-12T01:30:00+00:00, 2025-11-12T02:00:00+00:00
1.284000, 11.32, 1.04, 2025-11-12T02:00:00+00:00, 2025-11-12T02:30:00+00:00
1.292000, 11.06, 1.04, 2025-11-12T02:30:00+00:00, 2025-11-12T03:00:00+00:00
1.310000, 11.62, 1.04, 2025-11-12T03:00:00+00:00, 2025-11-12T03:30:00+00:00
1.330000, 11.84, 1.04, 2025-11-12T03:30:00+00:00, 2025-11-12T04:00:00+00:00
1.054000, 9.67, 1.04, 2025-11-12T04:00:00+00:00, 2025-11-12T04:30:00+00:00
0.273000, 2.35, 1.04, 2025-11-12T04:30:00+00:00, 2025-11-12T05:00:00+00:00
0.202000, 1.56, 1.04, 2025-11-12T05:00:00+00:00, 2025-11-12T05:30:00+00:00
0.244000, 2.19, 1.04, 2025-11-12T05:30:00+00:00, 2025-11-12T06:00:00+00:00
0.227000, 3.25, 1.04, 2025-11-12T06:00:00+00:00, 2025-11-12T06:30:00+00:00
0.215000, 3.41, 1.04, 2025-11-12T06:30:00+00:00, 2025-11-12T07:00:00+00:00
0.239000, 3.43, 1.04, 2025-11-12T07:00:00+00:00, 2025-11-12T07:30:00+00:00
0.026000, 0.43, 1.04, 2025-11-12T07:30:00+00:00, 2025-11-12T08:00:00+00:00
0.003000, 0.04, 1.04, 2025-11-12T08:00:00+00:00, 2025-11-12T08:30:00+00:00
0.011000, 0.16, 1.04, 2025-11-12T08:30:00+00:00, 2025-11-12T09:00:00+00:00
0.003000, 0.05, 1.04, 2025-11-12T09:00:00+00:00, 2025-11-12T09:30:00+00:00
0.003000, 0.05, 1.04, 2025-11-12T09:30:00+00:00, 2025-11-12T10:00:00+00:00
0.002000, 0.03, 1.04, 2025-11-12T10:00:00+00:00, 2025-11-12T10:30:00+00:00
0.003000, 0.05, 1.04, 2025-11-12T10:30:00+00:00, 2025-11-12T11:00:00+00:00
0.002000, 0.03, 1.04, 2025-11-12T11:00:00+00:00, 2025-11-12T11:30:00+00:00
0.003000, 0.05, 1.04, 2025-11-12T11:30:00+00:00, 2025-11-12T12:00:00+00:00
0.002000, 0.03, 1.04, 2025-11-12T12:00:00+00:00, 2025-11-12T12:30:00+00:00
0.007000, 0.12, 1.04, 2025-11-12T12:30:00+00:00, 2025-11-12T13:00:00+00:00
0.003000, 0.05, 1.04, 2025-11-12T13:00:00+00:00, 2025-11-12T13:30:00+00:00
0.003000, 0.05, 1.04, 2025-11-12T13:30:00+00:00, 2025-11-12T14:00:00+00:00
0.004000, 0.07, 1.04, 2025-11-12T14:00:00+00:00, 2025-11-12T14:30:00+00:00
0.003000, 0.05, 1.04, 2025-11-12T14:30:00+00:00, 2025-11-12T15:00:00+00:00
0.003000, 0.05, 1.04, 2025-11-12T15:00:00+00:00, 2025-11-12T15:30:00+00:00
0.003000, 0.06, 1.04, 2025-11-12T15:30:00+00:00, 2025-11-12T16:00:00+00:00
0.003000, 0.1, 1.04, 2025-11-12T16:00:00+00:00, 2025-11-12T16:30:00+00:00
0.016000, 0.54, 1.04, 2025-11-12T16:30:00+00:00, 2025-11-12T17:00:00+00:00
0.005000, 0.16, 1.04, 2025-11-12T17:00:00+00:00, 2025-11-12T17:30:00+00:00
0.015000, 0.49, 1.04, 2025-11-12T17:30:00+00:00, 2025-11-12T18:00:00+00:00
0.514000, 15.79, 1.04, 2025-11-12T18:00:00+00:00, 2025-11-12T18:30:00+00:00
0.595000, 17.34, 1.04, 2025-11-12T18:30:00+00:00, 2025-11-12T19:00:00+00:00
0.468000, 7.77, 1.04, 2025-11-12T19:00:00+00:00, 2025-11-12T19:30:00+00:00
0.766000, 11.82, 1.04, 2025-11-12T19:30:00+00:00, 2025-11-12T20:00:00+00:00
0.501000, 8.13, 1.04, 2025-11-12T20:00:00+00:00, 2025-11-12T20:30:00+00:00
0.387000, 6.23, 1.04, 2025-11-12T20:30:00+00:00, 2025-11-12T21:00:00+00:00
0.375000, 6.2, 1.04, 2025-11-12T21:00:00+00:00, 2025-11-12T21:30:00+00:00
0.340000, 5.55, 1.04, 2025-11-12T21:30:00+00:00, 2025-11-12T22:00:00+00:00
0.333000, 4.7, 1.04, 2025-11-12T22:00:00+00:00, 2025-11-12T22:30:00+00:00
0.256000, 3.16, 1.04, 2025-11-12T22:30:00+00:00, 2025-11-12T23:00:00+00:00
0.260000, 2.25, 1.04, 2025-11-12T23:00:00+00:00, 2025-11-12T23:30:00+00:00
0.206000, 0.8, 1.04, 2025-11-12T23:30:00+00:00, 2025-11-13T00:00:00+00:00
1.326000, 4.68, 1.04, 2025-11-13T00:00:00+00:00, 2025-11-13T00:30:00+00:00
1.309000, 5.77, 1.04, 2025-11-13T00:30:00+00:00, 2025-11-13T01:00:00+00:00
1.290000, 5, 1.04, 2025-11-13T01:00:00+00:00, 2025-11-13T01:30:00+00:00
1.302000, 4.02, 1.04, 2025-11-13T01:30:00+00:00, 2025-11-13T02:00:00+00:00
1.291000, 4.51, 1.04, 2025-11-13T02:00:00+00:00, 2025-11-13T02:30:00+00:00
1.325000, 2.66, 1.04, 2025-11-13T02:30:00+00:00, 2025-11-13T03:00:00+00:00
1.302000, 2.87, 1.04, 2025-11-13T03:00:00+00:00, 2025-11-13T03:30:00+00:00
1.309000, 0.58, 1.04, 2025-11-13T03:30:00+00:00, 2025-11-13T04:00:00+00:00
1.031000, 3.37, 1.04, 2025-11-13T04:00:00+00:00, 2025-11-13T04:30:00+00:00
0.288000, 1.21, 1.04, 2025-11-13T04:30:00+00:00, 2025-11-13T05:00:00+00:00
0.236000, 1.31, 1.04, 2025-11-13T05:00:00+00:00, 2025-11-13T05:30:00+00:00
0.224000, 1.67, 1.04, 2025-11-13T05:30:00+00:00, 2025-11-13T06:00:00+00:00
0.213000, 2.07, 1.04, 2025-11-13T06:00:00+00:00, 2025-11-13T06:30:00+00:00
0.204000, 2.7, 1.04, 2025-11-13T06:30:00+00:00, 2025-11-13T07:00:00+00:00
0.236000, 3.8, 1.04, 2025-11-13T07:00:00+00:00, 2025-11-13T07:30:00+00:00
0.010000, 0.17, 1.04, 2025-11-13T07:30:00+00:00, 2025-11-13T08:00:00+00:00
0.028000, 0.47, 1.04, 2025-11-13T08:00:00+00:00, 2025-11-13T08:30:00+00:00
0.003000, 0.05, 1.04, 2025-11-13T08:30:00+00:00, 2025-11-13T09:00:00+00:00
0.008000, 0.13, 1.04, 2025-11-13T09:00:00+00:00, 2025-11-13T09:30:00+00:00
0.027000, 0.42, 1.04, 2025-11-13T09:30:00+00:00, 2025-11-13T10:00:00+00:00
0.006000, 0.09, 1.04, 2025-11-13T10:00:00+00:00, 2025-11-13T10:30:00+00:00
0.004000, 0.06, 1.04, 2025-11-13T10:30:00+00:00, 2025-11-13T11:00:00+00:00
0.011000, 0.18, 1.04, 2025-11-13T11:00:00+00:00, 2025-11-13T11:30:00+00:00
0.003000, 0.05, 1.04, 2025-11-13T11:30:00+00:00, 2025-11-13T12:00:00+00:00
0.007000, 0.12, 1.04, 2025-11-13T12:00:00+00:00, 2025-11-13T12:30:00+00:00
0.003000, 0.05, 1.04, 2025-11-13T12:30:00+00:00, 2025-11-13T13:00:00+00:00
0.003000, 0.05, 1.04, 2025-11-13T13:00:00+00:00, 2025-11-13T13:30:00+00:00
0.002000, 0.03, 1.04, 2025-11-13T13:30:00+00:00, 2025-11-13T14:00:00+00:00
0.005000, 0.08, 1.04, 2025-11-13T14:00:00+00:00, 2025-11-13T14:30:00+00:00
0.002000, 0.03, 1.04, 2025-11-13T14:30:00+00:00, 2025-11-13T15:00:00+00:00
0.002000, 0.03, 1.04, 2025-11-13T15:00:00+00:00, 2025-11-13T15:30:00+00:00
0.003000, 0.06, 1.04, 2025-11-13T15:30:00+00:00, 2025-11-13T16:00:00+00:00
0.003000, 0.1, 1.04, 2025-11-13T16:00:00+00:00, 2025-11-13T16:30:00+00:00
0.004000, 0.14, 1.04, 2025-11-13T16:30:00+00:00, 2025-11-13T17:00:00+00:00
0.002000, 0.07, 1.04, 2025-11-13T17:00:00+00:00, 2025-11-13T17:30:00+00:00
0.078000, 2.7, 1.04, 2025-11-13T17:30:00+00:00, 2025-11-13T18:00:00+00:00
0.007000, 0.25, 1.04, 2025-11-13T18:00:00+00:00, 2025-11-13T18:30:00+00:00
0.003000, 0.1, 1.04, 2025-11-13T18:30:00+00:00, 2025-11-13T19:00:00+00:00
0.004000, 0.07, 1.04, 2025-11-13T19:00:00+00:00, 2025-11-13T19:30:00+00:00
0.003000, 0.05, 1.04, 2025-11-13T19:30:00+00:00, 2025-11-13T20:00:00+00:00
0.003000, 0.05, 1.04, 2025-11-13T20:00:00+00:00, 2025-11-13T20:30:00+00:00
0.260000, 4.47, 1.04, 2025-11-13T20:30:00+00:00, 2025-11-13T21:00:00+00:00
0.637000, 10.97, 1.04, 2025-11-13T21:00:00+00:00, 2025-11-13T21:30:00+00:00
0.417000, 6.9, 1.04, 2025-11-13T21:30:00+00:00, 2025-11-13T22:00:00+00:00
0.352000, 5.95, 1.04, 2025-11-13T22:00:00+00:00, 2025-11-13T22:30:00+00:00
0.245000, 3.98, 1.04, 2025-11-13T22:30:00+00:00, 2025-11-13T23:00:00+00:00
0.229000, 3.7, 1.04, 2025-11-13T23:00:00+00:00, 2025-11-13T23:30:00+00:00
0.233000, 3.7, 1.04, 2025-11-13T23:30:00+00:00, 2025-11-14T00:00:00+00:00
1.313000, 21.66, 1.04, 2025-11-14T00:00:00+00:00, 2025-11-14T00:30:00+00:00
1.310000, 21.91, 1.04, 2025-11-14T00:30:00+00:00, 2025-11-14T01:00:00+00:00
1.294000, 19.97, 1.04, 2025-11-14T01:00:00+00:00, 2025-11-14T01:30:00+00:00
1.287000, 17.73, 1.04, 2025-11-14T01:30:00+00:00, 2025-11-14T02:00:00+00:00
1.289000, 17.8, 1.04, 2025-11-14T02:00:00+00:00, 2025-11-14T02:30:00+00:00
1.325000, 15.51, 1.04, 2025-11-14T02:30:00+00:00, 2025-11-14T03:00:00+00:00
1.296000, 16.48, 1.04, 2025-11-14T03:00:00+00:00, 2025-11-14T03:30:00+00:00
1.312000, 16.32, 1.04, 2025-11-14T03:30:00+00:00, 2025-11-14T04:00:00+00:00
1.064000, 13.33, 1.04, 2025-11-14T04:00:00+00:00, 2025-11-14T04:30:00+00:00
0.294000, 3.57, 1.04, 2025-11-14T04:30:00+00:00, 2025-11-14T05:00:00+00:00
0.215000, 2.49, 1.04, 2025-11-14T05:00:00+00:00, 2025-11-14T05:30:00+00:00
0.243000, 2.99, 1.04, 2025-11-14T05:30:00+00:00, 2025-11-14T06:00:00+00:00
0.208000, 3.11, 1.04, 2025-11-14T06:00:00+00:00, 2025-11-14T06:30:00+00:00
0.211000, 3.35, 1.04, 2025-11-14T06:30:00+00:00, 2025-11-14T07:00:00+00:00
0.237000, 4.17, 1.04, 2025-11-14T07:00:00+00:00, 2025-11-14T07:30:00+00:00
0.014000, 0.26, 1.04, 2025-11-14T07:30:00+00:00, 2025-11-14T08:00:00+00:00
0.004000, 0.07, 1.04, 2025-11-14T08:00:00+00:00, 2025-11-14T08:30:00+00:00
0.003000, 0.06, 1.04, 2025-11-14T08:30:00+00:00, 2025-11-14T09:00:00+00:00
0.017000, 0.32, 1.04, 2025-11-14T09:00:00+00:00, 2025-11-14T09:30:00+00:00
0.004000, 0.07, 1.04, 2025-11-14T09:30:00+00:00, 2025-11-14T10:00:00+00:00
0.004000, 0.07, 1.04, 2025-11-14T10:00:00+00:00, 2025-11-14T10:30:00+00:00
0.012000, 0.22, 1.04, 2025-11-14T10:30:00+00:00, 2025-11-14T11:00:00+00:00
0.002000, 0.04, 1.04, 2025-11-14T11:00:00+00:00, 2025-11-14T11:30:00+00:00
0.003000, 0.05, 1.04, 2025-11-14T11:30:00+00:00, 2025-11-14T12:00:00+00:00
0.003000, 0.05, 1.04, 2025-11-14T12:00:00+00:00, 2025-11-14T12:30:00+00:00
0.019000, 0.33, 1.04, 2025-11-14T12:30:00+00:00, 2025-11-14T13:00:00+00:00
0.008000, 0.14, 1.04, 2025-11-14T13:00:00+00:00, 2025-11-14T13:30:00+00:00
0.002000, 0.03, 1.04, 2025-11-14T13:30:00+00:00, 2025-11-14T14:00:00+00:00
0.002000, 0.03, 1.04, 2025-11-14T14:00:00+00:00, 2025-11-14T14:30:00+00:00
0.003000, 0.05, 1.04, 2025-11-14T14:30:00+00:00, 2025-11-14T15:00:00+00:00
0.002000, 0.03, 1.04, 2025-11-14T15:00:00+00:00, 2025-11-14T15:30:00+00:00
0.003000, 0.05, 1.04, 2025-11-14T15:30:00+00:00, 2025-11-14T16:00:00+00:00
0.003000, 0.08, 1.04, 2025-11-14T16:00:00+00:00, 2025-11-14T16:30:00+00:00
0.003000, 0.09, 1.04, 2025-11-14T16:30:00+00:00, 2025-11-14T17:00:00+00:00
0.002000, 0.06, 1.04, 2025-11-14T17:00:00+00:00, 2025-11-14T17:30:00+00:00
0.007000, 0.2, 1.04, 2025-11-14T17:30:00+00:00, 2025-11-14T18:00:00+00:00
0.800000, 23.49, 1.04, 2025-11-14T18:00:00+00:00, 2025-11-14T18:30:00+00:00
0.491000, 13.66, 1.04, 2025-11-14T18:30:00+00:00, 2025-11-14T19:00:00+00:00
0.446000, 7.09, 1.04, 2025-11-14T19:00:00+00:00, 2025-11-14T19:30:00+00:00
0.448000, 7.23, 1.04, 2025-11-14T19:30:00+00:00, 2025-11-14T20:00:00+00:00
0.417000, 6.16, 1.04, 2025-11-14T20:00:00+00:00, 2025-11-14T20:30:00+00:00
0.410000, 5.27, 1.04, 2025-11-14T20:30:00+00:00, 2025-11-14T21:00:00+00:00
0.534000, 7.31, 1.04, 2025-11-14T21:00:00+00:00, 2025-11-14T21:30:00+00:00
0.785000, 9.26, 1.04, 2025-11-14T21:30:00+00:00, 2025-11-14T22:00:00+00:00
0.753000, 8.95, 1.04, 2025-11-14T22:00:00+00:00, 2025-11-14T22:30:00+00:00
0.655000, 6.93, 1.04, 2025-11-14T22:30:00+00:00, 2025-11-14T23:00:00+00:00
0.266000, 3.17, 1.04, 2025-11-14T23:00:00+00:00, 2025-11-14T23:30:00+00:00
0.257000, 2.21, 1.04, 2025-11-14T23:30:00+00:00, 2025-11-15T00:00:00+00:00
1.301000, 12.68, 1.04, 2025-11-15T00:00:00+00:00, 2025-11-15T00:30:00+00:00
1.307000, 14.41, 1.04, 2025-11-15T00:30:00+00:00, 2025-11-15T01:00:00+00:00
1.289000, 14.64, 1.04, 2025-11-15T01:00:00+00:00, 2025-11-15T01:30:00+00:00
1.285000, 12.18, 1.04, 2025-11-15T01:30:00+00:00, 2025-11-15T02:00:00+00:00
1.330000, 13.52, 1.04, 2025-11-15T02:00:00+00:00, 2025-11-15T02:30:00+00:00
1.284000, 11.86, 1.04, 2025-11-15T02:30:00+00:00, 2025-11-15T03:00:00+00:00
1.299000, 12.03, 1.04, 2025-11-15T03:00:00+00:00, 2025-11-15T03:30:00+00:00
1.270000, 10.92, 1.04, 2025-11-15T03:30:00+00:00, 2025-11-15T04:00:00+00:00
1.114000, 8.47, 1.04, 2025-11-15T04:00:00+00:00, 2025-11-15T04:30:00+00:00
0.297000, 2.44, 1.04, 2025-11-15T04:30:00+00:00, 2025-11-15T05:00:00+00:00
0.215000, 1.84, 1.04, 2025-11-15T05:00:00+00:00, 2025-11-15T05:30:00+00:00
0.213000, 1.6, 1.04, 2025-11-15T05:30:00+00:00, 2025-11-15T06:00:00+00:00
0.267000, 2.67, 1.04, 2025-11-15T06:00:00+00:00, 2025-11-15T06:30:00+00:00
0.274000, 4.23, 1.04, 2025-11-15T06:30:00+00:00, 2025-11-15T07:00:00+00:00
0.241000, 3, 1.04, 2025-11-15T07:00:00+00:00, 2025-11-15T07:30:00+00:00
0.010000, 0.15, 1.04, 2025-11-15T07:30:00+00:00, 2025-11-15T08:00:00+00:00
0.010000, 0.16, 1.04, 2025-11-15T08:00:00+00:00, 2025-11-15T08:30:00+00:00
0.003000, 0.05, 1.04, 2025-11-15T08:30:00+00:00, 2025-11-15T09:00:00+00:00
0.003000, 0.05, 1.04, 2025-11-15T09:00:00+00:00, 2025-11-15T09:30:00+00:00
0.004000, 0.07, 1.04, 2025-11-15T09:30:00+00:00, 2025-11-15T10:00:00+00:00
0.003000, 0.05, 1.04, 2025-11-15T10:00:00+00:00, 2025-11-15T10:30:00+00:00
0.016000, 0.26, 1.04, 2025-11-15T10:30:00+00:00, 2025-11-15T11:00:00+00:00
0.018000, 0.28, 1.04, 2025-11-15T11:00:00+00:00, 2025-11-15T11:30:00+00:00
0.005000, 0.08, 1.04, 2025-11-15T11:30:00+00:00, 2025-11-15T12:00:00+00:00
0.005000, 0.08, 1.04, 2025-11-15T12:00:00+00:00, 2025-11-15T12:30:00+00:00
0.007000, 0.12, 1.04, 2025-11-15T12:30:00+00:00, 2025-11-15T13:00:00+00:00
0.002000, 0.04, 1.04, 2025-11-15T13:00:00+00:00, 2025-11-15T13:30:00+00:00
0.004000, 0.06, 1.04, 2025-11-15T13:30:00+00:00, 2025-11-15T14:00:00+00:00
0.003000, 0.05, 1.04, 2025-11-15T14:00:00+00:00, 2025-11-15T14:30:00+00:00
0.003000, 0.05, 1.04, 2025-11-15T14:30:00+00:00, 2025-11-15T15:00:00+00:00
0.014000, 0.25, 1.04, 2025-11-15T15:00:00+00:00, 2025-11-15T15:30:00+00:00
0.003000, 0.06, 1.04, 2025-11-15T15:30:00+00:00, 2025-11-15T16:00:00+00:00
0.152000, 5.08, 1.04, 2025-11-15T16:00:00+00:00, 2025-11-15T16:30:00+00:00
0.062000, 2.27, 1.04, 2025-11-15T16:30:00+00:00, 2025-11-15T17:00:00+00:00
0.003000, 0.1, 1.04, 2025-11-15T17:00:00+00:00, 2025-11-15T17:30:00+00:00
1.096000, 36.02, 1.04, 2025-11-15T17:30:00+00:00, 2025-11-15T18:00:00+00:00
0.733000, 24.75, 1.04, 2025-11-15T18:00:00+00:00, 2025-11-15T18:30:00+00:00
0.425000, 13.98, 1.04, 2025-11-15T18:30:00+00:00, 2025-11-15T19:00:00+00:00
0.735000, 15.12, 1.04, 2025-11-15T19:00:00+00:00, 2025-11-15T19:30:00+00:00
0.415000, 7.78, 1.04, 2025-11-15T19:30:00+00:00, 2025-11-15T20:00:00+00:00
0.548000, 10.88, 1.04, 2025-11-15T20:00:00+00:00, 2025-11-15T20:30:00+00:00
0.543000, 10.06, 1.04, 2025-11-15T20:30:00+00:00, 2025-11-15T21:00:00+00:00
0.390000, 7.45, 1.04, 2025-11-15T21:00:00+00:00, 2025-11-15T21:30:00+00:00
0.412000, 7.38, 1.04, 2025-11-15T21:30:00+00:00, 2025-11-15T22:00:00+00:00
0.392000, 7.78, 1.04, 2025-11-15T22:00:00+00:00, 2025-11-15T22:30:00+00:00
0.271000, 4.79, 1.04, 2025-11-15T22:30:00+00:00, 2025-11-15T23:00:00+00:00
0.190000, 3.23, 1.04, 2025-11-15T23:00:00+00:00, 2025-11-15T23:30:00+00:00
0.151000, 2.54, 1.04, 2025-11-15T23:30:00+00:00, 2025-11-16T00:00:00+00:00
1.269000, 22.28, 1.04, 2025-11-16T00:00:00+00:00, 2025-11-16T00:30:00+00:00
1.245000, 23.33, 1.04, 2025-11-16T00:30:00+00:00, 2025-11-16T01:00:00+00:00
1.224000, 22.72, 1.04, 2025-11-16T01:00:00+00:00, 2025-11-16T01:30:00+00:00
1.266000, 21.57, 1.04, 2025-11-16T01:30:00+00:00, 2025-11-16T02:00:00+00:00
1.297000, 21.88, 1.04, 2025-11-16T02:00:00+00:00, 2025-11-16T02:30:00+00:00
1.267000, 20.34, 1.04, 2025-11-16T02:30:00+00:00, 2025-11-16T03:00:00+00:00
1.270000, 20.7, 1.04, 2025-11-16T03:00:00+00:00, 2025-11-16T03:30:00+00:00
1.247000, 18.96, 1.04, 2025-11-16T03:30:00+00:00, 2025-11-16T04:00:00+00:00
1.121000, 17.67, 1.04, 2025-11-16T04:00:00+00:00, 2025-11-16T04:30:00+00:00
0.262000, 4.12, 1.04, 2025-11-16T04:30:00+00:00, 2025-11-16T05:00:00+00:00
0.242000, 3.77, 1.04, 2025-11-16T05:00:00+00:00, 2025-11-16T05:30:00+00:00
0.256000, 3.95, 1.04, 2025-11-16T05:30:00+00:00, 2025-11-16T06:00:00+00:00
0.249000, 3.85, 1.04, 2025-11-16T06:00:00+00:00, 2025-11-16T06:30:00+00:00
0.248000, 3.97, 1.04, 2025-11-16T06:30:00+00:00, 2025-11-16T07:00:00+00:00
0.221000, 3.58, 1.04, 2025-11-16T07:00:00+00:00, 2025-11-16T07:30:00+00:00
0.017000, 0.28, 1.04, 2025-11-16T07:30:00+00:00, 2025-11-16T08:00:00+00:00
0.014000, 0.23, 1.04, 2025-11-16T08:00:00+00:00, 2025-11-16T08:30:00+00:00
0.011000, 0.19, 1.04, 2025-11-16T08:30:00+00:00, 2025-11-16T09:00:00+00:00
0.623000, 10.71, 1.04, 2025-11-16T09:00:00+00:00, 2025-11-16T09:30:00+00:00
1.344000, 25.49, 1.04, 2025-11-16T09:30:00+00:00, 2025-11-16T10:00:00+00:00
0.549000, 10.13, 1.04, 2025-11-16T10:00:00+00:00, 2025-11-16T10:30:00+00:00
0.010000, 0.18, 1.04, 2025-11-16T10:30:00+00:00, 2025-11-16T11:00:00+00:00
0.004000, 0.07, 1.04, 2025-11-16T11:00:00+00:00, 2025-11-16T11:30:00+00:00
0.003000, 0.06, 1.04, 2025-11-16T11:30:00+00:00, 2025-11-16T12:00:00+00:00
0.001000, 0.02, 1.04, 2025-11-16T12:00:00+00:00, 2025-11-16T12:30:00+00:00
0.003000, 0.06, 1.04, 2025-11-16T12:30:00+00:00, 2025-11-16T13:00:00+00:00
0.013000, 0.24, 1.04, 2025-11-16T13:00:00+00:00, 2025-11-16T13:30:00+00:00
0.002000, 0.03, 1.04, 2025-11-16T13:30:00+00:00, 2025-11-16T14:00:00+00:00
0.004000, 0.07, 1.04, 2025-11-16T14:00:00+00:00, 2025-11-16T14:30:00+00:00
0.002000, 0.04, 1.04, 2025-11-16T14:30:00+00:00, 2025-11-16T15:00:00+00:00
0.003000, 0.06, 1.04, 2025-11-16T15:00:00+00:00, 2025-11-16T15:30:00+00:00
0.004000, 0.08, 1.04, 2025-11-16T15:30:00+00:00, 2025-11-16T16:00:00+00:00
0.004000, 0.14, 1.04, 2025-11-16T16:00:00+00:00, 2025-11-16T16:30:00+00:00
0.002000, 0.07, 1.04, 2025-11-16T16:30:00+00:00, 2025-11-16T17:00:00+00:00
0.006000, 0.21, 1.04, 2025-11-16T17:00:00+00:00, 2025-11-16T17:30:00+00:00
0.050000, 1.73, 1.04, 2025-11-16T17:30:00+00:00, 2025-11-16T18:00:00+00:00
0.005000, 0.18, 1.04, 2025-11-16T18:00:00+00:00, 2025-11-16T18:30:00+00:00
0.003000, 0.1, 1.04, 2025-11-16T18:30:00+00:00, 2025-11-16T19:00:00+00:00
0.008000, 0.16, 1.04, 2025-11-16T19:00:00+00:00, 2025-11-16T19:30:00+00:00
0.003000, 0.06, 1.04, 2025-11-16T19:30:00+00:00, 2025-11-16T20:00:00+00:00
0.002000, 0.04, 1.04, 2025-11-16T20:00:00+00:00, 2025-11-16T20:30:00+00:00
0.005000, 0.09, 1.04, 2025-11-16T20:30:00+00:00, 2025-11-16T21:00:00+00:00
0.003000, 0.05, 1.04, 2025-11-16T21:00:00+00:00, 2025-11-16T21:30:00+00:00
0.001000, 0.02, 1.04, 2025-11-16T21:30:00+00:00, 2025-11-16T22:00:00+00:00
0.002000, 0.03, 1.04, 2025-11-16T22:00:00+00:00, 2025-11-16T22:30:00+00:00
0.454000, 6.56, 1.04, 2025-11-16T22:30:00+00:00, 2025-11-16T23:00:00+00:00
0.236000, 3.59, 1.04, 2025-11-16T23:00:00+00:00, 2025-11-16T23:30:00+00:00
0.227000, 3.15, 1.04, 2025-11-16T23:30:00+00:00, 2025-11-17T00:00:00+00:00
1.272000, 16.86, 1.04, 2025-11-17T00:00:00+00:00, 2025-11-17T00:30:00+00:00
1.309000, 18.36, 1.04, 2025-11-17T00:30:00+00:00, 2025-11-17T01:00:00+00:00
1.297000, 17.21, 1.04, 2025-11-17T01:00:00+00:00, 2025-11-17T01:30:00+00:00
1.316000, 16.75, 1.04, 2025-11-17T01:30:00+00:00, 2025-11-17T02:00:00+00:00
1.270000, 16.72, 1.04, 2025-11-17T02:00:00+00:00, 2025-11-17T02:30:00+00:00
1.277000, 15.77, 1.04, 2025-11-17T02:30:00+00:00, 2025-11-17T03:00:00+00:00
1.289000, 15.92, 1.04, 2025-11-17T03:00:00+00:00, 2025-11-17T03:30:00+00:00
1.272000, 15.15, 1.04, 2025-11-17T03:30:00+00:00, 2025-11-17T04:00:00+00:00
1.133000, 14.04, 1.04, 2025-11-17T04:00:00+00:00, 2025-11-17T04:30:00+00:00
0.305000, 3.81, 1.04, 2025-11-17T04:30:00+00:00, 2025-11-17T05:00:00+00:00
0.184000, 2.27, 1.04, 2025-11-17T05:00:00+00:00, 2025-11-17T05:30:00+00:00
0.207000, 3.15, 1.04, 2025-11-17T05:30:00+00:00, 2025-11-17T06:00:00+00:00
0.175000, 3.02, 1.04, 2025-11-17T06:00:00+00:00, 2025-11-17T06:30:00+00:00
0.244000, 4.2, 1.04, 2025-11-17T06:30:00+00:00, 2025-11-17T07:00:00+00:00
0.254000, 4.48, 1.04, 2025-11-17T07:00:00+00:00, 2025-11-17T07:30:00+00:00
0.276000, 5.66, 1.04, 2025-11-17T07:30:00+00:00, 2025-11-17T08:00:00+00:00
0.562000, 10.93, 1.04, 2025-11-17T08:00:00+00:00, 2025-11-17T08:30:00+00:00
0.316000, 6.2, 1.04, 2025-11-17T08:30:00+00:00, 2025-11-17T09:00:00+00:00
0.310000, 5.52, 1.04, 2025-11-17T09:00:00+00:00, 2025-11-17T09:30:00+00:00
0.314000, 5.41, 1.04, 2025-11-17T09:30:00+00:00, 2025-11-17T10:00:00+00:00
0.936000, 15.21, 1.04, 2025-11-17T10:00:00+00:00, 2025-11-17T10:30:00+00:00
0.007000, 0.11, 1.04, 2025-11-17T10:30:00+00:00, 2025-11-17T11:00:00+00:00
0.003000, 0.05, 1.04, 2025-11-17T11:00:00+00:00, 2025-11-17T11:30:00+00:00
0.002000, 0.03, 1.04, 2025-11-17T11:30:00+00:00, 2025-11-17T12:00:00+00:00
0.006000, 0.1, 1.04, 2025-11-17T12:00:00+00:00, 2025-11-17T12:30:00+00:00
0.005000, 0.08, 1.04, 2025-11-17T12:30:00+00:00, 2025-11-17T13:00:00+00:00
0.003000, 0.05, 1.04, 2025-11-17T13:00:00+00:00, 2025-11-17T13:30:00+00:00
0.003000, 0.05, 1.04, 2025-11-17T13:30:00+00:00, 2025-11-17T14:00:00+00:00
0.019000, 0.33, 1.04, 2025-11-17T14:00:00+00:00, 2025-11-17T14:30:00+00:00
0.003000, 0.05, 1.04, 2025-11-17T14:30:00+00:00, 2025-11-17T15:00:00+00:00
0.002000, 0.04, 1.04, 2025-11-17T15:00:00+00:00, 2025-11-17T15:30:00+00:00
0.003000, 0.06, 1.04, 2025-11-17T15:30:00+00:00, 2025-11-17T16:00:00+00:00
0.002000, 0.07, 1.04, 2025-11-17T16:00:00+00:00, 2025-11-17T16:30:00+00:00
0.003000, 0.11, 1.04, 2025-11-17T16:30:00+00:00, 2025-11-17T17:00:00+00:00
0.003000, 0.11, 1.04, 2025-11-17T17:00:00+00:00, 2025-11-17T17:30:00+00:00
0.008000, 0.29, 1.04, 2025-11-17T17:30:00+00:00, 2025-11-17T18:00:00+00:00
0.009000, 0.33, 1.04, 2025-11-17T18:00:00+00:00, 2025-11-17T18:30:00+00:00
0.007000, 0.25, 1.04, 2025-11-17T18:30:00+00:00, 2025-11-17T19:00:00+00:00
0.003000, 0.07, 1.04, 2025-11-17T19:00:00+00:00, 2025-11-17T19:30:00+00:00
0.003000, 0.06, 1.04, 2025-11-17T19:30:00+00:00, 2025-11-17T20:00:00+00:00
0.003000, 0.06, 1.04, 2025-11-17T20:00:00+00:00, 2025-11-17T20:30:00+00:00
0.004000, 0.08, 1.04, 2025-11-17T20:30:00+00:00, 2025-11-17T21:00:00+00:00
0.006000, 0.11, 1.04, 2025-11-17T21:00:00+00:00, 2025-11-17T21:30:00+00:00
0.003000, 0.06, 1.04, 2025-11-17T21:30:00+00:00, 2025-11-17T22:00:00+00:00
0.003000, 0.06, 1.04, 2025-11-17T22:00:00+00:00, 2025-11-17T22:30:00+00:00
0.002000, 0.04, 1.04, 2025-11-17T22:30:00+00:00, 2025-11-17T23:00:00+00:00
0.216000, 3.96, 1.04, 2025-11-17T23:00:00+00:00, 2025-11-17T23:30:00+00:00
0.219000, 3.77, 1.04, 2025-11-17T23:30:00+00:00, 2025-11-18T00:00:00+00:00
1.290000, 21.98, 1.04, 2025-11-18T00:00:00+00:00, 2025-11-18T00:30:00+00:00
1.291000, 23.14, 1.04, 2025-11-18T00:30:00+00:00, 2025-11-18T01:00:00+00:00
1.338000, 23.64, 1.04, 2025-11-18T01:00:00+00:00, 2025-11-18T01:30:00+00:00
1.280000, 21.57, 1.04, 2025-11-18T01:30:00+00:00, 2025-11-18T02:00:00+00:00
1.299000, 21.89, 1.04, 2025-11-18T02:00:00+00:00, 2025-11-18T02:30:00+00:00
1.289000, 21.22, 1.04, 2025-11-18T02:30:00+00:00, 2025-11-18T03:00:00+00:00
1.313000, 22.79, 1.04, 2025-11-18T03:00:00+00:00, 2025-11-18T03:30:00+00:00
1.301000, 21.6, 1.04, 2025-11-18T03:30:00+00:00, 2025-11-18T04:00:00+00:00
1.123000, 18.57, 1.04, 2025-11-18T04:00:00+00:00, 2025-11-18T04:30:00+00:00
0.283000, 4.58, 1.04, 2025-11-18T04:30:00+00:00, 2025-11-18T05:00:00+00:00
0.201000, 3.66, 1.04, 2025-11-18T05:00:00+00:00, 2025-11-18T05:30:00+00:00
0.229000, 4.09, 1.04, 2025-11-18T05:30:00+00:00, 2025-11-18T06:00:00+00:00
0.203000, 3.76, 1.04, 2025-11-18T06:00:00+00:00, 2025-11-18T06:30:00+00:00
0.233000, 5.17, 1.04, 2025-11-18T06:30:00+00:00, 2025-11-18T07:00:00+00:00
0.238000, 5.17, 1.04, 2025-11-18T07:00:00+00:00, 2025-11-18T07:30:00+00:00
0.284000, 6.82, 1.04, 2025-11-18T07:30:00+00:00, 2025-11-18T08:00:00+00:00
0.667000, 14.65, 1.04, 2025-11-18T08:00:00+00:00, 2025-11-18T08:30:00+00:00
0.396000, 8.77, 1.04, 2025-11-18T08:30:00+00:00, 2025-11-18T09:00:00+00:00
0.409000, 8.38, 1.04, 2025-11-18T09:00:00+00:00, 2025-11-18T09:30:00+00:00
0.321000, 6.4, 1.04, 2025-11-18T09:30:00+00:00, 2025-11-18T10:00:00+00:00
0.225000, 4.31, 1.04, 2025-11-18T10:00:00+00:00, 2025-11-18T10:30:00+00:00
0.010000, 0.19, 1.04, 2025-11-18T10:30:00+00:00, 2025-11-18T11:00:00+00:00
0.004000, 0.08, 1.04, 2025-11-18T11:00:00+00:00, 2025-11-18T11:30:00+00:00
0.003000, 0.06, 1.04, 2025-11-18T11:30:00+00:00, 2025-11-18T12:00:00+00:00
0.001000, 0.02, 1.04, 2025-11-18T12:00:00+00:00, 2025-11-18T12:30:00+00:00
0.005000, 0.09, 1.04, 2025-11-18T12:30:00+00:00, 2025-11-18T13:00:00+00:00
0.002000, 0.04, 1.04, 2025-11-18T13:00:00+00:00, 2025-11-18T13:30:00+00:00
0.003000, 0.05, 1.04, 2025-11-18T13:30:00+00:00, 2025-11-18T14:00:00+00:00
0.003000, 0.06, 1.04, 2025-11-18T14:00:00+00:00, 2025-11-18T14:30:00+00:00
0.004000, 0.08, 1.04, 2025-11-18T14:30:00+00:00, 2025-11-18T15:00:00+00:00
0.012000, 0.26, 1.04, 2025-11-18T15:00:00+00:00, 2025-11-18T15:30:00+00:00
0.002000, 0.05, 1.04, 2025-11-18T15:30:00+00:00, 2025-11-18T16:00:00+00:00
0.003000, 0.11, 1.04, 2025-11-18T16:00:00+00:00, 2025-11-18T16:30:00+00:00
0.023000, 0.86, 1.04, 2025-11-18T16:30:00+00:00, 2025-11-18T17:00:00+00:00
0.002000, 0.08, 1.04, 2025-11-18T17:00:00+00:00, 2025-11-18T17:30:00+00:00
0.003000, 0.11, 1.04, 2025-11-18T17:30:00+00:00, 2025-11-18T18:00:00+00:00
0.003000, 0.11, 1.04, 2025-11-18T18:00:00+00:00, 2025-11-18T18:30:00+00:00
0.005000, 0.19, 1.04, 2025-11-18T18:30:00+00:00, 2025-11-18T19:00:00+00:00
0.010000, 0.21, 1.04, 2025-11-18T19:00:00+00:00, 2025-11-18T19:30:00+00:00
0.003000, 0.06, 1.04, 2025-11-18T19:30:00+00:00, 2025-11-18T20:00:00+00:00
0.004000, 0.08, 1.04, 2025-11-18T20:00:00+00:00, 2025-11-18T20:30:00+00:00
0.002000, 0.04, 1.04, 2025-11-18T20:30:00+00:00, 2025-11-18T21:00:00+00:00
0.178000, 3.43, 1.04, 2025-11-18T21:00:00+00:00, 2025-11-18T21:30:00+00:00
0.740000, 13.12, 1.04, 2025-11-18T21:30:00+00:00, 2025-11-18T22:00:00+00:00
0.650000, 11.32, 1.04, 2025-11-18T22:00:00+00:00, 2025-11-18T22:30:00+00:00
0.252000, 4.33, 1.04, 2025-11-18T22:30:00+00:00, 2025-11-18T23:00:00+00:00
0.230000, 4.1, 1.04, 2025-11-18T23:00:00+00:00, 2025-11-18T23:30:00+00:00
0.227000, 3.79, 1.04, 2025-11-18T23:30:00+00:00, 2025-11-19T00:00:00+00:00
1.335000, 22.34, 1.04, 2025-11-19T00:00:00+00:00, 2025-11-19T00:30:00+00:00
1.340000, 22.91, 1.04, 2025-11-19T00:30:00+00:00, 2025-11-19T01:00:00+00:00
1.314000, 22.82, 1.04, 2025-11-19T01:00:00+00:00, 2025-11-19T01:30:00+00:00
1.278000, 21.39, 1.04, 2025-11-19T01:30:00+00:00, 2025-11-19T02:00:00+00:00
1.320000, 22.97, 1.04, 2025-11-19T02:00:00+00:00, 2025-11-19T02:30:00+00:00
1.285000, 21.53, 1.04, 2025-11-19T02:30:00+00:00, 2025-11-19T03:00:00+00:00
1.324000, 22.16, 1.04, 2025-11-19T03:00:00+00:00, 2025-11-19T03:30:00+00:00
1.324000, 22.01, 1.04, 2025-11-19T03:30:00+00:00, 2025-11-19T04:00:00+00:00
1.131000, 18.93, 1.04, 2025-11-19T04:00:00+00:00, 2025-11-19T04:30:00+00:00
0.291000, 4.87, 1.04, 2025-11-19T04:30:00+00:00, 2025-11-19T05:00:00+00:00
0.196000, 3.68, 1.04, 2025-11-19T05:00:00+00:00, 2025-11-19T05:30:00+00:00
0.228000, 3.82, 1.04, 2025-11-19T05:30:00+00:00, 2025-11-19T06:00:00+00:00
0.217000, 4.21, 1.04, 2025-11-19T06:00:00+00:00, 2025-11-19T06:30:00+00:00
0.263000, 4.99, 1.04, 2025-11-19T06:30:00+00:00, 2025-11-19T07:00:00+00:00
0.220000, 4.31, 1.04, 2025-11-19T07:00:00+00:00, 2025-11-19T07:30:00+00:00
0.409000, 9.58, 1.04, 2025-11-19T07:30:00+00:00, 2025-11-19T08:00:00+00:00
0.441000, 9.15, 1.04, 2025-11-19T08:00:00+00:00, 2025-11-19T08:30:00+00:00
0.418000, 9, 1.04, 2025-11-19T08:30:00+00:00, 2025-11-19T09:00:00+00:00
0.912000, 17.84, 1.04, 2025-11-19T09:00:00+00:00, 2025-11-19T09:30:00+00:00
0.207000, 3.87, 1.04, 2025-11-19T09:30:00+00:00, 2025-11-19T10:00:00+00:00
0.336000, 5.88, 1.04, 2025-11-19T10:00:00+00:00, 2025-11-19T10:30:00+00:00
0.018000, 0.32, 1.04, 2025-11-19T10:30:00+00:00, 2025-11-19T11:00:00+00:00
0.003000, 0.05, 1.04, 2025-11-19T11:00:00+00:00, 2025-11-19T11:30:00+00:00
0.003000, 0.05, 1.04, 2025-11-19T11:30:00+00:00, 2025-11-19T12:00:00+00:00
0.003000, 0.05, 1.04, 2025-11-19T12:00:00+00:00, 2025-11-19T12:30:00+00:00
0.003000, 0.05, 1.04, 2025-11-19T12:30:00+00:00, 2025-11-19T13:00:00+00:00
0.002000, 0.03, 1.04, 2025-11-19T13:00:00+00:00, 2025-11-19T13:30:00+00:00
0.003000, 0.05, 1.04, 2025-11-19T13:30:00+00:00, 2025-11-19T14:00:00+00:00
0.002000, 0.04, 1.04, 2025-11-19T14:00:00+00:00, 2025-11-19T14:30:00+00:00
0.021000, 0.39, 1.04, 2025-11-19T14:30:00+00:00, 2025-11-19T15:00:00+00:00
0.015000, 0.28, 1.04, 2025-11-19T15:00:00+00:00, 2025-11-19T15:30:00+00:00
0.002000, 0.05, 1.04, 2025-11-19T15:30:00+00:00, 2025-11-19T16:00:00+00:00
0.002000, 0.07, 1.04, 2025-11-19T16:00:00+00:00, 2025-11-19T16:30:00+00:00
0.003000, 0.11, 1.04, 2025-11-19T16:30:00+00:00, 2025-11-19T17:00:00+00:00
0.005000, 0.18, 1.04, 2025-11-19T17:00:00+00:00, 2025-11-19T17:30:00+00:00
0.225000, 8.19, 1.04, 2025-11-19T17:30:00+00:00, 2025-11-19T18:00:00+00:00
0.008000, 0.29, 1.04, 2025-11-19T18:00:00+00:00, 2025-11-19T18:30:00+00:00
0.028000, 1.02, 1.04, 2025-11-19T18:30:00+00:00, 2025-11-19T19:00:00+00:00
0.034000, 0.75, 1.04, 2025-11-19T19:00:00+00:00, 2025-11-19T19:30:00+00:00
0.015000, 0.31, 1.04, 2025-11-19T19:30:00+00:00, 2025-11-19T20:00:00+00:00
0.004000, 0.08, 1.04, 2025-11-19T20:00:00+00:00, 2025-11-19T20:30:00+00:00
0.003000, 0.05, 1.04, 2025-11-19T20:30:00+00:00, 2025-11-19T21:00:00+00:00
0.142000, 2.62, 1.04, 2025-11-19T21:00:00+00:00, 2025-11-19T21:30:00+00:00
0.600000, 11.01, 1.04, 2025-11-19T21:30:00+00:00, 2025-11-19T22:00:00+00:00
0.447000, 8.28, 1.04, 2025-11-19T22:00:00+00:00, 2025-11-19T22:30:00+00:00
0.363000, 6.08, 1.04, 2025-11-19T22:30:00+00:00, 2025-11-19T23:00:00+00:00
0.652000, 11.5, 1.04, 2025-11-19T23:00:00+00:00, 2025-11-19T23:30:00+00:00
0.199000, 3.16, 1.04, 2025-11-19T23:30:00+00:00, 2025-11-20T00:00:00+00:00
1.297000, 20.31, 1.04, 2025-11-20T00:00:00+00:00, 2025-11-20T00:30:00+00:00
1.287000, 21.28, 1.04, 2025-11-20T00:30:00+00:00, 2025-11-20T01:00:00+00:00
1.323000, 22.06, 1.04, 2025-11-20T01:00:00+00:00, 2025-11-20T01:30:00+00:00
1.333000, 21.75, 1.04, 2025-11-20T01:30:00+00:00, 2025-11-20T02:00:00+00:00
1.290000, 21.05, 1.04, 2025-11-20T02:00:00+00:00, 2025-11-20T02:30:00+00:00
1.271000, 20.39, 1.04, 2025-11-20T02:30:00+00:00, 2025-11-20T03:00:00+00:00
1.292000, 20.85, 1.04, 2025-11-20T03:00:00+00:00, 2025-11-20T03:30:00+00:00
1.291000, 20.63, 1.04, 2025-11-20T03:30:00+00:00, 2025-11-20T04:00:00+00:00
1.145000, 19.26, 1.04, 2025-11-20T04:00:00+00:00, 2025-11-20T04:30:00+00:00
0.299000, 4.82, 1.04, 2025-11-20T04:30:00+00:00, 2025-11-20T05:00:00+00:00
0.205000, 3.92, 1.04, 2025-11-20T05:00:00+00:00, 2025-11-20T05:30:00+00:00
0.190000, 3.41, 1.04, 2025-11-20T05:30:00+00:00, 2025-11-20T06:00:00+00:00
0.228000, 4.55, 1.04, 2025-11-20T06:00:00+00:00, 2025-11-20T06:30:00+00:00
0.216000, 4.24, 1.04, 2025-11-20T06:30:00+00:00, 2025-11-20T07:00:00+00:00
0.258000, 5.12, 1.04, 2025-11-20T07:00:00+00:00, 2025-11-20T07:30:00+00:00
0.705000, 16.74, 1.04, 2025-11-20T07:30:00+00:00, 2025-11-20T08:00:00+00:00
0.630000, 14.36, 1.04, 2025-11-20T08:00:00+00:00, 2025-11-20T08:30:00+00:00
0.895000, 20.72, 1.04, 2025-11-20T08:30:00+00:00, 2025-11-20T09:00:00+00:00
0.548000, 11.93, 1.04, 2025-11-20T09:00:00+00:00, 2025-11-20T09:30:00+00:00
0.394000, 8.2, 1.04, 2025-11-20T09:30:00+00:00, 2025-11-20T10:00:00+00:00
0.458000, 8.99, 1.04, 2025-11-20T10:00:00+00:00, 2025-11-20T10:30:00+00:00
0.009000, 0.17, 1.04, 2025-11-20T10:30:00+00:00, 2025-11-20T11:00:00+00:00
0.004000, 0.08, 1.04, 2025-11-20T11:00:00+00:00, 2025-11-20T11:30:00+00:00
0.002000, 0.04, 1.04, 2025-11-20T11:30:00+00:00, 2025-11-20T12:00:00+00:00
0.001000, 0.02, 1.04, 2025-11-20T12:00:00+00:00, 2025-11-20T12:30:00+00:00
0.001000, 0.02, 1.04, 2025-11-20T12:30:00+00:00, 2025-11-20T13:00:00+00:00
0.001000, 0.02, 1.04, 2025-11-20T13:00:00+00:00, 2025-11-20T13:30:00+00:00
0.002000, 0.04, 1.04, 2025-11-20T13:30:00+00:00, 2025-11-20T14:00:00+00:00
0.003000, 0.06, 1.04, 2025-11-20T14:00:00+00:00, 2025-11-20T14:30:00+00:00
0.016000, 0.35, 1.04, 2025-11-20T14:30:00+00:00, 2025-11-20T15:00:00+00:00
0.022000, 0.5, 1.04, 2025-11-20T15:00:00+00:00, 2025-11-20T15:30:00+00:00
0.057000, 1.51, 1.04, 2025-11-20T15:30:00+00:00, 2025-11-20T16:00:00+00:00
0.017000, 0.67, 1.04, 2025-11-20T16:00:00+00:00, 2025-11-20T16:30:00+00:00
0.041000, 1.66, 1.04, 2025-11-20T16:30:00+00:00, 2025-11-20T17:00:00+00:00
0.021000, 0.87, 1.04, 2025-11-20T17:00:00+00:00, 2025-11-20T17:30:00+00:00
0.006000, 0.25, 1.04, 2025-11-20T17:30:00+00:00, 2025-11-20T18:00:00+00:00
0.135000, 5.54, 1.04, 2025-11-20T18:00:00+00:00, 2025-11-20T18:30:00+00:00
0.698000, 29.2, 1.04, 2025-11-20T18:30:00+00:00, 2025-11-20T19:00:00+00:00
0.393000, 10.66, 1.04, 2025-11-20T19:00:00+00:00, 2025-11-20T19:30:00+00:00
1.353000, 34.15, 1.04, 2025-11-20T19:30:00+00:00, 2025-11-20T20:00:00+00:00
1.635000, 37.03, 1.04, 2025-11-20T20:00:00+00:00, 2025-11-20T20:30:00+00:00
0.490000, 10.58, 1.04, 2025-11-20T20:30:00+00:00, 2025-11-20T21:00:00+00:00
1.056000, 22.74, 1.04, 2025-11-20T21:00:00+00:00, 2025-11-20T21:30:00+00:00
0.450000, 8.93, 1.04, 2025-11-20T21:30:00+00:00, 2025-11-20T22:00:00+00:00
0.308000, 5.98, 1.04, 2025-11-20T22:00:00+00:00, 2025-11-20T22:30:00+00:00
0.484000, 8, 1.04, 2025-11-20T22:30:00+00:00, 2025-11-20T23:00:00+00:00
0.731000, 13.19, 1.04, 2025-11-20T23:00:00+00:00, 2025-11-20T23:30:00+00:00
0.435000, 7.29, 1.04, 2025-11-20T23:30:00+00:00, 2025-11-21T00:00:00+00:00
1.300000, 21.77, 1.04, 2025-11-21T00:00:00+00:00, 2025-11-21T00:30:00+00:00
1.300000, 24.35, 1.04, 2025-11-21T00:30:00+00:00, 2025-11-21T01:00:00+00:00
1.285000, 22.67, 1.04, 2025-11-21T01:00:00+00:00, 2025-11-21T01:30:00+00:00
1.320000, 22.87, 1.04, 2025-11-21T01:30:00+00:00, 2025-11-21T02:00:00+00:00
1.302000, 22.68, 1.04, 2025-11-21T02:00:00+00:00, 2025-11-21T02:30:00+00:00
1.316000, 21.8, 1.04, 2025-11-21T02:30:00+00:00, 2025-11-21T03:00:00+00:00
1.277000, 21.27, 1.04, 2025-11-21T03:00:00+00:00, 2025-11-21T03:30:00+00:00
1.287000, 20.72, 1.04, 2025-11-21T03:30:00+00:00, 2025-11-21T04:00:00+00:00
1.098000, 18.95, 1.04, 2025-11-21T04:00:00+00:00, 2025-11-21T04:30:00+00:00
0.262000, 4.3, 1.04, 2025-11-21T04:30:00+00:00, 2025-11-21T05:00:00+00:00
0.236000, 4.66, 1.04, 2025-11-21T05:00:00+00:00, 2025-11-21T05:30:00+00:00
0.196000, 3.82, 1.04, 2025-11-21T05:30:00+00:00, 2025-11-21T06:00:00+00:00
0.493000, 13.48, 1.04, 2025-11-21T06:00:00+00:00, 2025-11-21T06:30:00+00:00
0.272000, 8.55, 1.04, 2025-11-21T06:30:00+00:00, 2025-11-21T07:00:00+00:00
0.436000, 14.84, 1.04, 2025-11-21T07:00:00+00:00, 2025-11-21T07:30:00+00:00
0.438000, 17.96, 1.04, 2025-11-21T07:30:00+00:00, 2025-11-21T08:00:00+00:00
0.934000, 33.46, 1.04, 2025-11-21T08:00:00+00:00, 2025-11-21T08:30:00+00:00
0.784000, 29.03, 1.04, 2025-11-21T08:30:00+00:00, 2025-11-21T09:00:00+00:00
0.396000, 12.92, 1.04, 2025-11-21T09:00:00+00:00, 2025-11-21T09:30:00+00:00
0.285000, 8.86, 1.04, 2025-11-21T09:30:00+00:00, 2025-11-21T10:00:00+00:00
0.161000, 4.48, 1.04, 2025-11-21T10:00:00+00:00, 2025-11-21T10:30:00+00:00
0.009000, 0.25, 1.04, 2025-11-21T10:30:00+00:00, 2025-11-21T11:00:00+00:00
0.003000, 0.08, 1.04, 2025-11-21T11:00:00+00:00, 2025-11-21T11:30:00+00:00
0.004000, 0.1, 1.04, 2025-11-21T11:30:00+00:00, 2025-11-21T12:00:00+00:00
0.004000, 0.11, 1.04, 2025-11-21T12:00:00+00:00, 2025-11-21T12:30:00+00:00
0.003000, 0.08, 1.04, 2025-11-21T12:30:00+00:00, 2025-11-21T13:00:00+00:00
0.009000, 0.25, 1.04, 2025-11-21T13:00:00+00:00, 2025-11-21T13:30:00+00:00
0.002000, 0.05, 1.04, 2025-11-21T13:30:00+00:00, 2025-11-21T14:00:00+00:00
0.162000, 4.43, 1.04, 2025-11-21T14:00:00+00:00, 2025-11-21T14:30:00+00:00
0.081000, 2.21, 1.04, 2025-11-21T14:30:00+00:00, 2025-11-21T15:00:00+00:00
0.025000, 0.81, 1.04, 2025-11-21T15:00:00+00:00, 2025-11-21T15:30:00+00:00
0.004000, 0.14, 1.04, 2025-11-21T15:30:00+00:00, 2025-11-21T16:00:00+00:00
0.002000, 0.1, 1.04, 2025-11-21T16:00:00+00:00, 2025-11-21T16:30:00+00:00
0.003000, 0.15, 1.04, 2025-11-21T16:30:00+00:00, 2025-11-21T17:00:00+00:00
0.012000, 0.59, 1.04, 2025-11-21T17:00:00+00:00, 2025-11-21T17:30:00+00:00
0.003000, 0.15, 1.04, 2025-11-21T17:30:00+00:00, 2025-11-21T18:00:00+00:00
0.003000, 0.14, 1.04, 2025-11-21T18:00:00+00:00, 2025-11-21T18:30:00+00:00
0.002000, 0.09, 1.04, 2025-11-21T18:30:00+00:00, 2025-11-21T19:00:00+00:00
0.002000, 0.06, 1.04, 2025-11-21T19:00:00+00:00, 2025-11-21T19:30:00+00:00
0.002000, 0.05, 1.04, 2025-11-21T19:30:00+00:00, 2025-11-21T20:00:00+00:00
0.003000, 0.07, 1.04, 2025-11-21T20:00:00+00:00, 2025-11-21T20:30:00+00:00
0.004000, 0.08, 1.04, 2025-11-21T20:30:00+00:00, 2025-11-21T21:00:00+00:00
0.003000, 0.06, 1.04, 2025-11-21T21:00:00+00:00, 2025-11-21T21:30:00+00:00
0.003000, 0.06, 1.04, 2025-11-21T21:30:00+00:00, 2025-11-21T22:00:00+00:00
0.004000, 0.08, 1.04, 2025-11-21T22:00:00+00:00, 2025-11-21T22:30:00+00:00
0.442000, 8.35, 1.04, 2025-11-21T22:30:00+00:00, 2025-11-21T23:00:00+00:00
0.229000, 4.04, 1.04, 2025-11-21T23:00:00+00:00, 2025-11-21T23:30:00+00:00
0.255000, 4.39, 1.04, 2025-11-21T23:30:00+00:00, 2025-11-22T00:00:00+00:00
1.293000, 22.24, 1.04, 2025-11-22T00:00:00+00:00, 2025-11-22T00:30:00+00:00
1.288000, 23.63, 1.04, 2025-11-22T00:30:00+00:00, 2025-11-22T01:00:00+00:00
1.281000, 23.13, 1.04, 2025-11-22T01:00:00+00:00, 2025-11-22T01:30:00+00:00
1.313000, 21.45, 1.04, 2025-11-22T01:30:00+00:00, 2025-11-22T02:00:00+00:00
1.327000, 21.93, 1.04, 2025-11-22T02:00:00+00:00, 2025-11-22T02:30:00+00:00
1.322000, 21.57, 1.04, 2025-11-22T02:30:00+00:00, 2025-11-22T03:00:00+00:00
1.272000, 21.09, 1.04, 2025-11-22T03:00:00+00:00, 2025-11-22T03:30:00+00:00
1.320000, 21.37, 1.04, 2025-11-22T03:30:00+00:00, 2025-11-22T04:00:00+00:00
1.135000, 18.47, 1.04, 2025-11-22T04:00:00+00:00, 2025-11-22T04:30:00+00:00
0.329000, 5.28, 1.04, 2025-11-22T04:30:00+00:00, 2025-11-22T05:00:00+00:00
0.466000, 7.4, 1.04, 2025-11-22T05:00:00+00:00, 2025-11-22T05:30:00+00:00
0.321000, 5.21, 1.04, 2025-11-22T05:30:00+00:00, 2025-11-22T06:00:00+00:00
0.303000, 4.99, 1.04, 2025-11-22T06:00:00+00:00, 2025-11-22T06:30:00+00:00
0.299000, 5.55, 1.04, 2025-11-22T06:30:00+00:00, 2025-11-22T07:00:00+00:00
0.295000, 5.03, 1.04, 2025-11-22T07:00:00+00:00, 2025-11-22T07:30:00+00:00
0.311000, 6.11, 1.04, 2025-11-22T07:30:00+00:00, 2025-11-22T08:00:00+00:00
0.739000, 12.06, 1.04, 2025-11-22T08:00:00+00:00, 2025-11-22T08:30:00+00:00
1.193000, 23.56, 1.04, 2025-11-22T08:30:00+00:00, 2025-11-22T09:00:00+00:00
0.601000, 9.54, 1.04, 2025-11-22T09:00:00+00:00, 2025-11-22T09:30:00+00:00
1.009000, 18.03, 1.04, 2025-11-22T09:30:00+00:00, 2025-11-22T10:00:00+00:00
0.587000, 10.69, 1.04, 2025-11-22T10:00:00+00:00, 2025-11-22T10:30:00+00:00
0.048000, 0.9, 1.04, 2025-11-22T10:30:00+00:00, 2025-11-22T11:00:00+00:00
0.006000, 0.11, 1.04, 2025-11-22T11:00:00+00:00, 2025-11-22T11:30:00+00:00
0.002000, 0.04, 1.04, 2025-11-22T11:30:00+00:00, 2025-11-22T12:00:00+00:00
0.003000, 0.06, 1.04, 2025-11-22T12:00:00+00:00, 2025-11-22T12:30:00+00:00
0.001000, 0.02, 1.04, 2025-11-22T12:30:00+00:00, 2025-11-22T13:00:00+00:00
0.002000, 0.04, 1.04, 2025-11-22T13:00:00+00:00, 2025-11-22T13:30:00+00:00
0.003000, 0.06, 1.04, 2025-11-22T13:30:00+00:00, 2025-11-22T14:00:00+00:00
0.002000, 0.04, 1.04, 2025-11-22T14:00:00+00:00, 2025-11-22T14:30:00+00:00
0.120000, 2.17, 1.04, 2025-11-22T14:30:00+00:00, 2025-11-22T15:00:00+00:00
0.166000, 2.94, 1.04, 2025-11-22T15:00:00+00:00, 2025-11-22T15:30:00+00:00
0.005000, 0.1, 1.04, 2025-11-22T15:30:00+00:00, 2025-11-22T16:00:00+00:00
0.003000, 0.1, 1.04, 2025-11-22T16:00:00+00:00, 2025-11-22T16:30:00+00:00
0.003000, 0.11, 1.04, 2025-11-22T16:30:00+00:00, 2025-11-22T17:00:00+00:00
0.173000, 5.8, 1.04, 2025-11-22T17:00:00+00:00, 2025-11-22T17:30:00+00:00
0.413000, 13.49, 1.04, 2025-11-22T17:30:00+00:00, 2025-11-22T18:00:00+00:00
1.182000, 41.84, 1.04, 2025-11-22T18:00:00+00:00, 2025-11-22T18:30:00+00:00
0.589000, 20.48, 1.04, 2025-11-22T18:30:00+00:00, 2025-11-22T19:00:00+00:00
0.366000, 7.61, 1.04, 2025-11-22T19:00:00+00:00, 2025-11-22T19:30:00+00:00
0.668000, 12.84, 1.04, 2025-11-22T19:30:00+00:00, 2025-11-22T20:00:00+00:00
1.490000, 29.57, 1.04, 2025-11-22T20:00:00+00:00, 2025-11-22T20:30:00+00:00
0.897000, 17.03, 1.04, 2025-11-22T20:30:00+00:00, 2025-11-22T21:00:00+00:00
1.100000, 22.07, 1.04, 2025-11-22T21:00:00+00:00, 2025-11-22T21:30:00+00:00
0.540000, 9.98, 1.04, 2025-11-22T21:30:00+00:00, 2025-11-22T22:00:00+00:00
0.344000, 6.65, 1.04, 2025-11-22T22:00:00+00:00, 2025-11-22T22:30:00+00:00
0.293000, 4.79, 1.04, 2025-11-22T22:30:00+00:00, 2025-11-22T23:00:00+00:00
0.335000, 5.54, 1.04, 2025-11-22T23:00:00+00:00, 2025-11-22T23:30:00+00:00
0.254000, 4.73, 1.04, 2025-11-22T23:30:00+00:00, 2025-11-23T00:00:00+00:00
1.294000, 22.62, 1.04, 2025-11-23T00:00:00+00:00, 2025-11-23T00:30:00+00:00
1.310000, 23.37, 1.04, 2025-11-23T00:30:00+00:00, 2025-11-23T01:00:00+00:00
1.292000, 21.37, 1.04, 2025-11-23T01:00:00+00:00, 2025-11-23T01:30:00+00:00
1.284000, 19.31, 1.04, 2025-11-23T01:30:00+00:00, 2025-11-23T02:00:00+00:00
1.257000, 19.4, 1.04, 2025-11-23T02:00:00+00:00, 2025-11-23T02:30:00+00:00
1.209000, 17.23, 1.04, 2025-11-23T02:30:00+00:00, 2025-11-23T03:00:00+00:00
1.315000, 18.03, 1.04, 2025-11-23T03:00:00+00:00, 2025-11-23T03:30:00+00:00
1.284000, 16.8, 1.04, 2025-11-23T03:30:00+00:00, 2025-11-23T04:00:00+00:00
1.377000, 18.82, 1.04, 2025-11-23T04:00:00+00:00, 2025-11-23T04:30:00+00:00
0.369000, 4.96, 1.04, 2025-11-23T04:30:00+00:00, 2025-11-23T05:00:00+00:00
0.451000, 6.37, 1.04, 2025-11-23T05:00:00+00:00, 2025-11-23T05:30:00+00:00
0.468000, 6.4, 1.04, 2025-11-23T05:30:00+00:00, 2025-11-23T06:00:00+00:00
0.224000, 3.22, 1.04, 2025-11-23T06:00:00+00:00, 2025-11-23T06:30:00+00:00
0.249000, 3.4, 1.04, 2025-11-23T06:30:00+00:00, 2025-11-23T07:00:00+00:00
0.266000, 3.68, 1.04, 2025-11-23T07:00:00+00:00, 2025-11-23T07:30:00+00:00
0.246000, 3.72, 1.04, 2025-11-23T07:30:00+00:00, 2025-11-23T08:00:00+00:00
0.474000, 6.62, 1.04, 2025-11-23T08:00:00+00:00, 2025-11-23T08:30:00+00:00
2.190000, 35.37, 1.04, 2025-11-23T08:30:00+00:00, 2025-11-23T09:00:00+00:00
2.214000, 34.66, 1.04, 2025-11-23T09:00:00+00:00, 2025-11-23T09:30:00+00:00
0.985000, 16.93, 1.04, 2025-11-23T09:30:00+00:00, 2025-11-23T10:00:00+00:00
0.377000, 6.32, 1.04, 2025-11-23T10:00:00+00:00, 2025-11-23T10:30:00+00:00
0.179000, 2.97, 1.04, 2025-11-23T10:30:00+00:00, 2025-11-23T11:00:00+00:00
0.004000, 0.06, 1.04, 2025-11-23T11:00:00+00:00, 2025-11-23T11:30:00+00:00
0.005000, 0.08, 1.04, 2025-11-23T11:30:00+00:00, 2025-11-23T12:00:00+00:00
0.049000, 0.79, 1.04, 2025-11-23T12:00:00+00:00, 2025-11-23T12:30:00+00:00
0.013000, 0.22, 1.04, 2025-11-23T12:30:00+00:00, 2025-11-23T13:00:00+00:00
0.010000, 0.17, 1.04, 2025-11-23T13:00:00+00:00, 2025-11-23T13:30:00+00:00
0.032000, 0.57, 1.04, 2025-11-23T13:30:00+00:00, 2025-11-23T14:00:00+00:00
0.005000, 0.09, 1.04, 2025-11-23T14:00:00+00:00, 2025-11-23T14:30:00+00:00
0.004000, 0.07, 1.04, 2025-11-23T14:30:00+00:00, 2025-11-23T15:00:00+00:00
0.133000, 2.34, 1.04, 2025-11-23T15:00:00+00:00, 2025-11-23T15:30:00+00:00
0.047000, 0.88, 1.04, 2025-11-23T15:30:00+00:00, 2025-11-23T16:00:00+00:00
0.022000, 0.72, 1.04, 2025-11-23T16:00:00+00:00, 2025-11-23T16:30:00+00:00
0.016000, 0.55, 1.04, 2025-11-23T16:30:00+00:00, 2025-11-23T17:00:00+00:00
0.432000, 15.12, 1.04, 2025-11-23T17:00:00+00:00, 2025-11-23T17:30:00+00:00
0.761000, 26.98, 1.04, 2025-11-23T17:30:00+00:00, 2025-11-23T18:00:00+00:00
0.829000, 29.27, 1.04, 2025-11-23T18:00:00+00:00, 2025-11-23T18:30:00+00:00
0.449000, 15.1, 1.04, 2025-11-23T18:30:00+00:00, 2025-11-23T19:00:00+00:00
0.413000, 8.21, 1.04, 2025-11-23T19:00:00+00:00, 2025-11-23T19:30:00+00:00
0.516000, 8.77, 1.04, 2025-11-23T19:30:00+00:00, 2025-11-23T20:00:00+00:00
0.674000, 11.49, 1.04, 2025-11-23T20:00:00+00:00, 2025-11-23T20:30:00+00:00
0.870000, 14.73, 1.04, 2025-11-23T20:30:00+00:00, 2025-11-23T21:00:00+00:00
0.699000, 12.26, 1.04, 2025-11-23T21:00:00+00:00, 2025-11-23T21:30:00+00:00
0.416000, 6.93, 1.04, 2025-11-23T21:30:00+00:00, 2025-11-23T22:00:00+00:00
0.465000, 7.89, 1.04, 2025-11-23T22:00:00+00:00, 2025-11-23T22:30:00+00:00
0.612000, 8.76, 1.04, 2025-11-23T22:30:00+00:00, 2025-11-23T23:00:00+00:00
0.452000, 7.39, 1.04, 2025-11-23T23:00:00+00:00, 2025-11-23T23:30:00+00:00
0.288000, 4.21, 1.04, 2025-11-23T23:30:00+00:00, 2025-11-24T00:00:00+00:00
1.797000, 25.36, 1.04, 2025-11-24T00:00:00+00:00, 2025-11-24T00:30:00+00:00
1.286000, 19.69, 1.04, 2025-11-24T00:30:00+00:00, 2025-11-24T01:00:00+00:00
1.314000, 20.1, 1.04, 2025-11-24T01:00:00+00:00, 2025-11-24T01:30:00+00:00
1.313000, 19.11, 1.04, 2025-11-24T01:30:00+00:00, 2025-11-24T02:00:00+00:00
1.302000, 18.1, 1.04, 2025-11-24T02:00:00+00:00, 2025-11-24T02:30:00+00:00
1.325000, 17.28, 1.04, 2025-11-24T02:30:00+00:00, 2025-11-24T03:00:00+00:00
1.305000, 18.11, 1.04, 2025-11-24T03:00:00+00:00, 2025-11-24T03:30:00+00:00
1.315000, 17.23, 1.04, 2025-11-24T03:30:00+00:00, 2025-11-24T04:00:00+00:00
1.057000, 14.72, 1.04, 2025-11-24T04:00:00+00:00, 2025-11-24T04:30:00+00:00
0.285000, 3.71, 1.04, 2025-11-24T04:30:00+00:00, 2025-11-24T05:00:00+00:00
0.201000, 3.35, 1.04, 2025-11-24T05:00:00+00:00, 2025-11-24T05:30:00+00:00
0.240000, 2.8, 1.04, 2025-11-24T05:30:00+00:00, 2025-11-24T06:00:00+00:00
0.219000, 3.67, 1.04, 2025-11-24T06:00:00+00:00, 2025-11-24T06:30:00+00:00
0.278000, 4.9, 1.04, 2025-11-24T06:30:00+00:00, 2025-11-24T07:00:00+00:00
0.417000, 7.77, 1.04, 2025-11-24T07:00:00+00:00, 2025-11-24T07:30:00+00:00
0.635000, 12.79, 1.04, 2025-11-24T07:30:00+00:00, 2025-11-24T08:00:00+00:00
0.681000, 14.5, 1.04, 2025-11-24T08:00:00+00:00, 2025-11-24T08:30:00+00:00
0.567000, 12.13, 1.04, 2025-11-24T08:30:00+00:00, 2025-11-24T09:00:00+00:00
1.199000, 26.93, 1.04, 2025-11-24T09:00:00+00:00, 2025-11-24T09:30:00+00:00
0.363000, 8.14, 1.04, 2025-11-24T09:30:00+00:00, 2025-11-24T10:00:00+00:00
0.351000, 8.09, 1.04, 2025-11-24T10:00:00+00:00, 2025-11-24T10:30:00+00:00
0.014000, 0.32, 1.04, 2025-11-24T10:30:00+00:00, 2025-11-24T11:00:00+00:00
0.166000, 3.67, 1.04, 2025-11-24T11:00:00+00:00, 2025-11-24T11:30:00+00:00
0.053000, 1.14, 1.04, 2025-11-24T11:30:00+00:00, 2025-11-24T12:00:00+00:00
0.008000, 0.17, 1.04, 2025-11-24T12:00:00+00:00, 2025-11-24T12:30:00+00:00
0.003000, 0.06, 1.04, 2025-11-24T12:30:00+00:00, 2025-11-24T13:00:00+00:00
0.014000, 0.3, 1.04, 2025-11-24T13:00:00+00:00, 2025-11-24T13:30:00+00:00
0.004000, 0.08, 1.04, 2025-11-24T13:30:00+00:00, 2025-11-24T14:00:00+00:00
0.002000, 0.04, 1.04, 2025-11-24T14:00:00+00:00, 2025-11-24T14:30:00+00:00
0.003000, 0.06, 1.04, 2025-11-24T14:30:00+00:00, 2025-11-24T15:00:00+00:00
0.003000, 0.06, 1.04, 2025-11-24T15:00:00+00:00, 2025-11-24T15:30:00+00:00
0.003000, 0.06, 1.04, 2025-11-24T15:30:00+00:00, 2025-11-24T16:00:00+00:00
0.002000, 0.07, 1.04, 2025-11-24T16:00:00+00:00, 2025-11-24T16:30:00+00:00
0.003000, 0.11, 1.04, 2025-11-24T16:30:00+00:00, 2025-11-24T17:00:00+00:00
0.003000, 0.1, 1.04, 2025-11-24T17:00:00+00:00, 2025-11-24T17:30:00+00:00
0.019000, 0.68, 1.04, 2025-11-24T17:30:00+00:00, 2025-11-24T18:00:00+00:00
0.004000, 0.15, 1.04, 2025-11-24T18:00:00+00:00, 2025-11-24T18:30:00+00:00
0.004000, 0.15, 1.04, 2025-11-24T18:30:00+00:00, 2025-11-24T19:00:00+00:00
0.031000, 0.66, 1.04, 2025-11-24T19:00:00+00:00, 2025-11-24T19:30:00+00:00
0.003000, 0.06, 1.04, 2025-11-24T19:30:00+00:00, 2025-11-24T20:00:00+00:00
0.686000, 13.06, 1.04, 2025-11-24T20:00:00+00:00, 2025-11-24T20:30:00+00:00
1.003000, 18.8, 1.04, 2025-11-24T20:30:00+00:00, 2025-11-24T21:00:00+00:00
0.600000, 11.64, 1.04, 2025-11-24T21:00:00+00:00, 2025-11-24T21:30:00+00:00
0.445000, 7.98, 1.04, 2025-11-24T21:30:00+00:00, 2025-11-24T22:00:00+00:00
0.313000, 5.15, 1.04, 2025-11-24T22:00:00+00:00, 2025-11-24T22:30:00+00:00
0.295000, 4.03, 1.04, 2025-11-24T22:30:00+00:00, 2025-11-24T23:00:00+00:00
0.245000, 4.05, 1.04, 2025-11-24T23:00:00+00:00, 2025-11-24T23:30:00+00:00
0.258000, 4.12, 1.04, 2025-11-24T23:30:00+00:00, 2025-11-25T00:00:00+00:00
1.294000, 20.26, 1.04, 2025-11-25T00:00:00+00:00, 2025-11-25T00:30:00+00:00
1.322000, 21.86, 1.04, 2025-11-25T00:30:00+00:00, 2025-11-25T01:00:00+00:00
1.316000, 20.82, 1.04, 2025-11-25T01:00:00+00:00, 2025-11-25T01:30:00+00:00
1.350000, 21.39, 1.04, 2025-11-25T01:30:00+00:00, 2025-11-25T02:00:00+00:00
1.286000, 20.13, 1.04, 2025-11-25T02:00:00+00:00, 2025-11-25T02:30:00+00:00
1.306000, 20.58, 1.04, 2025-11-25T02:30:00+00:00, 2025-11-25T03:00:00+00:00
1.324000, 20.73, 1.04, 2025-11-25T03:00:00+00:00, 2025-11-25T03:30:00+00:00
1.276000, 19.95, 1.04, 2025-11-25T03:30:00+00:00, 2025-11-25T04:00:00+00:00
1.101000, 17.48, 1.04, 2025-11-25T04:00:00+00:00, 2025-11-25T04:30:00+00:00
0.273000, 4.27, 1.04, 2025-11-25T04:30:00+00:00, 2025-11-25T05:00:00+00:00
0.211000, 3.27, 1.04, 2025-11-25T05:00:00+00:00, 2025-11-25T05:30:00+00:00
0.234000, 3.66, 1.04, 2025-11-25T05:30:00+00:00, 2025-11-25T06:00:00+00:00
0.216000, 3.95, 1.04, 2025-11-25T06:00:00+00:00, 2025-11-25T06:30:00+00:00
0.229000, 4.14, 1.04, 2025-11-25T06:30:00+00:00, 2025-11-25T07:00:00+00:00
0.232000, 4.1, 1.04, 2025-11-25T07:00:00+00:00, 2025-11-25T07:30:00+00:00
0.474000, 10.41, 1.04, 2025-11-25T07:30:00+00:00, 2025-11-25T08:00:00+00:00
0.449000, 11.23, 1.04, 2025-11-25T08:00:00+00:00, 2025-11-25T08:30:00+00:00
0.281000, 6.81, 1.04, 2025-11-25T08:30:00+00:00, 2025-11-25T09:00:00+00:00
0.351000, 8.59, 1.04, 2025-11-25T09:00:00+00:00, 2025-11-25T09:30:00+00:00
0.942000, 21.81, 1.04, 2025-11-25T09:30:00+00:00, 2025-11-25T10:00:00+00:00
0.322000, 6.47, 1.04, 2025-11-25T10:00:00+00:00, 2025-11-25T10:30:00+00:00
0.011000, 0.22, 1.04, 2025-11-25T10:30:00+00:00, 2025-11-25T11:00:00+00:00
0.003000, 0.06, 1.04, 2025-11-25T11:00:00+00:00, 2025-11-25T11:30:00+00:00
0.004000, 0.08, 1.04, 2025-11-25T11:30:00+00:00, 2025-11-25T12:00:00+00:00
0.004000, 0.08, 1.04, 2025-11-25T12:00:00+00:00, 2025-11-25T12:30:00+00:00
0.011000, 0.24, 1.04, 2025-11-25T12:30:00+00:00, 2025-11-25T13:00:00+00:00
0.003000, 0.07, 1.04, 2025-11-25T13:00:00+00:00, 2025-11-25T13:30:00+00:00
0.002000, 0.05, 1.04, 2025-11-25T13:30:00+00:00, 2025-11-25T14:00:00+00:00
0.002000, 0.05, 1.04, 2025-11-25T14:00:00+00:00, 2025-11-25T14:30:00+00:00
0.003000, 0.09, 1.04, 2025-11-25T14:30:00+00:00, 2025-11-25T15:00:00+00:00
0.003000, 0.09, 1.04, 2025-11-25T15:00:00+00:00, 2025-11-25T15:30:00+00:00
0.003000, 0.12, 1.04, 2025-11-25T15:30:00+00:00, 2025-11-25T16:00:00+00:00
0.013000, 0.67, 1.04, 2025-11-25T16:00:00+00:00, 2025-11-25T16:30:00+00:00
0.002000, 0.12, 1.04, 2025-11-25T16:30:00+00:00, 2025-11-25T17:00:00+00:00
0.006000, 0.34, 1.04, 2025-11-25T17:00:00+00:00, 2025-11-25T17:30:00+00:00
0.016000, 0.95, 1.04, 2025-11-25T17:30:00+00:00, 2025-11-25T18:00:00+00:00
0.004000, 0.23, 1.04, 2025-11-25T18:00:00+00:00, 2025-11-25T18:30:00+00:00
0.003000, 0.17, 1.04, 2025-11-25T18:30:00+00:00, 2025-11-25T19:00:00+00:00
0.002000, 0.07, 1.04, 2025-11-25T19:00:00+00:00, 2025-11-25T19:30:00+00:00
0.004000, 0.11, 1.04, 2025-11-25T19:30:00+00:00, 2025-11-25T20:00:00+00:00
0.004000, 0.11, 1.04, 2025-11-25T20:00:00+00:00, 2025-11-25T20:30:00+00:00
0.006000, 0.14, 1.04, 2025-11-25T20:30:00+00:00, 2025-11-25T21:00:00+00:00
0.003000, 0.07, 1.04, 2025-11-25T21:00:00+00:00, 2025-11-25T21:30:00+00:00
0.003000, 0.06, 1.04, 2025-11-25T21:30:00+00:00, 2025-11-25T22:00:00+00:00
0.003000, 0.05, 1.04, 2025-11-25T22:00:00+00:00, 2025-11-25T22:30:00+00:00
0.003000, 0.05, 1.04, 2025-11-25T22:30:00+00:00, 2025-11-25T23:00:00+00:00
0.257000, 4.25, 1.04, 2025-11-25T23:00:00+00:00, 2025-11-25T23:30:00+00:00
0.348000, 5.52, 1.04, 2025-11-25T23:30:00+00:00, 2025-11-26T00:00:00+00:00
1.362000, 22.22, 1.04, 2025-11-26T00:00:00+00:00, 2025-11-26T00:30:00+00:00
1.341000, 23.32, 1.04, 2025-11-26T00:30:00+00:00, 2025-11-26T01:00:00+00:00
1.296000, 22.58, 1.04, 2025-11-26T01:00:00+00:00, 2025-11-26T01:30:00+00:00
1.305000, 20.51, 1.04, 2025-11-26T01:30:00+00:00, 2025-11-26T02:00:00+00:00
1.311000, 21.57, 1.04, 2025-11-26T02:00:00+00:00, 2025-11-26T02:30:00+00:00
1.290000, 20.62, 1.04, 2025-11-26T02:30:00+00:00, 2025-11-26T03:00:00+00:00
1.283000, 20.99, 1.04, 2025-11-26T03:00:00+00:00, 2025-11-26T03:30:00+00:00
1.303000, 21.26, 1.04, 2025-11-26T03:30:00+00:00, 2025-11-26T04:00:00+00:00
1.105000, 18.03, 1.04, 2025-11-26T04:00:00+00:00, 2025-11-26T04:30:00+00:00
0.328000, 5.14, 1.04, 2025-11-26T04:30:00+00:00, 2025-11-26T05:00:00+00:00
0.205000, 3.43, 1.04, 2025-11-26T05:00:00+00:00, 2025-11-26T05:30:00+00:00
0.227000, 3.65, 1.04, 2025-11-26T05:30:00+00:00, 2025-11-26T06:00:00+00:00
0.221000, 4.15, 1.04, 2025-11-26T06:00:00+00:00, 2025-11-26T06:30:00+00:00
0.213000, 4.46, 1.04, 2025-11-26T06:30:00+00:00, 2025-11-26T07:00:00+00:00
0.236000, 5.56, 1.04, 2025-11-26T07:00:00+00:00, 2025-11-26T07:30:00+00:00
0.452000, 11.28, 1.04, 2025-11-26T07:30:00+00:00, 2025-11-26T08:00:00+00:00
0.468000, 11.35, 1.04, 2025-11-26T08:00:00+00:00, 2025-11-26T08:30:00+00:00
0.409000, 10.32, 1.04, 2025-11-26T08:30:00+00:00, 2025-11-26T09:00:00+00:00
0.381000, 9.72, 1.04, 2025-11-26T09:00:00+00:00, 2025-11-26T09:30:00+00:00
1.098000, 26.63, 1.04, 2025-11-26T09:30:00+00:00, 2025-11-26T10:00:00+00:00
0.308000, 7.25, 1.04, 2025-11-26T10:00:00+00:00, 2025-11-26T10:30:00+00:00
0.018000, 0.41, 1.04, 2025-11-26T10:30:00+00:00, 2025-11-26T11:00:00+00:00
0.003000, 0.06, 1.04, 2025-11-26T11:00:00+00:00, 2025-11-26T11:30:00+00:00
0.010000, 0.2, 1.04, 2025-11-26T11:30:00+00:00, 2025-11-26T12:00:00+00:00
0.004000, 0.07, 1.04, 2025-11-26T12:00:00+00:00, 2025-11-26T12:30:00+00:00
0.002000, 0.04, 1.04, 2025-11-26T12:30:00+00:00, 2025-11-26T13:00:00+00:00
0.003000, 0.06, 1.04, 2025-11-26T13:00:00+00:00, 2025-11-26T13:30:00+00:00
0.002000, 0.04, 1.04, 2025-11-26T13:30:00+00:00, 2025-11-26T14:00:00+00:00
0.003000, 0.07, 1.04, 2025-11-26T14:00:00+00:00, 2025-11-26T14:30:00+00:00
0.006000, 0.14, 1.04, 2025-11-26T14:30:00+00:00, 2025-11-26T15:00:00+00:00
0.003000, 0.07, 1.04, 2025-11-26T15:00:00+00:00, 2025-11-26T15:30:00+00:00
0.018000, 0.5, 1.04, 2025-11-26T15:30:00+00:00, 2025-11-26T16:00:00+00:00
0.051000, 2.09, 1.04, 2025-11-26T16:00:00+00:00, 2025-11-26T16:30:00+00:00
0.077000, 3.52, 1.04, 2025-11-26T16:30:00+00:00, 2025-11-26T17:00:00+00:00
0.019000, 0.86, 1.04, 2025-11-26T17:00:00+00:00, 2025-11-26T17:30:00+00:00
0.009000, 0.43, 1.04, 2025-11-26T17:30:00+00:00, 2025-11-26T18:00:00+00:00
0.017000, 0.75, 1.04, 2025-11-26T18:00:00+00:00, 2025-11-26T18:30:00+00:00
0.003000, 0.12, 1.04, 2025-11-26T18:30:00+00:00, 2025-11-26T19:00:00+00:00
0.003000, 0.07, 1.04, 2025-11-26T19:00:00+00:00, 2025-11-26T19:30:00+00:00
0.003000, 0.07, 1.04, 2025-11-26T19:30:00+00:00, 2025-11-26T20:00:00+00:00
0.001000, 0.02, 1.04, 2025-11-26T20:00:00+00:00, 2025-11-26T20:30:00+00:00
0.003000, 0.06, 1.04, 2025-11-26T20:30:00+00:00, 2025-11-26T21:00:00+00:00
0.044000, 0.82, 1.04, 2025-11-26T21:00:00+00:00, 2025-11-26T21:30:00+00:00
0.539000, 9.13, 1.04, 2025-11-26T21:30:00+00:00, 2025-11-26T22:00:00+00:00
0.558000, 9.6, 1.04, 2025-11-26T22:00:00+00:00, 2025-11-26T22:30:00+00:00
0.305000, 5.04, 1.04, 2025-11-26T22:30:00+00:00, 2025-11-26T23:00:00+00:00
0.318000, 5.12, 1.04, 2025-11-26T23:00:00+00:00, 2025-11-26T23:30:00+00:00
0.278000, 4.5, 1.04, 2025-11-26T23:30:00+00:00, 2025-11-27T00:00:00+00:00
1.310000, 19.7, 1.04, 2025-11-27T00:00:00+00:00, 2025-11-27T00:30:00+00:00
1.329000, 20.55, 1.04, 2025-11-27T00:30:00+00:00, 2025-11-27T01:00:00+00:00
1.314000, 19.58, 1.04, 2025-11-27T01:00:00+00:00, 2025-11-27T01:30:00+00:00
1.327000, 18.25, 1.04, 2025-11-27T01:30:00+00:00, 2025-11-27T02:00:00+00:00
1.321000, 17.77, 1.04, 2025-11-27T02:00:00+00:00, 2025-11-27T02:30:00+00:00
1.297000, 16.59, 1.04, 2025-11-27T02:30:00+00:00, 2025-11-27T03:00:00+00:00
1.313000, 17.29, 1.04, 2025-11-27T03:00:00+00:00, 2025-11-27T03:30:00+00:00
1.294000, 16.92, 1.04, 2025-11-27T03:30:00+00:00, 2025-11-27T04:00:00+00:00
1.142000, 16.08, 1.04, 2025-11-27T04:00:00+00:00, 2025-11-27T04:30:00+00:00
0.588000, 7.75, 1.04, 2025-11-27T04:30:00+00:00, 2025-11-27T05:00:00+00:00
0.283000, 4.12, 1.04, 2025-11-27T05:00:00+00:00, 2025-11-27T05:30:00+00:00
0.698000, 9.84, 1.04, 2025-11-27T05:30:00+00:00, 2025-11-27T06:00:00+00:00
0.206000, 3.33, 1.04, 2025-11-27T06:00:00+00:00, 2025-11-27T06:30:00+00:00
0.225000, 4.07, 1.04, 2025-11-27T06:30:00+00:00, 2025-11-27T07:00:00+00:00
0.241000, 4.62, 1.04, 2025-11-27T07:00:00+00:00, 2025-11-27T07:30:00+00:00
0.652000, 13.08, 1.04, 2025-11-27T07:30:00+00:00, 2025-11-27T08:00:00+00:00
0.872000, 16.24, 1.04, 2025-11-27T08:00:00+00:00, 2025-11-27T08:30:00+00:00
0.515000, 9.79, 1.04, 2025-11-27T08:30:00+00:00, 2025-11-27T09:00:00+00:00
0.644000, 11.75, 1.04, 2025-11-27T09:00:00+00:00, 2025-11-27T09:30:00+00:00
0.543000, 9.65, 1.04, 2025-11-27T09:30:00+00:00, 2025-11-27T10:00:00+00:00
0.272000, 4.69, 1.04, 2025-11-27T10:00:00+00:00, 2025-11-27T10:30:00+00:00
0.012000, 0.2, 1.04, 2025-11-27T10:30:00+00:00, 2025-11-27T11:00:00+00:00
0.002000, 0.03, 1.04, 2025-11-27T11:00:00+00:00, 2025-11-27T11:30:00+00:00
0.002000, 0.03, 1.04, 2025-11-27T11:30:00+00:00, 2025-11-27T12:00:00+00:00
0.004000, 0.06, 1.04, 2025-11-27T12:00:00+00:00, 2025-11-27T12:30:00+00:00
0.003000, 0.05, 1.04, 2025-11-27T12:30:00+00:00, 2025-11-27T13:00:00+00:00
0.029000, 0.45, 1.04, 2025-11-27T13:00:00+00:00, 2025-11-27T13:30:00+00:00
0.019000, 0.29, 1.04, 2025-11-27T13:30:00+00:00, 2025-11-27T14:00:00+00:00
0.002000, 0.03, 1.04, 2025-11-27T14:00:00+00:00, 2025-11-27T14:30:00+00:00
0.001000, 0.02, 1.04, 2025-11-27T14:30:00+00:00, 2025-11-27T15:00:00+00:00
0.003000, 0.05, 1.04, 2025-11-27T15:00:00+00:00, 2025-11-27T15:30:00+00:00
0.010000, 0.18, 1.04, 2025-11-27T15:30:00+00:00, 2025-11-27T16:00:00+00:00
0.002000, 0.06, 1.04, 2025-11-27T16:00:00+00:00, 2025-11-27T16:30:00+00:00
0.003000, 0.1, 1.04, 2025-11-27T16:30:00+00:00, 2025-11-27T17:00:00+00:00
0.026000, 0.81, 1.04, 2025-11-27T17:00:00+00:00, 2025-11-27T17:30:00+00:00
0.004000, 0.13, 1.04, 2025-11-27T17:30:00+00:00, 2025-11-27T18:00:00+00:00
0.037000, 1.15, 1.04, 2025-11-27T18:00:00+00:00, 2025-11-27T18:30:00+00:00
0.017000, 0.51, 1.04, 2025-11-27T18:30:00+00:00, 2025-11-27T19:00:00+00:00
0.002000, 0.03, 1.04, 2025-11-27T19:00:00+00:00, 2025-11-27T19:30:00+00:00
0.524000, 8.62, 1.04, 2025-11-27T19:30:00+00:00, 2025-11-27T20:00:00+00:00
0.405000, 6.55, 1.04, 2025-11-27T20:00:00+00:00, 2025-11-27T20:30:00+00:00
0.991000, 14.58, 1.04, 2025-11-27T20:30:00+00:00, 2025-11-27T21:00:00+00:00
0.473000, 7.73, 1.04, 2025-11-27T21:00:00+00:00, 2025-11-27T21:30:00+00:00
0.403000, 5.53, 1.04, 2025-11-27T21:30:00+00:00, 2025-11-27T22:00:00+00:00
0.338000, 4.87, 1.04, 2025-11-27T22:00:00+00:00, 2025-11-27T22:30:00+00:00
0.269000, 3.03, 1.04, 2025-11-27T22:30:00+00:00, 2025-11-27T23:00:00+00:00
0.270000, 2.46, 1.04, 2025-11-27T23:00:00+00:00, 2025-11-27T23:30:00+00:00
0.236000, 1.8, 1.04, 2025-11-27T23:30:00+00:00, 2025-11-28T00:00:00+00:00
1.322000, 10.49, 1.04, 2025-11-28T00:00:00+00:00, 2025-11-28T00:30:00+00:00
1.277000, 11.85, 1.04, 2025-11-28T00:30:00+00:00, 2025-11-28T01:00:00+00:00
1.322000, 11.38, 1.04, 2025-11-28T01:00:00+00:00, 2025-11-28T01:30:00+00:00
1.318000, 9.42, 1.04, 2025-11-28T01:30:00+00:00, 2025-11-28T02:00:00+00:00
1.336000, 10.65, 1.04, 2025-11-28T02:00:00+00:00, 2025-11-28T02:30:00+00:00
1.284000, 10.1, 1.04, 2025-11-28T02:30:00+00:00, 2025-11-28T03:00:00+00:00
1.294000, 10.95, 1.04, 2025-11-28T03:00:00+00:00, 2025-11-28T03:30:00+00:00
1.286000, 8.34, 1.04, 2025-11-28T03:30:00+00:00, 2025-11-28T04:00:00+00:00
1.111000, 8.41, 1.04, 2025-11-28T04:00:00+00:00, 2025-11-28T04:30:00+00:00
0.302000, 1.98, 1.04, 2025-11-28T04:30:00+00:00, 2025-11-28T05:00:00+00:00
0.208000, 1.57, 1.04, 2025-11-28T05:00:00+00:00, 2025-11-28T05:30:00+00:00
0.203000, 1.69, 1.04, 2025-11-28T05:30:00+00:00, 2025-11-28T06:00:00+00:00
0.209000, 2.44, 1.04, 2025-11-28T06:00:00+00:00, 2025-11-28T06:30:00+00:00
0.223000, 3.89, 1.04, 2025-11-28T06:30:00+00:00, 2025-11-28T07:00:00+00:00
0.250000, 4.59, 1.04, 2025-11-28T07:00:00+00:00, 2025-11-28T07:30:00+00:00
0.643000, 12.98, 1.04, 2025-11-28T07:30:00+00:00, 2025-11-28T08:00:00+00:00
1.303000, 25.28, 1.04, 2025-11-28T08:00:00+00:00, 2025-11-28T08:30:00+00:00
1.033000, 20.04, 1.04, 2025-11-28T08:30:00+00:00, 2025-11-28T09:00:00+00:00
1.712000, 33.15, 1.04, 2025-11-28T09:00:00+00:00, 2025-11-28T09:30:00+00:00
0.863000, 15.84, 1.04, 2025-11-28T09:30:00+00:00, 2025-11-28T10:00:00+00:00
0.370000, 6.6, 1.04, 2025-11-28T10:00:00+00:00, 2025-11-28T10:30:00+00:00
0.026000, 0.43, 1.04, 2025-11-28T10:30:00+00:00, 2025-11-28T11:00:00+00:00
0.005000, 0.08, 1.04, 2025-11-28T11:00:00+00:00, 2025-11-28T11:30:00+00:00
0.004000, 0.06, 1.04, 2025-11-28T11:30:00+00:00, 2025-11-28T12:00:00+00:00
0.008000, 0.12, 1.04, 2025-11-28T12:00:00+00:00, 2025-11-28T12:30:00+00:00
0.010000, 0.15, 1.04, 2025-11-28T12:30:00+00:00, 2025-11-28T13:00:00+00:00
0.002000, 0.03, 1.04, 2025-11-28T13:00:00+00:00, 2025-11-28T13:30:00+00:00
0.003000, 0.05, 1.04, 2025-11-28T13:30:00+00:00, 2025-11-28T14:00:00+00:00
0.004000, 0.06, 1.04, 2025-11-28T14:00:00+00:00, 2025-11-28T14:30:00+00:00
0.002000, 0.03, 1.04, 2025-11-28T14:30:00+00:00, 2025-11-28T15:00:00+00:00
0.051000, 0.78, 1.04, 2025-11-28T15:00:00+00:00, 2025-11-28T15:30:00+00:00
0.074000, 1.32, 1.04, 2025-11-28T15:30:00+00:00, 2025-11-28T16:00:00+00:00
0.003000, 0.09, 1.04, 2025-11-28T16:00:00+00:00, 2025-11-28T16:30:00+00:00
0.003000, 0.1, 1.04, 2025-11-28T16:30:00+00:00, 2025-11-28T17:00:00+00:00
0.096000, 3.09, 1.04, 2025-11-28T17:00:00+00:00, 2025-11-28T17:30:00+00:00
0.138000, 4.51, 1.04, 2025-11-28T17:30:00+00:00, 2025-11-28T18:00:00+00:00
0.089000, 2.9, 1.04, 2025-11-28T18:00:00+00:00, 2025-11-28T18:30:00+00:00
0.003000, 0.1, 1.04, 2025-11-28T18:30:00+00:00, 2025-11-28T19:00:00+00:00
0.877000, 15.47, 1.04, 2025-11-28T19:00:00+00:00, 2025-11-28T19:30:00+00:00
0.954000, 16.83, 1.04, 2025-11-28T19:30:00+00:00, 2025-11-28T20:00:00+00:00
0.612000, 11.62, 1.04, 2025-11-28T20:00:00+00:00, 2025-11-28T20:30:00+00:00
0.447000, 7.89, 1.04, 2025-11-28T20:30:00+00:00, 2025-11-28T21:00:00+00:00
0.817000, 15.49, 1.04, 2025-11-28T21:00:00+00:00, 2025-11-28T21:30:00+00:00
0.455000, 7.44, 1.04, 2025-11-28T21:30:00+00:00, 2025-11-28T22:00:00+00:00
0.413000, 7.01, 1.04, 2025-11-28T22:00:00+00:00, 2025-11-28T22:30:00+00:00
0.297000, 4.57, 1.04, 2025-11-28T22:30:00+00:00, 2025-11-28T23:00:00+00:00
0.261000, 4.89, 1.04, 2025-11-28T23:00:00+00:00, 2025-11-28T23:30:00+00:00
0.263000, 4.35, 1.04, 2025-11-28T23:30:00+00:00, 2025-11-29T00:00:00+00:00
1.290000, 20.78, 1.04, 2025-11-29T00:00:00+00:00, 2025-11-29T00:30:00+00:00
1.313000, 22.69, 1.04, 2025-11-29T00:30:00+00:00, 2025-11-29T01:00:00+00:00
1.559000, 27.5, 1.04, 2025-11-29T01:00:00+00:00, 2025-11-29T01:30:00+00:00
1.369000, 23.43, 1.04, 2025-11-29T01:30:00+00:00, 2025-11-29T02:00:00+00:00
1.823000, 32.23, 1.04, 2025-11-29T02:00:00+00:00, 2025-11-29T02:30:00+00:00
1.303000, 23.27, 1.04, 2025-11-29T02:30:00+00:00, 2025-11-29T03:00:00+00:00
1.289000, 23.87, 1.04, 2025-11-29T03:00:00+00:00, 2025-11-29T03:30:00+00:00
1.305000, 21.58, 1.04, 2025-11-29T03:30:00+00:00, 2025-11-29T04:00:00+00:00
1.092000, 18.87, 1.04, 2025-11-29T04:00:00+00:00, 2025-11-29T04:30:00+00:00
0.322000, 5.33, 1.04, 2025-11-29T04:30:00+00:00, 2025-11-29T05:00:00+00:00
0.237000, 3.97, 1.04, 2025-11-29T05:00:00+00:00, 2025-11-29T05:30:00+00:00
0.214000, 3.59, 1.04, 2025-11-29T05:30:00+00:00, 2025-11-29T06:00:00+00:00
0.227000, 4, 1.04, 2025-11-29T06:00:00+00:00, 2025-11-29T06:30:00+00:00
0.404000, 6.87, 1.04, 2025-11-29T06:30:00+00:00, 2025-11-29T07:00:00+00:00
0.327000, 5.28, 1.04, 2025-11-29T07:00:00+00:00, 2025-11-29T07:30:00+00:00
0.629000, 10.96, 1.04, 2025-11-29T07:30:00+00:00, 2025-11-29T08:00:00+00:00
0.337000, 5.56, 1.04, 2025-11-29T08:00:00+00:00, 2025-11-29T08:30:00+00:00
0.670000, 12.4, 1.04, 2025-11-29T08:30:00+00:00, 2025-11-29T09:00:00+00:00
1.106000, 19.95, 1.04, 2025-11-29T09:00:00+00:00, 2025-11-29T09:30:00+00:00
0.628000, 11.74, 1.04, 2025-11-29T09:30:00+00:00, 2025-11-29T10:00:00+00:00
0.841000, 15.76, 1.04, 2025-11-29T10:00:00+00:00, 2025-11-29T10:30:00+00:00
0.019000, 0.35, 1.04, 2025-11-29T10:30:00+00:00, 2025-11-29T11:00:00+00:00
0.003000, 0.05, 1.04, 2025-11-29T11:00:00+00:00, 2025-11-29T11:30:00+00:00
0.001000, 0.02, 1.04, 2025-11-29T11:30:00+00:00, 2025-11-29T12:00:00+00:00
0.026000, 0.45, 1.04, 2025-11-29T12:00:00+00:00, 2025-11-29T12:30:00+00:00
0.004000, 0.07, 1.04, 2025-11-29T12:30:00+00:00, 2025-11-29T13:00:00+00:00
0.003000, 0.05, 1.04, 2025-11-29T13:00:00+00:00, 2025-11-29T13:30:00+00:00
0.001000, 0.02, 1.04, 2025-11-29T13:30:00+00:00, 2025-11-29T14:00:00+00:00
0.003000, 0.05, 1.04, 2025-11-29T14:00:00+00:00, 2025-11-29T14:30:00+00:00
0.002000, 0.03, 1.04, 2025-11-29T14:30:00+00:00, 2025-11-29T15:00:00+00:00
0.002000, 0.04, 1.04, 2025-11-29T15:00:00+00:00, 2025-11-29T15:30:00+00:00
0.002000, 0.04, 1.04, 2025-11-29T15:30:00+00:00, 2025-11-29T16:00:00+00:00
0.002000, 0.07, 1.04, 2025-11-29T16:00:00+00:00, 2025-11-29T16:30:00+00:00
0.004000, 0.14, 1.04, 2025-11-29T16:30:00+00:00, 2025-11-29T17:00:00+00:00
0.003000, 0.1, 1.04, 2025-11-29T17:00:00+00:00, 2025-11-29T17:30:00+00:00
0.007000, 0.23, 1.04, 2025-11-29T17:30:00+00:00, 2025-11-29T18:00:00+00:00
0.003000, 0.1, 1.04, 2025-11-29T18:00:00+00:00, 2025-11-29T18:30:00+00:00
0.003000, 0.1, 1.04, 2025-11-29T18:30:00+00:00, 2025-11-29T19:00:00+00:00
0.004000, 0.07, 1.04, 2025-11-29T19:00:00+00:00, 2025-11-29T19:30:00+00:00
0.002000, 0.03, 1.04, 2025-11-29T19:30:00+00:00, 2025-11-29T20:00:00+00:00
0.004000, 0.07, 1.04, 2025-11-29T20:00:00+00:00, 2025-11-29T20:30:00+00:00
0.003000, 0.05, 1.04, 2025-11-29T20:30:00+00:00, 2025-11-29T21:00:00+00:00
0.002000, 0.03, 1.04, 2025-11-29T21:00:00+00:00, 2025-11-29T21:30:00+00:00
0.003000, 0.05, 1.04, 2025-11-29T21:30:00+00:00, 2025-11-29T22:00:00+00:00
0.211000, 3.52, 1.04, 2025-11-29T22:00:00+00:00, 2025-11-29T22:30:00+00:00
0.320000, 4.52, 1.04, 2025-11-29T22:30:00+00:00, 2025-11-29T23:00:00+00:00
0.285000, 4.58, 1.04, 2025-11-29T23:00:00+00:00, 2025-11-29T23:30:00+00:00
0.271000, 2.87, 1.04, 2025-11-29T23:30:00+00:00, 2025-11-30T00:00:00+00:00
1.381000, 14.76, 1.04, 2025-11-30T00:00:00+00:00, 2025-11-30T00:30:00+00:00
1.332000, 17.8, 1.04, 2025-11-30T00:30:00+00:00, 2025-11-30T01:00:00+00:00
1.288000, 16.47, 1.04, 2025-11-30T01:00:00+00:00, 2025-11-30T01:30:00+00:00
1.341000, 14.52, 1.04, 2025-11-30T01:30:00+00:00, 2025-11-30T02:00:00+00:00
1.292000, 13.67, 1.04, 2025-11-30T02:00:00+00:00, 2025-11-30T02:30:00+00:00
1.300000, 12.72, 1.04, 2025-11-30T02:30:00+00:00, 2025-11-30T03:00:00+00:00
1.280000, 13.1, 1.04, 2025-11-30T03:00:00+00:00, 2025-11-30T03:30:00+00:00
1.319000, 13.86, 1.04, 2025-11-30T03:30:00+00:00, 2025-11-30T04:00:00+00:00
1.118000, 12.8, 1.04, 2025-11-30T04:00:00+00:00, 2025-11-30T04:30:00+00:00
0.284000, 3.57, 1.04, 2025-11-30T04:30:00+00:00, 2025-11-30T05:00:00+00:00
0.239000, 2.7, 1.04, 2025-11-30T05:00:00+00:00, 2025-11-30T05:30:00+00:00
0.232000, 2.49, 1.04, 2025-11-30T05:30:00+00:00, 2025-11-30T06:00:00+00:00
0.204000, 1.97, 1.04, 2025-11-30T06:00:00+00:00, 2025-11-30T06:30:00+00:00
0.284000, 3.83, 1.04, 2025-11-30T06:30:00+00:00, 2025-11-30T07:00:00+00:00
0.254000, 3.54, 1.04, 2025-11-30T07:00:00+00:00, 2025-11-30T07:30:00+00:00
0.238000, 4.23, 1.04, 2025-11-30T07:30:00+00:00, 2025-11-30T08:00:00+00:00
0.583000, 9.26, 1.04, 2025-11-30T08:00:00+00:00, 2025-11-30T08:30:00+00:00
1.036000, 17.13, 1.04, 2025-11-30T08:30:00+00:00, 2025-11-30T09:00:00+00:00
0.728000, 11.72, 1.04, 2025-11-30T09:00:00+00:00, 2025-11-30T09:30:00+00:00
0.425000, 7.12, 1.04, 2025-11-30T09:30:00+00:00, 2025-11-30T10:00:00+00:00
0.266000, 4.19, 1.04, 2025-11-30T10:00:00+00:00, 2025-11-30T10:30:00+00:00
0.012000, 0.19, 1.04, 2025-11-30T10:30:00+00:00, 2025-11-30T11:00:00+00:00
0.007000, 0.11, 1.04, 2025-11-30T11:00:00+00:00, 2025-11-30T11:30:00+00:00
0.005000, 0.08, 1.04, 2025-11-30T11:30:00+00:00, 2025-11-30T12:00:00+00:00
0.006000, 0.09, 1.04, 2025-11-30T12:00:00+00:00, 2025-11-30T12:30:00+00:00
0.005000, 0.08, 1.04, 2025-11-30T12:30:00+00:00, 2025-11-30T13:00:00+00:00
0.003000, 0.05, 1.04, 2025-11-30T13:00:00+00:00, 2025-11-30T13:30:00+00:00
0.003000, 0.05, 1.04, 2025-11-30T13:30:00+00:00, 2025-11-30T14:00:00+00:00
0.003000, 0.05, 1.04, 2025-11-30T14:00:00+00:00, 2025-11-30T14:30:00+00:00
0.003000, 0.05, 1.04, 2025-11-30T14:30:00+00:00, 2025-11-30T15:00:00+00:00
0.003000, 0.05, 1.04, 2025-11-30T15:00:00+00:00, 2025-11-30T15:30:00+00:00
0.003000, 0.06, 1.04, 2025-11-30T15:30:00+00:00, 2025-11-30T16:00:00+00:00
0.002000, 0.07, 1.04, 2025-11-30T16:00:00+00:00, 2025-11-30T16:30:00+00:00
0.002000, 0.07, 1.04, 2025-11-30T16:30:00+00:00, 2025-11-30T17:00:00+00:00
0.034000, 1.16, 1.04, 2025-11-30T17:00:00+00:00, 2025-11-30T17:30:00+00:00
0.088000, 2.93, 1.04, 2025-11-30T17:30:00+00:00, 2025-11-30T18:00:00+00:00
0.003000, 0.1, 1.04, 2025-11-30T18:00:00+00:00, 2025-11-30T18:30:00+00:00
0.002000, 0.06, 1.04, 2025-11-30T18:30:00+00:00, 2025-11-30T19:00:00+00:00
0.003000, 0.06, 1.04, 2025-11-30T19:00:00+00:00, 2025-11-30T19:30:00+00:00
0.004000, 0.07, 1.04, 2025-11-30T19:30:00+00:00, 2025-11-30T20:00:00+00:00
0.005000, 0.08, 1.04, 2025-11-30T20:00:00+00:00, 2025-11-30T20:30:00+00:00
0.005000, 0.08, 1.04, 2025-11-30T20:30:00+00:00, 2025-11-30T21:00:00+00:00
0.003000, 0.05, 1.04, 2025-11-30T21:00:00+00:00, 2025-11-30T21:30:00+00:00
0.004000, 0.06, 1.04, 2025-11-30T21:30:00+00:00, 2025-11-30T22:00:00+00:00
0.002000, 0.03, 1.04, 2025-11-30T22:00:00+00:00, 2025-11-30T22:30:00+00:00
0.381000, 5.49, 1.04, 2025-11-30T22:30:00+00:00, 2025-11-30T23:00:00+00:00
0.604000, 8.67, 1.04, 2025-11-30T23:00:00+00:00, 2025-11-30T23:30:00+00:00
0.439000, 4.71, 1.04, 2025-11-30T23:30:00+00:00, 2025-11-30T23:59:59.999000+00:00
