Consumption (kwh), Estimated Cost Inc. Tax (p), Standing Charge Inc. Tax (p), Start, End
0.002000, 0.03, 1.04, 2025-07-01T00:00:00+01:00, 2025-07-01T00:30:00+01:00
0.002000, 0.03, 1.04, 2025-07-01T00:30:00+01:00, 2025-07-01T01:00:00+01:00
0.001000, 0.02, 1.04, 2025-07-01T01:00:00+01:00, 2025-07-01T01:30:00+01:00
0.001000, 0.02, 1.04, 2025-07-01T01:30:00+01:00, 2025-07-01T02:00:00+01:00
0.002000, 0.03, 1.04, 2025-07-01T02:00:00+01:00, 2025-07-01T02:30:00+01:00
0.001000, 0.02, 1.04, 2025-07-01T02:30:00+01:00, 2025-07-01T03:00:00+01:00
0.001000, 0.02, 1.04, 2025-07-01T03:00:00+01:00, 2025-07-01T03:30:00+01:00
0.002000, 0.03, 1.04, 2025-07-01T03:30:00+01:00, 2025-07-01T04:00:00+01:00
0.001000, 0.02, 1.04, 2025-07-01T04:00:00+01:00, 2025-07-01T04:30:00+01:00
0.001000, 0.02, 1.04, 2025-07-01T04:30:00+01:00, 2025-07-01T05:00:00+01:00
0.003000, 0.06, 1.04, 2025-07-01T05:00:00+01:00, 2025-07-01T05:30:00+01:00
0.002000, 0.04, 1.04, 2025-07-01T05:30:00+01:00, 2025-07-01T06:00:00+01:00
0.004000, 0.08, 1.04, 2025-07-01T06:00:00+01:00, 2025-07-01T06:30:00+01:00
0.001000, 0.02, 1.04, 2025-07-01T06:30:00+01:00, 2025-07-01T07:00:00+01:00
0.002000, 0.04, 1.04, 2025-07-01T07:00:00+01:00, 2025-07-01T07:30:00+01:00
0.002000, 0.04, 1.04, 2025-07-01T07:30:00+01:00, 2025-07-01T08:00:00+01:00
0.003000, 0.06, 1.04, 2025-07-01T08:00:00+01:00, 2025-07-01T08:30:00+01:00
0.006000, 0.11, 1.04, 2025-07-01T08:30:00+01:00, 2025-07-01T09:00:00+01:00
0.002000, 0.04, 1.04, 2025-07-01T09:00:00+01:00, 2025-07-01T09:30:00+01:00
0.002000, 0.03, 1.04, 2025-07-01T09:30:00+01:00, 2025-07-01T10:00:00+01:00
0.002000, 0.03, 1.04, 2025-07-01T10:00:00+01:00, 2025-07-01T10:30:00+01:00
0.053000, 0.8, 1.04, 2025-07-01T10:30:00+01:00, 2025-07-01T11:00:00+01:00
0.014000, 0.21, 1.04, 2025-07-01T11:00:00+01:00, 2025-07-01T11:30:00+01:00
0.004000, 0.06, 1.04, 2025-07-01T11:30:00+01:00, 2025-07-01T12:00:00+01:00
0.891000, 13.52, 1.04, 2025-07-01T12:00:00+01:00, 2025-07-01T12:30:00+01:00
1.153000, 17.36, 1.04, 2025-07-01T12:30:00+01:00, 2025-07-01T13:00:00+01:00
0.989000, 14.91, 1.04, 2025-07-01T13:00:00+01:00, 2025-07-01T13:30:00+01:00
1.184000, 16.83, 1.04, 2025-07-01T13:30:00+01:00, 2025-07-01T14:00:00+01:00
1.291000, 18.35, 1.04, 2025-07-01T14:00:00+01:00, 2025-07-01T14:30:00+01:00
1.277000, 18.16, 1.04, 2025-07-01T14:30:00+01:00, 2025-07-01T15:00:00+01:00
1.312000, 21.3, 1.04, 2025-07-01T15:00:00+01:00, 2025-07-01T15:30:00+01:00
1.224000, 19.97, 1.04, 2025-07-01T15:30:00+01:00, 2025-07-01T16:00:00+01:00
0.033000, 1.04, 1.04, 2025-07-01T16:00:00+01:00, 2025-07-01T16:30:00+01:00
0.003000, 0.1, 1.04, 2025-07-01T16:30:00+01:00, 2025-07-01T17:00:00+01:00
0.005000, 0.19, 1.04, 2025-07-01T17:00:00+01:00, 2025-07-01T17:30:00+01:00
0.003000, 0.12, 1.04, 2025-07-01T17:30:00+01:00, 2025-07-01T18:00:00+01:00
0.004000, 0.22, 1.04, 2025-07-01T18:00:00+01:00, 2025-07-01T18:30:00+01:00
0.001000, 0.06, 1.04, 2025-07-01T18:30:00+01:00, 2025-07-01T19:00:00+01:00
0.002000, 0.08, 1.04, 2025-07-01T19:00:00+01:00, 2025-07-01T19:30:00+01:00
0.002000, 0.09, 1.04, 2025-07-01T19:30:00+01:00, 2025-07-01T20:00:00+01:00
0.003000, 0.13, 1.04, 2025-07-01T20:00:00+01:00, 2025-07-01T20:30:00+01:00
0.006000, 0.26, 1.04, 2025-07-01T20:30:00+01:00, 2025-07-01T21:00:00+01:00
0.004000, 0.16, 1.04, 2025-07-01T21:00:00+01:00, 2025-07-01T21:30:00+01:00
0.003000, 0.11, 1.04, 2025-07-01T21:30:00+01:00, 2025-07-01T22:00:00+01:00
0.003000, 0.09, 1.04, 2025-07-01T22:00:00+01:00, 2025-07-01T22:30:00+01:00
0.002000, 0.05, 1.04, 2025-07-01T22:30:00+01:00, 2025-07-01T23:00:00+01:00
0.002000, 0.05, 1.04, 2025-07-01T23:00:00+01:00, 2025-07-01T23:30:00+01:00
0.002000, 0.04, 1.04, 2025-07-01T23:30:00+01:00, 2025-07-02T00:00:00+01:00
0.001000, 0.02, 1.04, 2025-07-02T00:00:00+01:00, 2025-07-02T00:30:00+01:00
0.002000, 0.03, 1.04, 2025-07-02T00:30:00+01:00, 2025-07-02T01:00:00+01:00
0.002000, 0.03, 1.04, 2025-07-02T01:00:00+01:00, 2025-07-02T01:30:00+01:00
0.002000, 0.03, 1.04, 2025-07-02T01:30:00+01:00, 2025-07-02T02:00:00+01:00
0.001000, 0.02, 1.04, 2025-07-02T02:00:00+01:00, 2025-07-02T02:30:00+01:00
0.002000, 0.03, 1.04, 2025-07-02T02:30:00+01:00, 2025-07-02T03:00:00+01:00
0.002000, 0.03, 1.04, 2025-07-02T03:00:00+01:00, 2025-07-02T03:30:00+01:00
0.001000, 0.02, 1.04, 2025-07-02T03:30:00+01:00, 2025-07-02T04:00:00+01:00
0.003000, 0.05, 1.04, 2025-07-02T04:00:00+01:00, 2025-07-02T04:30:00+01:00
0.001000, 0.02, 1.04, 2025-07-02T04:30:00+01:00, 2025-07-02T05:00:00+01:00
0.003000, 0.06, 1.04, 2025-07-02T05:00:00+01:00, 2025-07-02T05:30:00+01:00
0.001000, 0.02, 1.04, 2025-07-02T05:30:00+01:00, 2025-07-02T06:00:00+01:00
0.006000, 0.11, 1.04, 2025-07-02T06:00:00+01:00, 2025-07-02T06:30:00+01:00
0.002000, 0.04, 1.04, 2025-07-02T06:30:00+01:00, 2025-07-02T07:00:00+01:00
0.003000, 0.06, 1.04, 2025-07-02T07:00:00+01:00, 2025-07-02T07:30:00+01:00
0.002000, 0.04, 1.04, 2025-07-02T07:30:00+01:00, 2025-07-02T08:00:00+01:00
0.003000, 0.06, 1.04, 2025-07-02T08:00:00+01:00, 2025-07-02T08:30:00+01:00
0.004000, 0.08, 1.04, 2025-07-02T08:30:00+01:00, 2025-07-02T09:00:00+01:00
0.003000, 0.05, 1.04, 2025-07-02T09:00:00+01:00, 2025-07-02T09:30:00+01:00
0.005000, 0.08, 1.04, 2025-07-02T09:30:00+01:00, 2025-07-02T10:00:00+01:00
0.011000, 0.19, 1.04, 2025-07-02T10:00:00+01:00, 2025-07-02T10:30:00+01:00
0.015000, 0.24, 1.04, 2025-07-02T10:30:00+01:00, 2025-07-02T11:00:00+01:00
0.010000, 0.17, 1.04, 2025-07-02T11:00:00+01:00, 2025-07-02T11:30:00+01:00
0.019000, 0.28, 1.04, 2025-07-02T11:30:00+01:00, 2025-07-02T12:00:00+01:00
0.543000, 8.86, 1.04, 2025-07-02T12:00:00+01:00, 2025-07-02T12:30:00+01:00
0.522000, 7.43, 1.04, 2025-07-02T12:30:00+01:00, 2025-07-02T13:00:00+01:00
0.342000, 4.83, 1.04, 2025-07-02T13:00:00+01:00, 2025-07-02T13:30:00+01:00
0.498000, 6.98, 1.04, 2025-07-02T13:30:00+01:00, 2025-07-02T14:00:00+01:00
0.355000, 5.01, 1.04, 2025-07-02T14:00:00+01:00, 2025-07-02T14:30:00+01:00
0.376000, 5.24, 1.04, 2025-07-02T14:30:00+01:00, 2025-07-02T15:00:00+01:00
0.237000, 3.37, 1.04, 2025-07-02T15:00:00+01:00, 2025-07-02T15:30:00+01:00
0.012000, 0.17, 1.04, 2025-07-02T15:30:00+01:00, 2025-07-02T16:00:00+01:00
0.001000, 0.03, 1.04, 2025-07-02T16:00:00+01:00, 2025-07-02T16:30:00+01:00
0.002000, 0.06, 1.04, 2025-07-02T16:30:00+01:00, 2025-07-02T17:00:00+01:00
0.003000, 0.08, 1.04, 2025-07-02T17:00:00+01:00, 2025-07-02T17:30:00+01:00
0.041000, 1.23, 1.04, 2025-07-02T17:30:00+01:00, 2025-07-02T18:00:00+01:00
0.008000, 0.29, 1.04, 2025-07-02T18:00:00+01:00, 2025-07-02T18:30:00+01:00
0.007000, 0.27, 1.04, 2025-07-02T18:30:00+01:00, 2025-07-02T19:00:00+01:00
0.004000, 0.1, 1.04, 2025-07-02T19:00:00+01:00, 2025-07-02T19:30:00+01:00
0.004000, 0.1, 1.04, 2025-07-02T19:30:00+01:00, 2025-07-02T20:00:00+01:00
0.002000, 0.05, 1.04, 2025-07-02T20:00:00+01:00, 2025-07-02T20:30:00+01:00
0.003000, 0.08, 1.04, 2025-07-02T20:30:00+01:00, 2025-07-02T21:00:00+01:00
0.003000, 0.07, 1.04, 2025-07-02T21:00:00+01:00, 2025-07-02T21:30:00+01:00
0.004000, 0.09, 1.04, 2025-07-02T21:30:00+01:00, 2025-07-02T22:00:00+01:00
0.003000, 0.06, 1.04, 2025-07-02T22:00:00+01:00, 2025-07-02T22:30:00+01:00
0.012000, 0.21, 1.04, 2025-07-02T22:30:00+01:00, 2025-07-02T23:00:00+01:00
0.002000, 0.03, 1.04, 2025-07-02T23:00:00+01:00, 2025-07-02T23:30:00+01:00
0.003000, 0.05, 1.04, 2025-07-02T23:30:00+01:00, 2025-07-03T00:00:00+01:00
0.001000, 0.02, 1.04, 2025-07-03T00:00:00+01:00, 2025-07-03T00:30:00+01:00
0.002000, 0.03, 1.04, 2025-07-03T00:30:00+01:00, 2025-07-03T01:00:00+01:00
0.002000, 0.03, 1.04, 2025-07-03T01:00:00+01:00, 2025-07-03T01:30:00+01:00
0.003000, 0.05, 1.04, 2025-07-03T01:30:00+01:00, 2025-07-03T02:00:00+01:00
0.001000, 0.02, 1.04, 2025-07-03T02:00:00+01:00, 2025-07-03T02:30:00+01:00
0.002000, 0.03, 1.04, 2025-07-03T02:30:00+01:00, 2025-07-03T03:00:00+01:00
0.003000, 0.05, 1.04, 2025-07-03T03:00:00+01:00, 2025-07-03T03:30:00+01:00
0.002000, 0.03, 1.04, 2025-07-03T03:30:00+01:00, 2025-07-03T04:00:00+01:00
0.001000, 0.02, 1.04, 2025-07-03T04:00:00+01:00, 2025-07-03T04:30:00+01:00
0.003000, 0.05, 1.04, 2025-07-03T04:30:00+01:00, 2025-07-03T05:00:00+01:00
0.002000, 0.04, 1.04, 2025-07-03T05:00:00+01:00, 2025-07-03T05:30:00+01:00
0.006000, 0.12, 1.04, 2025-07-03T05:30:00+01:00, 2025-07-03T06:00:00+01:00
0.001000, 0.02, 1.04, 2025-07-03T06:00:00+01:00, 2025-07-03T06:30:00+01:00
0.002000, 0.04, 1.04, 2025-07-03T06:30:00+01:00, 2025-07-03T07:00:00+01:00
0.003000, 0.06, 1.04, 2025-07-03T07:00:00+01:00, 2025-07-03T07:30:00+01:00
0.002000, 0.04, 1.04, 2025-07-03T07:30:00+01:00, 2025-07-03T08:00:00+01:00
0.003000, 0.06, 1.04, 2025-07-03T08:00:00+01:00, 2025-07-03T08:30:00+01:00
0.011000, 0.18, 1.04, 2025-07-03T08:30:00+01:00, 2025-07-03T09:00:00+01:00
0.003000, 0.05, 1.04, 2025-07-03T09:00:00+01:00, 2025-07-03T09:30:00+01:00
0.015000, 0.23, 1.04, 2025-07-03T09:30:00+01:00, 2025-07-03T10:00:00+01:00
0.009000, 0.14, 1.04, 2025-07-03T10:00:00+01:00, 2025-07-03T10:30:00+01:00
0.009000, 0.12, 1.04, 2025-07-03T10:30:00+01:00, 2025-07-03T11:00:00+01:00
0.010000, 0.12, 1.04, 2025-07-03T11:00:00+01:00, 2025-07-03T11:30:00+01:00
0.020000, 0.22, 1.04, 2025-07-03T11:30:00+01:00, 2025-07-03T12:00:00+01:00
0.449000, 5.14, 1.04, 2025-07-03T12:00:00+01:00, 2025-07-03T12:30:00+01:00
0.295000, 3.12, 1.04, 2025-07-03T12:30:00+01:00, 2025-07-03T13:00:00+01:00
0.502000, 4.95, 1.04, 2025-07-03T13:00:00+01:00, 2025-07-03T13:30:00+01:00
0.757000, 7.31, 1.04, 2025-07-03T13:30:00+01:00, 2025-07-03T14:00:00+01:00
0.522000, 5.5, 1.04, 2025-07-03T14:00:00+01:00, 2025-07-03T14:30:00+01:00
0.000000, 0, 1.04, 2025-07-03T14:30:00+01:00, 2025-07-03T15:00:00+01:00
0.001000, 0.01, 1.04, 2025-07-03T15:00:00+01:00, 2025-07-03T15:30:00+01:00
0.030000, 0.37, 1.04, 2025-07-03T15:30:00+01:00, 2025-07-03T16:00:00+01:00
0.001000, 0.03, 1.04, 2025-07-03T16:00:00+01:00, 2025-07-03T16:30:00+01:00
0.001000, 0.03, 1.04, 2025-07-03T16:30:00+01:00, 2025-07-03T17:00:00+01:00
0.001000, 0.03, 1.04, 2025-07-03T17:00:00+01:00, 2025-07-03T17:30:00+01:00
0.009000, 0.26, 1.04, 2025-07-03T17:30:00+01:00, 2025-07-03T18:00:00+01:00
0.004000, 0.13, 1.04, 2025-07-03T18:00:00+01:00, 2025-07-03T18:30:00+01:00
0.004000, 0.13, 1.04, 2025-07-03T18:30:00+01:00, 2025-07-03T19:00:00+01:00
0.003000, 0.06, 1.04, 2025-07-03T19:00:00+01:00, 2025-07-03T19:30:00+01:00
0.003000, 0.07, 1.04, 2025-07-03T19:30:00+01:00, 2025-07-03T20:00:00+01:00
0.013000, 0.27, 1.04, 2025-07-03T20:00:00+01:00, 2025-07-03T20:30:00+01:00
0.004000, 0.08, 1.04, 2025-07-03T20:30:00+01:00, 2025-07-03T21:00:00+01:00
0.004000, 0.08, 1.04, 2025-07-03T21:00:00+01:00, 2025-07-03T21:30:00+01:00
0.003000, 0.06, 1.04, 2025-07-03T21:30:00+01:00, 2025-07-03T22:00:00+01:00
0.002000, 0.04, 1.04, 2025-07-03T22:00:00+01:00, 2025-07-03T22:30:00+01:00
0.003000, 0.05, 1.04, 2025-07-03T22:30:00+01:00, 2025-07-03T23:00:00+01:00
0.001000, 0.02, 1.04, 2025-07-03T23:00:00+01:00, 2025-07-03T23:30:00+01:00
0.003000, 0.06, 1.04, 2025-07-03T23:30:00+01:00, 2025-07-04T00:00:00+01:00
0.002000, 0.03, 1.04, 2025-07-04T00:00:00+01:00, 2025-07-04T00:30:00+01:00
0.002000, 0.03, 1.04, 2025-07-04T00:30:00+01:00, 2025-07-04T01:00:00+01:00
0.002000, 0.04, 1.04, 2025-07-04T01:00:00+01:00, 2025-07-04T01:30:00+01:00
0.003000, 0.05, 1.04, 2025-07-04T01:30:00+01:00, 2025-07-04T02:00:00+01:00
0.002000, 0.03, 1.04, 2025-07-04T02:00:00+01:00, 2025-07-04T02:30:00+01:00
0.002000, 0.03, 1.04, 2025-07-04T02:30:00+01:00, 2025-07-04T03:00:00+01:00
0.003000, 0.04, 1.04, 2025-07-04T03:00:00+01:00, 2025-07-04T03:30:00+01:00
0.001000, 0.01, 1.04, 2025-07-04T03:30:00+01:00, 2025-07-04T04:00:00+01:00
0.002000, 0.03, 1.04, 2025-07-04T04:00:00+01:00, 2025-07-04T04:30:00+01:00
0.003000, 0.04, 1.04, 2025-07-04T04:30:00+01:00, 2025-07-04T05:00:00+01:00
0.002000, 0.03, 1.04, 2025-07-04T05:00:00+01:00, 2025-07-04T05:30:00+01:00
0.005000, 0.08, 1.04, 2025-07-04T05:30:00+01:00, 2025-07-04T06:00:00+01:00
0.002000, 0.04, 1.04, 2025-07-04T06:00:00+01:00, 2025-07-04T06:30:00+01:00
0.003000, 0.06, 1.04, 2025-07-04T06:30:00+01:00, 2025-07-04T07:00:00+01:00
0.002000, 0.03, 1.04, 2025-07-04T07:00:00+01:00, 2025-07-04T07:30:00+01:00
0.002000, 0.04, 1.04, 2025-07-04T07:30:00+01:00, 2025-07-04T08:00:00+01:00
0.003000, 0.05, 1.04, 2025-07-04T08:00:00+01:00, 2025-07-04T08:30:00+01:00
0.002000, 0.03, 1.04, 2025-07-04T08:30:00+01:00, 2025-07-04T09:00:00+01:00
0.007000, 0.08, 1.04, 2025-07-04T09:00:00+01:00, 2025-07-04T09:30:00+01:00
0.005000, 0.05, 1.04, 2025-07-04T09:30:00+01:00, 2025-07-04T10:00:00+01:00
0.003000, 0.02, 1.04, 2025-07-04T10:00:00+01:00, 2025-07-04T10:30:00+01:00
0.004000, 0.01, 1.04, 2025-07-04T10:30:00+01:00, 2025-07-04T11:00:00+01:00
0.001000, 0, 1.04, 2025-07-04T11:00:00+01:00, 2025-07-04T11:30:00+01:00
0.013000, 0.05, 1.04, 2025-07-04T11:30:00+01:00, 2025-07-04T12:00:00+01:00
0.458000, 1.46, 1.04, 2025-07-04T12:00:00+01:00, 2025-07-04T12:30:00+01:00
1.011000, 1.85, 1.04, 2025-07-04T12:30:00+01:00, 2025-07-04T13:00:00+01:00
0.057000, 0.13, 1.04, 2025-07-04T13:00:00+01:00, 2025-07-04T13:30:00+01:00
0.719000, 0.79, 1.04, 2025-07-04T13:30:00+01:00, 2025-07-04T14:00:00+01:00
0.069000, 0.12, 1.04, 2025-07-04T14:00:00+01:00, 2025-07-04T14:30:00+01:00
0.024000, 0.04, 1.04, 2025-07-04T14:30:00+01:00, 2025-07-04T15:00:00+01:00
0.031000, -0.02, 1.04, 2025-07-04T15:00:00+01:00, 2025-07-04T15:30:00+01:00
0.015000, 0.03, 1.04, 2025-07-04T15:30:00+01:00, 2025-07-04T16:00:00+01:00
0.013000, 0.28, 1.04, 2025-07-04T16:00:00+01:00, 2025-07-04T16:30:00+01:00
0.002000, 0.05, 1.04, 2025-07-04T16:30:00+01:00, 2025-07-04T17:00:00+01:00
0.006000, 0.16, 1.04, 2025-07-04T17:00:00+01:00, 2025-07-04T17:30:00+01:00
0.006000, 0.17, 1.04, 2025-07-04T17:30:00+01:00, 2025-07-04T18:00:00+01:00
0.003000, 0.09, 1.04, 2025-07-04T18:00:00+01:00, 2025-07-04T18:30:00+01:00
0.003000, 0.09, 1.04, 2025-07-04T18:30:00+01:00, 2025-07-04T19:00:00+01:00
0.012000, 0.23, 1.04, 2025-07-04T19:00:00+01:00, 2025-07-04T19:30:00+01:00
0.002000, 0.04, 1.04, 2025-07-04T19:30:00+01:00, 2025-07-04T20:00:00+01:00
0.002000, 0.04, 1.04, 2025-07-04T20:00:00+01:00, 2025-07-04T20:30:00+01:00
0.002000, 0.04, 1.04, 2025-07-04T20:30:00+01:00, 2025-07-04T21:00:00+01:00
0.003000, 0.06, 1.04, 2025-07-04T21:00:00+01:00, 2025-07-04T21:30:00+01:00
0.002000, 0.04, 1.04, 2025-07-04T21:30:00+01:00, 2025-07-04T22:00:00+01:00
0.002000, 0.04, 1.04, 2025-07-04T22:00:00+01:00, 2025-07-04T22:30:00+01:00
0.002000, 0.03, 1.04, 2025-07-04T22:30:00+01:00, 2025-07-04T23:00:00+01:00
0.002000, 0.02, 1.04, 2025-07-04T23:00:00+01:00, 2025-07-04T23:30:00+01:00
0.004000, 0.03, 1.04, 2025-07-04T23:30:00+01:00, 2025-07-05T00:00:00+01:00
0.002000, 0.01, 1.04, 2025-07-05T00:00:00+01:00, 2025-07-05T00:30:00+01:00
0.002000, 0.01, 1.04, 2025-07-05T00:30:00+01:00, 2025-07-05T01:00:00+01:00
0.001000, 0, 1.04, 2025-07-05T01:00:00+01:00, 2025-07-05T01:30:00+01:00
0.002000, 0.01, 1.04, 2025-07-05T01:30:00+01:00, 2025-07-05T02:00:00+01:00
0.003000, 0.01, 1.04, 2025-07-05T02:00:00+01:00, 2025-07-05T02:30:00+01:00
0.001000, 0, 1.04, 2025-07-05T02:30:00+01:00, 2025-07-05T03:00:00+01:00
0.002000, 0.01, 1.04, 2025-07-05T03:00:00+01:00, 2025-07-05T03:30:00+01:00
0.002000, 0.01, 1.04, 2025-07-05T03:30:00+01:00, 2025-07-05T04:00:00+01:00
0.002000, 0.01, 1.04, 2025-07-05T04:00:00+01:00, 2025-07-05T04:30:00+01:00
0.002000, 0, 1.04, 2025-07-05T04:30:00+01:00, 2025-07-05T05:00:00+01:00
0.002000, 0.01, 1.04, 2025-07-05T05:00:00+01:00, 2025-07-05T05:30:00+01:00
0.002000, 0, 1.04, 2025-07-05T05:30:00+01:00, 2025-07-05T06:00:00+01:00
0.003000, 0.01, 1.04, 2025-07-05T06:00:00+01:00, 2025-07-05T06:30:00+01:00
0.015000, 0.1, 1.04, 2025-07-05T06:30:00+01:00, 2025-07-05T07:00:00+01:00
0.002000, 0, 1.04, 2025-07-05T07:00:00+01:00, 2025-07-05T07:30:00+01:00
0.002000, 0.01, 1.04, 2025-07-05T07:30:00+01:00, 2025-07-05T08:00:00+01:00
0.002000, 0, 1.04, 2025-07-05T08:00:00+01:00, 2025-07-05T08:30:00+01:00
0.002000, 0, 1.04, 2025-07-05T08:30:00+01:00, 2025-07-05T09:00:00+01:00
0.004000, 0, 1.04, 2025-07-05T09:00:00+01:00, 2025-07-05T09:30:00+01:00
0.003000, 0, 1.04, 2025-07-05T09:30:00+01:00, 2025-07-05T10:00:00+01:00
0.003000, 0, 1.04, 2025-07-05T10:00:00+01:00, 2025-07-05T10:30:00+01:00
0.004000, 0, 1.04, 2025-07-05T10:30:00+01:00, 2025-07-05T11:00:00+01:00
0.009000, 0, 1.04, 2025-07-05T11:00:00+01:00, 2025-07-05T11:30:00+01:00
0.061000, 0.01, 1.04, 2025-07-05T11:30:00+01:00, 2025-07-05T12:00:00+01:00
1.221000, 0.27, 1.04, 2025-07-05T12:00:00+01:00, 2025-07-05T12:30:00+01:00
1.036000, 0.11, 1.04, 2025-07-05T12:30:00+01:00, 2025-07-05T13:00:00+01:00
1.030000, 0, 1.04, 2025-07-05T13:00:00+01:00, 2025-07-05T13:30:00+01:00
1.064000, -1.17, 1.04, 2025-07-05T13:30:00+01:00, 2025-07-05T14:00:00+01:00
1.043000, 0.23, 1.04, 2025-07-05T14:00:00+01:00, 2025-07-05T14:30:00+01:00
1.124000, 0.02, 1.04, 2025-07-05T14:30:00+01:00, 2025-07-05T15:00:00+01:00
0.999000, -0.74, 1.04, 2025-07-05T15:00:00+01:00, 2025-07-05T15:30:00+01:00
1.186000, -0.02, 1.04, 2025-07-05T15:30:00+01:00, 2025-07-05T16:00:00+01:00
0.047000, 0.63, 1.04, 2025-07-05T16:00:00+01:00, 2025-07-05T16:30:00+01:00
0.003000, 0.05, 1.04, 2025-07-05T16:30:00+01:00, 2025-07-05T17:00:00+01:00
0.005000, 0.1, 1.04, 2025-07-05T17:00:00+01:00, 2025-07-05T17:30:00+01:00
0.007000, 0.17, 1.04, 2025-07-05T17:30:00+01:00, 2025-07-05T18:00:00+01:00
0.056000, 1.46, 1.04, 2025-07-05T18:00:00+01:00, 2025-07-05T18:30:00+01:00
0.015000, 0.44, 1.04, 2025-07-05T18:30:00+01:00, 2025-07-05T19:00:00+01:00
0.002000, 0.03, 1.04, 2025-07-05T19:00:00+01:00, 2025-07-05T19:30:00+01:00
0.004000, 0.06, 1.04, 2025-07-05T19:30:00+01:00, 2025-07-05T20:00:00+01:00
0.004000, 0.07, 1.04, 2025-07-05T20:00:00+01:00, 2025-07-05T20:30:00+01:00
0.003000, 0.06, 1.04, 2025-07-05T20:30:00+01:00, 2025-07-05T21:00:00+01:00
0.003000, 0.06, 1.04, 2025-07-05T21:00:00+01:00, 2025-07-05T21:30:00+01:00
0.003000, 0.06, 1.04, 2025-07-05T21:30:00+01:00, 2025-07-05T22:00:00+01:00
0.003000, 0.07, 1.04, 2025-07-05T22:00:00+01:00, 2025-07-05T22:30:00+01:00
0.003000, 0.06, 1.04, 2025-07-05T22:30:00+01:00, 2025-07-05T23:00:00+01:00
0.003000, 0.06, 1.04, 2025-07-05T23:00:00+01:00, 2025-07-05T23:30:00+01:00
0.001000, 0.02, 1.04, 2025-07-05T23:30:00+01:00, 2025-07-06T00:00:00+01:00
0.003000, 0.05, 1.04, 2025-07-06T00:00:00+01:00, 2025-07-06T00:30:00+01:00
0.001000, 0.02, 1.04, 2025-07-06T00:30:00+01:00, 2025-07-06T01:00:00+01:00
0.002000, 0.03, 1.04, 2025-07-06T01:00:00+01:00, 2025-07-06T01:30:00+01:00
0.002000, 0.03, 1.04, 2025-07-06T01:30:00+01:00, 2025-07-06T02:00:00+01:00
0.002000, 0.03, 1.04, 2025-07-06T02:00:00+01:00, 2025-07-06T02:30:00+01:00
0.002000, 0.03, 1.04, 2025-07-06T02:30:00+01:00, 2025-07-06T03:00:00+01:00
0.002000, 0.03, 1.04, 2025-07-06T03:00:00+01:00, 2025-07-06T03:30:00+01:00
0.002000, 0.03, 1.04, 2025-07-06T03:30:00+01:00, 2025-07-06T04:00:00+01:00
0.002000, 0.04, 1.04, 2025-07-06T04:00:00+01:00, 2025-07-06T04:30:00+01:00
0.001000, 0.02, 1.04, 2025-07-06T04:30:00+01:00, 2025-07-06T05:00:00+01:00
0.002000, 0.04, 1.04, 2025-07-06T05:00:00+01:00, 2025-07-06T05:30:00+01:00
0.002000, 0.03, 1.04, 2025-07-06T05:30:00+01:00, 2025-07-06T06:00:00+01:00
0.002000, 0.03, 1.04, 2025-07-06T06:00:00+01:00, 2025-07-06T06:30:00+01:00
0.004000, 0.07, 1.04, 2025-07-06T06:30:00+01:00, 2025-07-06T07:00:00+01:00
0.002000, 0.03, 1.04, 2025-07-06T07:00:00+01:00, 2025-07-06T07:30:00+01:00
0.002000, 0.04, 1.04, 2025-07-06T07:30:00+01:00, 2025-07-06T08:00:00+01:00
0.007000, 0.13, 1.04, 2025-07-06T08:00:00+01:00, 2025-07-06T08:30:00+01:00
0.004000, 0.08, 1.04, 2025-07-06T08:30:00+01:00, 2025-07-06T09:00:00+01:00
0.064000, 1.3, 1.04, 2025-07-06T09:00:00+01:00, 2025-07-06T09:30:00+01:00
0.015000, 0.3, 1.04, 2025-07-06T09:30:00+01:00, 2025-07-06T10:00:00+01:00
0.418000, 8.3, 1.04, 2025-07-06T10:00:00+01:00, 2025-07-06T10:30:00+01:00
0.015000, 0.3, 1.04, 2025-07-06T10:30:00+01:00, 2025-07-06T11:00:00+01:00
0.002000, 0.04, 1.04, 2025-07-06T11:00:00+01:00, 2025-07-06T11:30:00+01:00
0.008000, 0.15, 1.04, 2025-07-06T11:30:00+01:00, 2025-07-06T12:00:00+01:00
1.459000, 28.31, 1.04, 2025-07-06T12:00:00+01:00, 2025-07-06T12:30:00+01:00
1.158000, 20.68, 1.04, 2025-07-06T12:30:00+01:00, 2025-07-06T13:00:00+01:00
1.021000, 17.53, 1.04, 2025-07-06T13:00:00+01:00, 2025-07-06T13:30:00+01:00
0.727000, 10.79, 1.04, 2025-07-06T13:30:00+01:00, 2025-07-06T14:00:00+01:00
0.816000, 10.74, 1.04, 2025-07-06T14:00:00+01:00, 2025-07-06T14:30:00+01:00
0.941000, 11.81, 1.04, 2025-07-06T14:30:00+01:00, 2025-07-06T15:00:00+01:00
1.002000, 16.24, 1.04, 2025-07-06T15:00:00+01:00, 2025-07-06T15:30:00+01:00
0.934000, 14.19, 1.04, 2025-07-06T15:30:00+01:00, 2025-07-06T16:00:00+01:00
0.031000, 1, 1.04, 2025-07-06T16:00:00+01:00, 2025-07-06T16:30:00+01:00
0.009000, 0.3, 1.04, 2025-07-06T16:30:00+01:00, 2025-07-06T17:00:00+01:00
0.008000, 0.26, 1.04, 2025-07-06T17:00:00+01:00, 2025-07-06T17:30:00+01:00
0.006000, 0.19, 1.04, 2025-07-06T17:30:00+01:00, 2025-07-06T18:00:00+01:00
0.002000, 0.06, 1.04, 2025-07-06T18:00:00+01:00, 2025-07-06T18:30:00+01:00
0.002000, 0.06, 1.04, 2025-07-06T18:30:00+01:00, 2025-07-06T19:00:00+01:00
0.002000, 0.04, 1.04, 2025-07-06T19:00:00+01:00, 2025-07-06T19:30:00+01:00
0.003000, 0.06, 1.04, 2025-07-06T19:30:00+01:00, 2025-07-06T20:00:00+01:00
0.001000, 0.02, 1.04, 2025-07-06T20:00:00+01:00, 2025-07-06T20:30:00+01:00
0.003000, 0.06, 1.04, 2025-07-06T20:30:00+01:00, 2025-07-06T21:00:00+01:00
0.005000, 0.1, 1.04, 2025-07-06T21:00:00+01:00, 2025-07-06T21:30:00+01:00
0.002000, 0.04, 1.04, 2025-07-06T21:30:00+01:00, 2025-07-06T22:00:00+01:00
0.003000, 0.06, 1.04, 2025-07-06T22:00:00+01:00, 2025-07-06T22:30:00+01:00
0.004000, 0.08, 1.04, 2025-07-06T22:30:00+01:00, 2025-07-06T23:00:00+01:00
0.002000, 0.04, 1.04, 2025-07-06T23:00:00+01:00, 2025-07-06T23:30:00+01:00
0.002000, 0.04, 1.04, 2025-07-06T23:30:00+01:00, 2025-07-07T00:00:00+01:00
0.002000, 0.04, 1.04, 2025-07-07T00:00:00+01:00, 2025-07-07T00:30:00+01:00
0.003000, 0.05, 1.04, 2025-07-07T00:30:00+01:00, 2025-07-07T01:00:00+01:00
0.003000, 0.05, 1.04, 2025-07-07T01:00:00+01:00, 2025-07-07T01:30:00+01:00
0.001000, 0.02, 1.04, 2025-07-07T01:30:00+01:00, 2025-07-07T02:00:00+01:00
0.002000, 0.04, 1.04, 2025-07-07T02:00:00+01:00, 2025-07-07T02:30:00+01:00
0.002000, 0.03, 1.04, 2025-07-07T02:30:00+01:00, 2025-07-07T03:00:00+01:00
0.002000, 0.03, 1.04, 2025-07-07T03:00:00+01:00, 2025-07-07T03:30:00+01:00
0.002000, 0.03, 1.04, 2025-07-07T03:30:00+01:00, 2025-07-07T04:00:00+01:00
0.001000, 0.02, 1.04, 2025-07-07T04:00:00+01:00, 2025-07-07T04:30:00+01:00
0.003000, 0.04, 1.04, 2025-07-07T04:30:00+01:00, 2025-07-07T05:00:00+01:00
0.002000, 0.03, 1.04, 2025-07-07T05:00:00+01:00, 2025-07-07T05:30:00+01:00
0.006000, 0.09, 1.04, 2025-07-07T05:30:00+01:00, 2025-07-07T06:00:00+01:00
0.002000, 0.03, 1.04, 2025-07-07T06:00:00+01:00, 2025-07-07T06:30:00+01:00
0.002000, 0.04, 1.04, 2025-07-07T06:30:00+01:00, 2025-07-07T07:00:00+01:00
0.002000, 0.04, 1.04, 2025-07-07T07:00:00+01:00, 2025-07-07T07:30:00+01:00
0.003000, 0.06, 1.04, 2025-07-07T07:30:00+01:00, 2025-07-07T08:00:00+01:00
0.005000, 0.11, 1.04, 2025-07-07T08:00:00+01:00, 2025-07-07T08:30:00+01:00
0.006000, 0.12, 1.04, 2025-07-07T08:30:00+01:00, 2025-07-07T09:00:00+01:00
0.006000, 0.12, 1.04, 2025-07-07T09:00:00+01:00, 2025-07-07T09:30:00+01:00
0.006000, 0.1, 1.04, 2025-07-07T09:30:00+01:00, 2025-07-07T10:00:00+01:00
0.015000, 0.24, 1.04, 2025-07-07T10:00:00+01:00, 2025-07-07T10:30:00+01:00
0.017000, 0.23, 1.04, 2025-07-07T10:30:00+01:00, 2025-07-07T11:00:00+01:00
0.015000, 0.18, 1.04, 2025-07-07T11:00:00+01:00, 2025-07-07T11:30:00+01:00
0.024000, 0.24, 1.04, 2025-07-07T11:30:00+01:00, 2025-07-07T12:00:00+01:00
0.657000, 4.78, 1.04, 2025-07-07T12:00:00+01:00, 2025-07-07T12:30:00+01:00
0.468000, 2.81, 1.04, 2025-07-07T12:30:00+01:00, 2025-07-07T13:00:00+01:00
0.529000, 2.27, 1.04, 2025-07-07T13:00:00+01:00, 2025-07-07T13:30:00+01:00
0.398000, 1.32, 1.04, 2025-07-07T13:30:00+01:00, 2025-07-07T14:00:00+01:00
0.558000, 0.73, 1.04, 2025-07-07T14:00:00+01:00, 2025-07-07T14:30:00+01:00
0.657000, 0.68, 1.04, 2025-07-07T14:30:00+01:00, 2025-07-07T15:00:00+01:00
0.066000, 0.14, 1.04, 2025-07-07T15:00:00+01:00, 2025-07-07T15:30:00+01:00
0.099000, 0.32, 1.04, 2025-07-07T15:30:00+01:00, 2025-07-07T16:00:00+01:00
0.001000, 0.02, 1.04, 2025-07-07T16:00:00+01:00, 2025-07-07T16:30:00+01:00
0.001000, 0.02, 1.04, 2025-07-07T16:30:00+01:00, 2025-07-07T17:00:00+01:00
0.001000, 0.02, 1.04, 2025-07-07T17:00:00+01:00, 2025-07-07T17:30:00+01:00
0.006000, 0.17, 1.04, 2025-07-07T17:30:00+01:00, 2025-07-07T18:00:00+01:00
0.008000, 0.23, 1.04, 2025-07-07T18:00:00+01:00, 2025-07-07T18:30:00+01:00
0.003000, 0.09, 1.04, 2025-07-07T18:30:00+01:00, 2025-07-07T19:00:00+01:00
0.003000, 0.06, 1.04, 2025-07-07T19:00:00+01:00, 2025-07-07T19:30:00+01:00
0.003000, 0.06, 1.04, 2025-07-07T19:30:00+01:00, 2025-07-07T20:00:00+01:00
0.003000, 0.07, 1.04, 2025-07-07T20:00:00+01:00, 2025-07-07T20:30:00+01:00
0.005000, 0.11, 1.04, 2025-07-07T20:30:00+01:00, 2025-07-07T21:00:00+01:00
0.005000, 0.11, 1.04, 2025-07-07T21:00:00+01:00, 2025-07-07T21:30:00+01:00
0.002000, 0.04, 1.04, 2025-07-07T21:30:00+01:00, 2025-07-07T22:00:00+01:00
0.002000, 0.04, 1.04, 2025-07-07T22:00:00+01:00, 2025-07-07T22:30:00+01:00
0.004000, 0.07, 1.04, 2025-07-07T22:30:00+01:00, 2025-07-07T23:00:00+01:00
0.002000, 0.04, 1.04, 2025-07-07T23:00:00+01:00, 2025-07-07T23:30:00+01:00
0.001000, 0.02, 1.04, 2025-07-07T23:30:00+01:00, 2025-07-08T00:00:00+01:00
0.001000, 0.02, 1.04, 2025-07-08T00:00:00+01:00, 2025-07-08T00:30:00+01:00
0.003000, 0.05, 1.04, 2025-07-08T00:30:00+01:00, 2025-07-08T01:00:00+01:00
0.002000, 0.03, 1.04, 2025-07-08T01:00:00+01:00, 2025-07-08T01:30:00+01:00
0.002000, 0.03, 1.04, 2025-07-08T01:30:00+01:00, 2025-07-08T02:00:00+01:00
0.001000, 0.01, 1.04, 2025-07-08T02:00:00+01:00, 2025-07-08T02:30:00+01:00
0.003000, 0.04, 1.04, 2025-07-08T02:30:00+01:00, 2025-07-08T03:00:00+01:00
0.002000, 0.03, 1.04, 2025-07-08T03:00:00+01:00, 2025-07-08T03:30:00+01:00
0.002000, 0.03, 1.04, 2025-07-08T03:30:00+01:00, 2025-07-08T04:00:00+01:00
0.002000, 0.03, 1.04, 2025-07-08T04:00:00+01:00, 2025-07-08T04:30:00+01:00
0.002000, 0.03, 1.04, 2025-07-08T04:30:00+01:00, 2025-07-08T05:00:00+01:00
0.003000, 0.04, 1.04, 2025-07-08T05:00:00+01:00, 2025-07-08T05:30:00+01:00
0.003000, 0.03, 1.04, 2025-07-08T05:30:00+01:00, 2025-07-08T06:00:00+01:00
0.004000, 0.07, 1.04, 2025-07-08T06:00:00+01:00, 2025-07-08T06:30:00+01:00
0.002000, 0.04, 1.04, 2025-07-08T06:30:00+01:00, 2025-07-08T07:00:00+01:00
0.002000, 0.04, 1.04, 2025-07-08T07:00:00+01:00, 2025-07-08T07:30:00+01:00
0.001000, 0.02, 1.04, 2025-07-08T07:30:00+01:00, 2025-07-08T08:00:00+01:00
0.007000, 0.15, 1.04, 2025-07-08T08:00:00+01:00, 2025-07-08T08:30:00+01:00
0.006000, 0.12, 1.04, 2025-07-08T08:30:00+01:00, 2025-07-08T09:00:00+01:00
0.006000, 0.11, 1.04, 2025-07-08T09:00:00+01:00, 2025-07-08T09:30:00+01:00
0.012000, 0.2, 1.04, 2025-07-08T09:30:00+01:00, 2025-07-08T10:00:00+01:00
0.043000, 0.68, 1.04, 2025-07-08T10:00:00+01:00, 2025-07-08T10:30:00+01:00
0.016000, 0.23, 1.04, 2025-07-08T10:30:00+01:00, 2025-07-08T11:00:00+01:00
0.009000, 0.13, 1.04, 2025-07-08T11:00:00+01:00, 2025-07-08T11:30:00+01:00
0.015000, 0.22, 1.04, 2025-07-08T11:30:00+01:00, 2025-07-08T12:00:00+01:00
0.348000, 4.91, 1.04, 2025-07-08T12:00:00+01:00, 2025-07-08T12:30:00+01:00
0.175000, 2.08, 1.04, 2025-07-08T12:30:00+01:00, 2025-07-08T13:00:00+01:00
0.159000, 1.89, 1.04, 2025-07-08T13:00:00+01:00, 2025-07-08T13:30:00+01:00
0.227000, 2.63, 1.04, 2025-07-08T13:30:00+01:00, 2025-07-08T14:00:00+01:00
0.272000, 3.33, 1.04, 2025-07-08T14:00:00+01:00, 2025-07-08T14:30:00+01:00
0.051000, 0.61, 1.04, 2025-07-08T14:30:00+01:00, 2025-07-08T15:00:00+01:00
0.003000, 0.04, 1.04, 2025-07-08T15:00:00+01:00, 2025-07-08T15:30:00+01:00
0.000000, 0, 1.04, 2025-07-08T15:30:00+01:00, 2025-07-08T16:00:00+01:00
0.001000, 0.03, 1.04, 2025-07-08T16:00:00+01:00, 2025-07-08T16:30:00+01:00
0.003000, 0.09, 1.04, 2025-07-08T16:30:00+01:00, 2025-07-08T17:00:00+01:00
0.004000, 0.12, 1.04, 2025-07-08T17:00:00+01:00, 2025-07-08T17:30:00+01:00
0.004000, 0.12, 1.04, 2025-07-08T17:30:00+01:00, 2025-07-08T18:00:00+01:00
0.025000, 0.78, 1.04, 2025-07-08T18:00:00+01:00, 2025-07-08T18:30:00+01:00
0.005000, 0.16, 1.04, 2025-07-08T18:30:00+01:00, 2025-07-08T19:00:00+01:00
0.003000, 0.07, 1.04, 2025-07-08T19:00:00+01:00, 2025-07-08T19:30:00+01:00
0.005000, 0.12, 1.04, 2025-07-08T19:30:00+01:00, 2025-07-08T20:00:00+01:00
0.003000, 0.07, 1.04, 2025-07-08T20:00:00+01:00, 2025-07-08T20:30:00+01:00
0.002000, 0.05, 1.04, 2025-07-08T20:30:00+01:00, 2025-07-08T21:00:00+01:00
0.004000, 0.09, 1.04, 2025-07-08T21:00:00+01:00, 2025-07-08T21:30:00+01:00
0.004000, 0.09, 1.04, 2025-07-08T21:30:00+01:00, 2025-07-08T22:00:00+01:00
0.002000, 0.04, 1.04, 2025-07-08T22:00:00+01:00, 2025-07-08T22:30:00+01:00
0.001000, 0.02, 1.04, 2025-07-08T22:30:00+01:00, 2025-07-08T23:00:00+01:00
0.002000, 0.04, 1.04, 2025-07-08T23:00:00+01:00, 2025-07-08T23:30:00+01:00
0.003000, 0.05, 1.04, 2025-07-08T23:30:00+01:00, 2025-07-09T00:00:00+01:00
0.001000, 0.02, 1.04, 2025-07-09T00:00:00+01:00, 2025-07-09T00:30:00+01:00
0.002000, 0.03, 1.04, 2025-07-09T00:30:00+01:00, 2025-07-09T01:00:00+01:00
0.002000, 0.03, 1.04, 2025-07-09T01:00:00+01:00, 2025-07-09T01:30:00+01:00
0.002000, 0.03, 1.04, 2025-07-09T01:30:00+01:00, 2025-07-09T02:00:00+01:00
0.002000, 0.03, 1.04, 2025-07-09T02:00:00+01:00, 2025-07-09T02:30:00+01:00
0.001000, 0.02, 1.04, 2025-07-09T02:30:00+01:00, 2025-07-09T03:00:00+01:00
0.002000, 0.03, 1.04, 2025-07-09T03:00:00+01:00, 2025-07-09T03:30:00+01:00
0.003000, 0.05, 1.04, 2025-07-09T03:30:00+01:00, 2025-07-09T04:00:00+01:00
0.002000, 0.03, 1.04, 2025-07-09T04:00:00+01:00, 2025-07-09T04:30:00+01:00
0.002000, 0.03, 1.04, 2025-07-09T04:30:00+01:00, 2025-07-09T05:00:00+01:00
0.002000, 0.03, 1.04, 2025-07-09T05:00:00+01:00, 2025-07-09T05:30:00+01:00
0.002000, 0.03, 1.04, 2025-07-09T05:30:00+01:00, 2025-07-09T06:00:00+01:00
0.003000, 0.06, 1.04, 2025-07-09T06:00:00+01:00, 2025-07-09T06:30:00+01:00
0.005000, 0.11, 1.04, 2025-07-09T06:30:00+01:00, 2025-07-09T07:00:00+01:00
0.003000, 0.07, 1.04, 2025-07-09T07:00:00+01:00, 2025-07-09T07:30:00+01:00
0.002000, 0.05, 1.04, 2025-07-09T07:30:00+01:00, 2025-07-09T08:00:00+01:00
0.007000, 0.15, 1.04, 2025-07-09T08:00:00+01:00, 2025-07-09T08:30:00+01:00
0.004000, 0.08, 1.04, 2025-07-09T08:30:00+01:00, 2025-07-09T09:00:00+01:00
0.010000, 0.17, 1.04, 2025-07-09T09:00:00+01:00, 2025-07-09T09:30:00+01:00
0.036000, 0.61, 1.04, 2025-07-09T09:30:00+01:00, 2025-07-09T10:00:00+01:00
0.011000, 0.19, 1.04, 2025-07-09T10:00:00+01:00, 2025-07-09T10:30:00+01:00
0.008000, 0.13, 1.04, 2025-07-09T10:30:00+01:00, 2025-07-09T11:00:00+01:00
0.015000, 0.24, 1.04, 2025-07-09T11:00:00+01:00, 2025-07-09T11:30:00+01:00
0.013000, 0.21, 1.04, 2025-07-09T11:30:00+01:00, 2025-07-09T12:00:00+01:00
0.989000, 16.1, 1.04, 2025-07-09T12:00:00+01:00, 2025-07-09T12:30:00+01:00
0.885000, 14.16, 1.04, 2025-07-09T12:30:00+01:00, 2025-07-09T13:00:00+01:00
0.835000, 13.36, 1.04, 2025-07-09T13:00:00+01:00, 2025-07-09T13:30:00+01:00
0.800000, 12.8, 1.04, 2025-07-09T13:30:00+01:00, 2025-07-09T14:00:00+01:00
0.673000, 10.42, 1.04, 2025-07-09T14:00:00+01:00, 2025-07-09T14:30:00+01:00
0.532000, 8.06, 1.04, 2025-07-09T14:30:00+01:00, 2025-07-09T15:00:00+01:00
0.002000, 0.03, 1.04, 2025-07-09T15:00:00+01:00, 2025-07-09T15:30:00+01:00
0.009000, 0.13, 1.04, 2025-07-09T15:30:00+01:00, 2025-07-09T16:00:00+01:00
0.001000, 0.03, 1.04, 2025-07-09T16:00:00+01:00, 2025-07-09T16:30:00+01:00
0.000000, 0, 1.04, 2025-07-09T16:30:00+01:00, 2025-07-09T17:00:00+01:00
0.000000, 0, 1.04, 2025-07-09T17:00:00+01:00, 2025-07-09T17:30:00+01:00
0.005000, 0.16, 1.04, 2025-07-09T17:30:00+01:00, 2025-07-09T18:00:00+01:00
0.008000, 0.26, 1.04, 2025-07-09T18:00:00+01:00, 2025-07-09T18:30:00+01:00
0.002000, 0.07, 1.04, 2025-07-09T18:30:00+01:00, 2025-07-09T19:00:00+01:00
0.002000, 0.05, 1.04, 2025-07-09T19:00:00+01:00, 2025-07-09T19:30:00+01:00
0.003000, 0.07, 1.04, 2025-07-09T19:30:00+01:00, 2025-07-09T20:00:00+01:00
0.002000, 0.05, 1.04, 2025-07-09T20:00:00+01:00, 2025-07-09T20:30:00+01:00
0.003000, 0.07, 1.04, 2025-07-09T20:30:00+01:00, 2025-07-09T21:00:00+01:00
0.003000, 0.07, 1.04, 2025-07-09T21:00:00+01:00, 2025-07-09T21:30:00+01:00
0.003000, 0.06, 1.04, 2025-07-09T21:30:00+01:00, 2025-07-09T22:00:00+01:00
0.002000, 0.04, 1.04, 2025-07-09T22:00:00+01:00, 2025-07-09T22:30:00+01:00
0.003000, 0.05, 1.04, 2025-07-09T22:30:00+01:00, 2025-07-09T23:00:00+01:00
0.001000, 0.02, 1.04, 2025-07-09T23:00:00+01:00, 2025-07-09T23:30:00+01:00
0.002000, 0.04, 1.04, 2025-07-09T23:30:00+01:00, 2025-07-10T00:00:00+01:00
0.002000, 0.04, 1.04, 2025-07-10T00:00:00+01:00, 2025-07-10T00:30:00+01:00
0.002000, 0.04, 1.04, 2025-07-10T00:30:00+01:00, 2025-07-10T01:00:00+01:00
0.001000, 0.02, 1.04, 2025-07-10T01:00:00+01:00, 2025-07-10T01:30:00+01:00
0.002000, 0.03, 1.04, 2025-07-10T01:30:00+01:00, 2025-07-10T02:00:00+01:00
0.002000, 0.03, 1.04, 2025-07-10T02:00:00+01:00, 2025-07-10T02:30:00+01:00
0.002000, 0.03, 1.04, 2025-07-10T02:30:00+01:00, 2025-07-10T03:00:00+01:00
0.002000, 0.03, 1.04, 2025-07-10T03:00:00+01:00, 2025-07-10T03:30:00+01:00
0.002000, 0.03, 1.04, 2025-07-10T03:30:00+01:00, 2025-07-10T04:00:00+01:00
0.002000, 0.03, 1.04, 2025-07-10T04:00:00+01:00, 2025-07-10T04:30:00+01:00
0.001000, 0.02, 1.04, 2025-07-10T04:30:00+01:00, 2025-07-10T05:00:00+01:00
0.002000, 0.03, 1.04, 2025-07-10T05:00:00+01:00, 2025-07-10T05:30:00+01:00
0.006000, 0.09, 1.04, 2025-07-10T05:30:00+01:00, 2025-07-10T06:00:00+01:00
0.002000, 0.04, 1.04, 2025-07-10T06:00:00+01:00, 2025-07-10T06:30:00+01:00
0.001000, 0.02, 1.04, 2025-07-10T06:30:00+01:00, 2025-07-10T07:00:00+01:00
0.002000, 0.04, 1.04, 2025-07-10T07:00:00+01:00, 2025-07-10T07:30:00+01:00
0.004000, 0.08, 1.04, 2025-07-10T07:30:00+01:00, 2025-07-10T08:00:00+01:00
0.005000, 0.09, 1.04, 2025-07-10T08:00:00+01:00, 2025-07-10T08:30:00+01:00
0.003000, 0.06, 1.04, 2025-07-10T08:30:00+01:00, 2025-07-10T09:00:00+01:00
0.004000, 0.07, 1.04, 2025-07-10T09:00:00+01:00, 2025-07-10T09:30:00+01:00
0.037000, 0.61, 1.04, 2025-07-10T09:30:00+01:00, 2025-07-10T10:00:00+01:00
0.005000, 0.07, 1.04, 2025-07-10T10:00:00+01:00, 2025-07-10T10:30:00+01:00
0.003000, 0.04, 1.04, 2025-07-10T10:30:00+01:00, 2025-07-10T11:00:00+01:00
0.002000, 0.03, 1.04, 2025-07-10T11:00:00+01:00, 2025-07-10T11:30:00+01:00
0.003000, 0.04, 1.04, 2025-07-10T11:30:00+01:00, 2025-07-10T12:00:00+01:00
0.483000, 6.92, 1.04, 2025-07-10T12:00:00+01:00, 2025-07-10T12:30:00+01:00
0.355000, 5.01, 1.04, 2025-07-10T12:30:00+01:00, 2025-07-10T13:00:00+01:00
0.248000, 3.5, 1.04, 2025-07-10T13:00:00+01:00, 2025-07-10T13:30:00+01:00
0.002000, 0.03, 1.04, 2025-07-10T13:30:00+01:00, 2025-07-10T14:00:00+01:00
0.007000, 0.1, 1.04, 2025-07-10T14:00:00+01:00, 2025-07-10T14:30:00+01:00
0.006000, 0.08, 1.04, 2025-07-10T14:30:00+01:00, 2025-07-10T15:00:00+01:00
0.004000, 0.06, 1.04, 2025-07-10T15:00:00+01:00, 2025-07-10T15:30:00+01:00
0.017000, 0.23, 1.04, 2025-07-10T15:30:00+01:00, 2025-07-10T16:00:00+01:00
0.001000, 0.03, 1.04, 2025-07-10T16:00:00+01:00, 2025-07-10T16:30:00+01:00
0.000000, 0, 1.04, 2025-07-10T16:30:00+01:00, 2025-07-10T17:00:00+01:00
0.001000, 0.03, 1.04, 2025-07-10T17:00:00+01:00, 2025-07-10T17:30:00+01:00
0.001000, 0.03, 1.04, 2025-07-10T17:30:00+01:00, 2025-07-10T18:00:00+01:00
0.005000, 0.17, 1.04, 2025-07-10T18:00:00+01:00, 2025-07-10T18:30:00+01:00
0.002000, 0.07, 1.04, 2025-07-10T18:30:00+01:00, 2025-07-10T19:00:00+01:00
0.001000, 0.03, 1.04, 2025-07-10T19:00:00+01:00, 2025-07-10T19:30:00+01:00
0.002000, 0.05, 1.04, 2025-07-10T19:30:00+01:00, 2025-07-10T20:00:00+01:00
0.001000, 0.03, 1.04, 2025-07-10T20:00:00+01:00, 2025-07-10T20:30:00+01:00
0.004000, 0.1, 1.04, 2025-07-10T20:30:00+01:00, 2025-07-10T21:00:00+01:00
0.004000, 0.1, 1.04, 2025-07-10T21:00:00+01:00, 2025-07-10T21:30:00+01:00
0.003000, 0.07, 1.04, 2025-07-10T21:30:00+01:00, 2025-07-10T22:00:00+01:00
0.001000, 0.02, 1.04, 2025-07-10T22:00:00+01:00, 2025-07-10T22:30:00+01:00
0.004000, 0.08, 1.04, 2025-07-10T22:30:00+01:00, 2025-07-10T23:00:00+01:00
0.002000, 0.04, 1.04, 2025-07-10T23:00:00+01:00, 2025-07-10T23:30:00+01:00
0.001000, 0.02, 1.04, 2025-07-10T23:30:00+01:00, 2025-07-11T00:00:00+01:00
0.001000, 0.02, 1.04, 2025-07-11T00:00:00+01:00, 2025-07-11T00:30:00+01:00
0.002000, 0.04, 1.04, 2025-07-11T00:30:00+01:00, 2025-07-11T01:00:00+01:00
0.001000, 0.02, 1.04, 2025-07-11T01:00:00+01:00, 2025-07-11T01:30:00+01:00
0.002000, 0.03, 1.04, 2025-07-11T01:30:00+01:00, 2025-07-11T02:00:00+01:00
0.001000, 0.02, 1.04, 2025-07-11T02:00:00+01:00, 2025-07-11T02:30:00+01:00
0.002000, 0.03, 1.04, 2025-07-11T02:30:00+01:00, 2025-07-11T03:00:00+01:00
0.002000, 0.03, 1.04, 2025-07-11T03:00:00+01:00, 2025-07-11T03:30:00+01:00
0.001000, 0.02, 1.04, 2025-07-11T03:30:00+01:00, 2025-07-11T04:00:00+01:00
0.002000, 0.03, 1.04, 2025-07-11T04:00:00+01:00, 2025-07-11T04:30:00+01:00
0.002000, 0.03, 1.04, 2025-07-11T04:30:00+01:00, 2025-07-11T05:00:00+01:00
0.002000, 0.04, 1.04, 2025-07-11T05:00:00+01:00, 2025-07-11T05:30:00+01:00
0.002000, 0.04, 1.04, 2025-07-11T05:30:00+01:00, 2025-07-11T06:00:00+01:00
0.005000, 0.1, 1.04, 2025-07-11T06:00:00+01:00, 2025-07-11T06:30:00+01:00
0.001000, 0.02, 1.04, 2025-07-11T06:30:00+01:00, 2025-07-11T07:00:00+01:00
0.001000, 0.02, 1.04, 2025-07-11T07:00:00+01:00, 2025-07-11T07:30:00+01:00
0.007000, 0.15, 1.04, 2025-07-11T07:30:00+01:00, 2025-07-11T08:00:00+01:00
0.003000, 0.06, 1.04, 2025-07-11T08:00:00+01:00, 2025-07-11T08:30:00+01:00
0.006000, 0.12, 1.04, 2025-07-11T08:30:00+01:00, 2025-07-11T09:00:00+01:00
0.002000, 0.04, 1.04, 2025-07-11T09:00:00+01:00, 2025-07-11T09:30:00+01:00
0.001000, 0.02, 1.04, 2025-07-11T09:30:00+01:00, 2025-07-11T10:00:00+01:00
0.002000, 0.04, 1.04, 2025-07-11T10:00:00+01:00, 2025-07-11T10:30:00+01:00
0.002000, 0.04, 1.04, 2025-07-11T10:30:00+01:00, 2025-07-11T11:00:00+01:00
0.002000, 0.03, 1.04, 2025-07-11T11:00:00+01:00, 2025-07-11T11:30:00+01:00
0.002000, 0.03, 1.04, 2025-07-11T11:30:00+01:00, 2025-07-11T12:00:00+01:00
0.394000, 6.53, 1.04, 2025-07-11T12:00:00+01:00, 2025-07-11T12:30:00+01:00
0.475000, 7.44, 1.04, 2025-07-11T12:30:00+01:00, 2025-07-11T13:00:00+01:00
0.227000, 3.45, 1.04, 2025-07-11T13:00:00+01:00, 2025-07-11T13:30:00+01:00
0.006000, 0.09, 1.04, 2025-07-11T13:30:00+01:00, 2025-07-11T14:00:00+01:00
0.000000, 0, 1.04, 2025-07-11T14:00:00+01:00, 2025-07-11T14:30:00+01:00
0.005000, 0.08, 1.04, 2025-07-11T14:30:00+01:00, 2025-07-11T15:00:00+01:00
0.006000, 0.09, 1.04, 2025-07-11T15:00:00+01:00, 2025-07-11T15:30:00+01:00
0.044000, 0.68, 1.04, 2025-07-11T15:30:00+01:00, 2025-07-11T16:00:00+01:00
0.025000, 0.73, 1.04, 2025-07-11T16:00:00+01:00, 2025-07-11T16:30:00+01:00
0.000000, 0, 1.04, 2025-07-11T16:30:00+01:00, 2025-07-11T17:00:00+01:00
0.000000, 0, 1.04, 2025-07-11T17:00:00+01:00, 2025-07-11T17:30:00+01:00
0.001000, 0.03, 1.04, 2025-07-11T17:30:00+01:00, 2025-07-11T18:00:00+01:00
0.004000, 0.13, 1.04, 2025-07-11T18:00:00+01:00, 2025-07-11T18:30:00+01:00
0.001000, 0.03, 1.04, 2025-07-11T18:30:00+01:00, 2025-07-11T19:00:00+01:00
0.002000, 0.05, 1.04, 2025-07-11T19:00:00+01:00, 2025-07-11T19:30:00+01:00
0.002000, 0.05, 1.04, 2025-07-11T19:30:00+01:00, 2025-07-11T20:00:00+01:00
0.001000, 0.02, 1.04, 2025-07-11T20:00:00+01:00, 2025-07-11T20:30:00+01:00
0.001000, 0.02, 1.04, 2025-07-11T20:30:00+01:00, 2025-07-11T21:00:00+01:00
0.002000, 0.04, 1.04, 2025-07-11T21:00:00+01:00, 2025-07-11T21:30:00+01:00
0.002000, 0.04, 1.04, 2025-07-11T21:30:00+01:00, 2025-07-11T22:00:00+01:00
0.001000, 0.02, 1.04, 2025-07-11T22:00:00+01:00, 2025-07-11T22:30:00+01:00
0.004000, 0.08, 1.04, 2025-07-11T22:30:00+01:00, 2025-07-11T23:00:00+01:00
0.013000, 0.27, 1.04, 2025-07-11T23:00:00+01:00, 2025-07-11T23:30:00+01:00
0.001000, 0.02, 1.04, 2025-07-11T23:30:00+01:00, 2025-07-12T00:00:00+01:00
0.001000, 0.02, 1.04, 2025-07-12T00:00:00+01:00, 2025-07-12T00:30:00+01:00
0.001000, 0.02, 1.04, 2025-07-12T00:30:00+01:00, 2025-07-12T01:00:00+01:00
0.002000, 0.03, 1.04, 2025-07-12T01:00:00+01:00, 2025-07-12T01:30:00+01:00
0.000000, 0, 1.04, 2025-07-12T01:30:00+01:00, 2025-07-12T02:00:00+01:00
0.002000, 0.04, 1.04, 2025-07-12T02:00:00+01:00, 2025-07-12T02:30:00+01:00
0.001000, 0.02, 1.04, 2025-07-12T02:30:00+01:00, 2025-07-12T03:00:00+01:00
0.002000, 0.04, 1.04, 2025-07-12T03:00:00+01:00, 2025-07-12T03:30:00+01:00
0.001000, 0.02, 1.04, 2025-07-12T03:30:00+01:00, 2025-07-12T04:00:00+01:00
0.001000, 0.02, 1.04, 2025-07-12T04:00:00+01:00, 2025-07-12T04:30:00+01:00
0.002000, 0.04, 1.04, 2025-07-12T04:30:00+01:00, 2025-07-12T05:00:00+01:00
0.001000, 0.02, 1.04, 2025-07-12T05:00:00+01:00, 2025-07-12T05:30:00+01:00
0.002000, 0.03, 1.04, 2025-07-12T05:30:00+01:00, 2025-07-12T06:00:00+01:00
0.006000, 0.1, 1.04, 2025-07-12T06:00:00+01:00, 2025-07-12T06:30:00+01:00
0.001000, 0.02, 1.04, 2025-07-12T06:30:00+01:00, 2025-07-12T07:00:00+01:00
0.001000, 0.02, 1.04, 2025-07-12T07:00:00+01:00, 2025-07-12T07:30:00+01:00
0.003000, 0.05, 1.04, 2025-07-12T07:30:00+01:00, 2025-07-12T08:00:00+01:00
0.004000, 0.07, 1.04, 2025-07-12T08:00:00+01:00, 2025-07-12T08:30:00+01:00
0.004000, 0.08, 1.04, 2025-07-12T08:30:00+01:00, 2025-07-12T09:00:00+01:00
0.003000, 0.05, 1.04, 2025-07-12T09:00:00+01:00, 2025-07-12T09:30:00+01:00
0.008000, 0.12, 1.04, 2025-07-12T09:30:00+01:00, 2025-07-12T10:00:00+01:00
0.005000, 0.08, 1.04, 2025-07-12T10:00:00+01:00, 2025-07-12T10:30:00+01:00
0.005000, 0.09, 1.04, 2025-07-12T10:30:00+01:00, 2025-07-12T11:00:00+01:00
0.003000, 0.05, 1.04, 2025-07-12T11:00:00+01:00, 2025-07-12T11:30:00+01:00
0.002000, 0.03, 1.04, 2025-07-12T11:30:00+01:00, 2025-07-12T12:00:00+01:00
0.347000, 5.06, 1.04, 2025-07-12T12:00:00+01:00, 2025-07-12T12:30:00+01:00
0.276000, 3.94, 1.04, 2025-07-12T12:30:00+01:00, 2025-07-12T13:00:00+01:00
0.403000, 5.78, 1.04, 2025-07-12T13:00:00+01:00, 2025-07-12T13:30:00+01:00
0.453000, 5.78, 1.04, 2025-07-12T13:30:00+01:00, 2025-07-12T14:00:00+01:00
0.470000, 5.79, 1.04, 2025-07-12T14:00:00+01:00, 2025-07-12T14:30:00+01:00
0.015000, 0.18, 1.04, 2025-07-12T14:30:00+01:00, 2025-07-12T15:00:00+01:00
0.002000, 0.02, 1.04, 2025-07-12T15:00:00+01:00, 2025-07-12T15:30:00+01:00
0.007000, 0.09, 1.04, 2025-07-12T15:30:00+01:00, 2025-07-12T16:00:00+01:00
0.000000, 0, 1.04, 2025-07-12T16:00:00+01:00, 2025-07-12T16:30:00+01:00
0.000000, 0, 1.04, 2025-07-12T16:30:00+01:00, 2025-07-12T17:00:00+01:00
0.001000, 0.03, 1.04, 2025-07-12T17:00:00+01:00, 2025-07-12T17:30:00+01:00
0.002000, 0.06, 1.04, 2025-07-12T17:30:00+01:00, 2025-07-12T18:00:00+01:00
0.001000, 0.03, 1.04, 2025-07-12T18:00:00+01:00, 2025-07-12T18:30:00+01:00
0.000000, 0, 1.04, 2025-07-12T18:30:00+01:00, 2025-07-12T19:00:00+01:00
0.002000, 0.05, 1.04, 2025-07-12T19:00:00+01:00, 2025-07-12T19:30:00+01:00
0.001000, 0.02, 1.04, 2025-07-12T19:30:00+01:00, 2025-07-12T20:00:00+01:00
0.002000, 0.05, 1.04, 2025-07-12T20:00:00+01:00, 2025-07-12T20:30:00+01:00
0.002000, 0.05, 1.04, 2025-07-12T20:30:00+01:00, 2025-07-12T21:00:00+01:00
0.002000, 0.05, 1.04, 2025-07-12T21:00:00+01:00, 2025-07-12T21:30:00+01:00
0.004000, 0.09, 1.04, 2025-07-12T21:30:00+01:00, 2025-07-12T22:00:00+01:00
0.002000, 0.04, 1.04, 2025-07-12T22:00:00+01:00, 2025-07-12T22:30:00+01:00
0.003000, 0.06, 1.04, 2025-07-12T22:30:00+01:00, 2025-07-12T23:00:00+01:00
0.001000, 0.02, 1.04, 2025-07-12T23:00:00+01:00, 2025-07-12T23:30:00+01:00
0.001000, 0.02, 1.04, 2025-07-12T23:30:00+01:00, 2025-07-13T00:00:00+01:00
0.001000, 0.02, 1.04, 2025-07-13T00:00:00+01:00, 2025-07-13T00:30:00+01:00
0.002000, 0.04, 1.04, 2025-07-13T00:30:00+01:00, 2025-07-13T01:00:00+01:00
0.001000, 0.02, 1.04, 2025-07-13T01:00:00+01:00, 2025-07-13T01:30:00+01:00
0.001000, 0.02, 1.04, 2025-07-13T01:30:00+01:00, 2025-07-13T02:00:00+01:00
0.001000, 0.02, 1.04, 2025-07-13T02:00:00+01:00, 2025-07-13T02:30:00+01:00
0.002000, 0.03, 1.04, 2025-07-13T02:30:00+01:00, 2025-07-13T03:00:00+01:00
0.001000, 0.02, 1.04, 2025-07-13T03:00:00+01:00, 2025-07-13T03:30:00+01:00
0.001000, 0.02, 1.04, 2025-07-13T03:30:00+01:00, 2025-07-13T04:00:00+01:00
0.001000, 0.02, 1.04, 2025-07-13T04:00:00+01:00, 2025-07-13T04:30:00+01:00
0.002000, 0.03, 1.04, 2025-07-13T04:30:00+01:00, 2025-07-13T05:00:00+01:00
0.001000, 0.02, 1.04, 2025-07-13T05:00:00+01:00, 2025-07-13T05:30:00+01:00
0.002000, 0.03, 1.04, 2025-07-13T05:30:00+01:00, 2025-07-13T06:00:00+01:00
0.007000, 0.12, 1.04, 2025-07-13T06:00:00+01:00, 2025-07-13T06:30:00+01:00
0.002000, 0.03, 1.04, 2025-07-13T06:30:00+01:00, 2025-07-13T07:00:00+01:00
0.001000, 0.02, 1.04, 2025-07-13T07:00:00+01:00, 2025-07-13T07:30:00+01:00
0.002000, 0.03, 1.04, 2025-07-13T07:30:00+01:00, 2025-07-13T08:00:00+01:00
0.007000, 0.11, 1.04, 2025-07-13T08:00:00+01:00, 2025-07-13T08:30:00+01:00
0.026000, 0.41, 1.04, 2025-07-13T08:30:00+01:00, 2025-07-13T09:00:00+01:00
0.006000, 0.1, 1.04, 2025-07-13T09:00:00+01:00, 2025-07-13T09:30:00+01:00
0.005000, 0.08, 1.04, 2025-07-13T09:30:00+01:00, 2025-07-13T10:00:00+01:00
0.010000, 0.16, 1.04, 2025-07-13T10:00:00+01:00, 2025-07-13T10:30:00+01:00
0.004000, 0.06, 1.04, 2025-07-13T10:30:00+01:00, 2025-07-13T11:00:00+01:00
0.010000, 0.16, 1.04, 2025-07-13T11:00:00+01:00, 2025-07-13T11:30:00+01:00
0.002000, 0.03, 1.04, 2025-07-13T11:30:00+01:00, 2025-07-13T12:00:00+01:00
0.511000, 8, 1.04, 2025-07-13T12:00:00+01:00, 2025-07-13T12:30:00+01:00
0.541000, 8.78, 1.04, 2025-07-13T12:30:00+01:00, 2025-07-13T13:00:00+01:00
0.674000, 11, 1.04, 2025-07-13T13:00:00+01:00, 2025-07-13T13:30:00+01:00
0.536000, 8.77, 1.04, 2025-07-13T13:30:00+01:00, 2025-07-13T14:00:00+01:00
0.683000, 11.22, 1.04, 2025-07-13T14:00:00+01:00, 2025-07-13T14:30:00+01:00
0.331000, 5.36, 1.04, 2025-07-13T14:30:00+01:00, 2025-07-13T15:00:00+01:00
0.171000, 2.77, 1.04, 2025-07-13T15:00:00+01:00, 2025-07-13T15:30:00+01:00
0.403000, 5.37, 1.04, 2025-07-13T15:30:00+01:00, 2025-07-13T16:00:00+01:00
0.011000, 0.31, 1.04, 2025-07-13T16:00:00+01:00, 2025-07-13T16:30:00+01:00
0.007000, 0.2, 1.04, 2025-07-13T16:30:00+01:00, 2025-07-13T17:00:00+01:00
0.008000, 0.25, 1.04, 2025-07-13T17:00:00+01:00, 2025-07-13T17:30:00+01:00
0.156000, 4.89, 1.04, 2025-07-13T17:30:00+01:00, 2025-07-13T18:00:00+01:00
0.043000, 1.4, 1.04, 2025-07-13T18:00:00+01:00, 2025-07-13T18:30:00+01:00
0.447000, 15.39, 1.04, 2025-07-13T18:30:00+01:00, 2025-07-13T19:00:00+01:00
0.073000, 1.73, 1.04, 2025-07-13T19:00:00+01:00, 2025-07-13T19:30:00+01:00
0.002000, 0.05, 1.04, 2025-07-13T19:30:00+01:00, 2025-07-13T20:00:00+01:00
0.002000, 0.05, 1.04, 2025-07-13T20:00:00+01:00, 2025-07-13T20:30:00+01:00
0.004000, 0.09, 1.04, 2025-07-13T20:30:00+01:00, 2025-07-13T21:00:00+01:00
0.004000, 0.09, 1.04, 2025-07-13T21:00:00+01:00, 2025-07-13T21:30:00+01:00
0.005000, 0.11, 1.04, 2025-07-13T21:30:00+01:00, 2025-07-13T22:00:00+01:00
0.034000, 0.73, 1.04, 2025-07-13T22:00:00+01:00, 2025-07-13T22:30:00+01:00
0.054000, 1.1, 1.04, 2025-07-13T22:30:00+01:00, 2025-07-13T23:00:00+01:00
0.301000, 5.62, 1.04, 2025-07-13T23:00:00+01:00, 2025-07-13T23:30:00+01:00
0.162000, 3.21, 1.04, 2025-07-13T23:30:00+01:00, 2025-07-14T00:00:00+01:00
0.039000, 0.73, 1.04, 2025-07-14T00:00:00+01:00, 2025-07-14T00:30:00+01:00
0.277000, 4.99, 1.04, 2025-07-14T00:30:00+01:00, 2025-07-14T01:00:00+01:00
0.277000, 4.7, 1.04, 2025-07-14T01:00:00+01:00, 2025-07-14T01:30:00+01:00
0.238000, 4.04, 1.04, 2025-07-14T01:30:00+01:00, 2025-07-14T02:00:00+01:00
0.279000, 4.68, 1.04, 2025-07-14T02:00:00+01:00, 2025-07-14T02:30:00+01:00
0.281000, 4.64, 1.04, 2025-07-14T02:30:00+01:00, 2025-07-14T03:00:00+01:00
0.236000, 3.9, 1.04, 2025-07-14T03:00:00+01:00, 2025-07-14T03:30:00+01:00
0.283000, 4.66, 1.04, 2025-07-14T03:30:00+01:00, 2025-07-14T04:00:00+01:00
0.281000, 4.39, 1.04, 2025-07-14T04:00:00+01:00, 2025-07-14T04:30:00+01:00
0.243000, 3.78, 1.04, 2025-07-14T04:30:00+01:00, 2025-07-14T05:00:00+01:00
0.258000, 4.32, 1.04, 2025-07-14T05:00:00+01:00, 2025-07-14T05:30:00+01:00
0.273000, 4.64, 1.04, 2025-07-14T05:30:00+01:00, 2025-07-14T06:00:00+01:00
0.219000, 4.47, 1.04, 2025-07-14T06:00:00+01:00, 2025-07-14T06:30:00+01:00
0.131000, 2.89, 1.04, 2025-07-14T06:30:00+01:00, 2025-07-14T07:00:00+01:00
0.179000, 3.85, 1.04, 2025-07-14T07:00:00+01:00, 2025-07-14T07:30:00+01:00
0.205000, 4.66, 1.04, 2025-07-14T07:30:00+01:00, 2025-07-14T08:00:00+01:00
0.107000, 2.06, 1.04, 2025-07-14T08:00:00+01:00, 2025-07-14T08:30:00+01:00
0.173000, 3.2, 1.04, 2025-07-14T08:30:00+01:00, 2025-07-14T09:00:00+01:00
0.028000, 0.51, 1.04, 2025-07-14T09:00:00+01:00, 2025-07-14T09:30:00+01:00
0.014000, 0.26, 1.04, 2025-07-14T09:30:00+01:00, 2025-07-14T10:00:00+01:00
0.431000, 7.51, 1.04, 2025-07-14T10:00:00+01:00, 2025-07-14T10:30:00+01:00
0.007000, 0.12, 1.04, 2025-07-14T10:30:00+01:00, 2025-07-14T11:00:00+01:00
0.006000, 0.1, 1.04, 2025-07-14T11:00:00+01:00, 2025-07-14T11:30:00+01:00
0.006000, 0.08, 1.04, 2025-07-14T11:30:00+01:00, 2025-07-14T12:00:00+01:00
1.002000, 13.68, 1.04, 2025-07-14T12:00:00+01:00, 2025-07-14T12:30:00+01:00
0.944000, 11.38, 1.04, 2025-07-14T12:30:00+01:00, 2025-07-14T13:00:00+01:00
0.621000, 7.49, 1.04, 2025-07-14T13:00:00+01:00, 2025-07-14T13:30:00+01:00
0.297000, 3.27, 1.04, 2025-07-14T13:30:00+01:00, 2025-07-14T14:00:00+01:00
0.693000, 7.64, 1.04, 2025-07-14T14:00:00+01:00, 2025-07-14T14:30:00+01:00
0.774000, 7.82, 1.04, 2025-07-14T14:30:00+01:00, 2025-07-14T15:00:00+01:00
0.676000, 8.97, 1.04, 2025-07-14T15:00:00+01:00, 2025-07-14T15:30:00+01:00
0.310000, 4.1, 1.04, 2025-07-14T15:30:00+01:00, 2025-07-14T16:00:00+01:00
0.001000, 0.03, 1.04, 2025-07-14T16:00:00+01:00, 2025-07-14T16:30:00+01:00
0.001000, 0.03, 1.04, 2025-07-14T16:30:00+01:00, 2025-07-14T17:00:00+01:00
0.004000, 0.12, 1.04, 2025-07-14T17:00:00+01:00, 2025-07-14T17:30:00+01:00
0.005000, 0.15, 1.04, 2025-07-14T17:30:00+01:00, 2025-07-14T18:00:00+01:00
0.004000, 0.12, 1.04, 2025-07-14T18:00:00+01:00, 2025-07-14T18:30:00+01:00
0.002000, 0.06, 1.04, 2025-07-14T18:30:00+01:00, 2025-07-14T19:00:00+01:00
0.003000, 0.06, 1.04, 2025-07-14T19:00:00+01:00, 2025-07-14T19:30:00+01:00
0.001000, 0.02, 1.04, 2025-07-14T19:30:00+01:00, 2025-07-14T20:00:00+01:00
0.002000, 0.05, 1.04, 2025-07-14T20:00:00+01:00, 2025-07-14T20:30:00+01:00
0.003000, 0.07, 1.04, 2025-07-14T20:30:00+01:00, 2025-07-14T21:00:00+01:00
0.003000, 0.07, 1.04, 2025-07-14T21:00:00+01:00, 2025-07-14T21:30:00+01:00
0.003000, 0.07, 1.04, 2025-07-14T21:30:00+01:00, 2025-07-14T22:00:00+01:00
0.004000, 0.09, 1.04, 2025-07-14T22:00:00+01:00, 2025-07-14T22:30:00+01:00
0.002000, 0.04, 1.04, 2025-07-14T22:30:00+01:00, 2025-07-14T23:00:00+01:00
0.002000, 0.04, 1.04, 2025-07-14T23:00:00+01:00, 2025-07-14T23:30:00+01:00
0.002000, 0.04, 1.04, 2025-07-14T23:30:00+01:00, 2025-07-15T00:00:00+01:00
0.002000, 0.03, 1.04, 2025-07-15T00:00:00+01:00, 2025-07-15T00:30:00+01:00
0.001000, 0.02, 1.04, 2025-07-15T00:30:00+01:00, 2025-07-15T01:00:00+01:00
0.003000, 0.05, 1.04, 2025-07-15T01:00:00+01:00, 2025-07-15T01:30:00+01:00
0.001000, 0.02, 1.04, 2025-07-15T01:30:00+01:00, 2025-07-15T02:00:00+01:00
0.002000, 0.03, 1.04, 2025-07-15T02:00:00+01:00, 2025-07-15T02:30:00+01:00
0.001000, 0.02, 1.04, 2025-07-15T02:30:00+01:00, 2025-07-15T03:00:00+01:00
0.003000, 0.05, 1.04, 2025-07-15T03:00:00+01:00, 2025-07-15T03:30:00+01:00
0.001000, 0.01, 1.04, 2025-07-15T03:30:00+01:00, 2025-07-15T04:00:00+01:00
0.002000, 0.03, 1.04, 2025-07-15T04:00:00+01:00, 2025-07-15T04:30:00+01:00
0.002000, 0.03, 1.04, 2025-07-15T04:30:00+01:00, 2025-07-15T05:00:00+01:00
0.002000, 0.03, 1.04, 2025-07-15T05:00:00+01:00, 2025-07-15T05:30:00+01:00
0.002000, 0.03, 1.04, 2025-07-15T05:30:00+01:00, 2025-07-15T06:00:00+01:00
0.008000, 0.16, 1.04, 2025-07-15T06:00:00+01:00, 2025-07-15T06:30:00+01:00
0.001000, 0.02, 1.04, 2025-07-15T06:30:00+01:00, 2025-07-15T07:00:00+01:00
0.002000, 0.04, 1.04, 2025-07-15T07:00:00+01:00, 2025-07-15T07:30:00+01:00
0.005000, 0.1, 1.04, 2025-07-15T07:30:00+01:00, 2025-07-15T08:00:00+01:00
0.003000, 0.05, 1.04, 2025-07-15T08:00:00+01:00, 2025-07-15T08:30:00+01:00
0.003000, 0.05, 1.04, 2025-07-15T08:30:00+01:00, 2025-07-15T09:00:00+01:00
0.005000, 0.08, 1.04, 2025-07-15T09:00:00+01:00, 2025-07-15T09:30:00+01:00
0.001000, 0.02, 1.04, 2025-07-15T09:30:00+01:00, 2025-07-15T10:00:00+01:00
0.002000, 0.03, 1.04, 2025-07-15T10:00:00+01:00, 2025-07-15T10:30:00+01:00
0.002000, 0.03, 1.04, 2025-07-15T10:30:00+01:00, 2025-07-15T11:00:00+01:00
0.002000, 0.03, 1.04, 2025-07-15T11:00:00+01:00, 2025-07-15T11:30:00+01:00
0.002000, 0.03, 1.04, 2025-07-15T11:30:00+01:00, 2025-07-15T12:00:00+01:00
1.200000, 18.26, 1.04, 2025-07-15T12:00:00+01:00, 2025-07-15T12:30:00+01:00
1.431000, 21.77, 1.04, 2025-07-15T12:30:00+01:00, 2025-07-15T13:00:00+01:00
1.250000, 18.52, 1.04, 2025-07-15T13:00:00+01:00, 2025-07-15T13:30:00+01:00
1.008000, 15.34, 1.04, 2025-07-15T13:30:00+01:00, 2025-07-15T14:00:00+01:00
0.999000, 14.86, 1.04, 2025-07-15T14:00:00+01:00, 2025-07-15T14:30:00+01:00
0.954000, 13.73, 1.04, 2025-07-15T14:30:00+01:00, 2025-07-15T15:00:00+01:00
0.775000, 11.25, 1.04, 2025-07-15T15:00:00+01:00, 2025-07-15T15:30:00+01:00
0.085000, 1.22, 1.04, 2025-07-15T15:30:00+01:00, 2025-07-15T16:00:00+01:00
0.001000, 0.03, 1.04, 2025-07-15T16:00:00+01:00, 2025-07-15T16:30:00+01:00
0.003000, 0.09, 1.04, 2025-07-15T16:30:00+01:00, 2025-07-15T17:00:00+01:00
0.002000, 0.06, 1.04, 2025-07-15T17:00:00+01:00, 2025-07-15T17:30:00+01:00
0.004000, 0.12, 1.04, 2025-07-15T17:30:00+01:00, 2025-07-15T18:00:00+01:00
0.002000, 0.06, 1.04, 2025-07-15T18:00:00+01:00, 2025-07-15T18:30:00+01:00
0.002000, 0.06, 1.04, 2025-07-15T18:30:00+01:00, 2025-07-15T19:00:00+01:00
0.002000, 0.04, 1.04, 2025-07-15T19:00:00+01:00, 2025-07-15T19:30:00+01:00
0.003000, 0.06, 1.04, 2025-07-15T19:30:00+01:00, 2025-07-15T20:00:00+01:00
0.004000, 0.09, 1.04, 2025-07-15T20:00:00+01:00, 2025-07-15T20:30:00+01:00
0.003000, 0.06, 1.04, 2025-07-15T20:30:00+01:00, 2025-07-15T21:00:00+01:00
0.003000, 0.07, 1.04, 2025-07-15T21:00:00+01:00, 2025-07-15T21:30:00+01:00
0.003000, 0.07, 1.04, 2025-07-15T21:30:00+01:00, 2025-07-15T22:00:00+01:00
0.017000, 0.34, 1.04, 2025-07-15T22:00:00+01:00, 2025-07-15T22:30:00+01:00
0.004000, 0.07, 1.04, 2025-07-15T22:30:00+01:00, 2025-07-15T23:00:00+01:00
0.003000, 0.05, 1.04, 2025-07-15T23:00:00+01:00, 2025-07-15T23:30:00+01:00
0.002000, 0.03, 1.04, 2025-07-15T23:30:00+01:00, 2025-07-16T00:00:00+01:00
0.001000, 0.02, 1.04, 2025-07-16T00:00:00+01:00, 2025-07-16T00:30:00+01:00
0.001000, 0.02, 1.04, 2025-07-16T00:30:00+01:00, 2025-07-16T01:00:00+01:00
0.003000, 0.04, 1.04, 2025-07-16T01:00:00+01:00, 2025-07-16T01:30:00+01:00
0.002000, 0.03, 1.04, 2025-07-16T01:30:00+01:00, 2025-07-16T02:00:00+01:00
0.002000, 0.03, 1.04, 2025-07-16T02:00:00+01:00, 2025-07-16T02:30:00+01:00
0.001000, 0.01, 1.04, 2025-07-16T02:30:00+01:00, 2025-07-16T03:00:00+01:00
0.003000, 0.04, 1.04, 2025-07-16T03:00:00+01:00, 2025-07-16T03:30:00+01:00
0.002000, 0.03, 1.04, 2025-07-16T03:30:00+01:00, 2025-07-16T04:00:00+01:00
0.001000, 0.01, 1.04, 2025-07-16T04:00:00+01:00, 2025-07-16T04:30:00+01:00
0.002000, 0.03, 1.04, 2025-07-16T04:30:00+01:00, 2025-07-16T05:00:00+01:00
0.002000, 0.03, 1.04, 2025-07-16T05:00:00+01:00, 2025-07-16T05:30:00+01:00
0.002000, 0.03, 1.04, 2025-07-16T05:30:00+01:00, 2025-07-16T06:00:00+01:00
0.004000, 0.07, 1.04, 2025-07-16T06:00:00+01:00, 2025-07-16T06:30:00+01:00
0.001000, 0.02, 1.04, 2025-07-16T06:30:00+01:00, 2025-07-16T07:00:00+01:00
0.002000, 0.04, 1.04, 2025-07-16T07:00:00+01:00, 2025-07-16T07:30:00+01:00
0.003000, 0.06, 1.04, 2025-07-16T07:30:00+01:00, 2025-07-16T08:00:00+01:00
0.005000, 0.1, 1.04, 2025-07-16T08:00:00+01:00, 2025-07-16T08:30:00+01:00
0.014000, 0.29, 1.04, 2025-07-16T08:30:00+01:00, 2025-07-16T09:00:00+01:00
0.006000, 0.11, 1.04, 2025-07-16T09:00:00+01:00, 2025-07-16T09:30:00+01:00
0.013000, 0.23, 1.04, 2025-07-16T09:30:00+01:00, 2025-07-16T10:00:00+01:00
0.006000, 0.11, 1.04, 2025-07-16T10:00:00+01:00, 2025-07-16T10:30:00+01:00
0.005000, 0.08, 1.04, 2025-07-16T10:30:00+01:00, 2025-07-16T11:00:00+01:00
0.004000, 0.07, 1.04, 2025-07-16T11:00:00+01:00, 2025-07-16T11:30:00+01:00
0.002000, 0.03, 1.04, 2025-07-16T11:30:00+01:00, 2025-07-16T12:00:00+01:00
0.680000, 12.3, 1.04, 2025-07-16T12:00:00+01:00, 2025-07-16T12:30:00+01:00
0.727000, 12.82, 1.04, 2025-07-16T12:30:00+01:00, 2025-07-16T13:00:00+01:00
1.153000, 20.3, 1.04, 2025-07-16T13:00:00+01:00, 2025-07-16T13:30:00+01:00
0.882000, 15.53, 1.04, 2025-07-16T13:30:00+01:00, 2025-07-16T14:00:00+01:00
0.858000, 15.05, 1.04, 2025-07-16T14:00:00+01:00, 2025-07-16T14:30:00+01:00
0.304000, 5.36, 1.04, 2025-07-16T14:30:00+01:00, 2025-07-16T15:00:00+01:00
0.008000, 0.14, 1.04, 2025-07-16T15:00:00+01:00, 2025-07-16T15:30:00+01:00
0.020000, 0.36, 1.04, 2025-07-16T15:30:00+01:00, 2025-07-16T16:00:00+01:00
0.000000, 0, 1.04, 2025-07-16T16:00:00+01:00, 2025-07-16T16:30:00+01:00
0.001000, 0.03, 1.04, 2025-07-16T16:30:00+01:00, 2025-07-16T17:00:00+01:00
0.002000, 0.06, 1.04, 2025-07-16T17:00:00+01:00, 2025-07-16T17:30:00+01:00
0.001000, 0.03, 1.04, 2025-07-16T17:30:00+01:00, 2025-07-16T18:00:00+01:00
0.072000, 2.49, 1.04, 2025-07-16T18:00:00+01:00, 2025-07-16T18:30:00+01:00
0.003000, 0.11, 1.04, 2025-07-16T18:30:00+01:00, 2025-07-16T19:00:00+01:00
0.002000, 0.05, 1.04, 2025-07-16T19:00:00+01:00, 2025-07-16T19:30:00+01:00
0.441000, 10.7, 1.04, 2025-07-16T19:30:00+01:00, 2025-07-16T20:00:00+01:00
0.007000, 0.18, 1.04, 2025-07-16T20:00:00+01:00, 2025-07-16T20:30:00+01:00
0.033000, 0.82, 1.04, 2025-07-16T20:30:00+01:00, 2025-07-16T21:00:00+01:00
0.018000, 0.45, 1.04, 2025-07-16T21:00:00+01:00, 2025-07-16T21:30:00+01:00
0.003000, 0.07, 1.04, 2025-07-16T21:30:00+01:00, 2025-07-16T22:00:00+01:00
0.003000, 0.07, 1.04, 2025-07-16T22:00:00+01:00, 2025-07-16T22:30:00+01:00
0.001000, 0.02, 1.04, 2025-07-16T22:30:00+01:00, 2025-07-16T23:00:00+01:00
0.002000, 0.04, 1.04, 2025-07-16T23:00:00+01:00, 2025-07-16T23:30:00+01:00
0.002000, 0.04, 1.04, 2025-07-16T23:30:00+01:00, 2025-07-17T00:00:00+01:00
0.002000, 0.04, 1.04, 2025-07-17T00:00:00+01:00, 2025-07-17T00:30:00+01:00
0.001000, 0.02, 1.04, 2025-07-17T00:30:00+01:00, 2025-07-17T01:00:00+01:00
0.004000, 0.07, 1.04, 2025-07-17T01:00:00+01:00, 2025-07-17T01:30:00+01:00
0.001000, 0.02, 1.04, 2025-07-17T01:30:00+01:00, 2025-07-17T02:00:00+01:00
0.010000, 0.18, 1.04, 2025-07-17T02:00:00+01:00, 2025-07-17T02:30:00+01:00
0.003000, 0.05, 1.04, 2025-07-17T02:30:00+01:00, 2025-07-17T03:00:00+01:00
0.002000, 0.03, 1.04, 2025-07-17T03:00:00+01:00, 2025-07-17T03:30:00+01:00
0.002000, 0.03, 1.04, 2025-07-17T03:30:00+01:00, 2025-07-17T04:00:00+01:00
0.002000, 0.03, 1.04, 2025-07-17T04:00:00+01:00, 2025-07-17T04:30:00+01:00
0.001000, 0.02, 1.04, 2025-07-17T04:30:00+01:00, 2025-07-17T05:00:00+01:00
0.003000, 0.05, 1.04, 2025-07-17T05:00:00+01:00, 2025-07-17T05:30:00+01:00
0.005000, 0.09, 1.04, 2025-07-17T05:30:00+01:00, 2025-07-17T06:00:00+01:00
0.001000, 0.02, 1.04, 2025-07-17T06:00:00+01:00, 2025-07-17T06:30:00+01:00
0.002000, 0.04, 1.04, 2025-07-17T06:30:00+01:00, 2025-07-17T07:00:00+01:00
0.002000, 0.04, 1.04, 2025-07-17T07:00:00+01:00, 2025-07-17T07:30:00+01:00
0.045000, 1.03, 1.04, 2025-07-17T07:30:00+01:00, 2025-07-17T08:00:00+01:00
0.236000, 5.02, 1.04, 2025-07-17T08:00:00+01:00, 2025-07-17T08:30:00+01:00
0.064000, 1.33, 1.04, 2025-07-17T08:30:00+01:00, 2025-07-17T09:00:00+01:00
0.002000, 0.04, 1.04, 2025-07-17T09:00:00+01:00, 2025-07-17T09:30:00+01:00
0.002000, 0.04, 1.04, 2025-07-17T09:30:00+01:00, 2025-07-17T10:00:00+01:00
0.002000, 0.04, 1.04, 2025-07-17T10:00:00+01:00, 2025-07-17T10:30:00+01:00
0.003000, 0.06, 1.04, 2025-07-17T10:30:00+01:00, 2025-07-17T11:00:00+01:00
0.001000, 0.02, 1.04, 2025-07-17T11:00:00+01:00, 2025-07-17T11:30:00+01:00
0.002000, 0.04, 1.04, 2025-07-17T11:30:00+01:00, 2025-07-17T12:00:00+01:00
1.109000, 20.79, 1.04, 2025-07-17T12:00:00+01:00, 2025-07-17T12:30:00+01:00
1.145000, 19.91, 1.04, 2025-07-17T12:30:00+01:00, 2025-07-17T13:00:00+01:00
1.143000, 19.27, 1.04, 2025-07-17T13:00:00+01:00, 2025-07-17T13:30:00+01:00
1.072000, 17.02, 1.04, 2025-07-17T13:30:00+01:00, 2025-07-17T14:00:00+01:00
1.139000, 17.08, 1.04, 2025-07-17T14:00:00+01:00, 2025-07-17T14:30:00+01:00
1.137000, 17.05, 1.04, 2025-07-17T14:30:00+01:00, 2025-07-17T15:00:00+01:00
1.135000, 17.05, 1.04, 2025-07-17T15:00:00+01:00, 2025-07-17T15:30:00+01:00
1.181000, 17.99, 1.04, 2025-07-17T15:30:00+01:00, 2025-07-17T16:00:00+01:00
0.050000, 1.51, 1.04, 2025-07-17T16:00:00+01:00, 2025-07-17T16:30:00+01:00
0.002000, 0.06, 1.04, 2025-07-17T16:30:00+01:00, 2025-07-17T17:00:00+01:00
0.003000, 0.09, 1.04, 2025-07-17T17:00:00+01:00, 2025-07-17T17:30:00+01:00
0.002000, 0.06, 1.04, 2025-07-17T17:30:00+01:00, 2025-07-17T18:00:00+01:00
0.071000, 2.4, 1.04, 2025-07-17T18:00:00+01:00, 2025-07-17T18:30:00+01:00
0.002000, 0.07, 1.04, 2025-07-17T18:30:00+01:00, 2025-07-17T19:00:00+01:00
0.007000, 0.16, 1.04, 2025-07-17T19:00:00+01:00, 2025-07-17T19:30:00+01:00
0.002000, 0.05, 1.04, 2025-07-17T19:30:00+01:00, 2025-07-17T20:00:00+01:00
0.002000, 0.05, 1.04, 2025-07-17T20:00:00+01:00, 2025-07-17T20:30:00+01:00
0.002000, 0.05, 1.04, 2025-07-17T20:30:00+01:00, 2025-07-17T21:00:00+01:00
0.002000, 0.05, 1.04, 2025-07-17T21:00:00+01:00, 2025-07-17T21:30:00+01:00
0.004000, 0.09, 1.04, 2025-07-17T21:30:00+01:00, 2025-07-17T22:00:00+01:00
0.002000, 0.05, 1.04, 2025-07-17T22:00:00+01:00, 2025-07-17T22:30:00+01:00
0.001000, 0.02, 1.04, 2025-07-17T22:30:00+01:00, 2025-07-17T23:00:00+01:00
0.002000, 0.04, 1.04, 2025-07-17T23:00:00+01:00, 2025-07-17T23:30:00+01:00
0.002000, 0.04, 1.04, 2025-07-17T23:30:00+01:00, 2025-07-18T00:00:00+01:00
0.003000, 0.06, 1.04, 2025-07-18T00:00:00+01:00, 2025-07-18T00:30:00+01:00
0.001000, 0.02, 1.04, 2025-07-18T00:30:00+01:00, 2025-07-18T01:00:00+01:00
0.011000, 0.2, 1.04, 2025-07-18T01:00:00+01:00, 2025-07-18T01:30:00+01:00
0.002000, 0.04, 1.04, 2025-07-18T01:30:00+01:00, 2025-07-18T02:00:00+01:00
0.002000, 0.03, 1.04, 2025-07-18T02:00:00+01:00, 2025-07-18T02:30:00+01:00
0.001000, 0.02, 1.04, 2025-07-18T02:30:00+01:00, 2025-07-18T03:00:00+01:00
0.002000, 0.03, 1.04, 2025-07-18T03:00:00+01:00, 2025-07-18T03:30:00+01:00
0.002000, 0.03, 1.04, 2025-07-18T03:30:00+01:00, 2025-07-18T04:00:00+01:00
0.001000, 0.02, 1.04, 2025-07-18T04:00:00+01:00, 2025-07-18T04:30:00+01:00
0.002000, 0.03, 1.04, 2025-07-18T04:30:00+01:00, 2025-07-18T05:00:00+01:00
0.002000, 0.03, 1.04, 2025-07-18T05:00:00+01:00, 2025-07-18T05:30:00+01:00
0.002000, 0.04, 1.04, 2025-07-18T05:30:00+01:00, 2025-07-18T06:00:00+01:00
0.005000, 0.1, 1.04, 2025-07-18T06:00:00+01:00, 2025-07-18T06:30:00+01:00
0.002000, 0.05, 1.04, 2025-07-18T06:30:00+01:00, 2025-07-18T07:00:00+01:00
0.001000, 0.02, 1.04, 2025-07-18T07:00:00+01:00, 2025-07-18T07:30:00+01:00
0.003000, 0.07, 1.04, 2025-07-18T07:30:00+01:00, 2025-07-18T08:00:00+01:00
0.006000, 0.12, 1.04, 2025-07-18T08:00:00+01:00, 2025-07-18T08:30:00+01:00
0.008000, 0.15, 1.04, 2025-07-18T08:30:00+01:00, 2025-07-18T09:00:00+01:00
0.007000, 0.13, 1.04, 2025-07-18T09:00:00+01:00, 2025-07-18T09:30:00+01:00
0.002000, 0.04, 1.04, 2025-07-18T09:30:00+01:00, 2025-07-18T10:00:00+01:00
0.001000, 0.02, 1.04, 2025-07-18T10:00:00+01:00, 2025-07-18T10:30:00+01:00
0.002000, 0.04, 1.04, 2025-07-18T10:30:00+01:00, 2025-07-18T11:00:00+01:00
0.008000, 0.14, 1.04, 2025-07-18T11:00:00+01:00, 2025-07-18T11:30:00+01:00
0.005000, 0.08, 1.04, 2025-07-18T11:30:00+01:00, 2025-07-18T12:00:00+01:00
0.940000, 15.75, 1.04, 2025-07-18T12:00:00+01:00, 2025-07-18T12:30:00+01:00
1.003000, 16.59, 1.04, 2025-07-18T12:30:00+01:00, 2025-07-18T13:00:00+01:00
0.805000, 13.31, 1.04, 2025-07-18T13:00:00+01:00, 2025-07-18T13:30:00+01:00
0.717000, 11.86, 1.04, 2025-07-18T13:30:00+01:00, 2025-07-18T14:00:00+01:00
0.648000, 10.43, 1.04, 2025-07-18T14:00:00+01:00, 2025-07-18T14:30:00+01:00
0.689000, 10.48, 1.04, 2025-07-18T14:30:00+01:00, 2025-07-18T15:00:00+01:00
0.014000, 0.24, 1.04, 2025-07-18T15:00:00+01:00, 2025-07-18T15:30:00+01:00
0.074000, 1.22, 1.04, 2025-07-18T15:30:00+01:00, 2025-07-18T16:00:00+01:00
0.002000, 0.06, 1.04, 2025-07-18T16:00:00+01:00, 2025-07-18T16:30:00+01:00
0.003000, 0.09, 1.04, 2025-07-18T16:30:00+01:00, 2025-07-18T17:00:00+01:00
0.002000, 0.06, 1.04, 2025-07-18T17:00:00+01:00, 2025-07-18T17:30:00+01:00
0.005000, 0.15, 1.04, 2025-07-18T17:30:00+01:00, 2025-07-18T18:00:00+01:00
0.003000, 0.1, 1.04, 2025-07-18T18:00:00+01:00, 2025-07-18T18:30:00+01:00
0.070000, 2.5, 1.04, 2025-07-18T18:30:00+01:00, 2025-07-18T19:00:00+01:00
0.025000, 0.63, 1.04, 2025-07-18T19:00:00+01:00, 2025-07-18T19:30:00+01:00
0.002000, 0.05, 1.04, 2025-07-18T19:30:00+01:00, 2025-07-18T20:00:00+01:00
0.001000, 0.03, 1.04, 2025-07-18T20:00:00+01:00, 2025-07-18T20:30:00+01:00
0.004000, 0.1, 1.04, 2025-07-18T20:30:00+01:00, 2025-07-18T21:00:00+01:00
0.002000, 0.05, 1.04, 2025-07-18T21:00:00+01:00, 2025-07-18T21:30:00+01:00
0.003000, 0.07, 1.04, 2025-07-18T21:30:00+01:00, 2025-07-18T22:00:00+01:00
0.008000, 0.17, 1.04, 2025-07-18T22:00:00+01:00, 2025-07-18T22:30:00+01:00
0.014000, 0.3, 1.04, 2025-07-18T22:30:00+01:00, 2025-07-18T23:00:00+01:00
0.003000, 0.07, 1.04, 2025-07-18T23:00:00+01:00, 2025-07-18T23:30:00+01:00
0.002000, 0.04, 1.04, 2025-07-18T23:30:00+01:00, 2025-07-19T00:00:00+01:00
0.001000, 0.02, 1.04, 2025-07-19T00:00:00+01:00, 2025-07-19T00:30:00+01:00
0.002000, 0.04, 1.04, 2025-07-19T00:30:00+01:00, 2025-07-19T01:00:00+01:00
0.002000, 0.04, 1.04, 2025-07-19T01:00:00+01:00, 2025-07-19T01:30:00+01:00
0.002000, 0.04, 1.04, 2025-07-19T01:30:00+01:00, 2025-07-19T02:00:00+01:00
0.001000, 0.02, 1.04, 2025-07-19T02:00:00+01:00, 2025-07-19T02:30:00+01:00
0.002000, 0.03, 1.04, 2025-07-19T02:30:00+01:00, 2025-07-19T03:00:00+01:00
0.002000, 0.03, 1.04, 2025-07-19T03:00:00+01:00, 2025-07-19T03:30:00+01:00
0.001000, 0.02, 1.04, 2025-07-19T03:30:00+01:00, 2025-07-19T04:00:00+01:00
0.002000, 0.03, 1.04, 2025-07-19T04:00:00+01:00, 2025-07-19T04:30:00+01:00
0.002000, 0.03, 1.04, 2025-07-19T04:30:00+01:00, 2025-07-19T05:00:00+01:00
0.001000, 0.02, 1.04, 2025-07-19T05:00:00+01:00, 2025-07-19T05:30:00+01:00
0.002000, 0.03, 1.04, 2025-07-19T05:30:00+01:00, 2025-07-19T06:00:00+01:00
0.002000, 0.03, 1.04, 2025-07-19T06:00:00+01:00, 2025-07-19T06:30:00+01:00
0.004000, 0.07, 1.04, 2025-07-19T06:30:00+01:00, 2025-07-19T07:00:00+01:00
0.002000, 0.03, 1.04, 2025-07-19T07:00:00+01:00, 2025-07-19T07:30:00+01:00
0.002000, 0.03, 1.04, 2025-07-19T07:30:00+01:00, 2025-07-19T08:00:00+01:00
0.002000, 0.03, 1.04, 2025-07-19T08:00:00+01:00, 2025-07-19T08:30:00+01:00
0.003000, 0.06, 1.04, 2025-07-19T08:30:00+01:00, 2025-07-19T09:00:00+01:00
0.002000, 0.04, 1.04, 2025-07-19T09:00:00+01:00, 2025-07-19T09:30:00+01:00
0.002000, 0.04, 1.04, 2025-07-19T09:30:00+01:00, 2025-07-19T10:00:00+01:00
0.002000, 0.04, 1.04, 2025-07-19T10:00:00+01:00, 2025-07-19T10:30:00+01:00
0.001000, 0.02, 1.04, 2025-07-19T10:30:00+01:00, 2025-07-19T11:00:00+01:00
0.002000, 0.04, 1.04, 2025-07-19T11:00:00+01:00, 2025-07-19T11:30:00+01:00
0.002000, 0.04, 1.04, 2025-07-19T11:30:00+01:00, 2025-07-19T12:00:00+01:00
1.006000, 18.79, 1.04, 2025-07-19T12:00:00+01:00, 2025-07-19T12:30:00+01:00
1.356000, 23.32, 1.04, 2025-07-19T12:30:00+01:00, 2025-07-19T13:00:00+01:00
1.025000, 16.27, 1.04, 2025-07-19T13:00:00+01:00, 2025-07-19T13:30:00+01:00
0.982000, 14.29, 1.04, 2025-07-19T13:30:00+01:00, 2025-07-19T14:00:00+01:00
0.817000, 11.57, 1.04, 2025-07-19T14:00:00+01:00, 2025-07-19T14:30:00+01:00
0.973000, 13.09, 1.04, 2025-07-19T14:30:00+01:00, 2025-07-19T15:00:00+01:00
0.984000, 13.42, 1.04, 2025-07-19T15:00:00+01:00, 2025-07-19T15:30:00+01:00
0.585000, 7.95, 1.04, 2025-07-19T15:30:00+01:00, 2025-07-19T16:00:00+01:00
0.001000, 0.03, 1.04, 2025-07-19T16:00:00+01:00, 2025-07-19T16:30:00+01:00
0.002000, 0.06, 1.04, 2025-07-19T16:30:00+01:00, 2025-07-19T17:00:00+01:00
0.001000, 0.03, 1.04, 2025-07-19T17:00:00+01:00, 2025-07-19T17:30:00+01:00
0.002000, 0.07, 1.04, 2025-07-19T17:30:00+01:00, 2025-07-19T18:00:00+01:00
0.003000, 0.1, 1.04, 2025-07-19T18:00:00+01:00, 2025-07-19T18:30:00+01:00
0.013000, 0.42, 1.04, 2025-07-19T18:30:00+01:00, 2025-07-19T19:00:00+01:00
0.008000, 0.17, 1.04, 2025-07-19T19:00:00+01:00, 2025-07-19T19:30:00+01:00
0.003000, 0.06, 1.04, 2025-07-19T19:30:00+01:00, 2025-07-19T20:00:00+01:00
0.003000, 0.07, 1.04, 2025-07-19T20:00:00+01:00, 2025-07-19T20:30:00+01:00
0.164000, 3.44, 1.04, 2025-07-19T20:30:00+01:00, 2025-07-19T21:00:00+01:00
0.003000, 0.06, 1.04, 2025-07-19T21:00:00+01:00, 2025-07-19T21:30:00+01:00
0.003000, 0.06, 1.04, 2025-07-19T21:30:00+01:00, 2025-07-19T22:00:00+01:00
0.003000, 0.06, 1.04, 2025-07-19T22:00:00+01:00, 2025-07-19T22:30:00+01:00
0.002000, 0.04, 1.04, 2025-07-19T22:30:00+01:00, 2025-07-19T23:00:00+01:00
0.002000, 0.04, 1.04, 2025-07-19T23:00:00+01:00, 2025-07-19T23:30:00+01:00
0.002000, 0.04, 1.04, 2025-07-19T23:30:00+01:00, 2025-07-20T00:00:00+01:00
0.002000, 0.04, 1.04, 2025-07-20T00:00:00+01:00, 2025-07-20T00:30:00+01:00
0.002000, 0.03, 1.04, 2025-07-20T00:30:00+01:00, 2025-07-20T01:00:00+01:00
0.002000, 0.03, 1.04, 2025-07-20T01:00:00+01:00, 2025-07-20T01:30:00+01:00
0.001000, 0.02, 1.04, 2025-07-20T01:30:00+01:00, 2025-07-20T02:00:00+01:00
0.003000, 0.05, 1.04, 2025-07-20T02:00:00+01:00, 2025-07-20T02:30:00+01:00
0.001000, 0.02, 1.04, 2025-07-20T02:30:00+01:00, 2025-07-20T03:00:00+01:00
0.002000, 0.04, 1.04, 2025-07-20T03:00:00+01:00, 2025-07-20T03:30:00+01:00
0.002000, 0.04, 1.04, 2025-07-20T03:30:00+01:00, 2025-07-20T04:00:00+01:00
0.002000, 0.04, 1.04, 2025-07-20T04:00:00+01:00, 2025-07-20T04:30:00+01:00
0.001000, 0.02, 1.04, 2025-07-20T04:30:00+01:00, 2025-07-20T05:00:00+01:00
0.002000, 0.04, 1.04, 2025-07-20T05:00:00+01:00, 2025-07-20T05:30:00+01:00
0.004000, 0.07, 1.04, 2025-07-20T05:30:00+01:00, 2025-07-20T06:00:00+01:00
0.002000, 0.04, 1.04, 2025-07-20T06:00:00+01:00, 2025-07-20T06:30:00+01:00
0.001000, 0.02, 1.04, 2025-07-20T06:30:00+01:00, 2025-07-20T07:00:00+01:00
0.002000, 0.03, 1.04, 2025-07-20T07:00:00+01:00, 2025-07-20T07:30:00+01:00
0.002000, 0.04, 1.04, 2025-07-20T07:30:00+01:00, 2025-07-20T08:00:00+01:00
0.002000, 0.03, 1.04, 2025-07-20T08:00:00+01:00, 2025-07-20T08:30:00+01:00
0.002000, 0.03, 1.04, 2025-07-20T08:30:00+01:00, 2025-07-20T09:00:00+01:00
0.004000, 0.07, 1.04, 2025-07-20T09:00:00+01:00, 2025-07-20T09:30:00+01:00
0.123000, 2.25, 1.04, 2025-07-20T09:30:00+01:00, 2025-07-20T10:00:00+01:00
0.003000, 0.05, 1.04, 2025-07-20T10:00:00+01:00, 2025-07-20T10:30:00+01:00
0.003000, 0.06, 1.04, 2025-07-20T10:30:00+01:00, 2025-07-20T11:00:00+01:00
0.002000, 0.03, 1.04, 2025-07-20T11:00:00+01:00, 2025-07-20T11:30:00+01:00
0.002000, 0.03, 1.04, 2025-07-20T11:30:00+01:00, 2025-07-20T12:00:00+01:00
1.135000, 16.97, 1.04, 2025-07-20T12:00:00+01:00, 2025-07-20T12:30:00+01:00
1.069000, 15.65, 1.04, 2025-07-20T12:30:00+01:00, 2025-07-20T13:00:00+01:00
1.012000, 14.05, 1.04, 2025-07-20T13:00:00+01:00, 2025-07-20T13:30:00+01:00
1.096000, 13.73, 1.04, 2025-07-20T13:30:00+01:00, 2025-07-20T14:00:00+01:00
1.124000, 13.88, 1.04, 2025-07-20T14:00:00+01:00, 2025-07-20T14:30:00+01:00
1.160000, 14.74, 1.04, 2025-07-20T14:30:00+01:00, 2025-07-20T15:00:00+01:00
1.103000, 15.29, 1.04, 2025-07-20T15:00:00+01:00, 2025-07-20T15:30:00+01:00
1.061000, 15.25, 1.04, 2025-07-20T15:30:00+01:00, 2025-07-20T16:00:00+01:00
0.039000, 1.21, 1.04, 2025-07-20T16:00:00+01:00, 2025-07-20T16:30:00+01:00
0.002000, 0.06, 1.04, 2025-07-20T16:30:00+01:00, 2025-07-20T17:00:00+01:00
0.002000, 0.07, 1.04, 2025-07-20T17:00:00+01:00, 2025-07-20T17:30:00+01:00
0.003000, 0.09, 1.04, 2025-07-20T17:30:00+01:00, 2025-07-20T18:00:00+01:00
0.002000, 0.07, 1.04, 2025-07-20T18:00:00+01:00, 2025-07-20T18:30:00+01:00
0.002000, 0.07, 1.04, 2025-07-20T18:30:00+01:00, 2025-07-20T19:00:00+01:00
0.001000, 0.02, 1.04, 2025-07-20T19:00:00+01:00, 2025-07-20T19:30:00+01:00
0.002000, 0.05, 1.04, 2025-07-20T19:30:00+01:00, 2025-07-20T20:00:00+01:00
0.003000, 0.06, 1.04, 2025-07-20T20:00:00+01:00, 2025-07-20T20:30:00+01:00
0.003000, 0.07, 1.04, 2025-07-20T20:30:00+01:00, 2025-07-20T21:00:00+01:00
0.002000, 0.04, 1.04, 2025-07-20T21:00:00+01:00, 2025-07-20T21:30:00+01:00
0.002000, 0.04, 1.04, 2025-07-20T21:30:00+01:00, 2025-07-20T22:00:00+01:00
0.002000, 0.04, 1.04, 2025-07-20T22:00:00+01:00, 2025-07-20T22:30:00+01:00
0.002000, 0.04, 1.04, 2025-07-20T22:30:00+01:00, 2025-07-20T23:00:00+01:00
0.003000, 0.05, 1.04, 2025-07-20T23:00:00+01:00, 2025-07-20T23:30:00+01:00
0.001000, 0.02, 1.04, 2025-07-20T23:30:00+01:00, 2025-07-21T00:00:00+01:00
0.001000, 0.02, 1.04, 2025-07-21T00:00:00+01:00, 2025-07-21T00:30:00+01:00
0.002000, 0.03, 1.04, 2025-07-21T00:30:00+01:00, 2025-07-21T01:00:00+01:00
0.002000, 0.03, 1.04, 2025-07-21T01:00:00+01:00, 2025-07-21T01:30:00+01:00
0.002000, 0.03, 1.04, 2025-07-21T01:30:00+01:00, 2025-07-21T02:00:00+01:00
0.002000, 0.03, 1.04, 2025-07-21T02:00:00+01:00, 2025-07-21T02:30:00+01:00
0.002000, 0.03, 1.04, 2025-07-21T02:30:00+01:00, 2025-07-21T03:00:00+01:00
0.002000, 0.03, 1.04, 2025-07-21T03:00:00+01:00, 2025-07-21T03:30:00+01:00
0.002000, 0.03, 1.04, 2025-07-21T03:30:00+01:00, 2025-07-21T04:00:00+01:00
0.002000, 0.03, 1.04, 2025-07-21T04:00:00+01:00, 2025-07-21T04:30:00+01:00
0.002000, 0.03, 1.04, 2025-07-21T04:30:00+01:00, 2025-07-21T05:00:00+01:00
0.002000, 0.03, 1.04, 2025-07-21T05:00:00+01:00, 2025-07-21T05:30:00+01:00
0.002000, 0.03, 1.04, 2025-07-21T05:30:00+01:00, 2025-07-21T06:00:00+01:00
0.006000, 0.11, 1.04, 2025-07-21T06:00:00+01:00, 2025-07-21T06:30:00+01:00
0.002000, 0.04, 1.04, 2025-07-21T06:30:00+01:00, 2025-07-21T07:00:00+01:00
0.001000, 0.02, 1.04, 2025-07-21T07:00:00+01:00, 2025-07-21T07:30:00+01:00
0.003000, 0.06, 1.04, 2025-07-21T07:30:00+01:00, 2025-07-21T08:00:00+01:00
0.003000, 0.06, 1.04, 2025-07-21T08:00:00+01:00, 2025-07-21T08:30:00+01:00
0.002000, 0.04, 1.04, 2025-07-21T08:30:00+01:00, 2025-07-21T09:00:00+01:00
0.004000, 0.08, 1.04, 2025-07-21T09:00:00+01:00, 2025-07-21T09:30:00+01:00
0.006000, 0.12, 1.04, 2025-07-21T09:30:00+01:00, 2025-07-21T10:00:00+01:00
0.005000, 0.1, 1.04, 2025-07-21T10:00:00+01:00, 2025-07-21T10:30:00+01:00
0.005000, 0.09, 1.04, 2025-07-21T10:30:00+01:00, 2025-07-21T11:00:00+01:00
0.003000, 0.05, 1.04, 2025-07-21T11:00:00+01:00, 2025-07-21T11:30:00+01:00
0.005000, 0.08, 1.04, 2025-07-21T11:30:00+01:00, 2025-07-21T12:00:00+01:00
0.416000, 6.86, 1.04, 2025-07-21T12:00:00+01:00, 2025-07-21T12:30:00+01:00
0.693000, 11.18, 1.04, 2025-07-21T12:30:00+01:00, 2025-07-21T13:00:00+01:00
0.364000, 6.55, 1.04, 2025-07-21T13:00:00+01:00, 2025-07-21T13:30:00+01:00
0.272000, 4.72, 1.04, 2025-07-21T13:30:00+01:00, 2025-07-21T14:00:00+01:00
0.495000, 8.73, 1.04, 2025-07-21T14:00:00+01:00, 2025-07-21T14:30:00+01:00
0.039000, 0.69, 1.04, 2025-07-21T14:30:00+01:00, 2025-07-21T15:00:00+01:00
0.000000, 0, 1.04, 2025-07-21T15:00:00+01:00, 2025-07-21T15:30:00+01:00
0.006000, 0.11, 1.04, 2025-07-21T15:30:00+01:00, 2025-07-21T16:00:00+01:00
0.001000, 0.03, 1.04, 2025-07-21T16:00:00+01:00, 2025-07-21T16:30:00+01:00
0.000000, 0, 1.04, 2025-07-21T16:30:00+01:00, 2025-07-21T17:00:00+01:00
0.002000, 0.06, 1.04, 2025-07-21T17:00:00+01:00, 2025-07-21T17:30:00+01:00
0.004000, 0.13, 1.04, 2025-07-21T17:30:00+01:00, 2025-07-21T18:00:00+01:00
0.002000, 0.07, 1.04, 2025-07-21T18:00:00+01:00, 2025-07-21T18:30:00+01:00
0.002000, 0.07, 1.04, 2025-07-21T18:30:00+01:00, 2025-07-21T19:00:00+01:00
0.002000, 0.05, 1.04, 2025-07-21T19:00:00+01:00, 2025-07-21T19:30:00+01:00
0.002000, 0.05, 1.04, 2025-07-21T19:30:00+01:00, 2025-07-21T20:00:00+01:00
0.001000, 0.02, 1.04, 2025-07-21T20:00:00+01:00, 2025-07-21T20:30:00+01:00
0.002000, 0.05, 1.04, 2025-07-21T20:30:00+01:00, 2025-07-21T21:00:00+01:00
0.003000, 0.06, 1.04, 2025-07-21T21:00:00+01:00, 2025-07-21T21:30:00+01:00
0.003000, 0.06, 1.04, 2025-07-21T21:30:00+01:00, 2025-07-21T22:00:00+01:00
0.003000, 0.06, 1.04, 2025-07-21T22:00:00+01:00, 2025-07-21T22:30:00+01:00
0.003000, 0.05, 1.04, 2025-07-21T22:30:00+01:00, 2025-07-21T23:00:00+01:00
0.004000, 0.07, 1.04, 2025-07-21T23:00:00+01:00, 2025-07-21T23:30:00+01:00
0.002000, 0.04, 1.04, 2025-07-21T23:30:00+01:00, 2025-07-22T00:00:00+01:00
0.002000, 0.04, 1.04, 2025-07-22T00:00:00+01:00, 2025-07-22T00:30:00+01:00
0.001000, 0.02, 1.04, 2025-07-22T00:30:00+01:00, 2025-07-22T01:00:00+01:00
0.001000, 0.02, 1.04, 2025-07-22T01:00:00+01:00, 2025-07-22T01:30:00+01:00
0.002000, 0.03, 1.04, 2025-07-22T01:30:00+01:00, 2025-07-22T02:00:00+01:00
0.002000, 0.03, 1.04, 2025-07-22T02:00:00+01:00, 2025-07-22T02:30:00+01:00
0.001000, 0.02, 1.04, 2025-07-22T02:30:00+01:00, 2025-07-22T03:00:00+01:00
0.001000, 0.02, 1.04, 2025-07-22T03:00:00+01:00, 2025-07-22T03:30:00+01:00
0.002000, 0.03, 1.04, 2025-07-22T03:30:00+01:00, 2025-07-22T04:00:00+01:00
0.001000, 0.02, 1.04, 2025-07-22T04:00:00+01:00, 2025-07-22T04:30:00+01:00
0.001000, 0.02, 1.04, 2025-07-22T04:30:00+01:00, 2025-07-22T05:00:00+01:00
0.002000, 0.03, 1.04, 2025-07-22T05:00:00+01:00, 2025-07-22T05:30:00+01:00
0.002000, 0.04, 1.04, 2025-07-22T05:30:00+01:00, 2025-07-22T06:00:00+01:00
0.002000, 0.04, 1.04, 2025-07-22T06:00:00+01:00, 2025-07-22T06:30:00+01:00
0.005000, 0.1, 1.04, 2025-07-22T06:30:00+01:00, 2025-07-22T07:00:00+01:00
0.002000, 0.04, 1.04, 2025-07-22T07:00:00+01:00, 2025-07-22T07:30:00+01:00
0.002000, 0.04, 1.04, 2025-07-22T07:30:00+01:00, 2025-07-22T08:00:00+01:00
0.003000, 0.06, 1.04, 2025-07-22T08:00:00+01:00, 2025-07-22T08:30:00+01:00
0.013000, 0.24, 1.04, 2025-07-22T08:30:00+01:00, 2025-07-22T09:00:00+01:00
0.002000, 0.04, 1.04, 2025-07-22T09:00:00+01:00, 2025-07-22T09:30:00+01:00
0.024000, 0.44, 1.04, 2025-07-22T09:30:00+01:00, 2025-07-22T10:00:00+01:00
0.004000, 0.08, 1.04, 2025-07-22T10:00:00+01:00, 2025-07-22T10:30:00+01:00
0.002000, 0.04, 1.04, 2025-07-22T10:30:00+01:00, 2025-07-22T11:00:00+01:00
0.012000, 0.23, 1.04, 2025-07-22T11:00:00+01:00, 2025-07-22T11:30:00+01:00
0.004000, 0.07, 1.04, 2025-07-22T11:30:00+01:00, 2025-07-22T12:00:00+01:00
1.112000, 20.11, 1.04, 2025-07-22T12:00:00+01:00, 2025-07-22T12:30:00+01:00
0.980000, 15.92, 1.04, 2025-07-22T12:30:00+01:00, 2025-07-22T13:00:00+01:00
0.809000, 13.2, 1.04, 2025-07-22T13:00:00+01:00, 2025-07-22T13:30:00+01:00
0.679000, 10.93, 1.04, 2025-07-22T13:30:00+01:00, 2025-07-22T14:00:00+01:00
0.863000, 13.54, 1.04, 2025-07-22T14:00:00+01:00, 2025-07-22T14:30:00+01:00
1.094000, 17.13, 1.04, 2025-07-22T14:30:00+01:00, 2025-07-22T15:00:00+01:00
1.055000, 16.43, 1.04, 2025-07-22T15:00:00+01:00, 2025-07-22T15:30:00+01:00
1.165000, 17.98, 1.04, 2025-07-22T15:30:00+01:00, 2025-07-22T16:00:00+01:00
0.047000, 1.33, 1.04, 2025-07-22T16:00:00+01:00, 2025-07-22T16:30:00+01:00
0.010000, 0.29, 1.04, 2025-07-22T16:30:00+01:00, 2025-07-22T17:00:00+01:00
0.014000, 0.42, 1.04, 2025-07-22T17:00:00+01:00, 2025-07-22T17:30:00+01:00
0.015000, 0.44, 1.04, 2025-07-22T17:30:00+01:00, 2025-07-22T18:00:00+01:00
0.034000, 1.1, 1.04, 2025-07-22T18:00:00+01:00, 2025-07-22T18:30:00+01:00
0.004000, 0.13, 1.04, 2025-07-22T18:30:00+01:00, 2025-07-22T19:00:00+01:00
0.002000, 0.04, 1.04, 2025-07-22T19:00:00+01:00, 2025-07-22T19:30:00+01:00
0.001000, 0.02, 1.04, 2025-07-22T19:30:00+01:00, 2025-07-22T20:00:00+01:00
0.007000, 0.16, 1.04, 2025-07-22T20:00:00+01:00, 2025-07-22T20:30:00+01:00
0.002000, 0.04, 1.04, 2025-07-22T20:30:00+01:00, 2025-07-22T21:00:00+01:00
0.002000, 0.04, 1.04, 2025-07-22T21:00:00+01:00, 2025-07-22T21:30:00+01:00
0.003000, 0.06, 1.04, 2025-07-22T21:30:00+01:00, 2025-07-22T22:00:00+01:00
0.003000, 0.06, 1.04, 2025-07-22T22:00:00+01:00, 2025-07-22T22:30:00+01:00
0.004000, 0.07, 1.04, 2025-07-22T22:30:00+01:00, 2025-07-22T23:00:00+01:00
0.001000, 0.02, 1.04, 2025-07-22T23:00:00+01:00, 2025-07-22T23:30:00+01:00
0.000000, 0, 1.04, 2025-07-22T23:30:00+01:00, 2025-07-23T00:00:00+01:00
0.002000, 0.03, 1.04, 2025-07-23T00:00:00+01:00, 2025-07-23T00:30:00+01:00
0.001000, 0.02, 1.04, 2025-07-23T00:30:00+01:00, 2025-07-23T01:00:00+01:00
0.002000, 0.03, 1.04, 2025-07-23T01:00:00+01:00, 2025-07-23T01:30:00+01:00
0.000000, 0, 1.04, 2025-07-23T01:30:00+01:00, 2025-07-23T02:00:00+01:00
0.002000, 0.03, 1.04, 2025-07-23T02:00:00+01:00, 2025-07-23T02:30:00+01:00
0.002000, 0.03, 1.04, 2025-07-23T02:30:00+01:00, 2025-07-23T03:00:00+01:00
0.001000, 0.02, 1.04, 2025-07-23T03:00:00+01:00, 2025-07-23T03:30:00+01:00
0.001000, 0.02, 1.04, 2025-07-23T03:30:00+01:00, 2025-07-23T04:00:00+01:00
0.002000, 0.03, 1.04, 2025-07-23T04:00:00+01:00, 2025-07-23T04:30:00+01:00
0.002000, 0.03, 1.04, 2025-07-23T04:30:00+01:00, 2025-07-23T05:00:00+01:00
0.001000, 0.02, 1.04, 2025-07-23T05:00:00+01:00, 2025-07-23T05:30:00+01:00
0.002000, 0.03, 1.04, 2025-07-23T05:30:00+01:00, 2025-07-23T06:00:00+01:00
0.004000, 0.07, 1.04, 2025-07-23T06:00:00+01:00, 2025-07-23T06:30:00+01:00
0.001000, 0.02, 1.04, 2025-07-23T06:30:00+01:00, 2025-07-23T07:00:00+01:00
0.003000, 0.06, 1.04, 2025-07-23T07:00:00+01:00, 2025-07-23T07:30:00+01:00
0.001000, 0.02, 1.04, 2025-07-23T07:30:00+01:00, 2025-07-23T08:00:00+01:00
0.331000, 6.69, 1.04, 2025-07-23T08:00:00+01:00, 2025-07-23T08:30:00+01:00
0.582000, 11.65, 1.04, 2025-07-23T08:30:00+01:00, 2025-07-23T09:00:00+01:00
0.191000, 3.79, 1.04, 2025-07-23T09:00:00+01:00, 2025-07-23T09:30:00+01:00
0.796000, 15.18, 1.04, 2025-07-23T09:30:00+01:00, 2025-07-23T10:00:00+01:00
0.066000, 1.2, 1.04, 2025-07-23T10:00:00+01:00, 2025-07-23T10:30:00+01:00
0.037000, 0.68, 1.04, 2025-07-23T10:30:00+01:00, 2025-07-23T11:00:00+01:00
0.039000, 0.73, 1.04, 2025-07-23T11:00:00+01:00, 2025-07-23T11:30:00+01:00
0.003000, 0.05, 1.04, 2025-07-23T11:30:00+01:00, 2025-07-23T12:00:00+01:00
1.157000, 20.13, 1.04, 2025-07-23T12:00:00+01:00, 2025-07-23T12:30:00+01:00
1.163000, 20, 1.04, 2025-07-23T12:30:00+01:00, 2025-07-23T13:00:00+01:00
1.045000, 17.39, 1.04, 2025-07-23T13:00:00+01:00, 2025-07-23T13:30:00+01:00
1.045000, 16.92, 1.04, 2025-07-23T13:30:00+01:00, 2025-07-23T14:00:00+01:00
0.859000, 14.16, 1.04, 2025-07-23T14:00:00+01:00, 2025-07-23T14:30:00+01:00
0.880000, 14.89, 1.04, 2025-07-23T14:30:00+01:00, 2025-07-23T15:00:00+01:00
1.060000, 17.3, 1.04, 2025-07-23T15:00:00+01:00, 2025-07-23T15:30:00+01:00
1.138000, 18.57, 1.04, 2025-07-23T15:30:00+01:00, 2025-07-23T16:00:00+01:00
0.041000, 1.2, 1.04, 2025-07-23T16:00:00+01:00, 2025-07-23T16:30:00+01:00
0.003000, 0.09, 1.04, 2025-07-23T16:30:00+01:00, 2025-07-23T17:00:00+01:00
0.003000, 0.09, 1.04, 2025-07-23T17:00:00+01:00, 2025-07-23T17:30:00+01:00
0.005000, 0.15, 1.04, 2025-07-23T17:30:00+01:00, 2025-07-23T18:00:00+01:00
0.010000, 0.33, 1.04, 2025-07-23T18:00:00+01:00, 2025-07-23T18:30:00+01:00
0.003000, 0.1, 1.04, 2025-07-23T18:30:00+01:00, 2025-07-23T19:00:00+01:00
0.004000, 0.09, 1.04, 2025-07-23T19:00:00+01:00, 2025-07-23T19:30:00+01:00
0.002000, 0.04, 1.04, 2025-07-23T19:30:00+01:00, 2025-07-23T20:00:00+01:00
0.003000, 0.07, 1.04, 2025-07-23T20:00:00+01:00, 2025-07-23T20:30:00+01:00
0.001000, 0.02, 1.04, 2025-07-23T20:30:00+01:00, 2025-07-23T21:00:00+01:00
0.004000, 0.09, 1.04, 2025-07-23T21:00:00+01:00, 2025-07-23T21:30:00+01:00
0.002000, 0.04, 1.04, 2025-07-23T21:30:00+01:00, 2025-07-23T22:00:00+01:00
0.002000, 0.04, 1.04, 2025-07-23T22:00:00+01:00, 2025-07-23T22:30:00+01:00
0.000000, 0, 1.04, 2025-07-23T22:30:00+01:00, 2025-07-23T23:00:00+01:00
0.002000, 0.04, 1.04, 2025-07-23T23:00:00+01:00, 2025-07-23T23:30:00+01:00
0.001000, 0.02, 1.04, 2025-07-23T23:30:00+01:00, 2025-07-24T00:00:00+01:00
0.002000, 0.04, 1.04, 2025-07-24T00:00:00+01:00, 2025-07-24T00:30:00+01:00
0.001000, 0.02, 1.04, 2025-07-24T00:30:00+01:00, 2025-07-24T01:00:00+01:00
0.002000, 0.03, 1.04, 2025-07-24T01:00:00+01:00, 2025-07-24T01:30:00+01:00
0.001000, 0.02, 1.04, 2025-07-24T01:30:00+01:00, 2025-07-24T02:00:00+01:00
0.002000, 0.03, 1.04, 2025-07-24T02:00:00+01:00, 2025-07-24T02:30:00+01:00
0.000000, 0, 1.04, 2025-07-24T02:30:00+01:00, 2025-07-24T03:00:00+01:00
0.002000, 0.03, 1.04, 2025-07-24T03:00:00+01:00, 2025-07-24T03:30:00+01:00
0.002000, 0.03, 1.04, 2025-07-24T03:30:00+01:00, 2025-07-24T04:00:00+01:00
0.001000, 0.02, 1.04, 2025-07-24T04:00:00+01:00, 2025-07-24T04:30:00+01:00
0.001000, 0.02, 1.04, 2025-07-24T04:30:00+01:00, 2025-07-24T05:00:00+01:00
0.002000, 0.03, 1.04, 2025-07-24T05:00:00+01:00, 2025-07-24T05:30:00+01:00
0.002000, 0.03, 1.04, 2025-07-24T05:30:00+01:00, 2025-07-24T06:00:00+01:00
0.005000, 0.08, 1.04, 2025-07-24T06:00:00+01:00, 2025-07-24T06:30:00+01:00
0.002000, 0.04, 1.04, 2025-07-24T06:30:00+01:00, 2025-07-24T07:00:00+01:00
0.002000, 0.04, 1.04, 2025-07-24T07:00:00+01:00, 2025-07-24T07:30:00+01:00
0.004000, 0.08, 1.04, 2025-07-24T07:30:00+01:00, 2025-07-24T08:00:00+01:00
0.002000, 0.04, 1.04, 2025-07-24T08:00:00+01:00, 2025-07-24T08:30:00+01:00
0.004000, 0.08, 1.04, 2025-07-24T08:30:00+01:00, 2025-07-24T09:00:00+01:00
0.003000, 0.05, 1.04, 2025-07-24T09:00:00+01:00, 2025-07-24T09:30:00+01:00
0.018000, 0.3, 1.04, 2025-07-24T09:30:00+01:00, 2025-07-24T10:00:00+01:00
0.006000, 0.1, 1.04, 2025-07-24T10:00:00+01:00, 2025-07-24T10:30:00+01:00
0.001000, 0.02, 1.04, 2025-07-24T10:30:00+01:00, 2025-07-24T11:00:00+01:00
0.001000, 0.02, 1.04, 2025-07-24T11:00:00+01:00, 2025-07-24T11:30:00+01:00
0.003000, 0.05, 1.04, 2025-07-24T11:30:00+01:00, 2025-07-24T12:00:00+01:00
1.158000, 18.64, 1.04, 2025-07-24T12:00:00+01:00, 2025-07-24T12:30:00+01:00
1.258000, 19.97, 1.04, 2025-07-24T12:30:00+01:00, 2025-07-24T13:00:00+01:00
1.155000, 18.3, 1.04, 2025-07-24T13:00:00+01:00, 2025-07-24T13:30:00+01:00
0.525000, 8.32, 1.04, 2025-07-24T13:30:00+01:00, 2025-07-24T14:00:00+01:00
0.504000, 8.54, 1.04, 2025-07-24T14:00:00+01:00, 2025-07-24T14:30:00+01:00
0.915000, 14.87, 1.04, 2025-07-24T14:30:00+01:00, 2025-07-24T15:00:00+01:00
0.484000, 8.02, 1.04, 2025-07-24T15:00:00+01:00, 2025-07-24T15:30:00+01:00
0.549000, 9.03, 1.04, 2025-07-24T15:30:00+01:00, 2025-07-24T16:00:00+01:00
0.024000, 0.73, 1.04, 2025-07-24T16:00:00+01:00, 2025-07-24T16:30:00+01:00
0.000000, 0, 1.04, 2025-07-24T16:30:00+01:00, 2025-07-24T17:00:00+01:00
0.001000, 0.03, 1.04, 2025-07-24T17:00:00+01:00, 2025-07-24T17:30:00+01:00
0.021000, 0.64, 1.04, 2025-07-24T17:30:00+01:00, 2025-07-24T18:00:00+01:00
0.012000, 0.38, 1.04, 2025-07-24T18:00:00+01:00, 2025-07-24T18:30:00+01:00
0.001000, 0.03, 1.04, 2025-07-24T18:30:00+01:00, 2025-07-24T19:00:00+01:00
0.003000, 0.06, 1.04, 2025-07-24T19:00:00+01:00, 2025-07-24T19:30:00+01:00
0.001000, 0.02, 1.04, 2025-07-24T19:30:00+01:00, 2025-07-24T20:00:00+01:00
0.003000, 0.07, 1.04, 2025-07-24T20:00:00+01:00, 2025-07-24T20:30:00+01:00
0.004000, 0.09, 1.04, 2025-07-24T20:30:00+01:00, 2025-07-24T21:00:00+01:00
0.003000, 0.07, 1.04, 2025-07-24T21:00:00+01:00, 2025-07-24T21:30:00+01:00
0.003000, 0.07, 1.04, 2025-07-24T21:30:00+01:00, 2025-07-24T22:00:00+01:00
0.001000, 0.02, 1.04, 2025-07-24T22:00:00+01:00, 2025-07-24T22:30:00+01:00
0.002000, 0.04, 1.04, 2025-07-24T22:30:00+01:00, 2025-07-24T23:00:00+01:00
0.002000, 0.04, 1.04, 2025-07-24T23:00:00+01:00, 2025-07-24T23:30:00+01:00
0.001000, 0.02, 1.04, 2025-07-24T23:30:00+01:00, 2025-07-25T00:00:00+01:00
0.002000, 0.04, 1.04, 2025-07-25T00:00:00+01:00, 2025-07-25T00:30:00+01:00
0.001000, 0.02, 1.04, 2025-07-25T00:30:00+01:00, 2025-07-25T01:00:00+01:00
0.001000, 0.02, 1.04, 2025-07-25T01:00:00+01:00, 2025-07-25T01:30:00+01:00
0.002000, 0.04, 1.04, 2025-07-25T01:30:00+01:00, 2025-07-25T02:00:00+01:00
0.001000, 0.02, 1.04, 2025-07-25T02:00:00+01:00, 2025-07-25T02:30:00+01:00
0.001000, 0.02, 1.04, 2025-07-25T02:30:00+01:00, 2025-07-25T03:00:00+01:00
0.000000, 0, 1.04, 2025-07-25T03:00:00+01:00, 2025-07-25T03:30:00+01:00
0.001000, 0.02, 1.04, 2025-07-25T03:30:00+01:00, 2025-07-25T04:00:00+01:00
0.000000, 0, 1.04, 2025-07-25T04:00:00+01:00, 2025-07-25T04:30:00+01:00
0.002000, 0.03, 1.04, 2025-07-25T04:30:00+01:00, 2025-07-25T05:00:00+01:00
0.000000, 0, 1.04, 2025-07-25T05:00:00+01:00, 2025-07-25T05:30:00+01:00
0.002000, 0.03, 1.04, 2025-07-25T05:30:00+01:00, 2025-07-25T06:00:00+01:00
0.004000, 0.07, 1.04, 2025-07-25T06:00:00+01:00, 2025-07-25T06:30:00+01:00
0.001000, 0.02, 1.04, 2025-07-25T06:30:00+01:00, 2025-07-25T07:00:00+01:00
0.002000, 0.04, 1.04, 2025-07-25T07:00:00+01:00, 2025-07-25T07:30:00+01:00
0.001000, 0.02, 1.04, 2025-07-25T07:30:00+01:00, 2025-07-25T08:00:00+01:00
0.004000, 0.08, 1.04, 2025-07-25T08:00:00+01:00, 2025-07-25T08:30:00+01:00
0.004000, 0.07, 1.04, 2025-07-25T08:30:00+01:00, 2025-07-25T09:00:00+01:00
0.002000, 0.04, 1.04, 2025-07-25T09:00:00+01:00, 2025-07-25T09:30:00+01:00
0.003000, 0.05, 1.04, 2025-07-25T09:30:00+01:00, 2025-07-25T10:00:00+01:00
0.000000, 0, 1.04, 2025-07-25T10:00:00+01:00, 2025-07-25T10:30:00+01:00
0.005000, 0.09, 1.04, 2025-07-25T10:30:00+01:00, 2025-07-25T11:00:00+01:00
0.005000, 0.08, 1.04, 2025-07-25T11:00:00+01:00, 2025-07-25T11:30:00+01:00
0.007000, 0.11, 1.04, 2025-07-25T11:30:00+01:00, 2025-07-25T12:00:00+01:00
0.649000, 9.7, 1.04, 2025-07-25T12:00:00+01:00, 2025-07-25T12:30:00+01:00
0.320000, 4.69, 1.04, 2025-07-25T12:30:00+01:00, 2025-07-25T13:00:00+01:00
0.846000, 11.94, 1.04, 2025-07-25T13:00:00+01:00, 2025-07-25T13:30:00+01:00
0.115000, 1.56, 1.04, 2025-07-25T13:30:00+01:00, 2025-07-25T14:00:00+01:00
0.006000, 0.09, 1.04, 2025-07-25T14:00:00+01:00, 2025-07-25T14:30:00+01:00
0.228000, 3.12, 1.04, 2025-07-25T14:30:00+01:00, 2025-07-25T15:00:00+01:00
0.138000, 1.95, 1.04, 2025-07-25T15:00:00+01:00, 2025-07-25T15:30:00+01:00
0.022000, 0.31, 1.04, 2025-07-25T15:30:00+01:00, 2025-07-25T16:00:00+01:00
0.002000, 0.06, 1.04, 2025-07-25T16:00:00+01:00, 2025-07-25T16:30:00+01:00
0.001000, 0.03, 1.04, 2025-07-25T16:30:00+01:00, 2025-07-25T17:00:00+01:00
0.002000, 0.06, 1.04, 2025-07-25T17:00:00+01:00, 2025-07-25T17:30:00+01:00
0.004000, 0.12, 1.04, 2025-07-25T17:30:00+01:00, 2025-07-25T18:00:00+01:00
0.002000, 0.06, 1.04, 2025-07-25T18:00:00+01:00, 2025-07-25T18:30:00+01:00
0.008000, 0.25, 1.04, 2025-07-25T18:30:00+01:00, 2025-07-25T19:00:00+01:00
0.000000, 0, 1.04, 2025-07-25T19:00:00+01:00, 2025-07-25T19:30:00+01:00
0.004000, 0.09, 1.04, 2025-07-25T19:30:00+01:00, 2025-07-25T20:00:00+01:00
0.001000, 0.02, 1.04, 2025-07-25T20:00:00+01:00, 2025-07-25T20:30:00+01:00
0.002000, 0.04, 1.04, 2025-07-25T20:30:00+01:00, 2025-07-25T21:00:00+01:00
0.004000, 0.09, 1.04, 2025-07-25T21:00:00+01:00, 2025-07-25T21:30:00+01:00
0.003000, 0.06, 1.04, 2025-07-25T21:30:00+01:00, 2025-07-25T22:00:00+01:00
0.002000, 0.04, 1.04, 2025-07-25T22:00:00+01:00, 2025-07-25T22:30:00+01:00
0.002000, 0.04, 1.04, 2025-07-25T22:30:00+01:00, 2025-07-25T23:00:00+01:00
0.002000, 0.04, 1.04, 2025-07-25T23:00:00+01:00, 2025-07-25T23:30:00+01:00
0.001000, 0.02, 1.04, 2025-07-25T23:30:00+01:00, 2025-07-26T00:00:00+01:00
0.002000, 0.04, 1.04, 2025-07-26T00:00:00+01:00, 2025-07-26T00:30:00+01:00
0.002000, 0.04, 1.04, 2025-07-26T00:30:00+01:00, 2025-07-26T01:00:00+01:00
0.001000, 0.02, 1.04, 2025-07-26T01:00:00+01:00, 2025-07-26T01:30:00+01:00
0.001000, 0.02, 1.04, 2025-07-26T01:30:00+01:00, 2025-07-26T02:00:00+01:00
0.001000, 0.02, 1.04, 2025-07-26T02:00:00+01:00, 2025-07-26T02:30:00+01:00
0.001000, 0.02, 1.04, 2025-07-26T02:30:00+01:00, 2025-07-26T03:00:00+01:00
0.002000, 0.03, 1.04, 2025-07-26T03:00:00+01:00, 2025-07-26T03:30:00+01:00
0.001000, 0.02, 1.04, 2025-07-26T03:30:00+01:00, 2025-07-26T04:00:00+01:00
0.001000, 0.02, 1.04, 2025-07-26T04:00:00+01:00, 2025-07-26T04:30:00+01:00
0.001000, 0.02, 1.04, 2025-07-26T04:30:00+01:00, 2025-07-26T05:00:00+01:00
0.001000, 0.02, 1.04, 2025-07-26T05:00:00+01:00, 2025-07-26T05:30:00+01:00
0.001000, 0.02, 1.04, 2025-07-26T05:30:00+01:00, 2025-07-26T06:00:00+01:00
0.002000, 0.03, 1.04, 2025-07-26T06:00:00+01:00, 2025-07-26T06:30:00+01:00
0.002000, 0.04, 1.04, 2025-07-26T06:30:00+01:00, 2025-07-26T07:00:00+01:00
0.004000, 0.07, 1.04, 2025-07-26T07:00:00+01:00, 2025-07-26T07:30:00+01:00
0.001000, 0.02, 1.04, 2025-07-26T07:30:00+01:00, 2025-07-26T08:00:00+01:00
0.042000, 0.71, 1.04, 2025-07-26T08:00:00+01:00, 2025-07-26T08:30:00+01:00
0.036000, 0.64, 1.04, 2025-07-26T08:30:00+01:00, 2025-07-26T09:00:00+01:00
0.002000, 0.04, 1.04, 2025-07-26T09:00:00+01:00, 2025-07-26T09:30:00+01:00
0.004000, 0.07, 1.04, 2025-07-26T09:30:00+01:00, 2025-07-26T10:00:00+01:00
0.004000, 0.07, 1.04, 2025-07-26T10:00:00+01:00, 2025-07-26T10:30:00+01:00
0.001000, 0.02, 1.04, 2025-07-26T10:30:00+01:00, 2025-07-26T11:00:00+01:00
0.008000, 0.15, 1.04, 2025-07-26T11:00:00+01:00, 2025-07-26T11:30:00+01:00
0.342000, 5.91, 1.04, 2025-07-26T11:30:00+01:00, 2025-07-26T12:00:00+01:00
0.633000, 10.77, 1.04, 2025-07-26T12:00:00+01:00, 2025-07-26T12:30:00+01:00
0.879000, 13.85, 1.04, 2025-07-26T12:30:00+01:00, 2025-07-26T13:00:00+01:00
0.957000, 15.02, 1.04, 2025-07-26T13:00:00+01:00, 2025-07-26T13:30:00+01:00
1.109000, 16.14, 1.04, 2025-07-26T13:30:00+01:00, 2025-07-26T14:00:00+01:00
0.967000, 13.97, 1.04, 2025-07-26T14:00:00+01:00, 2025-07-26T14:30:00+01:00
0.585000, 7.87, 1.04, 2025-07-26T14:30:00+01:00, 2025-07-26T15:00:00+01:00
0.931000, 13.7, 1.04, 2025-07-26T15:00:00+01:00, 2025-07-26T15:30:00+01:00
0.921000, 13.4, 1.04, 2025-07-26T15:30:00+01:00, 2025-07-26T16:00:00+01:00
0.036000, 1, 1.04, 2025-07-26T16:00:00+01:00, 2025-07-26T16:30:00+01:00
0.002000, 0.06, 1.04, 2025-07-26T16:30:00+01:00, 2025-07-26T17:00:00+01:00
0.014000, 0.43, 1.04, 2025-07-26T17:00:00+01:00, 2025-07-26T17:30:00+01:00
0.115000, 3.47, 1.04, 2025-07-26T17:30:00+01:00, 2025-07-26T18:00:00+01:00
0.035000, 1.04, 1.04, 2025-07-26T18:00:00+01:00, 2025-07-26T18:30:00+01:00
0.013000, 0.4, 1.04, 2025-07-26T18:30:00+01:00, 2025-07-26T19:00:00+01:00
0.029000, 0.59, 1.04, 2025-07-26T19:00:00+01:00, 2025-07-26T19:30:00+01:00
0.002000, 0.04, 1.04, 2025-07-26T19:30:00+01:00, 2025-07-26T20:00:00+01:00
0.004000, 0.09, 1.04, 2025-07-26T20:00:00+01:00, 2025-07-26T20:30:00+01:00
0.003000, 0.07, 1.04, 2025-07-26T20:30:00+01:00, 2025-07-26T21:00:00+01:00
0.005000, 0.11, 1.04, 2025-07-26T21:00:00+01:00, 2025-07-26T21:30:00+01:00
0.003000, 0.06, 1.04, 2025-07-26T21:30:00+01:00, 2025-07-26T22:00:00+01:00
0.004000, 0.08, 1.04, 2025-07-26T22:00:00+01:00, 2025-07-26T22:30:00+01:00
0.005000, 0.09, 1.04, 2025-07-26T22:30:00+01:00, 2025-07-26T23:00:00+01:00
0.002000, 0.04, 1.04, 2025-07-26T23:00:00+01:00, 2025-07-26T23:30:00+01:00
0.002000, 0.04, 1.04, 2025-07-26T23:30:00+01:00, 2025-07-27T00:00:00+01:00
0.002000, 0.04, 1.04, 2025-07-27T00:00:00+01:00, 2025-07-27T00:30:00+01:00
0.002000, 0.03, 1.04, 2025-07-27T00:30:00+01:00, 2025-07-27T01:00:00+01:00
0.001000, 0.02, 1.04, 2025-07-27T01:00:00+01:00, 2025-07-27T01:30:00+01:00
0.003000, 0.06, 1.04, 2025-07-27T01:30:00+01:00, 2025-07-27T02:00:00+01:00
0.001000, 0.02, 1.04, 2025-07-27T02:00:00+01:00, 2025-07-27T02:30:00+01:00
0.194000, 3.13, 1.04, 2025-07-27T02:30:00+01:00, 2025-07-27T03:00:00+01:00
0.257000, 4.35, 1.04, 2025-07-27T03:00:00+01:00, 2025-07-27T03:30:00+01:00
0.034000, 0.55, 1.04, 2025-07-27T03:30:00+01:00, 2025-07-27T04:00:00+01:00
0.001000, 0.02, 1.04, 2025-07-27T04:00:00+01:00, 2025-07-27T04:30:00+01:00
0.001000, 0.02, 1.04, 2025-07-27T04:30:00+01:00, 2025-07-27T05:00:00+01:00
0.002000, 0.04, 1.04, 2025-07-27T05:00:00+01:00, 2025-07-27T05:30:00+01:00
0.001000, 0.02, 1.04, 2025-07-27T05:30:00+01:00, 2025-07-27T06:00:00+01:00
0.120000, 2.04, 1.04, 2025-07-27T06:00:00+01:00, 2025-07-27T06:30:00+01:00
0.067000, 1.19, 1.04, 2025-07-27T06:30:00+01:00, 2025-07-27T07:00:00+01:00
0.002000, 0.03, 1.04, 2025-07-27T07:00:00+01:00, 2025-07-27T07:30:00+01:00
0.001000, 0.02, 1.04, 2025-07-27T07:30:00+01:00, 2025-07-27T08:00:00+01:00
0.005000, 0.08, 1.04, 2025-07-27T08:00:00+01:00, 2025-07-27T08:30:00+01:00
0.002000, 0.03, 1.04, 2025-07-27T08:30:00+01:00, 2025-07-27T09:00:00+01:00
0.002000, 0.03, 1.04, 2025-07-27T09:00:00+01:00, 2025-07-27T09:30:00+01:00
0.002000, 0.03, 1.04, 2025-07-27T09:30:00+01:00, 2025-07-27T10:00:00+01:00
0.006000, 0.1, 1.04, 2025-07-27T10:00:00+01:00, 2025-07-27T10:30:00+01:00
0.413000, 6.54, 1.04, 2025-07-27T10:30:00+01:00, 2025-07-27T11:00:00+01:00
0.190000, 2.93, 1.04, 2025-07-27T11:00:00+01:00, 2025-07-27T11:30:00+01:00
0.171000, 2.53, 1.04, 2025-07-27T11:30:00+01:00, 2025-07-27T12:00:00+01:00
0.969000, 14.53, 1.04, 2025-07-27T12:00:00+01:00, 2025-07-27T12:30:00+01:00
0.768000, 11.85, 1.04, 2025-07-27T12:30:00+01:00, 2025-07-27T13:00:00+01:00
0.858000, 13.4, 1.04, 2025-07-27T13:00:00+01:00, 2025-07-27T13:30:00+01:00
0.839000, 12.95, 1.04, 2025-07-27T13:30:00+01:00, 2025-07-27T14:00:00+01:00
1.031000, 16.1, 1.04, 2025-07-27T14:00:00+01:00, 2025-07-27T14:30:00+01:00
1.056000, 17.23, 1.04, 2025-07-27T14:30:00+01:00, 2025-07-27T15:00:00+01:00
0.970000, 15.4, 1.04, 2025-07-27T15:00:00+01:00, 2025-07-27T15:30:00+01:00
1.030000, 18.62, 1.04, 2025-07-27T15:30:00+01:00, 2025-07-27T16:00:00+01:00
0.039000, 1.16, 1.04, 2025-07-27T16:00:00+01:00, 2025-07-27T16:30:00+01:00
0.003000, 0.09, 1.04, 2025-07-27T16:30:00+01:00, 2025-07-27T17:00:00+01:00
0.002000, 0.06, 1.04, 2025-07-27T17:00:00+01:00, 2025-07-27T17:30:00+01:00
0.002000, 0.06, 1.04, 2025-07-27T17:30:00+01:00, 2025-07-27T18:00:00+01:00
0.003000, 0.09, 1.04, 2025-07-27T18:00:00+01:00, 2025-07-27T18:30:00+01:00
0.000000, 0, 1.04, 2025-07-27T18:30:00+01:00, 2025-07-27T19:00:00+01:00
0.002000, 0.04, 1.04, 2025-07-27T19:00:00+01:00, 2025-07-27T19:30:00+01:00
0.001000, 0.02, 1.04, 2025-07-27T19:30:00+01:00, 2025-07-27T20:00:00+01:00
0.003000, 0.06, 1.04, 2025-07-27T20:00:00+01:00, 2025-07-27T20:30:00+01:00
0.000000, 0, 1.04, 2025-07-27T20:30:00+01:00, 2025-07-27T21:00:00+01:00
0.002000, 0.04, 1.04, 2025-07-27T21:00:00+01:00, 2025-07-27T21:30:00+01:00
0.003000, 0.06, 1.04, 2025-07-27T21:30:00+01:00, 2025-07-27T22:00:00+01:00
0.003000, 0.06, 1.04, 2025-07-27T22:00:00+01:00, 2025-07-27T22:30:00+01:00
0.002000, 0.04, 1.04, 2025-07-27T22:30:00+01:00, 2025-07-27T23:00:00+01:00
0.002000, 0.04, 1.04, 2025-07-27T23:00:00+01:00, 2025-07-27T23:30:00+01:00
0.001000, 0.02, 1.04, 2025-07-27T23:30:00+01:00, 2025-07-28T00:00:00+01:00
0.002000, 0.04, 1.04, 2025-07-28T00:00:00+01:00, 2025-07-28T00:30:00+01:00
0.001000, 0.02, 1.04, 2025-07-28T00:30:00+01:00, 2025-07-28T01:00:00+01:00
0.002000, 0.03, 1.04, 2025-07-28T01:00:00+01:00, 2025-07-28T01:30:00+01:00
0.002000, 0.03, 1.04, 2025-07-28T01:30:00+01:00, 2025-07-28T02:00:00+01:00
0.001000, 0.02, 1.04, 2025-07-28T02:00:00+01:00, 2025-07-28T02:30:00+01:00
0.001000, 0.01, 1.04, 2025-07-28T02:30:00+01:00, 2025-07-28T03:00:00+01:00
0.002000, 0.03, 1.04, 2025-07-28T03:00:00+01:00, 2025-07-28T03:30:00+01:00
0.002000, 0.03, 1.04, 2025-07-28T03:30:00+01:00, 2025-07-28T04:00:00+01:00
0.001000, 0.02, 1.04, 2025-07-28T04:00:00+01:00, 2025-07-28T04:30:00+01:00
0.001000, 0.01, 1.04, 2025-07-28T04:30:00+01:00, 2025-07-28T05:00:00+01:00
0.002000, 0.03, 1.04, 2025-07-28T05:00:00+01:00, 2025-07-28T05:30:00+01:00
0.002000, 0.03, 1.04, 2025-07-28T05:30:00+01:00, 2025-07-28T06:00:00+01:00
0.004000, 0.07, 1.04, 2025-07-28T06:00:00+01:00, 2025-07-28T06:30:00+01:00
0.002000, 0.04, 1.04, 2025-07-28T06:30:00+01:00, 2025-07-28T07:00:00+01:00
0.002000, 0.04, 1.04, 2025-07-28T07:00:00+01:00, 2025-07-28T07:30:00+01:00
0.002000, 0.04, 1.04, 2025-07-28T07:30:00+01:00, 2025-07-28T08:00:00+01:00
0.003000, 0.06, 1.04, 2025-07-28T08:00:00+01:00, 2025-07-28T08:30:00+01:00
0.006000, 0.11, 1.04, 2025-07-28T08:30:00+01:00, 2025-07-28T09:00:00+01:00
0.002000, 0.04, 1.04, 2025-07-28T09:00:00+01:00, 2025-07-28T09:30:00+01:00
0.006000, 0.1, 1.04, 2025-07-28T09:30:00+01:00, 2025-07-28T10:00:00+01:00
0.004000, 0.06, 1.04, 2025-07-28T10:00:00+01:00, 2025-07-28T10:30:00+01:00
0.007000, 0.11, 1.04, 2025-07-28T10:30:00+01:00, 2025-07-28T11:00:00+01:00
0.006000, 0.1, 1.04, 2025-07-28T11:00:00+01:00, 2025-07-28T11:30:00+01:00
0.009000, 0.14, 1.04, 2025-07-28T11:30:00+01:00, 2025-07-28T12:00:00+01:00
0.503000, 7.96, 1.04, 2025-07-28T12:00:00+01:00, 2025-07-28T12:30:00+01:00
0.637000, 10.09, 1.04, 2025-07-28T12:30:00+01:00, 2025-07-28T13:00:00+01:00
1.220000, 19.2, 1.04, 2025-07-28T13:00:00+01:00, 2025-07-28T13:30:00+01:00
0.962000, 14.42, 1.04, 2025-07-28T13:30:00+01:00, 2025-07-28T14:00:00+01:00
0.926000, 13.5, 1.04, 2025-07-28T14:00:00+01:00, 2025-07-28T14:30:00+01:00
0.867000, 13.02, 1.04, 2025-07-28T14:30:00+01:00, 2025-07-28T15:00:00+01:00
0.188000, 2.74, 1.04, 2025-07-28T15:00:00+01:00, 2025-07-28T15:30:00+01:00
0.033000, 0.52, 1.04, 2025-07-28T15:30:00+01:00, 2025-07-28T16:00:00+01:00
0.001000, 0.03, 1.04, 2025-07-28T16:00:00+01:00, 2025-07-28T16:30:00+01:00
0.009000, 0.26, 1.04, 2025-07-28T16:30:00+01:00, 2025-07-28T17:00:00+01:00
0.008000, 0.23, 1.04, 2025-07-28T17:00:00+01:00, 2025-07-28T17:30:00+01:00
0.005000, 0.15, 1.04, 2025-07-28T17:30:00+01:00, 2025-07-28T18:00:00+01:00
0.003000, 0.09, 1.04, 2025-07-28T18:00:00+01:00, 2025-07-28T18:30:00+01:00
0.002000, 0.07, 1.04, 2025-07-28T18:30:00+01:00, 2025-07-28T19:00:00+01:00
0.002000, 0.05, 1.04, 2025-07-28T19:00:00+01:00, 2025-07-28T19:30:00+01:00
0.107000, 2.47, 1.04, 2025-07-28T19:30:00+01:00, 2025-07-28T20:00:00+01:00
0.005000, 0.11, 1.04, 2025-07-28T20:00:00+01:00, 2025-07-28T20:30:00+01:00
0.007000, 0.16, 1.04, 2025-07-28T20:30:00+01:00, 2025-07-28T21:00:00+01:00
0.003000, 0.06, 1.04, 2025-07-28T21:00:00+01:00, 2025-07-28T21:30:00+01:00
0.003000, 0.06, 1.04, 2025-07-28T21:30:00+01:00, 2025-07-28T22:00:00+01:00
0.002000, 0.04, 1.04, 2025-07-28T22:00:00+01:00, 2025-07-28T22:30:00+01:00
0.006000, 0.1, 1.04, 2025-07-28T22:30:00+01:00, 2025-07-28T23:00:00+01:00
0.001000, 0.02, 1.04, 2025-07-28T23:00:00+01:00, 2025-07-28T23:30:00+01:00
0.002000, 0.03, 1.04, 2025-07-28T23:30:00+01:00, 2025-07-29T00:00:00+01:00
0.001000, 0.02, 1.04, 2025-07-29T00:00:00+01:00, 2025-07-29T00:30:00+01:00
0.001000, 0.02, 1.04, 2025-07-29T00:30:00+01:00, 2025-07-29T01:00:00+01:00
0.002000, 0.03, 1.04, 2025-07-29T01:00:00+01:00, 2025-07-29T01:30:00+01:00
0.002000, 0.03, 1.04, 2025-07-29T01:30:00+01:00, 2025-07-29T02:00:00+01:00
0.001000, 0.02, 1.04, 2025-07-29T02:00:00+01:00, 2025-07-29T02:30:00+01:00
0.001000, 0.02, 1.04, 2025-07-29T02:30:00+01:00, 2025-07-29T03:00:00+01:00
0.002000, 0.03, 1.04, 2025-07-29T03:00:00+01:00, 2025-07-29T03:30:00+01:00
0.002000, 0.03, 1.04, 2025-07-29T03:30:00+01:00, 2025-07-29T04:00:00+01:00
0.001000, 0.02, 1.04, 2025-07-29T04:00:00+01:00, 2025-07-29T04:30:00+01:00
0.001000, 0.02, 1.04, 2025-07-29T04:30:00+01:00, 2025-07-29T05:00:00+01:00
0.001000, 0.02, 1.04, 2025-07-29T05:00:00+01:00, 2025-07-29T05:30:00+01:00
0.002000, 0.04, 1.04, 2025-07-29T05:30:00+01:00, 2025-07-29T06:00:00+01:00
0.001000, 0.02, 1.04, 2025-07-29T06:00:00+01:00, 2025-07-29T06:30:00+01:00
0.004000, 0.08, 1.04, 2025-07-29T06:30:00+01:00, 2025-07-29T07:00:00+01:00
0.001000, 0.02, 1.04, 2025-07-29T07:00:00+01:00, 2025-07-29T07:30:00+01:00
0.003000, 0.06, 1.04, 2025-07-29T07:30:00+01:00, 2025-07-29T08:00:00+01:00
0.008000, 0.15, 1.04, 2025-07-29T08:00:00+01:00, 2025-07-29T08:30:00+01:00
0.015000, 0.29, 1.04, 2025-07-29T08:30:00+01:00, 2025-07-29T09:00:00+01:00
0.014000, 0.28, 1.04, 2025-07-29T09:00:00+01:00, 2025-07-29T09:30:00+01:00
0.120000, 2.39, 1.04, 2025-07-29T09:30:00+01:00, 2025-07-29T10:00:00+01:00
0.285000, 5.53, 1.04, 2025-07-29T10:00:00+01:00, 2025-07-29T10:30:00+01:00
0.368000, 7.17, 1.04, 2025-07-29T10:30:00+01:00, 2025-07-29T11:00:00+01:00
0.348000, 6.94, 1.04, 2025-07-29T11:00:00+01:00, 2025-07-29T11:30:00+01:00
0.406000, 7.88, 1.04, 2025-07-29T11:30:00+01:00, 2025-07-29T12:00:00+01:00
1.671000, 31.69, 1.04, 2025-07-29T12:00:00+01:00, 2025-07-29T12:30:00+01:00
1.969000, 35.52, 1.04, 2025-07-29T12:30:00+01:00, 2025-07-29T13:00:00+01:00
1.448000, 26.14, 1.04, 2025-07-29T13:00:00+01:00, 2025-07-29T13:30:00+01:00
1.279000, 22.1, 1.04, 2025-07-29T13:30:00+01:00, 2025-07-29T14:00:00+01:00
1.333000, 22.34, 1.04, 2025-07-29T14:00:00+01:00, 2025-07-29T14:30:00+01:00
1.184000, 19.72, 1.04, 2025-07-29T14:30:00+01:00, 2025-07-29T15:00:00+01:00
0.931000, 15.58, 1.04, 2025-07-29T15:00:00+01:00, 2025-07-29T15:30:00+01:00
1.033000, 17.24, 1.04, 2025-07-29T15:30:00+01:00, 2025-07-29T16:00:00+01:00
0.049000, 1.46, 1.04, 2025-07-29T16:00:00+01:00, 2025-07-29T16:30:00+01:00
0.004000, 0.12, 1.04, 2025-07-29T16:30:00+01:00, 2025-07-29T17:00:00+01:00
0.047000, 1.46, 1.04, 2025-07-29T17:00:00+01:00, 2025-07-29T17:30:00+01:00
0.132000, 4.18, 1.04, 2025-07-29T17:30:00+01:00, 2025-07-29T18:00:00+01:00
0.126000, 4.52, 1.04, 2025-07-29T18:00:00+01:00, 2025-07-29T18:30:00+01:00
0.008000, 0.29, 1.04, 2025-07-29T18:30:00+01:00, 2025-07-29T19:00:00+01:00
0.003000, 0.07, 1.04, 2025-07-29T19:00:00+01:00, 2025-07-29T19:30:00+01:00
0.002000, 0.05, 1.04, 2025-07-29T19:30:00+01:00, 2025-07-29T20:00:00+01:00
0.004000, 0.1, 1.04, 2025-07-29T20:00:00+01:00, 2025-07-29T20:30:00+01:00
0.006000, 0.14, 1.04, 2025-07-29T20:30:00+01:00, 2025-07-29T21:00:00+01:00
0.003000, 0.07, 1.04, 2025-07-29T21:00:00+01:00, 2025-07-29T21:30:00+01:00
0.016000, 0.35, 1.04, 2025-07-29T21:30:00+01:00, 2025-07-29T22:00:00+01:00
0.005000, 0.1, 1.04, 2025-07-29T22:00:00+01:00, 2025-07-29T22:30:00+01:00
0.003000, 0.06, 1.04, 2025-07-29T22:30:00+01:00, 2025-07-29T23:00:00+01:00
0.001000, 0.02, 1.04, 2025-07-29T23:00:00+01:00, 2025-07-29T23:30:00+01:00
0.001000, 0.02, 1.04, 2025-07-29T23:30:00+01:00, 2025-07-30T00:00:00+01:00
0.002000, 0.03, 1.04, 2025-07-30T00:00:00+01:00, 2025-07-30T00:30:00+01:00
0.001000, 0.02, 1.04, 2025-07-30T00:30:00+01:00, 2025-07-30T01:00:00+01:00
0.100000, 1.54, 1.04, 2025-07-30T01:00:00+01:00, 2025-07-30T01:30:00+01:00
0.149000, 2.42, 1.04, 2025-07-30T01:30:00+01:00, 2025-07-30T02:00:00+01:00
0.023000, 0.36, 1.04, 2025-07-30T02:00:00+01:00, 2025-07-30T02:30:00+01:00
0.002000, 0.03, 1.04, 2025-07-30T02:30:00+01:00, 2025-07-30T03:00:00+01:00
0.086000, 1.32, 1.04, 2025-07-30T03:00:00+01:00, 2025-07-30T03:30:00+01:00
0.161000, 2.45, 1.04, 2025-07-30T03:30:00+01:00, 2025-07-30T04:00:00+01:00
0.138000, 2.04, 1.04, 2025-07-30T04:00:00+01:00, 2025-07-30T04:30:00+01:00
0.162000, 2.36, 1.04, 2025-07-30T04:30:00+01:00, 2025-07-30T05:00:00+01:00
0.135000, 2.1, 1.04, 2025-07-30T05:00:00+01:00, 2025-07-30T05:30:00+01:00
0.170000, 2.61, 1.04, 2025-07-30T05:30:00+01:00, 2025-07-30T06:00:00+01:00
0.106000, 1.77, 1.04, 2025-07-30T06:00:00+01:00, 2025-07-30T06:30:00+01:00
0.076000, 1.46, 1.04, 2025-07-30T06:30:00+01:00, 2025-07-30T07:00:00+01:00
0.056000, 0.97, 1.04, 2025-07-30T07:00:00+01:00, 2025-07-30T07:30:00+01:00
0.077000, 1.53, 1.04, 2025-07-30T07:30:00+01:00, 2025-07-30T08:00:00+01:00
0.074000, 1.46, 1.04, 2025-07-30T08:00:00+01:00, 2025-07-30T08:30:00+01:00
0.544000, 10.8, 1.04, 2025-07-30T08:30:00+01:00, 2025-07-30T09:00:00+01:00
0.230000, 4.61, 1.04, 2025-07-30T09:00:00+01:00, 2025-07-30T09:30:00+01:00
0.170000, 3.36, 1.04, 2025-07-30T09:30:00+01:00, 2025-07-30T10:00:00+01:00
0.368000, 7.3, 1.04, 2025-07-30T10:00:00+01:00, 2025-07-30T10:30:00+01:00
0.055000, 1.09, 1.04, 2025-07-30T10:30:00+01:00, 2025-07-30T11:00:00+01:00
0.641000, 12.75, 1.04, 2025-07-30T11:00:00+01:00, 2025-07-30T11:30:00+01:00
0.121000, 2.35, 1.04, 2025-07-30T11:30:00+01:00, 2025-07-30T12:00:00+01:00
1.835000, 35.68, 1.04, 2025-07-30T12:00:00+01:00, 2025-07-30T12:30:00+01:00
1.183000, 22.43, 1.04, 2025-07-30T12:30:00+01:00, 2025-07-30T13:00:00+01:00
0.515000, 9.65, 1.04, 2025-07-30T13:00:00+01:00, 2025-07-30T13:30:00+01:00
0.663000, 11.64, 1.04, 2025-07-30T13:30:00+01:00, 2025-07-30T14:00:00+01:00
0.974000, 16.32, 1.04, 2025-07-30T14:00:00+01:00, 2025-07-30T14:30:00+01:00
1.160000, 19.32, 1.04, 2025-07-30T14:30:00+01:00, 2025-07-30T15:00:00+01:00
1.149000, 19.13, 1.04, 2025-07-30T15:00:00+01:00, 2025-07-30T15:30:00+01:00
1.353000, 23.24, 1.04, 2025-07-30T15:30:00+01:00, 2025-07-30T16:00:00+01:00
0.046000, 1.35, 1.04, 2025-07-30T16:00:00+01:00, 2025-07-30T16:30:00+01:00
0.003000, 0.09, 1.04, 2025-07-30T16:30:00+01:00, 2025-07-30T17:00:00+01:00
0.002000, 0.06, 1.04, 2025-07-30T17:00:00+01:00, 2025-07-30T17:30:00+01:00
0.006000, 0.19, 1.04, 2025-07-30T17:30:00+01:00, 2025-07-30T18:00:00+01:00
0.003000, 0.09, 1.04, 2025-07-30T18:00:00+01:00, 2025-07-30T18:30:00+01:00
0.003000, 0.1, 1.04, 2025-07-30T18:30:00+01:00, 2025-07-30T19:00:00+01:00
0.001000, 0.02, 1.04, 2025-07-30T19:00:00+01:00, 2025-07-30T19:30:00+01:00
0.002000, 0.04, 1.04, 2025-07-30T19:30:00+01:00, 2025-07-30T20:00:00+01:00
0.002000, 0.04, 1.04, 2025-07-30T20:00:00+01:00, 2025-07-30T20:30:00+01:00
0.002000, 0.04, 1.04, 2025-07-30T20:30:00+01:00, 2025-07-30T21:00:00+01:00
0.004000, 0.09, 1.04, 2025-07-30T21:00:00+01:00, 2025-07-30T21:30:00+01:00
0.002000, 0.04, 1.04, 2025-07-30T21:30:00+01:00, 2025-07-30T22:00:00+01:00
0.002000, 0.04, 1.04, 2025-07-30T22:00:00+01:00, 2025-07-30T22:30:00+01:00
0.002000, 0.03, 1.04, 2025-07-30T22:30:00+01:00, 2025-07-30T23:00:00+01:00
0.002000, 0.04, 1.04, 2025-07-30T23:00:00+01:00, 2025-07-30T23:30:00+01:00
0.001000, 0.02, 1.04, 2025-07-30T23:30:00+01:00, 2025-07-31T00:00:00+01:00
0.002000, 0.03, 1.04, 2025-07-31T00:00:00+01:00, 2025-07-31T00:30:00+01:00
0.001000, 0.02, 1.04, 2025-07-31T00:30:00+01:00, 2025-07-31T01:00:00+01:00
0.001000, 0.02, 1.04, 2025-07-31T01:00:00+01:00, 2025-07-31T01:30:00+01:00
0.001000, 0.02, 1.04, 2025-07-31T01:30:00+01:00, 2025-07-31T02:00:00+01:00
0.002000, 0.03, 1.04, 2025-07-31T02:00:00+01:00, 2025-07-31T02:30:00+01:00
0.001000, 0.02, 1.04, 2025-07-31T02:30:00+01:00, 2025-07-31T03:00:00+01:00
0.001000, 0.02, 1.04, 2025-07-31T03:00:00+01:00, 2025-07-31T03:30:00+01:00
0.001000, 0.01, 1.04, 2025-07-31T03:30:00+01:00, 2025-07-31T04:00:00+01:00
0.002000, 0.03, 1.04, 2025-07-31T04:00:00+01:00, 2025-07-31T04:30:00+01:00
0.001000, 0.01, 1.04, 2025-07-31T04:30:00+01:00, 2025-07-31T05:00:00+01:00
0.001000, 0.02, 1.04, 2025-07-31T05:00:00+01:00, 2025-07-31T05:30:00+01:00
0.003000, 0.05, 1.04, 2025-07-31T05:30:00+01:00, 2025-07-31T06:00:00+01:00
0.005000, 0.09, 1.04, 2025-07-31T06:00:00+01:00, 2025-07-31T06:30:00+01:00
0.001000, 0.02, 1.04, 2025-07-31T06:30:00+01:00, 2025-07-31T07:00:00+01:00
0.002000, 0.04, 1.04, 2025-07-31T07:00:00+01:00, 2025-07-31T07:30:00+01:00
0.001000, 0.02, 1.04, 2025-07-31T07:30:00+01:00, 2025-07-31T08:00:00+01:00
0.004000, 0.08, 1.04, 2025-07-31T08:00:00+01:00, 2025-07-31T08:30:00+01:00
0.002000, 0.04, 1.04, 2025-07-31T08:30:00+01:00, 2025-07-31T09:00:00+01:00
0.001000, 0.02, 1.04, 2025-07-31T09:00:00+01:00, 2025-07-31T09:30:00+01:00
0.047000, 0.97, 1.04, 2025-07-31T09:30:00+01:00, 2025-07-31T10:00:00+01:00
0.030000, 0.61, 1.04, 2025-07-31T10:00:00+01:00, 2025-07-31T10:30:00+01:00
0.002000, 0.04, 1.04, 2025-07-31T10:30:00+01:00, 2025-07-31T11:00:00+01:00
0.002000, 0.04, 1.04, 2025-07-31T11:00:00+01:00, 2025-07-31T11:30:00+01:00
0.294000, 5.58, 1.04, 2025-07-31T11:30:00+01:00, 2025-07-31T12:00:00+01:00
1.106000, 20.49, 1.04, 2025-07-31T12:00:00+01:00, 2025-07-31T12:30:00+01:00
1.058000, 18.75, 1.04, 2025-07-31T12:30:00+01:00, 2025-07-31T13:00:00+01:00
1.097000, 17.92, 1.04, 2025-07-31T13:00:00+01:00, 2025-07-31T13:30:00+01:00
1.068000, 16.61, 1.04, 2025-07-31T13:30:00+01:00, 2025-07-31T14:00:00+01:00
1.097000, 17.39, 1.04, 2025-07-31T14:00:00+01:00, 2025-07-31T14:30:00+01:00
0.883000, 13.45, 1.04, 2025-07-31T14:30:00+01:00, 2025-07-31T15:00:00+01:00
1.142000, 17.12, 1.04, 2025-07-31T15:00:00+01:00, 2025-07-31T15:30:00+01:00
1.127000, 17.19, 1.04, 2025-07-31T15:30:00+01:00, 2025-07-31T16:00:00+01:00
0.043000, 1.22, 1.04, 2025-07-31T16:00:00+01:00, 2025-07-31T16:30:00+01:00
0.003000, 0.09, 1.04, 2025-07-31T16:30:00+01:00, 2025-07-31T17:00:00+01:00
0.001000, 0.03, 1.04, 2025-07-31T17:00:00+01:00, 2025-07-31T17:30:00+01:00
0.002000, 0.06, 1.04, 2025-07-31T17:30:00+01:00, 2025-07-31T18:00:00+01:00
0.014000, 0.45, 1.04, 2025-07-31T18:00:00+01:00, 2025-07-31T18:30:00+01:00
0.002000, 0.07, 1.04, 2025-07-31T18:30:00+01:00, 2025-07-31T19:00:00+01:00
0.003000, 0.07, 1.04, 2025-07-31T19:00:00+01:00, 2025-07-31T19:30:00+01:00
0.002000, 0.05, 1.04, 2025-07-31T19:30:00+01:00, 2025-07-31T20:00:00+01:00
0.001000, 0.02, 1.04, 2025-07-31T20:00:00+01:00, 2025-07-31T20:30:00+01:00
0.003000, 0.07, 1.04, 2025-07-31T20:30:00+01:00, 2025-07-31T21:00:00+01:00
0.001000, 0.02, 1.04, 2025-07-31T21:00:00+01:00, 2025-07-31T21:30:00+01:00
0.003000, 0.06, 1.04, 2025-07-31T21:30:00+01:00, 2025-07-31T22:00:00+01:00
0.001000, 0.02, 1.04, 2025-07-31T22:00:00+01:00, 2025-07-31T22:30:00+01:00
0.004000, 0.07, 1.04, 2025-07-31T22:30:00+01:00, 2025-07-31T23:00:00+01:00
0.002000, 0.04, 1.04, 2025-07-31T23:00:00+01:00, 2025-07-31T23:30:00+01:00
0.001000, 0.02, 1.04, 2025-07-31T23:30:00+01:00, 2025-07-31T23:59:59.999000+01:00
