Consumption (kwh), Estimated Cost Inc. Tax (p), Standing Charge Inc. Tax (p), Start, End
0.002000, 0.01, 1.04, 2025-09-01T00:00:00+01:00, 2025-09-01T00:30:00+01:00
0.002000, 0.01, 1.04, 2025-09-01T00:30:00+01:00, 2025-09-01T01:00:00+01:00
1.274000, 5.62, 1.04, 2025-09-01T01:00:00+01:00, 2025-09-01T01:30:00+01:00
1.294000, 5.71, 1.04, 2025-09-01T01:30:00+01:00, 2025-09-01T02:00:00+01:00
1.325000, 7.01, 1.04, 2025-09-01T02:00:00+01:00, 2025-09-01T02:30:00+01:00
1.281000, 5.72, 1.04, 2025-09-01T02:30:00+01:00, 2025-09-01T03:00:00+01:00
1.287000, 5.68, 1.04, 2025-09-01T03:00:00+01:00, 2025-09-01T03:30:00+01:00
1.309000, 5.77, 1.04, 2025-09-01T03:30:00+01:00, 2025-09-01T04:00:00+01:00
0.362000, 2.06, 1.04, 2025-09-01T04:00:00+01:00, 2025-09-01T04:30:00+01:00
0.233000, 1.03, 1.04, 2025-09-01T04:30:00+01:00, 2025-09-01T05:00:00+01:00
0.008000, 0.03, 1.04, 2025-09-01T05:00:00+01:00, 2025-09-01T05:30:00+01:00
0.002000, 0.01, 1.04, 2025-09-01T05:30:00+01:00, 2025-09-01T06:00:00+01:00
0.002000, 0.02, 1.04, 2025-09-01T06:00:00+01:00, 2025-09-01T06:30:00+01:00
0.007000, 0.11, 1.04, 2025-09-01T06:30:00+01:00, 2025-09-01T07:00:00+01:00
0.002000, 0.03, 1.04, 2025-09-01T07:00:00+01:00, 2025-09-01T07:30:00+01:00
0.002000, 0.03, 1.04, 2025-09-01T07:30:00+01:00, 2025-09-01T08:00:00+01:00
0.005000, 0.09, 1.04, 2025-09-01T08:00:00+01:00, 2025-09-01T08:30:00+01:00
0.004000, 0.07, 1.04, 2025-09-01T08:30:00+01:00, 2025-09-01T09:00:00+01:00
0.003000, 0.05, 1.04, 2025-09-01T09:00:00+01:00, 2025-09-01T09:30:00+01:00
0.005000, 0.07, 1.04, 2025-09-01T09:30:00+01:00, 2025-09-01T10:00:00+01:00
0.008000, 0.12, 1.04, 2025-09-01T10:00:00+01:00, 2025-09-01T10:30:00+01:00
0.003000, 0.04, 1.04, 2025-09-01T10:30:00+01:00, 2025-09-01T11:00:00+01:00
0.002000, 0.02, 1.04, 2025-09-01T11:00:00+01:00, 2025-09-01T11:30:00+01:00
0.005000, 0.04, 1.04, 2025-09-01T11:30:00+01:00, 2025-09-01T12:00:00+01:00
0.010000, 0.06, 1.04, 2025-09-01T12:00:00+01:00, 2025-09-01T12:30:00+01:00
0.011000, 0.06, 1.04, 2025-09-01T12:30:00+01:00, 2025-09-01T13:00:00+01:00
0.004000, 0.01, 1.04, 2025-09-01T13:00:00+01:00, 2025-09-01T13:30:00+01:00
0.010000, 0.02, 1.04, 2025-09-01T13:30:00+01:00, 2025-09-01T14:00:00+01:00
0.003000, 0.02, 1.04, 2025-09-01T14:00:00+01:00, 2025-09-01T14:30:00+01:00
0.004000, 0.02, 1.04, 2025-09-01T14:30:00+01:00, 2025-09-01T15:00:00+01:00
0.006000, 0.04, 1.04, 2025-09-01T15:00:00+01:00, 2025-09-01T15:30:00+01:00
0.007000, 0.06, 1.04, 2025-09-01T15:30:00+01:00, 2025-09-01T16:00:00+01:00
0.002000, 0.06, 1.04, 2025-09-01T16:00:00+01:00, 2025-09-01T16:30:00+01:00
0.006000, 0.18, 1.04, 2025-09-01T16:30:00+01:00, 2025-09-01T17:00:00+01:00
0.002000, 0.06, 1.04, 2025-09-01T17:00:00+01:00, 2025-09-01T17:30:00+01:00
0.038000, 1.18, 1.04, 2025-09-01T17:30:00+01:00, 2025-09-01T18:00:00+01:00
0.004000, 0.13, 1.04, 2025-09-01T18:00:00+01:00, 2025-09-01T18:30:00+01:00
0.003000, 0.1, 1.04, 2025-09-01T18:30:00+01:00, 2025-09-01T19:00:00+01:00
0.003000, 0.07, 1.04, 2025-09-01T19:00:00+01:00, 2025-09-01T19:30:00+01:00
0.002000, 0.05, 1.04, 2025-09-01T19:30:00+01:00, 2025-09-01T20:00:00+01:00
0.003000, 0.07, 1.04, 2025-09-01T20:00:00+01:00, 2025-09-01T20:30:00+01:00
0.007000, 0.15, 1.04, 2025-09-01T20:30:00+01:00, 2025-09-01T21:00:00+01:00
0.003000, 0.07, 1.04, 2025-09-01T21:00:00+01:00, 2025-09-01T21:30:00+01:00
0.002000, 0.04, 1.04, 2025-09-01T21:30:00+01:00, 2025-09-01T22:00:00+01:00
0.191000, 3.35, 1.04, 2025-09-01T22:00:00+01:00, 2025-09-01T22:30:00+01:00
0.217000, 3.45, 1.04, 2025-09-01T22:30:00+01:00, 2025-09-01T23:00:00+01:00
0.204000, 3.15, 1.04, 2025-09-01T23:00:00+01:00, 2025-09-01T23:30:00+01:00
0.146000, 2.25, 1.04, 2025-09-01T23:30:00+01:00, 2025-09-02T00:00:00+01:00
0.176000, 2.79, 1.04, 2025-09-02T00:00:00+01:00, 2025-09-02T00:30:00+01:00
0.145000, 2.3, 1.04, 2025-09-02T00:30:00+01:00, 2025-09-02T01:00:00+01:00
1.234000, 19.05, 1.04, 2025-09-02T01:00:00+01:00, 2025-09-02T01:30:00+01:00
1.205000, 18.6, 1.04, 2025-09-02T01:30:00+01:00, 2025-09-02T02:00:00+01:00
1.244000, 19.2, 1.04, 2025-09-02T02:00:00+01:00, 2025-09-02T02:30:00+01:00
1.237000, 19.09, 1.04, 2025-09-02T02:30:00+01:00, 2025-09-02T03:00:00+01:00
1.220000, 18.83, 1.04, 2025-09-02T03:00:00+01:00, 2025-09-02T03:30:00+01:00
1.233000, 19.3, 1.04, 2025-09-02T03:30:00+01:00, 2025-09-02T04:00:00+01:00
1.218000, 21.49, 1.04, 2025-09-02T04:00:00+01:00, 2025-09-02T04:30:00+01:00
0.229000, 4.04, 1.04, 2025-09-02T04:30:00+01:00, 2025-09-02T05:00:00+01:00
0.006000, 0.11, 1.04, 2025-09-02T05:00:00+01:00, 2025-09-02T05:30:00+01:00
0.003000, 0.06, 1.04, 2025-09-02T05:30:00+01:00, 2025-09-02T06:00:00+01:00
0.001000, 0.02, 1.04, 2025-09-02T06:00:00+01:00, 2025-09-02T06:30:00+01:00
0.005000, 0.1, 1.04, 2025-09-02T06:30:00+01:00, 2025-09-02T07:00:00+01:00
0.002000, 0.04, 1.04, 2025-09-02T07:00:00+01:00, 2025-09-02T07:30:00+01:00
0.004000, 0.09, 1.04, 2025-09-02T07:30:00+01:00, 2025-09-02T08:00:00+01:00
0.006000, 0.12, 1.04, 2025-09-02T08:00:00+01:00, 2025-09-02T08:30:00+01:00
0.003000, 0.06, 1.04, 2025-09-02T08:30:00+01:00, 2025-09-02T09:00:00+01:00
0.004000, 0.08, 1.04, 2025-09-02T09:00:00+01:00, 2025-09-02T09:30:00+01:00
0.003000, 0.06, 1.04, 2025-09-02T09:30:00+01:00, 2025-09-02T10:00:00+01:00
0.003000, 0.05, 1.04, 2025-09-02T10:00:00+01:00, 2025-09-02T10:30:00+01:00
0.006000, 0.1, 1.04, 2025-09-02T10:30:00+01:00, 2025-09-02T11:00:00+01:00
0.009000, 0.15, 1.04, 2025-09-02T11:00:00+01:00, 2025-09-02T11:30:00+01:00
0.025000, 0.41, 1.04, 2025-09-02T11:30:00+01:00, 2025-09-02T12:00:00+01:00
0.009000, 0.15, 1.04, 2025-09-02T12:00:00+01:00, 2025-09-02T12:30:00+01:00
0.018000, 0.3, 1.04, 2025-09-02T12:30:00+01:00, 2025-09-02T13:00:00+01:00
0.009000, 0.15, 1.04, 2025-09-02T13:00:00+01:00, 2025-09-02T13:30:00+01:00
0.006000, 0.1, 1.04, 2025-09-02T13:30:00+01:00, 2025-09-02T14:00:00+01:00
0.002000, 0.03, 1.04, 2025-09-02T14:00:00+01:00, 2025-09-02T14:30:00+01:00
0.006000, 0.1, 1.04, 2025-09-02T14:30:00+01:00, 2025-09-02T15:00:00+01:00
0.003000, 0.05, 1.04, 2025-09-02T15:00:00+01:00, 2025-09-02T15:30:00+01:00
0.003000, 0.05, 1.04, 2025-09-02T15:30:00+01:00, 2025-09-02T16:00:00+01:00
0.002000, 0.06, 1.04, 2025-09-02T16:00:00+01:00, 2025-09-02T16:30:00+01:00
0.004000, 0.13, 1.04, 2025-09-02T16:30:00+01:00, 2025-09-02T17:00:00+01:00
0.004000, 0.13, 1.04, 2025-09-02T17:00:00+01:00, 2025-09-02T17:30:00+01:00
0.003000, 0.1, 1.04, 2025-09-02T17:30:00+01:00, 2025-09-02T18:00:00+01:00
0.017000, 0.6, 1.04, 2025-09-02T18:00:00+01:00, 2025-09-02T18:30:00+01:00
0.003000, 0.11, 1.04, 2025-09-02T18:30:00+01:00, 2025-09-02T19:00:00+01:00
0.008000, 0.19, 1.04, 2025-09-02T19:00:00+01:00, 2025-09-02T19:30:00+01:00
0.005000, 0.12, 1.04, 2025-09-02T19:30:00+01:00, 2025-09-02T20:00:00+01:00
0.004000, 0.09, 1.04, 2025-09-02T20:00:00+01:00, 2025-09-02T20:30:00+01:00
0.004000, 0.08, 1.04, 2025-09-02T20:30:00+01:00, 2025-09-02T21:00:00+01:00
0.007000, 0.13, 1.04, 2025-09-02T21:00:00+01:00, 2025-09-02T21:30:00+01:00
0.004000, 0.07, 1.04, 2025-09-02T21:30:00+01:00, 2025-09-02T22:00:00+01:00
0.002000, 0.04, 1.04, 2025-09-02T22:00:00+01:00, 2025-09-02T22:30:00+01:00
0.003000, 0.05, 1.04, 2025-09-02T22:30:00+01:00, 2025-09-02T23:00:00+01:00
0.002000, 0.03, 1.04, 2025-09-02T23:00:00+01:00, 2025-09-02T23:30:00+01:00
0.003000, 0.05, 1.04, 2025-09-02T23:30:00+01:00, 2025-09-03T00:00:00+01:00
0.001000, 0.02, 1.04, 2025-09-03T00:00:00+01:00, 2025-09-03T00:30:00+01:00
0.002000, 0.03, 1.04, 2025-09-03T00:30:00+01:00, 2025-09-03T01:00:00+01:00
1.218000, 19.75, 1.04, 2025-09-03T01:00:00+01:00, 2025-09-03T01:30:00+01:00
1.246000, 20.11, 1.04, 2025-09-03T01:30:00+01:00, 2025-09-03T02:00:00+01:00
1.238000, 19.39, 1.04, 2025-09-03T02:00:00+01:00, 2025-09-03T02:30:00+01:00
0.972000, 14.57, 1.04, 2025-09-03T02:30:00+01:00, 2025-09-03T03:00:00+01:00
0.168000, 2.56, 1.04, 2025-09-03T03:00:00+01:00, 2025-09-03T03:30:00+01:00
0.159000, 2.42, 1.04, 2025-09-03T03:30:00+01:00, 2025-09-03T04:00:00+01:00
0.167000, 2.62, 1.04, 2025-09-03T04:00:00+01:00, 2025-09-03T04:30:00+01:00
0.121000, 1.87, 1.04, 2025-09-03T04:30:00+01:00, 2025-09-03T05:00:00+01:00
0.009000, 0.15, 1.04, 2025-09-03T05:00:00+01:00, 2025-09-03T05:30:00+01:00
0.002000, 0.03, 1.04, 2025-09-03T05:30:00+01:00, 2025-09-03T06:00:00+01:00
0.002000, 0.04, 1.04, 2025-09-03T06:00:00+01:00, 2025-09-03T06:30:00+01:00
0.002000, 0.04, 1.04, 2025-09-03T06:30:00+01:00, 2025-09-03T07:00:00+01:00
0.003000, 0.06, 1.04, 2025-09-03T07:00:00+01:00, 2025-09-03T07:30:00+01:00
0.010000, 0.21, 1.04, 2025-09-03T07:30:00+01:00, 2025-09-03T08:00:00+01:00
0.003000, 0.06, 1.04, 2025-09-03T08:00:00+01:00, 2025-09-03T08:30:00+01:00
0.003000, 0.06, 1.04, 2025-09-03T08:30:00+01:00, 2025-09-03T09:00:00+01:00
0.004000, 0.08, 1.04, 2025-09-03T09:00:00+01:00, 2025-09-03T09:30:00+01:00
0.003000, 0.06, 1.04, 2025-09-03T09:30:00+01:00, 2025-09-03T10:00:00+01:00
0.029000, 0.58, 1.04, 2025-09-03T10:00:00+01:00, 2025-09-03T10:30:00+01:00
0.041000, 0.8, 1.04, 2025-09-03T10:30:00+01:00, 2025-09-03T11:00:00+01:00
0.008000, 0.14, 1.04, 2025-09-03T11:00:00+01:00, 2025-09-03T11:30:00+01:00
0.004000, 0.07, 1.04, 2025-09-03T11:30:00+01:00, 2025-09-03T12:00:00+01:00
0.005000, 0.09, 1.04, 2025-09-03T12:00:00+01:00, 2025-09-03T12:30:00+01:00
0.003000, 0.05, 1.04, 2025-09-03T12:30:00+01:00, 2025-09-03T13:00:00+01:00
0.007000, 0.11, 1.04, 2025-09-03T13:00:00+01:00, 2025-09-03T13:30:00+01:00
0.002000, 0.03, 1.04, 2025-09-03T13:30:00+01:00, 2025-09-03T14:00:00+01:00
0.006000, 0.09, 1.04, 2025-09-03T14:00:00+01:00, 2025-09-03T14:30:00+01:00
0.006000, 0.09, 1.04, 2025-09-03T14:30:00+01:00, 2025-09-03T15:00:00+01:00
0.008000, 0.11, 1.04, 2025-09-03T15:00:00+01:00, 2025-09-03T15:30:00+01:00
0.004000, 0.06, 1.04, 2025-09-03T15:30:00+01:00, 2025-09-03T16:00:00+01:00
0.001000, 0.03, 1.04, 2025-09-03T16:00:00+01:00, 2025-09-03T16:30:00+01:00
0.004000, 0.11, 1.04, 2025-09-03T16:30:00+01:00, 2025-09-03T17:00:00+01:00
0.004000, 0.12, 1.04, 2025-09-03T17:00:00+01:00, 2025-09-03T17:30:00+01:00
0.016000, 0.53, 1.04, 2025-09-03T17:30:00+01:00, 2025-09-03T18:00:00+01:00
0.032000, 1.1, 1.04, 2025-09-03T18:00:00+01:00, 2025-09-03T18:30:00+01:00
0.001000, 0.03, 1.04, 2025-09-03T18:30:00+01:00, 2025-09-03T19:00:00+01:00
0.003000, 0.06, 1.04, 2025-09-03T19:00:00+01:00, 2025-09-03T19:30:00+01:00
0.003000, 0.06, 1.04, 2025-09-03T19:30:00+01:00, 2025-09-03T20:00:00+01:00
0.003000, 0.06, 1.04, 2025-09-03T20:00:00+01:00, 2025-09-03T20:30:00+01:00
0.012000, 0.23, 1.04, 2025-09-03T20:30:00+01:00, 2025-09-03T21:00:00+01:00
0.005000, 0.09, 1.04, 2025-09-03T21:00:00+01:00, 2025-09-03T21:30:00+01:00
0.004000, 0.04, 1.04, 2025-09-03T21:30:00+01:00, 2025-09-03T22:00:00+01:00
0.001000, 0.01, 1.04, 2025-09-03T22:00:00+01:00, 2025-09-03T22:30:00+01:00
0.002000, 0.02, 1.04, 2025-09-03T22:30:00+01:00, 2025-09-03T23:00:00+01:00
0.002000, 0.02, 1.04, 2025-09-03T23:00:00+01:00, 2025-09-03T23:30:00+01:00
0.018000, 0.17, 1.04, 2025-09-03T23:30:00+01:00, 2025-09-04T00:00:00+01:00
0.160000, 1.41, 1.04, 2025-09-04T00:00:00+01:00, 2025-09-04T00:30:00+01:00
0.140000, 1.21, 1.04, 2025-09-04T00:30:00+01:00, 2025-09-04T01:00:00+01:00
1.223000, 10.75, 1.04, 2025-09-04T01:00:00+01:00, 2025-09-04T01:30:00+01:00
1.242000, 11.72, 1.04, 2025-09-04T01:30:00+01:00, 2025-09-04T02:00:00+01:00
1.200000, 12.08, 1.04, 2025-09-04T02:00:00+01:00, 2025-09-04T02:30:00+01:00
1.242000, 9.44, 1.04, 2025-09-04T02:30:00+01:00, 2025-09-04T03:00:00+01:00
1.213000, 10.97, 1.04, 2025-09-04T03:00:00+01:00, 2025-09-04T03:30:00+01:00
1.258000, 11.91, 1.04, 2025-09-04T03:30:00+01:00, 2025-09-04T04:00:00+01:00
1.208000, 14.12, 1.04, 2025-09-04T04:00:00+01:00, 2025-09-04T04:30:00+01:00
0.305000, 3.56, 1.04, 2025-09-04T04:30:00+01:00, 2025-09-04T05:00:00+01:00
0.008000, 0.12, 1.04, 2025-09-04T05:00:00+01:00, 2025-09-04T05:30:00+01:00
0.002000, 0.03, 1.04, 2025-09-04T05:30:00+01:00, 2025-09-04T06:00:00+01:00
0.002000, 0.03, 1.04, 2025-09-04T06:00:00+01:00, 2025-09-04T06:30:00+01:00
0.002000, 0.04, 1.04, 2025-09-04T06:30:00+01:00, 2025-09-04T07:00:00+01:00
0.002000, 0.04, 1.04, 2025-09-04T07:00:00+01:00, 2025-09-04T07:30:00+01:00
0.034000, 0.69, 1.04, 2025-09-04T07:30:00+01:00, 2025-09-04T08:00:00+01:00
0.004000, 0.08, 1.04, 2025-09-04T08:00:00+01:00, 2025-09-04T08:30:00+01:00
0.003000, 0.06, 1.04, 2025-09-04T08:30:00+01:00, 2025-09-04T09:00:00+01:00
0.002000, 0.04, 1.04, 2025-09-04T09:00:00+01:00, 2025-09-04T09:30:00+01:00
0.008000, 0.15, 1.04, 2025-09-04T09:30:00+01:00, 2025-09-04T10:00:00+01:00
0.006000, 0.11, 1.04, 2025-09-04T10:00:00+01:00, 2025-09-04T10:30:00+01:00
0.013000, 0.24, 1.04, 2025-09-04T10:30:00+01:00, 2025-09-04T11:00:00+01:00
0.004000, 0.07, 1.04, 2025-09-04T11:00:00+01:00, 2025-09-04T11:30:00+01:00
0.003000, 0.05, 1.04, 2025-09-04T11:30:00+01:00, 2025-09-04T12:00:00+01:00
0.002000, 0.03, 1.04, 2025-09-04T12:00:00+01:00, 2025-09-04T12:30:00+01:00
0.002000, 0.03, 1.04, 2025-09-04T12:30:00+01:00, 2025-09-04T13:00:00+01:00
0.002000, 0.03, 1.04, 2025-09-04T13:00:00+01:00, 2025-09-04T13:30:00+01:00
0.002000, 0.02, 1.04, 2025-09-04T13:30:00+01:00, 2025-09-04T14:00:00+01:00
0.002000, 0.03, 1.04, 2025-09-04T14:00:00+01:00, 2025-09-04T14:30:00+01:00
0.005000, 0.07, 1.04, 2025-09-04T14:30:00+01:00, 2025-09-04T15:00:00+01:00
0.004000, 0.06, 1.04, 2025-09-04T15:00:00+01:00, 2025-09-04T15:30:00+01:00
0.007000, 0.1, 1.04, 2025-09-04T15:30:00+01:00, 2025-09-04T16:00:00+01:00
0.008000, 0.24, 1.04, 2025-09-04T16:00:00+01:00, 2025-09-04T16:30:00+01:00
0.005000, 0.16, 1.04, 2025-09-04T16:30:00+01:00, 2025-09-04T17:00:00+01:00
0.005000, 0.17, 1.04, 2025-09-04T17:00:00+01:00, 2025-09-04T17:30:00+01:00
0.020000, 0.72, 1.04, 2025-09-04T17:30:00+01:00, 2025-09-04T18:00:00+01:00
0.006000, 0.22, 1.04, 2025-09-04T18:00:00+01:00, 2025-09-04T18:30:00+01:00
0.003000, 0.11, 1.04, 2025-09-04T18:30:00+01:00, 2025-09-04T19:00:00+01:00
0.005000, 0.13, 1.04, 2025-09-04T19:00:00+01:00, 2025-09-04T19:30:00+01:00
0.034000, 0.88, 1.04, 2025-09-04T19:30:00+01:00, 2025-09-04T20:00:00+01:00
0.005000, 0.12, 1.04, 2025-09-04T20:00:00+01:00, 2025-09-04T20:30:00+01:00
0.003000, 0.07, 1.04, 2025-09-04T20:30:00+01:00, 2025-09-04T21:00:00+01:00
0.003000, 0.06, 1.04, 2025-09-04T21:00:00+01:00, 2025-09-04T21:30:00+01:00
0.002000, 0.03, 1.04, 2025-09-04T21:30:00+01:00, 2025-09-04T22:00:00+01:00
0.003000, 0.05, 1.04, 2025-09-04T22:00:00+01:00, 2025-09-04T22:30:00+01:00
0.002000, 0.03, 1.04, 2025-09-04T22:30:00+01:00, 2025-09-04T23:00:00+01:00
0.002000, 0.03, 1.04, 2025-09-04T23:00:00+01:00, 2025-09-04T23:30:00+01:00
0.109000, 1.6, 1.04, 2025-09-04T23:30:00+01:00, 2025-09-05T00:00:00+01:00
0.149000, 2.35, 1.04, 2025-09-05T00:00:00+01:00, 2025-09-05T00:30:00+01:00
0.153000, 2.25, 1.04, 2025-09-05T00:30:00+01:00, 2025-09-05T01:00:00+01:00
1.234000, 18.87, 1.04, 2025-09-05T01:00:00+01:00, 2025-09-05T01:30:00+01:00
1.217000, 18.86, 1.04, 2025-09-05T01:30:00+01:00, 2025-09-05T02:00:00+01:00
1.222000, 18.76, 1.04, 2025-09-05T02:00:00+01:00, 2025-09-05T02:30:00+01:00
1.211000, 17.75, 1.04, 2025-09-05T02:30:00+01:00, 2025-09-05T03:00:00+01:00
1.252000, 18.5, 1.04, 2025-09-05T03:00:00+01:00, 2025-09-05T03:30:00+01:00
1.211000, 17.75, 1.04, 2025-09-05T03:30:00+01:00, 2025-09-05T04:00:00+01:00
1.246000, 19.23, 1.04, 2025-09-05T04:00:00+01:00, 2025-09-05T04:30:00+01:00
0.253000, 3.76, 1.04, 2025-09-05T04:30:00+01:00, 2025-09-05T05:00:00+01:00
0.007000, 0.1, 1.04, 2025-09-05T05:00:00+01:00, 2025-09-05T05:30:00+01:00
0.002000, 0.03, 1.04, 2025-09-05T05:30:00+01:00, 2025-09-05T06:00:00+01:00
0.003000, 0.06, 1.04, 2025-09-05T06:00:00+01:00, 2025-09-05T06:30:00+01:00
0.001000, 0.02, 1.04, 2025-09-05T06:30:00+01:00, 2025-09-05T07:00:00+01:00
0.005000, 0.11, 1.04, 2025-09-05T07:00:00+01:00, 2025-09-05T07:30:00+01:00
0.004000, 0.09, 1.04, 2025-09-05T07:30:00+01:00, 2025-09-05T08:00:00+01:00
0.007000, 0.16, 1.04, 2025-09-05T08:00:00+01:00, 2025-09-05T08:30:00+01:00
0.005000, 0.1, 1.04, 2025-09-05T08:30:00+01:00, 2025-09-05T09:00:00+01:00
0.006000, 0.11, 1.04, 2025-09-05T09:00:00+01:00, 2025-09-05T09:30:00+01:00
0.060000, 1.03, 1.04, 2025-09-05T09:30:00+01:00, 2025-09-05T10:00:00+01:00
0.008000, 0.14, 1.04, 2025-09-05T10:00:00+01:00, 2025-09-05T10:30:00+01:00
0.012000, 0.2, 1.04, 2025-09-05T10:30:00+01:00, 2025-09-05T11:00:00+01:00
0.007000, 0.11, 1.04, 2025-09-05T11:00:00+01:00, 2025-09-05T11:30:00+01:00
0.008000, 0.12, 1.04, 2025-09-05T11:30:00+01:00, 2025-09-05T12:00:00+01:00
0.009000, 0.14, 1.04, 2025-09-05T12:00:00+01:00, 2025-09-05T12:30:00+01:00
0.006000, 0.09, 1.04, 2025-09-05T12:30:00+01:00, 2025-09-05T13:00:00+01:00
0.010000, 0.16, 1.04, 2025-09-05T13:00:00+01:00, 2025-09-05T13:30:00+01:00
0.010000, 0.16, 1.04, 2025-09-05T13:30:00+01:00, 2025-09-05T14:00:00+01:00
0.003000, 0.05, 1.04, 2025-09-05T14:00:00+01:00, 2025-09-05T14:30:00+01:00
0.007000, 0.11, 1.04, 2025-09-05T14:30:00+01:00, 2025-09-05T15:00:00+01:00
0.007000, 0.11, 1.04, 2025-09-05T15:00:00+01:00, 2025-09-05T15:30:00+01:00
0.008000, 0.14, 1.04, 2025-09-05T15:30:00+01:00, 2025-09-05T16:00:00+01:00
0.004000, 0.11, 1.04, 2025-09-05T16:00:00+01:00, 2025-09-05T16:30:00+01:00
0.003000, 0.09, 1.04, 2025-09-05T16:30:00+01:00, 2025-09-05T17:00:00+01:00
0.004000, 0.11, 1.04, 2025-09-05T17:00:00+01:00, 2025-09-05T17:30:00+01:00
0.084000, 2.79, 1.04, 2025-09-05T17:30:00+01:00, 2025-09-05T18:00:00+01:00
0.119000, 4.31, 1.04, 2025-09-05T18:00:00+01:00, 2025-09-05T18:30:00+01:00
0.002000, 0.08, 1.04, 2025-09-05T18:30:00+01:00, 2025-09-05T19:00:00+01:00
0.001000, 0.03, 1.04, 2025-09-05T19:00:00+01:00, 2025-09-05T19:30:00+01:00
0.004000, 0.11, 1.04, 2025-09-05T19:30:00+01:00, 2025-09-05T20:00:00+01:00
0.002000, 0.05, 1.04, 2025-09-05T20:00:00+01:00, 2025-09-05T20:30:00+01:00
0.003000, 0.06, 1.04, 2025-09-05T20:30:00+01:00, 2025-09-05T21:00:00+01:00
0.002000, 0.04, 1.04, 2025-09-05T21:00:00+01:00, 2025-09-05T21:30:00+01:00
0.002000, 0.04, 1.04, 2025-09-05T21:30:00+01:00, 2025-09-05T22:00:00+01:00
0.003000, 0.06, 1.04, 2025-09-05T22:00:00+01:00, 2025-09-05T22:30:00+01:00
0.002000, 0.03, 1.04, 2025-09-05T22:30:00+01:00, 2025-09-05T23:00:00+01:00
0.002000, 0.04, 1.04, 2025-09-05T23:00:00+01:00, 2025-09-05T23:30:00+01:00
0.002000, 0.04, 1.04, 2025-09-05T23:30:00+01:00, 2025-09-06T00:00:00+01:00
0.002000, 0.04, 1.04, 2025-09-06T00:00:00+01:00, 2025-09-06T00:30:00+01:00
0.002000, 0.04, 1.04, 2025-09-06T00:30:00+01:00, 2025-09-06T01:00:00+01:00
1.210000, 22.68, 1.04, 2025-09-06T01:00:00+01:00, 2025-09-06T01:30:00+01:00
1.229000, 23, 1.04, 2025-09-06T01:30:00+01:00, 2025-09-06T02:00:00+01:00
1.231000, 22, 1.04, 2025-09-06T02:00:00+01:00, 2025-09-06T02:30:00+01:00
1.247000, 20.9, 1.04, 2025-09-06T02:30:00+01:00, 2025-09-06T03:00:00+01:00
1.199000, 20.27, 1.04, 2025-09-06T03:00:00+01:00, 2025-09-06T03:30:00+01:00
1.050000, 17.36, 1.04, 2025-09-06T03:30:00+01:00, 2025-09-06T04:00:00+01:00
0.164000, 2.74, 1.04, 2025-09-06T04:00:00+01:00, 2025-09-06T04:30:00+01:00
0.159000, 2.48, 1.04, 2025-09-06T04:30:00+01:00, 2025-09-06T05:00:00+01:00
0.007000, 0.12, 1.04, 2025-09-06T05:00:00+01:00, 2025-09-06T05:30:00+01:00
0.002000, 0.03, 1.04, 2025-09-06T05:30:00+01:00, 2025-09-06T06:00:00+01:00
0.002000, 0.04, 1.04, 2025-09-06T06:00:00+01:00, 2025-09-06T06:30:00+01:00
0.004000, 0.07, 1.04, 2025-09-06T06:30:00+01:00, 2025-09-06T07:00:00+01:00
0.002000, 0.04, 1.04, 2025-09-06T07:00:00+01:00, 2025-09-06T07:30:00+01:00
0.002000, 0.04, 1.04, 2025-09-06T07:30:00+01:00, 2025-09-06T08:00:00+01:00
0.005000, 0.08, 1.04, 2025-09-06T08:00:00+01:00, 2025-09-06T08:30:00+01:00
0.002000, 0.04, 1.04, 2025-09-06T08:30:00+01:00, 2025-09-06T09:00:00+01:00
0.002000, 0.04, 1.04, 2025-09-06T09:00:00+01:00, 2025-09-06T09:30:00+01:00
0.004000, 0.06, 1.04, 2025-09-06T09:30:00+01:00, 2025-09-06T10:00:00+01:00
0.004000, 0.05, 1.04, 2025-09-06T10:00:00+01:00, 2025-09-06T10:30:00+01:00
0.005000, 0.04, 1.04, 2025-09-06T10:30:00+01:00, 2025-09-06T11:00:00+01:00
0.015000, 0.06, 1.04, 2025-09-06T11:00:00+01:00, 2025-09-06T11:30:00+01:00
0.215000, 0.44, 1.04, 2025-09-06T11:30:00+01:00, 2025-09-06T12:00:00+01:00
1.043000, 4.56, 1.04, 2025-09-06T12:00:00+01:00, 2025-09-06T12:30:00+01:00
0.251000, 0.51, 1.04, 2025-09-06T12:30:00+01:00, 2025-09-06T13:00:00+01:00
0.333000, 0.51, 1.04, 2025-09-06T13:00:00+01:00, 2025-09-06T13:30:00+01:00
0.279000, 0.31, 1.04, 2025-09-06T13:30:00+01:00, 2025-09-06T14:00:00+01:00
0.157000, 0.11, 1.04, 2025-09-06T14:00:00+01:00, 2025-09-06T14:30:00+01:00
0.173000, 0.03, 1.04, 2025-09-06T14:30:00+01:00, 2025-09-06T15:00:00+01:00
0.692000, 1.76, 1.04, 2025-09-06T15:00:00+01:00, 2025-09-06T15:30:00+01:00
0.623000, 2.2, 1.04, 2025-09-06T15:30:00+01:00, 2025-09-06T16:00:00+01:00
0.027000, 0.51, 1.04, 2025-09-06T16:00:00+01:00, 2025-09-06T16:30:00+01:00
0.003000, 0.08, 1.04, 2025-09-06T16:30:00+01:00, 2025-09-06T17:00:00+01:00
0.009000, 0.21, 1.04, 2025-09-06T17:00:00+01:00, 2025-09-06T17:30:00+01:00
0.011000, 0.31, 1.04, 2025-09-06T17:30:00+01:00, 2025-09-06T18:00:00+01:00
0.204000, 5.47, 1.04, 2025-09-06T18:00:00+01:00, 2025-09-06T18:30:00+01:00
0.004000, 0.11, 1.04, 2025-09-06T18:30:00+01:00, 2025-09-06T19:00:00+01:00
0.004000, 0.06, 1.04, 2025-09-06T19:00:00+01:00, 2025-09-06T19:30:00+01:00
0.002000, 0.03, 1.04, 2025-09-06T19:30:00+01:00, 2025-09-06T20:00:00+01:00
0.023000, 0.34, 1.04, 2025-09-06T20:00:00+01:00, 2025-09-06T20:30:00+01:00
0.140000, 1.59, 1.04, 2025-09-06T20:30:00+01:00, 2025-09-06T21:00:00+01:00
0.178000, 2.14, 1.04, 2025-09-06T21:00:00+01:00, 2025-09-06T21:30:00+01:00
0.005000, 0.04, 1.04, 2025-09-06T21:30:00+01:00, 2025-09-06T22:00:00+01:00
0.509000, 1.95, 1.04, 2025-09-06T22:00:00+01:00, 2025-09-06T22:30:00+01:00
0.172000, 0, 1.04, 2025-09-06T22:30:00+01:00, 2025-09-06T23:00:00+01:00
0.002000, 0, 1.04, 2025-09-06T23:00:00+01:00, 2025-09-06T23:30:00+01:00
0.039000, -0.02, 1.04, 2025-09-06T23:30:00+01:00, 2025-09-07T00:00:00+01:00
0.138000, 0, 1.04, 2025-09-07T00:00:00+01:00, 2025-09-07T00:30:00+01:00
0.186000, 0.07, 1.04, 2025-09-07T00:30:00+01:00, 2025-09-07T01:00:00+01:00
0.146000, 0.24, 1.04, 2025-09-07T01:00:00+01:00, 2025-09-07T01:30:00+01:00
0.148000, 0.48, 1.04, 2025-09-07T01:30:00+01:00, 2025-09-07T02:00:00+01:00
0.161000, 0.71, 1.04, 2025-09-07T02:00:00+01:00, 2025-09-07T02:30:00+01:00
0.136000, 0.36, 1.04, 2025-09-07T02:30:00+01:00, 2025-09-07T03:00:00+01:00
0.169000, 0.12, 1.04, 2025-09-07T03:00:00+01:00, 2025-09-07T03:30:00+01:00
0.140000, 0, 1.04, 2025-09-07T03:30:00+01:00, 2025-09-07T04:00:00+01:00
0.158000, 0.26, 1.04, 2025-09-07T04:00:00+01:00, 2025-09-07T04:30:00+01:00
0.167000, 0.34, 1.04, 2025-09-07T04:30:00+01:00, 2025-09-07T05:00:00+01:00
0.143000, 0.29, 1.04, 2025-09-07T05:00:00+01:00, 2025-09-07T05:30:00+01:00
0.167000, 0.34, 1.04, 2025-09-07T05:30:00+01:00, 2025-09-07T06:00:00+01:00
0.131000, 0.27, 1.04, 2025-09-07T06:00:00+01:00, 2025-09-07T06:30:00+01:00
0.167000, 0.23, 1.04, 2025-09-07T06:30:00+01:00, 2025-09-07T07:00:00+01:00
0.131000, 0.09, 1.04, 2025-09-07T07:00:00+01:00, 2025-09-07T07:30:00+01:00
0.158000, 0.07, 1.04, 2025-09-07T07:30:00+01:00, 2025-09-07T08:00:00+01:00
0.243000, 0.32, 1.04, 2025-09-07T08:00:00+01:00, 2025-09-07T08:30:00+01:00
0.196000, 0.86, 1.04, 2025-09-07T08:30:00+01:00, 2025-09-07T09:00:00+01:00
0.358000, -0.16, 1.04, 2025-09-07T09:00:00+01:00, 2025-09-07T09:30:00+01:00
0.180000, 0.04, 1.04, 2025-09-07T09:30:00+01:00, 2025-09-07T10:00:00+01:00
0.236000, -0.23, 1.04, 2025-09-07T10:00:00+01:00, 2025-09-07T10:30:00+01:00
0.122000, -0.02, 1.04, 2025-09-07T10:30:00+01:00, 2025-09-07T11:00:00+01:00
0.175000, -0.29, 1.04, 2025-09-07T11:00:00+01:00, 2025-09-07T11:30:00+01:00
0.472000, -1.94, 1.04, 2025-09-07T11:30:00+01:00, 2025-09-07T12:00:00+01:00
1.531000, -7.02, 1.04, 2025-09-07T12:00:00+01:00, 2025-09-07T12:30:00+01:00
1.276000, -3.89, 1.04, 2025-09-07T12:30:00+01:00, 2025-09-07T13:00:00+01:00
1.771000, -2.66, 1.04, 2025-09-07T13:00:00+01:00, 2025-09-07T13:30:00+01:00
1.554000, -4.24, 1.04, 2025-09-07T13:30:00+01:00, 2025-09-07T14:00:00+01:00
1.453000, -3.88, 1.04, 2025-09-07T14:00:00+01:00, 2025-09-07T14:30:00+01:00
1.121000, 0.18, 1.04, 2025-09-07T14:30:00+01:00, 2025-09-07T15:00:00+01:00
1.294000, -0.65, 1.04, 2025-09-07T15:00:00+01:00, 2025-09-07T15:30:00+01:00
0.156000, 0.69, 1.04, 2025-09-07T15:30:00+01:00, 2025-09-07T16:00:00+01:00
0.002000, 0.03, 1.04, 2025-09-07T16:00:00+01:00, 2025-09-07T16:30:00+01:00
0.005000, 0.14, 1.04, 2025-09-07T16:30:00+01:00, 2025-09-07T17:00:00+01:00
0.005000, 0.15, 1.04, 2025-09-07T17:00:00+01:00, 2025-09-07T17:30:00+01:00
0.002000, 0.07, 1.04, 2025-09-07T17:30:00+01:00, 2025-09-07T18:00:00+01:00
0.048000, 1.45, 1.04, 2025-09-07T18:00:00+01:00, 2025-09-07T18:30:00+01:00
0.135000, 4.29, 1.04, 2025-09-07T18:30:00+01:00, 2025-09-07T19:00:00+01:00
0.002000, 0.04, 1.04, 2025-09-07T19:00:00+01:00, 2025-09-07T19:30:00+01:00
0.009000, 0.17, 1.04, 2025-09-07T19:30:00+01:00, 2025-09-07T20:00:00+01:00
0.030000, 0.59, 1.04, 2025-09-07T20:00:00+01:00, 2025-09-07T20:30:00+01:00
0.011000, 0.2, 1.04, 2025-09-07T20:30:00+01:00, 2025-09-07T21:00:00+01:00
0.014000, 0.25, 1.04, 2025-09-07T21:00:00+01:00, 2025-09-07T21:30:00+01:00
0.002000, 0.02, 1.04, 2025-09-07T21:30:00+01:00, 2025-09-07T22:00:00+01:00
0.156000, 3.12, 1.04, 2025-09-07T22:00:00+01:00, 2025-09-07T22:30:00+01:00
0.228000, 3.17, 1.04, 2025-09-07T22:30:00+01:00, 2025-09-07T23:00:00+01:00
0.039000, 0.58, 1.04, 2025-09-07T23:00:00+01:00, 2025-09-07T23:30:00+01:00
0.045000, 0.61, 1.04, 2025-09-07T23:30:00+01:00, 2025-09-08T00:00:00+01:00
0.221000, 2.8, 1.04, 2025-09-08T00:00:00+01:00, 2025-09-08T00:30:00+01:00
0.196000, 2.38, 1.04, 2025-09-08T00:30:00+01:00, 2025-09-08T01:00:00+01:00
0.233000, 2.77, 1.04, 2025-09-08T01:00:00+01:00, 2025-09-08T01:30:00+01:00
0.197000, 2.56, 1.04, 2025-09-08T01:30:00+01:00, 2025-09-08T02:00:00+01:00
0.241000, 3.36, 1.04, 2025-09-08T02:00:00+01:00, 2025-09-08T02:30:00+01:00
0.190000, 2.65, 1.04, 2025-09-08T02:30:00+01:00, 2025-09-08T03:00:00+01:00
0.245000, 3.66, 1.04, 2025-09-08T03:00:00+01:00, 2025-09-08T03:30:00+01:00
0.247000, 3.59, 1.04, 2025-09-08T03:30:00+01:00, 2025-09-08T04:00:00+01:00
0.209000, 3.18, 1.04, 2025-09-08T04:00:00+01:00, 2025-09-08T04:30:00+01:00
0.237000, 3.61, 1.04, 2025-09-08T04:30:00+01:00, 2025-09-08T05:00:00+01:00
0.183000, 3.51, 1.04, 2025-09-08T05:00:00+01:00, 2025-09-08T05:30:00+01:00
0.243000, 4.5, 1.04, 2025-09-08T05:30:00+01:00, 2025-09-08T06:00:00+01:00
0.198000, 3.91, 1.04, 2025-09-08T06:00:00+01:00, 2025-09-08T06:30:00+01:00
0.228000, 5.03, 1.04, 2025-09-08T06:30:00+01:00, 2025-09-08T07:00:00+01:00
0.184000, 4.43, 1.04, 2025-09-08T07:00:00+01:00, 2025-09-08T07:30:00+01:00
0.403000, 10.1, 1.04, 2025-09-08T07:30:00+01:00, 2025-09-08T08:00:00+01:00
0.159000, 3.72, 1.04, 2025-09-08T08:00:00+01:00, 2025-09-08T08:30:00+01:00
0.150000, 3.39, 1.04, 2025-09-08T08:30:00+01:00, 2025-09-08T09:00:00+01:00
0.029000, 0.56, 1.04, 2025-09-08T09:00:00+01:00, 2025-09-08T09:30:00+01:00
0.023000, 0.44, 1.04, 2025-09-08T09:30:00+01:00, 2025-09-08T10:00:00+01:00
0.006000, 0.11, 1.04, 2025-09-08T10:00:00+01:00, 2025-09-08T10:30:00+01:00
0.329000, 6.25, 1.04, 2025-09-08T10:30:00+01:00, 2025-09-08T11:00:00+01:00
0.040000, 0.68, 1.04, 2025-09-08T11:00:00+01:00, 2025-09-08T11:30:00+01:00
0.007000, 0.12, 1.04, 2025-09-08T11:30:00+01:00, 2025-09-08T12:00:00+01:00
0.860000, 15.24, 1.04, 2025-09-08T12:00:00+01:00, 2025-09-08T12:30:00+01:00
1.155000, 18.48, 1.04, 2025-09-08T12:30:00+01:00, 2025-09-08T13:00:00+01:00
1.248000, 18.71, 1.04, 2025-09-08T13:00:00+01:00, 2025-09-08T13:30:00+01:00
1.235000, 16.88, 1.04, 2025-09-08T13:30:00+01:00, 2025-09-08T14:00:00+01:00
0.638000, 9.29, 1.04, 2025-09-08T14:00:00+01:00, 2025-09-08T14:30:00+01:00
0.884000, 12.16, 1.04, 2025-09-08T14:30:00+01:00, 2025-09-08T15:00:00+01:00
0.606000, 10.26, 1.04, 2025-09-08T15:00:00+01:00, 2025-09-08T15:30:00+01:00
0.068000, 1.18, 1.04, 2025-09-08T15:30:00+01:00, 2025-09-08T16:00:00+01:00
0.003000, 0.09, 1.04, 2025-09-08T16:00:00+01:00, 2025-09-08T16:30:00+01:00
0.005000, 0.16, 1.04, 2025-09-08T16:30:00+01:00, 2025-09-08T17:00:00+01:00
0.003000, 0.11, 1.04, 2025-09-08T17:00:00+01:00, 2025-09-08T17:30:00+01:00
0.145000, 5.71, 1.04, 2025-09-08T17:30:00+01:00, 2025-09-08T18:00:00+01:00
0.004000, 0.17, 1.04, 2025-09-08T18:00:00+01:00, 2025-09-08T18:30:00+01:00
0.004000, 0.17, 1.04, 2025-09-08T18:30:00+01:00, 2025-09-08T19:00:00+01:00
0.002000, 0.06, 1.04, 2025-09-08T19:00:00+01:00, 2025-09-08T19:30:00+01:00
0.002000, 0.06, 1.04, 2025-09-08T19:30:00+01:00, 2025-09-08T20:00:00+01:00
0.002000, 0.06, 1.04, 2025-09-08T20:00:00+01:00, 2025-09-08T20:30:00+01:00
0.003000, 0.08, 1.04, 2025-09-08T20:30:00+01:00, 2025-09-08T21:00:00+01:00
0.001000, 0.03, 1.04, 2025-09-08T21:00:00+01:00, 2025-09-08T21:30:00+01:00
0.036000, 0.76, 1.04, 2025-09-08T21:30:00+01:00, 2025-09-08T22:00:00+01:00
0.005000, 0.09, 1.04, 2025-09-08T22:00:00+01:00, 2025-09-08T22:30:00+01:00
0.002000, 0.04, 1.04, 2025-09-08T22:30:00+01:00, 2025-09-08T23:00:00+01:00
0.001000, 0.01, 1.04, 2025-09-08T23:00:00+01:00, 2025-09-08T23:30:00+01:00
0.002000, 0.03, 1.04, 2025-09-08T23:30:00+01:00, 2025-09-09T00:00:00+01:00
0.002000, 0.03, 1.04, 2025-09-09T00:00:00+01:00, 2025-09-09T00:30:00+01:00
0.002000, 0.02, 1.04, 2025-09-09T00:30:00+01:00, 2025-09-09T01:00:00+01:00
0.001000, 0.01, 1.04, 2025-09-09T01:00:00+01:00, 2025-09-09T01:30:00+01:00
0.003000, 0.04, 1.04, 2025-09-09T01:30:00+01:00, 2025-09-09T02:00:00+01:00
0.002000, 0.03, 1.04, 2025-09-09T02:00:00+01:00, 2025-09-09T02:30:00+01:00
0.002000, 0.03, 1.04, 2025-09-09T02:30:00+01:00, 2025-09-09T03:00:00+01:00
0.002000, 0.03, 1.04, 2025-09-09T03:00:00+01:00, 2025-09-09T03:30:00+01:00
0.001000, 0.01, 1.04, 2025-09-09T03:30:00+01:00, 2025-09-09T04:00:00+01:00
0.002000, 0.03, 1.04, 2025-09-09T04:00:00+01:00, 2025-09-09T04:30:00+01:00
0.001000, 0.02, 1.04, 2025-09-09T04:30:00+01:00, 2025-09-09T05:00:00+01:00
0.251000, 4.82, 1.04, 2025-09-09T05:00:00+01:00, 2025-09-09T05:30:00+01:00
0.207000, 3.83, 1.04, 2025-09-09T05:30:00+01:00, 2025-09-09T06:00:00+01:00
0.578000, 11.42, 1.04, 2025-09-09T06:00:00+01:00, 2025-09-09T06:30:00+01:00
0.154000, 3.4, 1.04, 2025-09-09T06:30:00+01:00, 2025-09-09T07:00:00+01:00
0.146000, 3.52, 1.04, 2025-09-09T07:00:00+01:00, 2025-09-09T07:30:00+01:00
0.360000, 9.02, 1.04, 2025-09-09T07:30:00+01:00, 2025-09-09T08:00:00+01:00
0.402000, 9.4, 1.04, 2025-09-09T08:00:00+01:00, 2025-09-09T08:30:00+01:00
0.094000, 2.12, 1.04, 2025-09-09T08:30:00+01:00, 2025-09-09T09:00:00+01:00
0.026000, 0.5, 1.04, 2025-09-09T09:00:00+01:00, 2025-09-09T09:30:00+01:00
0.713000, 13.52, 1.04, 2025-09-09T09:30:00+01:00, 2025-09-09T10:00:00+01:00
0.887000, 16.82, 1.04, 2025-09-09T10:00:00+01:00, 2025-09-09T10:30:00+01:00
0.761000, 14.45, 1.04, 2025-09-09T10:30:00+01:00, 2025-09-09T11:00:00+01:00
0.693000, 11.75, 1.04, 2025-09-09T11:00:00+01:00, 2025-09-09T11:30:00+01:00
1.195000, 19.85, 1.04, 2025-09-09T11:30:00+01:00, 2025-09-09T12:00:00+01:00
0.706000, 12.51, 1.04, 2025-09-09T12:00:00+01:00, 2025-09-09T12:30:00+01:00
0.591000, 9.46, 1.04, 2025-09-09T12:30:00+01:00, 2025-09-09T13:00:00+01:00
0.679000, 10.18, 1.04, 2025-09-09T13:00:00+01:00, 2025-09-09T13:30:00+01:00
0.014000, 0.19, 1.04, 2025-09-09T13:30:00+01:00, 2025-09-09T14:00:00+01:00
0.008000, 0.12, 1.04, 2025-09-09T14:00:00+01:00, 2025-09-09T14:30:00+01:00
0.014000, 0.19, 1.04, 2025-09-09T14:30:00+01:00, 2025-09-09T15:00:00+01:00
0.004000, 0.07, 1.04, 2025-09-09T15:00:00+01:00, 2025-09-09T15:30:00+01:00
0.155000, 2.68, 1.04, 2025-09-09T15:30:00+01:00, 2025-09-09T16:00:00+01:00
0.010000, 0.31, 1.04, 2025-09-09T16:00:00+01:00, 2025-09-09T16:30:00+01:00
0.004000, 0.13, 1.04, 2025-09-09T16:30:00+01:00, 2025-09-09T17:00:00+01:00
0.004000, 0.14, 1.04, 2025-09-09T17:00:00+01:00, 2025-09-09T17:30:00+01:00
0.015000, 0.59, 1.04, 2025-09-09T17:30:00+01:00, 2025-09-09T18:00:00+01:00
0.003000, 0.12, 1.04, 2025-09-09T18:00:00+01:00, 2025-09-09T18:30:00+01:00
0.005000, 0.21, 1.04, 2025-09-09T18:30:00+01:00, 2025-09-09T19:00:00+01:00
0.002000, 0.06, 1.04, 2025-09-09T19:00:00+01:00, 2025-09-09T19:30:00+01:00
0.003000, 0.1, 1.04, 2025-09-09T19:30:00+01:00, 2025-09-09T20:00:00+01:00
0.003000, 0.09, 1.04, 2025-09-09T20:00:00+01:00, 2025-09-09T20:30:00+01:00
0.004000, 0.11, 1.04, 2025-09-09T20:30:00+01:00, 2025-09-09T21:00:00+01:00
0.005000, 0.13, 1.04, 2025-09-09T21:00:00+01:00, 2025-09-09T21:30:00+01:00
0.002000, 0.04, 1.04, 2025-09-09T21:30:00+01:00, 2025-09-09T22:00:00+01:00
0.002000, 0.04, 1.04, 2025-09-09T22:00:00+01:00, 2025-09-09T22:30:00+01:00
0.002000, 0.04, 1.04, 2025-09-09T22:30:00+01:00, 2025-09-09T23:00:00+01:00
0.002000, 0.03, 1.04, 2025-09-09T23:00:00+01:00, 2025-09-09T23:30:00+01:00
0.001000, 0.01, 1.04, 2025-09-09T23:30:00+01:00, 2025-09-10T00:00:00+01:00
0.002000, 0.02, 1.04, 2025-09-10T00:00:00+01:00, 2025-09-10T00:30:00+01:00
0.002000, 0.02, 1.04, 2025-09-10T00:30:00+01:00, 2025-09-10T01:00:00+01:00
0.001000, 0.01, 1.04, 2025-09-10T01:00:00+01:00, 2025-09-10T01:30:00+01:00
0.003000, 0.04, 1.04, 2025-09-10T01:30:00+01:00, 2025-09-10T02:00:00+01:00
0.002000, 0.03, 1.04, 2025-09-10T02:00:00+01:00, 2025-09-10T02:30:00+01:00
0.001000, 0.01, 1.04, 2025-09-10T02:30:00+01:00, 2025-09-10T03:00:00+01:00
0.002000, 0.03, 1.04, 2025-09-10T03:00:00+01:00, 2025-09-10T03:30:00+01:00
0.002000, 0.02, 1.04, 2025-09-10T03:30:00+01:00, 2025-09-10T04:00:00+01:00
0.002000, 0.03, 1.04, 2025-09-10T04:00:00+01:00, 2025-09-10T04:30:00+01:00
0.002000, 0.03, 1.04, 2025-09-10T04:30:00+01:00, 2025-09-10T05:00:00+01:00
0.001000, 0.01, 1.04, 2025-09-10T05:00:00+01:00, 2025-09-10T05:30:00+01:00
0.002000, 0.03, 1.04, 2025-09-10T05:30:00+01:00, 2025-09-10T06:00:00+01:00
0.002000, 0.04, 1.04, 2025-09-10T06:00:00+01:00, 2025-09-10T06:30:00+01:00
0.126000, 2.9, 1.04, 2025-09-10T06:30:00+01:00, 2025-09-10T07:00:00+01:00
0.130000, 2.78, 1.04, 2025-09-10T07:00:00+01:00, 2025-09-10T07:30:00+01:00
0.412000, 10.64, 1.04, 2025-09-10T07:30:00+01:00, 2025-09-10T08:00:00+01:00
0.382000, 8.64, 1.04, 2025-09-10T08:00:00+01:00, 2025-09-10T08:30:00+01:00
0.228000, 5.01, 1.04, 2025-09-10T08:30:00+01:00, 2025-09-10T09:00:00+01:00
0.113000, 2.24, 1.04, 2025-09-10T09:00:00+01:00, 2025-09-10T09:30:00+01:00
0.026000, 0.43, 1.04, 2025-09-10T09:30:00+01:00, 2025-09-10T10:00:00+01:00
1.004000, 18.17, 1.04, 2025-09-10T10:00:00+01:00, 2025-09-10T10:30:00+01:00
0.815000, 11.7, 1.04, 2025-09-10T10:30:00+01:00, 2025-09-10T11:00:00+01:00
0.773000, 11.76, 1.04, 2025-09-10T11:00:00+01:00, 2025-09-10T11:30:00+01:00
0.779000, 10.4, 1.04, 2025-09-10T11:30:00+01:00, 2025-09-10T12:00:00+01:00
0.706000, 10.22, 1.04, 2025-09-10T12:00:00+01:00, 2025-09-10T12:30:00+01:00
1.039000, 12.82, 1.04, 2025-09-10T12:30:00+01:00, 2025-09-10T13:00:00+01:00
1.141000, 17.73, 1.04, 2025-09-10T13:00:00+01:00, 2025-09-10T13:30:00+01:00
0.036000, 0.51, 1.04, 2025-09-10T13:30:00+01:00, 2025-09-10T14:00:00+01:00
0.042000, 0.64, 1.04, 2025-09-10T14:00:00+01:00, 2025-09-10T14:30:00+01:00
0.141000, 1.86, 1.04, 2025-09-10T14:30:00+01:00, 2025-09-10T15:00:00+01:00
0.143000, 2, 1.04, 2025-09-10T15:00:00+01:00, 2025-09-10T15:30:00+01:00
0.064000, 1.03, 1.04, 2025-09-10T15:30:00+01:00, 2025-09-10T16:00:00+01:00
0.003000, 0.08, 1.04, 2025-09-10T16:00:00+01:00, 2025-09-10T16:30:00+01:00
0.001000, 0.03, 1.04, 2025-09-10T16:30:00+01:00, 2025-09-10T17:00:00+01:00
0.002000, 0.07, 1.04, 2025-09-10T17:00:00+01:00, 2025-09-10T17:30:00+01:00
0.002000, 0.07, 1.04, 2025-09-10T17:30:00+01:00, 2025-09-10T18:00:00+01:00
0.092000, 3.19, 1.04, 2025-09-10T18:00:00+01:00, 2025-09-10T18:30:00+01:00
0.006000, 0.21, 1.04, 2025-09-10T18:30:00+01:00, 2025-09-10T19:00:00+01:00
0.005000, 0.11, 1.04, 2025-09-10T19:00:00+01:00, 2025-09-10T19:30:00+01:00
0.004000, 0.09, 1.04, 2025-09-10T19:30:00+01:00, 2025-09-10T20:00:00+01:00
0.003000, 0.07, 1.04, 2025-09-10T20:00:00+01:00, 2025-09-10T20:30:00+01:00
0.004000, 0.07, 1.04, 2025-09-10T20:30:00+01:00, 2025-09-10T21:00:00+01:00
0.003000, 0.05, 1.04, 2025-09-10T21:00:00+01:00, 2025-09-10T21:30:00+01:00
0.002000, 0.03, 1.04, 2025-09-10T21:30:00+01:00, 2025-09-10T22:00:00+01:00
0.003000, 0.04, 1.04, 2025-09-10T22:00:00+01:00, 2025-09-10T22:30:00+01:00
0.002000, 0.01, 1.04, 2025-09-10T22:30:00+01:00, 2025-09-10T23:00:00+01:00
0.002000, 0.01, 1.04, 2025-09-10T23:00:00+01:00, 2025-09-10T23:30:00+01:00
0.002000, 0, 1.04, 2025-09-10T23:30:00+01:00, 2025-09-11T00:00:00+01:00
0.001000, 0, 1.04, 2025-09-11T00:00:00+01:00, 2025-09-11T00:30:00+01:00
0.002000, 0.01, 1.04, 2025-09-11T00:30:00+01:00, 2025-09-11T01:00:00+01:00
0.002000, 0.01, 1.04, 2025-09-11T01:00:00+01:00, 2025-09-11T01:30:00+01:00
0.002000, 0, 1.04, 2025-09-11T01:30:00+01:00, 2025-09-11T02:00:00+01:00
0.002000, 0, 1.04, 2025-09-11T02:00:00+01:00, 2025-09-11T02:30:00+01:00
0.002000, 0, 1.04, 2025-09-11T02:30:00+01:00, 2025-09-11T03:00:00+01:00
0.002000, 0, 1.04, 2025-09-11T03:00:00+01:00, 2025-09-11T03:30:00+01:00
0.002000, 0, 1.04, 2025-09-11T03:30:00+01:00, 2025-09-11T04:00:00+01:00
0.001000, 0, 1.04, 2025-09-11T04:00:00+01:00, 2025-09-11T04:30:00+01:00
0.002000, 0, 1.04, 2025-09-11T04:30:00+01:00, 2025-09-11T05:00:00+01:00
0.002000, 0, 1.04, 2025-09-11T05:00:00+01:00, 2025-09-11T05:30:00+01:00
0.002000, 0, 1.04, 2025-09-11T05:30:00+01:00, 2025-09-11T06:00:00+01:00
0.106000, 0.93, 1.04, 2025-09-11T06:00:00+01:00, 2025-09-11T06:30:00+01:00
0.135000, 2.29, 1.04, 2025-09-11T06:30:00+01:00, 2025-09-11T07:00:00+01:00
0.147000, 2.01, 1.04, 2025-09-11T07:00:00+01:00, 2025-09-11T07:30:00+01:00
0.422000, 6.51, 1.04, 2025-09-11T07:30:00+01:00, 2025-09-11T08:00:00+01:00
0.278000, 4.14, 1.04, 2025-09-11T08:00:00+01:00, 2025-09-11T08:30:00+01:00
0.088000, 1.22, 1.04, 2025-09-11T08:30:00+01:00, 2025-09-11T09:00:00+01:00
0.767000, 10.63, 1.04, 2025-09-11T09:00:00+01:00, 2025-09-11T09:30:00+01:00
0.018000, 0.18, 1.04, 2025-09-11T09:30:00+01:00, 2025-09-11T10:00:00+01:00
0.944000, 4.52, 1.04, 2025-09-11T10:00:00+01:00, 2025-09-11T10:30:00+01:00
0.798000, 1.76, 1.04, 2025-09-11T10:30:00+01:00, 2025-09-11T11:00:00+01:00
0.991000, 2.19, 1.04, 2025-09-11T11:00:00+01:00, 2025-09-11T11:30:00+01:00
0.824000, 1.82, 1.04, 2025-09-11T11:30:00+01:00, 2025-09-11T12:00:00+01:00
0.406000, 0.79, 1.04, 2025-09-11T12:00:00+01:00, 2025-09-11T12:30:00+01:00
0.353000, 0.37, 1.04, 2025-09-11T12:30:00+01:00, 2025-09-11T13:00:00+01:00
0.640000, 1.13, 1.04, 2025-09-11T13:00:00+01:00, 2025-09-11T13:30:00+01:00
0.087000, 0.06, 1.04, 2025-09-11T13:30:00+01:00, 2025-09-11T14:00:00+01:00
0.070000, 0.12, 1.04, 2025-09-11T14:00:00+01:00, 2025-09-11T14:30:00+01:00
0.093000, 0.18, 1.04, 2025-09-11T14:30:00+01:00, 2025-09-11T15:00:00+01:00
0.093000, -0.07, 1.04, 2025-09-11T15:00:00+01:00, 2025-09-11T15:30:00+01:00
0.043000, 0.18, 1.04, 2025-09-11T15:30:00+01:00, 2025-09-11T16:00:00+01:00
0.004000, 0.09, 1.04, 2025-09-11T16:00:00+01:00, 2025-09-11T16:30:00+01:00
0.002000, 0.06, 1.04, 2025-09-11T16:30:00+01:00, 2025-09-11T17:00:00+01:00
0.002000, 0.06, 1.04, 2025-09-11T17:00:00+01:00, 2025-09-11T17:30:00+01:00
0.002000, 0.07, 1.04, 2025-09-11T17:30:00+01:00, 2025-09-11T18:00:00+01:00
0.004000, 0.14, 1.04, 2025-09-11T18:00:00+01:00, 2025-09-11T18:30:00+01:00
0.004000, 0.15, 1.04, 2025-09-11T18:30:00+01:00, 2025-09-11T19:00:00+01:00
0.001000, 0.02, 1.04, 2025-09-11T19:00:00+01:00, 2025-09-11T19:30:00+01:00
0.004000, 0.09, 1.04, 2025-09-11T19:30:00+01:00, 2025-09-11T20:00:00+01:00
0.002000, 0.05, 1.04, 2025-09-11T20:00:00+01:00, 2025-09-11T20:30:00+01:00
0.005000, 0.1, 1.04, 2025-09-11T20:30:00+01:00, 2025-09-11T21:00:00+01:00
0.004000, 0.08, 1.04, 2025-09-11T21:00:00+01:00, 2025-09-11T21:30:00+01:00
0.002000, 0.03, 1.04, 2025-09-11T21:30:00+01:00, 2025-09-11T22:00:00+01:00
0.002000, 0.03, 1.04, 2025-09-11T22:00:00+01:00, 2025-09-11T22:30:00+01:00
0.003000, 0.04, 1.04, 2025-09-11T22:30:00+01:00, 2025-09-11T23:00:00+01:00
0.002000, 0, 1.04, 2025-09-11T23:00:00+01:00, 2025-09-11T23:30:00+01:00
0.001000, 0, 1.04, 2025-09-11T23:30:00+01:00, 2025-09-12T00:00:00+01:00
0.002000, 0, 1.04, 2025-09-12T00:00:00+01:00, 2025-09-12T00:30:00+01:00
0.002000, 0, 1.04, 2025-09-12T00:30:00+01:00, 2025-09-12T01:00:00+01:00
0.002000, 0, 1.04, 2025-09-12T01:00:00+01:00, 2025-09-12T01:30:00+01:00
0.001000, 0, 1.04, 2025-09-12T01:30:00+01:00, 2025-09-12T02:00:00+01:00
1.222000, -0.27, 1.04, 2025-09-12T02:00:00+01:00, 2025-09-12T02:30:00+01:00
1.237000, -0.27, 1.04, 2025-09-12T02:30:00+01:00, 2025-09-12T03:00:00+01:00
1.234000, 0, 1.04, 2025-09-12T03:00:00+01:00, 2025-09-12T03:30:00+01:00
1.204000, 0.25, 1.04, 2025-09-12T03:30:00+01:00, 2025-09-12T04:00:00+01:00
1.236000, 0.55, 1.04, 2025-09-12T04:00:00+01:00, 2025-09-12T04:30:00+01:00
1.242000, 1.16, 1.04, 2025-09-12T04:30:00+01:00, 2025-09-12T05:00:00+01:00
0.645000, 0.01, 1.04, 2025-09-12T05:00:00+01:00, 2025-09-12T05:30:00+01:00
0.156000, 0.03, 1.04, 2025-09-12T05:30:00+01:00, 2025-09-12T06:00:00+01:00
0.010000, 0.02, 1.04, 2025-09-12T06:00:00+01:00, 2025-09-12T06:30:00+01:00
0.003000, 0.03, 1.04, 2025-09-12T06:30:00+01:00, 2025-09-12T07:00:00+01:00
0.004000, 0.03, 1.04, 2025-09-12T07:00:00+01:00, 2025-09-12T07:30:00+01:00
0.004000, 0.06, 1.04, 2025-09-12T07:30:00+01:00, 2025-09-12T08:00:00+01:00
0.005000, 0.04, 1.04, 2025-09-12T08:00:00+01:00, 2025-09-12T08:30:00+01:00
0.005000, 0.02, 1.04, 2025-09-12T08:30:00+01:00, 2025-09-12T09:00:00+01:00
0.006000, 0.01, 1.04, 2025-09-12T09:00:00+01:00, 2025-09-12T09:30:00+01:00
0.016000, -0.03, 1.04, 2025-09-12T09:30:00+01:00, 2025-09-12T10:00:00+01:00
0.461000, 1.02, 1.04, 2025-09-12T10:00:00+01:00, 2025-09-12T10:30:00+01:00
0.069000, -0.1, 1.04, 2025-09-12T10:30:00+01:00, 2025-09-12T11:00:00+01:00
0.129000, 0, 1.04, 2025-09-12T11:00:00+01:00, 2025-09-12T11:30:00+01:00
0.027000, -0.01, 1.04, 2025-09-12T11:30:00+01:00, 2025-09-12T12:00:00+01:00
0.004000, 0, 1.04, 2025-09-12T12:00:00+01:00, 2025-09-12T12:30:00+01:00
0.067000, -0.15, 1.04, 2025-09-12T12:30:00+01:00, 2025-09-12T13:00:00+01:00
0.080000, 0.03, 1.04, 2025-09-12T13:00:00+01:00, 2025-09-12T13:30:00+01:00
0.193000, 0, 1.04, 2025-09-12T13:30:00+01:00, 2025-09-12T14:00:00+01:00
0.049000, -0.01, 1.04, 2025-09-12T14:00:00+01:00, 2025-09-12T14:30:00+01:00
0.012000, 0, 1.04, 2025-09-12T14:30:00+01:00, 2025-09-12T15:00:00+01:00
0.017000, -0.03, 1.04, 2025-09-12T15:00:00+01:00, 2025-09-12T15:30:00+01:00
0.138000, 0.25, 1.04, 2025-09-12T15:30:00+01:00, 2025-09-12T16:00:00+01:00
0.010000, 0.16, 1.04, 2025-09-12T16:00:00+01:00, 2025-09-12T16:30:00+01:00
0.007000, 0.17, 1.04, 2025-09-12T16:30:00+01:00, 2025-09-12T17:00:00+01:00
0.015000, 0.42, 1.04, 2025-09-12T17:00:00+01:00, 2025-09-12T17:30:00+01:00
0.004000, 0.13, 1.04, 2025-09-12T17:30:00+01:00, 2025-09-12T18:00:00+01:00
0.112000, 4, 1.04, 2025-09-12T18:00:00+01:00, 2025-09-12T18:30:00+01:00
0.005000, 0.19, 1.04, 2025-09-12T18:30:00+01:00, 2025-09-12T19:00:00+01:00
0.014000, 0.34, 1.04, 2025-09-12T19:00:00+01:00, 2025-09-12T19:30:00+01:00
0.034000, 0.85, 1.04, 2025-09-12T19:30:00+01:00, 2025-09-12T20:00:00+01:00
0.014000, 0.34, 1.04, 2025-09-12T20:00:00+01:00, 2025-09-12T20:30:00+01:00
0.004000, 0.08, 1.04, 2025-09-12T20:30:00+01:00, 2025-09-12T21:00:00+01:00
0.003000, 0.05, 1.04, 2025-09-12T21:00:00+01:00, 2025-09-12T21:30:00+01:00
0.025000, 0.44, 1.04, 2025-09-12T21:30:00+01:00, 2025-09-12T22:00:00+01:00
0.002000, 0.04, 1.04, 2025-09-12T22:00:00+01:00, 2025-09-12T22:30:00+01:00
0.403000, 4.44, 1.04, 2025-09-12T22:30:00+01:00, 2025-09-12T23:00:00+01:00
0.248000, 3.21, 1.04, 2025-09-12T23:00:00+01:00, 2025-09-12T23:30:00+01:00
0.185000, 1.11, 1.04, 2025-09-12T23:30:00+01:00, 2025-09-13T00:00:00+01:00
0.154000, 1.39, 1.04, 2025-09-13T00:00:00+01:00, 2025-09-13T00:30:00+01:00
0.159000, 0.73, 1.04, 2025-09-13T00:30:00+01:00, 2025-09-13T01:00:00+01:00
0.154000, 1.11, 1.04, 2025-09-13T01:00:00+01:00, 2025-09-13T01:30:00+01:00
0.150000, 0.76, 1.04, 2025-09-13T01:30:00+01:00, 2025-09-13T02:00:00+01:00
1.232000, 8.42, 1.04, 2025-09-13T02:00:00+01:00, 2025-09-13T02:30:00+01:00
1.212000, 5.61, 1.04, 2025-09-13T02:30:00+01:00, 2025-09-13T03:00:00+01:00
1.239000, 6.56, 1.04, 2025-09-13T03:00:00+01:00, 2025-09-13T03:30:00+01:00
1.220000, 3.23, 1.04, 2025-09-13T03:30:00+01:00, 2025-09-13T04:00:00+01:00
1.244000, 6.58, 1.04, 2025-09-13T04:00:00+01:00, 2025-09-13T04:30:00+01:00
1.205000, 4.52, 1.04, 2025-09-13T04:30:00+01:00, 2025-09-13T05:00:00+01:00
1.243000, 6.3, 1.04, 2025-09-13T05:00:00+01:00, 2025-09-13T05:30:00+01:00
1.226000, 7.3, 1.04, 2025-09-13T05:30:00+01:00, 2025-09-13T06:00:00+01:00
0.084000, 0.57, 1.04, 2025-09-13T06:00:00+01:00, 2025-09-13T06:30:00+01:00
0.003000, 0.02, 1.04, 2025-09-13T06:30:00+01:00, 2025-09-13T07:00:00+01:00
0.005000, 0.03, 1.04, 2025-09-13T07:00:00+01:00, 2025-09-13T07:30:00+01:00
0.002000, 0.02, 1.04, 2025-09-13T07:30:00+01:00, 2025-09-13T08:00:00+01:00
0.014000, 0.12, 1.04, 2025-09-13T08:00:00+01:00, 2025-09-13T08:30:00+01:00
0.004000, 0.04, 1.04, 2025-09-13T08:30:00+01:00, 2025-09-13T09:00:00+01:00
0.004000, 0.02, 1.04, 2025-09-13T09:00:00+01:00, 2025-09-13T09:30:00+01:00
0.006000, 0.01, 1.04, 2025-09-13T09:30:00+01:00, 2025-09-13T10:00:00+01:00
1.020000, 3.44, 1.04, 2025-09-13T10:00:00+01:00, 2025-09-13T10:30:00+01:00
0.010000, 0.03, 1.04, 2025-09-13T10:30:00+01:00, 2025-09-13T11:00:00+01:00
0.094000, 0.15, 1.04, 2025-09-13T11:00:00+01:00, 2025-09-13T11:30:00+01:00
0.588000, 0.65, 1.04, 2025-09-13T11:30:00+01:00, 2025-09-13T12:00:00+01:00
0.721000, 1.05, 1.04, 2025-09-13T12:00:00+01:00, 2025-09-13T12:30:00+01:00
0.497000, 0.62, 1.04, 2025-09-13T12:30:00+01:00, 2025-09-13T13:00:00+01:00
0.072000, 0.13, 1.04, 2025-09-13T13:00:00+01:00, 2025-09-13T13:30:00+01:00
0.012000, 0.01, 1.04, 2025-09-13T13:30:00+01:00, 2025-09-13T14:00:00+01:00
0.008000, 0.01, 1.04, 2025-09-13T14:00:00+01:00, 2025-09-13T14:30:00+01:00
0.011000, 0.02, 1.04, 2025-09-13T14:30:00+01:00, 2025-09-13T15:00:00+01:00
0.145000, 0.64, 1.04, 2025-09-13T15:00:00+01:00, 2025-09-13T15:30:00+01:00
0.084000, 0.48, 1.04, 2025-09-13T15:30:00+01:00, 2025-09-13T16:00:00+01:00
0.010000, 0.25, 1.04, 2025-09-13T16:00:00+01:00, 2025-09-13T16:30:00+01:00
0.004000, 0.12, 1.04, 2025-09-13T16:30:00+01:00, 2025-09-13T17:00:00+01:00
0.003000, 0.1, 1.04, 2025-09-13T17:00:00+01:00, 2025-09-13T17:30:00+01:00
0.002000, 0.07, 1.04, 2025-09-13T17:30:00+01:00, 2025-09-13T18:00:00+01:00
0.002000, 0.07, 1.04, 2025-09-13T18:00:00+01:00, 2025-09-13T18:30:00+01:00
0.002000, 0.07, 1.04, 2025-09-13T18:30:00+01:00, 2025-09-13T19:00:00+01:00
0.002000, 0.05, 1.04, 2025-09-13T19:00:00+01:00, 2025-09-13T19:30:00+01:00
0.002000, 0.05, 1.04, 2025-09-13T19:30:00+01:00, 2025-09-13T20:00:00+01:00
0.002000, 0.05, 1.04, 2025-09-13T20:00:00+01:00, 2025-09-13T20:30:00+01:00
0.002000, 0.04, 1.04, 2025-09-13T20:30:00+01:00, 2025-09-13T21:00:00+01:00
0.004000, 0.09, 1.04, 2025-09-13T21:00:00+01:00, 2025-09-13T21:30:00+01:00
0.003000, 0.06, 1.04, 2025-09-13T21:30:00+01:00, 2025-09-13T22:00:00+01:00
0.003000, 0.06, 1.04, 2025-09-13T22:00:00+01:00, 2025-09-13T22:30:00+01:00
0.002000, 0.03, 1.04, 2025-09-13T22:30:00+01:00, 2025-09-13T23:00:00+01:00
0.001000, 0.02, 1.04, 2025-09-13T23:00:00+01:00, 2025-09-13T23:30:00+01:00
0.003000, 0.05, 1.04, 2025-09-13T23:30:00+01:00, 2025-09-14T00:00:00+01:00
0.002000, 0.03, 1.04, 2025-09-14T00:00:00+01:00, 2025-09-14T00:30:00+01:00
0.001000, 0.02, 1.04, 2025-09-14T00:30:00+01:00, 2025-09-14T01:00:00+01:00
0.002000, 0.03, 1.04, 2025-09-14T01:00:00+01:00, 2025-09-14T01:30:00+01:00
0.003000, 0.05, 1.04, 2025-09-14T01:30:00+01:00, 2025-09-14T02:00:00+01:00
1.220000, 20.71, 1.04, 2025-09-14T02:00:00+01:00, 2025-09-14T02:30:00+01:00
1.229000, 17.76, 1.04, 2025-09-14T02:30:00+01:00, 2025-09-14T03:00:00+01:00
1.217000, 21.74, 1.04, 2025-09-14T03:00:00+01:00, 2025-09-14T03:30:00+01:00
1.226000, 20.27, 1.04, 2025-09-14T03:30:00+01:00, 2025-09-14T04:00:00+01:00
1.212000, 19.19, 1.04, 2025-09-14T04:00:00+01:00, 2025-09-14T04:30:00+01:00
1.163000, 17.44, 1.04, 2025-09-14T04:30:00+01:00, 2025-09-14T05:00:00+01:00
0.292000, 4.82, 1.04, 2025-09-14T05:00:00+01:00, 2025-09-14T05:30:00+01:00
0.139000, 2.43, 1.04, 2025-09-14T05:30:00+01:00, 2025-09-14T06:00:00+01:00
0.010000, 0.19, 1.04, 2025-09-14T06:00:00+01:00, 2025-09-14T06:30:00+01:00
0.002000, 0.04, 1.04, 2025-09-14T06:30:00+01:00, 2025-09-14T07:00:00+01:00
0.005000, 0.09, 1.04, 2025-09-14T07:00:00+01:00, 2025-09-14T07:30:00+01:00
0.009000, 0.18, 1.04, 2025-09-14T07:30:00+01:00, 2025-09-14T08:00:00+01:00
0.004000, 0.07, 1.04, 2025-09-14T08:00:00+01:00, 2025-09-14T08:30:00+01:00
0.002000, 0.04, 1.04, 2025-09-14T08:30:00+01:00, 2025-09-14T09:00:00+01:00
0.003000, 0.05, 1.04, 2025-09-14T09:00:00+01:00, 2025-09-14T09:30:00+01:00
0.005000, 0.08, 1.04, 2025-09-14T09:30:00+01:00, 2025-09-14T10:00:00+01:00
0.627000, 12.58, 1.04, 2025-09-14T10:00:00+01:00, 2025-09-14T10:30:00+01:00
0.193000, 3.49, 1.04, 2025-09-14T10:30:00+01:00, 2025-09-14T11:00:00+01:00
0.366000, 6.71, 1.04, 2025-09-14T11:00:00+01:00, 2025-09-14T11:30:00+01:00
0.301000, 5.51, 1.04, 2025-09-14T11:30:00+01:00, 2025-09-14T12:00:00+01:00
0.393000, 7.37, 1.04, 2025-09-14T12:00:00+01:00, 2025-09-14T12:30:00+01:00
0.402000, 7.09, 1.04, 2025-09-14T12:30:00+01:00, 2025-09-14T13:00:00+01:00
0.268000, 3.39, 1.04, 2025-09-14T13:00:00+01:00, 2025-09-14T13:30:00+01:00
0.366000, 4.28, 1.04, 2025-09-14T13:30:00+01:00, 2025-09-14T14:00:00+01:00
0.230000, 1.97, 1.04, 2025-09-14T14:00:00+01:00, 2025-09-14T14:30:00+01:00
0.249000, 2.32, 1.04, 2025-09-14T14:30:00+01:00, 2025-09-14T15:00:00+01:00
0.122000, 0.99, 1.04, 2025-09-14T15:00:00+01:00, 2025-09-14T15:30:00+01:00
0.224000, 1.93, 1.04, 2025-09-14T15:30:00+01:00, 2025-09-14T16:00:00+01:00
0.012000, 0.3, 1.04, 2025-09-14T16:00:00+01:00, 2025-09-14T16:30:00+01:00
0.002000, 0.06, 1.04, 2025-09-14T16:30:00+01:00, 2025-09-14T17:00:00+01:00
0.003000, 0.08, 1.04, 2025-09-14T17:00:00+01:00, 2025-09-14T17:30:00+01:00
0.004000, 0.11, 1.04, 2025-09-14T17:30:00+01:00, 2025-09-14T18:00:00+01:00
0.081000, 2.22, 1.04, 2025-09-14T18:00:00+01:00, 2025-09-14T18:30:00+01:00
0.005000, 0.14, 1.04, 2025-09-14T18:30:00+01:00, 2025-09-14T19:00:00+01:00
0.003000, 0.05, 1.04, 2025-09-14T19:00:00+01:00, 2025-09-14T19:30:00+01:00
0.004000, 0.06, 1.04, 2025-09-14T19:30:00+01:00, 2025-09-14T20:00:00+01:00
0.004000, 0.07, 1.04, 2025-09-14T20:00:00+01:00, 2025-09-14T20:30:00+01:00
0.014000, 0.16, 1.04, 2025-09-14T20:30:00+01:00, 2025-09-14T21:00:00+01:00
0.015000, 0.19, 1.04, 2025-09-14T21:00:00+01:00, 2025-09-14T21:30:00+01:00
0.003000, 0.02, 1.04, 2025-09-14T21:30:00+01:00, 2025-09-14T22:00:00+01:00
0.001000, 0.01, 1.04, 2025-09-14T22:00:00+01:00, 2025-09-14T22:30:00+01:00
0.003000, 0, 1.04, 2025-09-14T22:30:00+01:00, 2025-09-14T23:00:00+01:00
0.116000, 0.52, 1.04, 2025-09-14T23:00:00+01:00, 2025-09-14T23:30:00+01:00
0.197000, 0.22, 1.04, 2025-09-14T23:30:00+01:00, 2025-09-15T00:00:00+01:00
0.246000, 0.43, 1.04, 2025-09-15T00:00:00+01:00, 2025-09-15T00:30:00+01:00
0.223000, 0.25, 1.04, 2025-09-15T00:30:00+01:00, 2025-09-15T01:00:00+01:00
0.213000, 0.38, 1.04, 2025-09-15T01:00:00+01:00, 2025-09-15T01:30:00+01:00
0.220000, 0.21, 1.04, 2025-09-15T01:30:00+01:00, 2025-09-15T02:00:00+01:00
1.268000, 1.13, 1.04, 2025-09-15T02:00:00+01:00, 2025-09-15T02:30:00+01:00
1.297000, 1.91, 1.04, 2025-09-15T02:30:00+01:00, 2025-09-15T03:00:00+01:00
1.312000, 1.98, 1.04, 2025-09-15T03:00:00+01:00, 2025-09-15T03:30:00+01:00
1.268000, 0.69, 1.04, 2025-09-15T03:30:00+01:00, 2025-09-15T04:00:00+01:00
1.290000, 1.53, 1.04, 2025-09-15T04:00:00+01:00, 2025-09-15T04:30:00+01:00
1.282000, 0.57, 1.04, 2025-09-15T04:30:00+01:00, 2025-09-15T05:00:00+01:00
1.276000, 1.41, 1.04, 2025-09-15T05:00:00+01:00, 2025-09-15T05:30:00+01:00
1.320000, 2.15, 1.04, 2025-09-15T05:30:00+01:00, 2025-09-15T06:00:00+01:00
0.089000, 0.2, 1.04, 2025-09-15T06:00:00+01:00, 2025-09-15T06:30:00+01:00
0.001000, 0.01, 1.04, 2025-09-15T06:30:00+01:00, 2025-09-15T07:00:00+01:00
0.003000, 0.02, 1.04, 2025-09-15T07:00:00+01:00, 2025-09-15T07:30:00+01:00
0.049000, 0.4, 1.04, 2025-09-15T07:30:00+01:00, 2025-09-15T08:00:00+01:00
0.003000, 0.03, 1.04, 2025-09-15T08:00:00+01:00, 2025-09-15T08:30:00+01:00
0.002000, 0.01, 1.04, 2025-09-15T08:30:00+01:00, 2025-09-15T09:00:00+01:00
0.004000, 0.03, 1.04, 2025-09-15T09:00:00+01:00, 2025-09-15T09:30:00+01:00
0.003000, 0.01, 1.04, 2025-09-15T09:30:00+01:00, 2025-09-15T10:00:00+01:00
0.019000, 0.08, 1.04, 2025-09-15T10:00:00+01:00, 2025-09-15T10:30:00+01:00
0.018000, 0.05, 1.04, 2025-09-15T10:30:00+01:00, 2025-09-15T11:00:00+01:00
0.002000, 0, 1.04, 2025-09-15T11:00:00+01:00, 2025-09-15T11:30:00+01:00
0.003000, 0, 1.04, 2025-09-15T11:30:00+01:00, 2025-09-15T12:00:00+01:00
0.003000, 0.01, 1.04, 2025-09-15T12:00:00+01:00, 2025-09-15T12:30:00+01:00
0.114000, 0.11, 1.04, 2025-09-15T12:30:00+01:00, 2025-09-15T13:00:00+01:00
1.319000, 1.45, 1.04, 2025-09-15T13:00:00+01:00, 2025-09-15T13:30:00+01:00
1.231000, 1.36, 1.04, 2025-09-15T13:30:00+01:00, 2025-09-15T14:00:00+01:00
1.200000, 1.32, 1.04, 2025-09-15T14:00:00+01:00, 2025-09-15T14:30:00+01:00
0.975000, 1.07, 1.04, 2025-09-15T14:30:00+01:00, 2025-09-15T15:00:00+01:00
0.155000, 0.14, 1.04, 2025-09-15T15:00:00+01:00, 2025-09-15T15:30:00+01:00
0.015000, 0.03, 1.04, 2025-09-15T15:30:00+01:00, 2025-09-15T16:00:00+01:00
0.008000, 0.1, 1.04, 2025-09-15T16:00:00+01:00, 2025-09-15T16:30:00+01:00
0.009000, 0.14, 1.04, 2025-09-15T16:30:00+01:00, 2025-09-15T17:00:00+01:00
0.017000, 0.25, 1.04, 2025-09-15T17:00:00+01:00, 2025-09-15T17:30:00+01:00
0.090000, 1.77, 1.04, 2025-09-15T17:30:00+01:00, 2025-09-15T18:00:00+01:00
0.114000, 2.27, 1.04, 2025-09-15T18:00:00+01:00, 2025-09-15T18:30:00+01:00
0.003000, 0.06, 1.04, 2025-09-15T18:30:00+01:00, 2025-09-15T19:00:00+01:00
0.002000, 0.02, 1.04, 2025-09-15T19:00:00+01:00, 2025-09-15T19:30:00+01:00
0.006000, 0.05, 1.04, 2025-09-15T19:30:00+01:00, 2025-09-15T20:00:00+01:00
0.003000, 0.03, 1.04, 2025-09-15T20:00:00+01:00, 2025-09-15T20:30:00+01:00
0.003000, 0.01, 1.04, 2025-09-15T20:30:00+01:00, 2025-09-15T21:00:00+01:00
0.004000, 0.03, 1.04, 2025-09-15T21:00:00+01:00, 2025-09-15T21:30:00+01:00
0.003000, 0, 1.04, 2025-09-15T21:30:00+01:00, 2025-09-15T22:00:00+01:00
0.011000, 0.02, 1.04, 2025-09-15T22:00:00+01:00, 2025-09-15T22:30:00+01:00
0.189000, -0.09, 1.04, 2025-09-15T22:30:00+01:00, 2025-09-15T23:00:00+01:00
0.165000, 0.24, 1.04, 2025-09-15T23:00:00+01:00, 2025-09-15T23:30:00+01:00
0.170000, -0.07, 1.04, 2025-09-15T23:30:00+01:00, 2025-09-16T00:00:00+01:00
0.150000, -0.07, 1.04, 2025-09-16T00:00:00+01:00, 2025-09-16T00:30:00+01:00
0.170000, 0.01, 1.04, 2025-09-16T00:30:00+01:00, 2025-09-16T01:00:00+01:00
0.134000, -0.06, 1.04, 2025-09-16T01:00:00+01:00, 2025-09-16T01:30:00+01:00
0.159000, 0.04, 1.04, 2025-09-16T01:30:00+01:00, 2025-09-16T02:00:00+01:00
1.249000, -0.2, 1.04, 2025-09-16T02:00:00+01:00, 2025-09-16T02:30:00+01:00
1.233000, -0.45, 1.04, 2025-09-16T02:30:00+01:00, 2025-09-16T03:00:00+01:00
1.208000, 0.09, 1.04, 2025-09-16T03:00:00+01:00, 2025-09-16T03:30:00+01:00
1.229000, -0.57, 1.04, 2025-09-16T03:30:00+01:00, 2025-09-16T04:00:00+01:00
1.343000, -0.28, 1.04, 2025-09-16T04:00:00+01:00, 2025-09-16T04:30:00+01:00
1.288000, -0.09, 1.04, 2025-09-16T04:30:00+01:00, 2025-09-16T05:00:00+01:00
1.250000, 1.13, 1.04, 2025-09-16T05:00:00+01:00, 2025-09-16T05:30:00+01:00
1.213000, 1.24, 1.04, 2025-09-16T05:30:00+01:00, 2025-09-16T06:00:00+01:00
0.085000, 0, 1.04, 2025-09-16T06:00:00+01:00, 2025-09-16T06:30:00+01:00
0.002000, 0.02, 1.04, 2025-09-16T06:30:00+01:00, 2025-09-16T07:00:00+01:00
0.006000, 0.03, 1.04, 2025-09-16T07:00:00+01:00, 2025-09-16T07:30:00+01:00
0.004000, 0.04, 1.04, 2025-09-16T07:30:00+01:00, 2025-09-16T08:00:00+01:00
0.004000, 0.03, 1.04, 2025-09-16T08:00:00+01:00, 2025-09-16T08:30:00+01:00
0.008000, 0.03, 1.04, 2025-09-16T08:30:00+01:00, 2025-09-16T09:00:00+01:00
0.009000, 0.04, 1.04, 2025-09-16T09:00:00+01:00, 2025-09-16T09:30:00+01:00
0.010000, 0, 1.04, 2025-09-16T09:30:00+01:00, 2025-09-16T10:00:00+01:00
0.015000, 0.02, 1.04, 2025-09-16T10:00:00+01:00, 2025-09-16T10:30:00+01:00
0.013000, 0, 1.04, 2025-09-16T10:30:00+01:00, 2025-09-16T11:00:00+01:00
0.199000, 0.07, 1.04, 2025-09-16T11:00:00+01:00, 2025-09-16T11:30:00+01:00
0.047000, -0.02, 1.04, 2025-09-16T11:30:00+01:00, 2025-09-16T12:00:00+01:00
0.005000, 0, 1.04, 2025-09-16T12:00:00+01:00, 2025-09-16T12:30:00+01:00
0.007000, 0, 1.04, 2025-09-16T12:30:00+01:00, 2025-09-16T13:00:00+01:00
0.531000, 1.18, 1.04, 2025-09-16T13:00:00+01:00, 2025-09-16T13:30:00+01:00
0.802000, 0.95, 1.04, 2025-09-16T13:30:00+01:00, 2025-09-16T14:00:00+01:00
0.020000, 0.03, 1.04, 2025-09-16T14:00:00+01:00, 2025-09-16T14:30:00+01:00
0.022000, 0.01, 1.04, 2025-09-16T14:30:00+01:00, 2025-09-16T15:00:00+01:00
0.084000, 0.02, 1.04, 2025-09-16T15:00:00+01:00, 2025-09-16T15:30:00+01:00
0.011000, 0.06, 1.04, 2025-09-16T15:30:00+01:00, 2025-09-16T16:00:00+01:00
0.003000, 0.05, 1.04, 2025-09-16T16:00:00+01:00, 2025-09-16T16:30:00+01:00
0.006000, 0.15, 1.04, 2025-09-16T16:30:00+01:00, 2025-09-16T17:00:00+01:00
0.003000, 0.09, 1.04, 2025-09-16T17:00:00+01:00, 2025-09-16T17:30:00+01:00
0.002000, 0.07, 1.04, 2025-09-16T17:30:00+01:00, 2025-09-16T18:00:00+01:00
0.003000, 0.1, 1.04, 2025-09-16T18:00:00+01:00, 2025-09-16T18:30:00+01:00
0.071000, 2.5, 1.04, 2025-09-16T18:30:00+01:00, 2025-09-16T19:00:00+01:00
0.008000, 0.18, 1.04, 2025-09-16T19:00:00+01:00, 2025-09-16T19:30:00+01:00
0.004000, 0.1, 1.04, 2025-09-16T19:30:00+01:00, 2025-09-16T20:00:00+01:00
0.003000, 0.07, 1.04, 2025-09-16T20:00:00+01:00, 2025-09-16T20:30:00+01:00
0.004000, 0.08, 1.04, 2025-09-16T20:30:00+01:00, 2025-09-16T21:00:00+01:00
0.002000, 0.04, 1.04, 2025-09-16T21:00:00+01:00, 2025-09-16T21:30:00+01:00
0.005000, 0.09, 1.04, 2025-09-16T21:30:00+01:00, 2025-09-16T22:00:00+01:00
0.003000, 0.05, 1.04, 2025-09-16T22:00:00+01:00, 2025-09-16T22:30:00+01:00
0.002000, 0.02, 1.04, 2025-09-16T22:30:00+01:00, 2025-09-16T23:00:00+01:00
0.013000, 0.24, 1.04, 2025-09-16T23:00:00+01:00, 2025-09-16T23:30:00+01:00
0.004000, 0.07, 1.04, 2025-09-16T23:30:00+01:00, 2025-09-17T00:00:00+01:00
0.001000, 0.02, 1.04, 2025-09-17T00:00:00+01:00, 2025-09-17T00:30:00+01:00
0.003000, 0.05, 1.04, 2025-09-17T00:30:00+01:00, 2025-09-17T01:00:00+01:00
0.002000, 0.03, 1.04, 2025-09-17T01:00:00+01:00, 2025-09-17T01:30:00+01:00
0.002000, 0.03, 1.04, 2025-09-17T01:30:00+01:00, 2025-09-17T02:00:00+01:00
1.231000, 19.6, 1.04, 2025-09-17T02:00:00+01:00, 2025-09-17T02:30:00+01:00
1.235000, 17.43, 1.04, 2025-09-17T02:30:00+01:00, 2025-09-17T03:00:00+01:00
1.228000, 16.26, 1.04, 2025-09-17T03:00:00+01:00, 2025-09-17T03:30:00+01:00
1.322000, 16.32, 1.04, 2025-09-17T03:30:00+01:00, 2025-09-17T04:00:00+01:00
1.285000, 20.35, 1.04, 2025-09-17T04:00:00+01:00, 2025-09-17T04:30:00+01:00
1.229000, 18.16, 1.04, 2025-09-17T04:30:00+01:00, 2025-09-17T05:00:00+01:00
1.264000, 19.27, 1.04, 2025-09-17T05:00:00+01:00, 2025-09-17T05:30:00+01:00
1.188000, 17.03, 1.04, 2025-09-17T05:30:00+01:00, 2025-09-17T06:00:00+01:00
0.057000, 1.04, 1.04, 2025-09-17T06:00:00+01:00, 2025-09-17T06:30:00+01:00
0.001000, 0.02, 1.04, 2025-09-17T06:30:00+01:00, 2025-09-17T07:00:00+01:00
0.002000, 0.04, 1.04, 2025-09-17T07:00:00+01:00, 2025-09-17T07:30:00+01:00
0.003000, 0.07, 1.04, 2025-09-17T07:30:00+01:00, 2025-09-17T08:00:00+01:00
0.009000, 0.19, 1.04, 2025-09-17T08:00:00+01:00, 2025-09-17T08:30:00+01:00
0.003000, 0.06, 1.04, 2025-09-17T08:30:00+01:00, 2025-09-17T09:00:00+01:00
0.002000, 0.05, 1.04, 2025-09-17T09:00:00+01:00, 2025-09-17T09:30:00+01:00
0.002000, 0.04, 1.04, 2025-09-17T09:30:00+01:00, 2025-09-17T10:00:00+01:00
0.003000, 0.05, 1.04, 2025-09-17T10:00:00+01:00, 2025-09-17T10:30:00+01:00
0.008000, 0.13, 1.04, 2025-09-17T10:30:00+01:00, 2025-09-17T11:00:00+01:00
0.018000, 0.3, 1.04, 2025-09-17T11:00:00+01:00, 2025-09-17T11:30:00+01:00
0.006000, 0.1, 1.04, 2025-09-17T11:30:00+01:00, 2025-09-17T12:00:00+01:00
0.016000, 0.22, 1.04, 2025-09-17T12:00:00+01:00, 2025-09-17T12:30:00+01:00
0.106000, 1.33, 1.04, 2025-09-17T12:30:00+01:00, 2025-09-17T13:00:00+01:00
1.170000, 13.34, 1.04, 2025-09-17T13:00:00+01:00, 2025-09-17T13:30:00+01:00
0.379000, 4.18, 1.04, 2025-09-17T13:30:00+01:00, 2025-09-17T14:00:00+01:00
0.382000, 4.15, 1.04, 2025-09-17T14:00:00+01:00, 2025-09-17T14:30:00+01:00
0.184000, 1.94, 1.04, 2025-09-17T14:30:00+01:00, 2025-09-17T15:00:00+01:00
0.123000, 1.49, 1.04, 2025-09-17T15:00:00+01:00, 2025-09-17T15:30:00+01:00
0.010000, 0.13, 1.04, 2025-09-17T15:30:00+01:00, 2025-09-17T16:00:00+01:00
0.030000, 0.72, 1.04, 2025-09-17T16:00:00+01:00, 2025-09-17T16:30:00+01:00
0.024000, 0.67, 1.04, 2025-09-17T16:30:00+01:00, 2025-09-17T17:00:00+01:00
0.020000, 0.58, 1.04, 2025-09-17T17:00:00+01:00, 2025-09-17T17:30:00+01:00
0.016000, 0.52, 1.04, 2025-09-17T17:30:00+01:00, 2025-09-17T18:00:00+01:00
0.028000, 0.95, 1.04, 2025-09-17T18:00:00+01:00, 2025-09-17T18:30:00+01:00
0.032000, 1.09, 1.04, 2025-09-17T18:30:00+01:00, 2025-09-17T19:00:00+01:00
0.004000, 0.09, 1.04, 2025-09-17T19:00:00+01:00, 2025-09-17T19:30:00+01:00
0.007000, 0.15, 1.04, 2025-09-17T19:30:00+01:00, 2025-09-17T20:00:00+01:00
0.004000, 0.08, 1.04, 2025-09-17T20:00:00+01:00, 2025-09-17T20:30:00+01:00
0.002000, 0.03, 1.04, 2025-09-17T20:30:00+01:00, 2025-09-17T21:00:00+01:00
0.392000, 7.09, 1.04, 2025-09-17T21:00:00+01:00, 2025-09-17T21:30:00+01:00
0.637000, 9.2, 1.04, 2025-09-17T21:30:00+01:00, 2025-09-17T22:00:00+01:00
0.425000, 5.76, 1.04, 2025-09-17T22:00:00+01:00, 2025-09-17T22:30:00+01:00
0.274000, 3, 1.04, 2025-09-17T22:30:00+01:00, 2025-09-17T23:00:00+01:00
0.271000, 1.79, 1.04, 2025-09-17T23:00:00+01:00, 2025-09-17T23:30:00+01:00
0.210000, 0.82, 1.04, 2025-09-17T23:30:00+01:00, 2025-09-18T00:00:00+01:00
1.326000, 8.26, 1.04, 2025-09-18T00:00:00+01:00, 2025-09-18T00:30:00+01:00
1.313000, 5.85, 1.04, 2025-09-18T00:30:00+01:00, 2025-09-18T01:00:00+01:00
1.257000, 6.39, 1.04, 2025-09-18T01:00:00+01:00, 2025-09-18T01:30:00+01:00
1.320000, 6.21, 1.04, 2025-09-18T01:30:00+01:00, 2025-09-18T02:00:00+01:00
1.310000, 4.62, 1.04, 2025-09-18T02:00:00+01:00, 2025-09-18T02:30:00+01:00
1.280000, 4.52, 1.04, 2025-09-18T02:30:00+01:00, 2025-09-18T03:00:00+01:00
1.317000, 5.81, 1.04, 2025-09-18T03:00:00+01:00, 2025-09-18T03:30:00+01:00
1.277000, 3.38, 1.04, 2025-09-18T03:30:00+01:00, 2025-09-18T04:00:00+01:00
1.194000, 3.95, 1.04, 2025-09-18T04:00:00+01:00, 2025-09-18T04:30:00+01:00
0.404000, 1.34, 1.04, 2025-09-18T04:30:00+01:00, 2025-09-18T05:00:00+01:00
0.200000, 1.17, 1.04, 2025-09-18T05:00:00+01:00, 2025-09-18T05:30:00+01:00
0.221000, 2.14, 1.04, 2025-09-18T05:30:00+01:00, 2025-09-18T06:00:00+01:00
0.032000, 0.49, 1.04, 2025-09-18T06:00:00+01:00, 2025-09-18T06:30:00+01:00
0.003000, 0.06, 1.04, 2025-09-18T06:30:00+01:00, 2025-09-18T07:00:00+01:00
0.003000, 0.05, 1.04, 2025-09-18T07:00:00+01:00, 2025-09-18T07:30:00+01:00
0.014000, 0.29, 1.04, 2025-09-18T07:30:00+01:00, 2025-09-18T08:00:00+01:00
0.006000, 0.1, 1.04, 2025-09-18T08:00:00+01:00, 2025-09-18T08:30:00+01:00
0.010000, 0.16, 1.04, 2025-09-18T08:30:00+01:00, 2025-09-18T09:00:00+01:00
0.004000, 0.06, 1.04, 2025-09-18T09:00:00+01:00, 2025-09-18T09:30:00+01:00
0.003000, 0.04, 1.04, 2025-09-18T09:30:00+01:00, 2025-09-18T10:00:00+01:00
0.004000, 0.05, 1.04, 2025-09-18T10:00:00+01:00, 2025-09-18T10:30:00+01:00
0.004000, 0.04, 1.04, 2025-09-18T10:30:00+01:00, 2025-09-18T11:00:00+01:00
0.002000, 0.02, 1.04, 2025-09-18T11:00:00+01:00, 2025-09-18T11:30:00+01:00
0.006000, 0.04, 1.04, 2025-09-18T11:30:00+01:00, 2025-09-18T12:00:00+01:00
0.007000, 0.05, 1.04, 2025-09-18T12:00:00+01:00, 2025-09-18T12:30:00+01:00
0.005000, 0.02, 1.04, 2025-09-18T12:30:00+01:00, 2025-09-18T13:00:00+01:00
0.005000, 0.02, 1.04, 2025-09-18T13:00:00+01:00, 2025-09-18T13:30:00+01:00
0.032000, 0.12, 1.04, 2025-09-18T13:30:00+01:00, 2025-09-18T14:00:00+01:00
0.011000, 0.05, 1.04, 2025-09-18T14:00:00+01:00, 2025-09-18T14:30:00+01:00
0.006000, 0.03, 1.04, 2025-09-18T14:30:00+01:00, 2025-09-18T15:00:00+01:00
0.037000, 0.07, 1.04, 2025-09-18T15:00:00+01:00, 2025-09-18T15:30:00+01:00
0.005000, 0.04, 1.04, 2025-09-18T15:30:00+01:00, 2025-09-18T16:00:00+01:00
0.021000, 0.45, 1.04, 2025-09-18T16:00:00+01:00, 2025-09-18T16:30:00+01:00
0.006000, 0.16, 1.04, 2025-09-18T16:30:00+01:00, 2025-09-18T17:00:00+01:00
0.002000, 0.06, 1.04, 2025-09-18T17:00:00+01:00, 2025-09-18T17:30:00+01:00
0.003000, 0.1, 1.04, 2025-09-18T17:30:00+01:00, 2025-09-18T18:00:00+01:00
0.031000, 1.09, 1.04, 2025-09-18T18:00:00+01:00, 2025-09-18T18:30:00+01:00
0.189000, 6.84, 1.04, 2025-09-18T18:30:00+01:00, 2025-09-18T19:00:00+01:00
0.002000, 0.05, 1.04, 2025-09-18T19:00:00+01:00, 2025-09-18T19:30:00+01:00
0.003000, 0.07, 1.04, 2025-09-18T19:30:00+01:00, 2025-09-18T20:00:00+01:00
0.007000, 0.15, 1.04, 2025-09-18T20:00:00+01:00, 2025-09-18T20:30:00+01:00
0.104000, 2.01, 1.04, 2025-09-18T20:30:00+01:00, 2025-09-18T21:00:00+01:00
0.301000, 6.37, 1.04, 2025-09-18T21:00:00+01:00, 2025-09-18T21:30:00+01:00
0.667000, 11.77, 1.04, 2025-09-18T21:30:00+01:00, 2025-09-18T22:00:00+01:00
0.465000, 8.01, 1.04, 2025-09-18T22:00:00+01:00, 2025-09-18T22:30:00+01:00
0.130000, 1.73, 1.04, 2025-09-18T22:30:00+01:00, 2025-09-18T23:00:00+01:00
0.267000, 3.6, 1.04, 2025-09-18T23:00:00+01:00, 2025-09-18T23:30:00+01:00
0.243000, 3.09, 1.04, 2025-09-18T23:30:00+01:00, 2025-09-19T00:00:00+01:00
1.303000, 15.8, 1.04, 2025-09-19T00:00:00+01:00, 2025-09-19T00:30:00+01:00
1.319000, 13.14, 1.04, 2025-09-19T00:30:00+01:00, 2025-09-19T01:00:00+01:00
1.298000, 13.72, 1.04, 2025-09-19T01:00:00+01:00, 2025-09-19T01:30:00+01:00
1.294000, 13.98, 1.04, 2025-09-19T01:30:00+01:00, 2025-09-19T02:00:00+01:00
1.318000, 12.41, 1.04, 2025-09-19T02:00:00+01:00, 2025-09-19T02:30:00+01:00
1.302000, 9.21, 1.04, 2025-09-19T02:30:00+01:00, 2025-09-19T03:00:00+01:00
1.281000, 11.43, 1.04, 2025-09-19T03:00:00+01:00, 2025-09-19T03:30:00+01:00
1.327000, 11.84, 1.04, 2025-09-19T03:30:00+01:00, 2025-09-19T04:00:00+01:00
1.179000, 10.66, 1.04, 2025-09-19T04:00:00+01:00, 2025-09-19T04:30:00+01:00
0.373000, 3.62, 1.04, 2025-09-19T04:30:00+01:00, 2025-09-19T05:00:00+01:00
0.231000, 1.33, 1.04, 2025-09-19T05:00:00+01:00, 2025-09-19T05:30:00+01:00
0.220000, 2.61, 1.04, 2025-09-19T05:30:00+01:00, 2025-09-19T06:00:00+01:00
0.015000, 0.18, 1.04, 2025-09-19T06:00:00+01:00, 2025-09-19T06:30:00+01:00
0.002000, 0.04, 1.04, 2025-09-19T06:30:00+01:00, 2025-09-19T07:00:00+01:00
0.002000, 0.04, 1.04, 2025-09-19T07:00:00+01:00, 2025-09-19T07:30:00+01:00
0.017000, 0.41, 1.04, 2025-09-19T07:30:00+01:00, 2025-09-19T08:00:00+01:00
0.002000, 0.04, 1.04, 2025-09-19T08:00:00+01:00, 2025-09-19T08:30:00+01:00
0.002000, 0.05, 1.04, 2025-09-19T08:30:00+01:00, 2025-09-19T09:00:00+01:00
0.009000, 0.23, 1.04, 2025-09-19T09:00:00+01:00, 2025-09-19T09:30:00+01:00
0.006000, 0.13, 1.04, 2025-09-19T09:30:00+01:00, 2025-09-19T10:00:00+01:00
0.008000, 0.15, 1.04, 2025-09-19T10:00:00+01:00, 2025-09-19T10:30:00+01:00
0.005000, 0.08, 1.04, 2025-09-19T10:30:00+01:00, 2025-09-19T11:00:00+01:00
0.009000, 0.11, 1.04, 2025-09-19T11:00:00+01:00, 2025-09-19T11:30:00+01:00
0.005000, 0.05, 1.04, 2025-09-19T11:30:00+01:00, 2025-09-19T12:00:00+01:00
0.004000, 0.05, 1.04, 2025-09-19T12:00:00+01:00, 2025-09-19T12:30:00+01:00
0.016000, 0.19, 1.04, 2025-09-19T12:30:00+01:00, 2025-09-19T13:00:00+01:00
0.958000, 12.29, 1.04, 2025-09-19T13:00:00+01:00, 2025-09-19T13:30:00+01:00
0.283000, 3.37, 1.04, 2025-09-19T13:30:00+01:00, 2025-09-19T14:00:00+01:00
0.169000, 2.15, 1.04, 2025-09-19T14:00:00+01:00, 2025-09-19T14:30:00+01:00
0.124000, 1.48, 1.04, 2025-09-19T14:30:00+01:00, 2025-09-19T15:00:00+01:00
0.149000, 2.25, 1.04, 2025-09-19T15:00:00+01:00, 2025-09-19T15:30:00+01:00
0.009000, 0.14, 1.04, 2025-09-19T15:30:00+01:00, 2025-09-19T16:00:00+01:00
0.002000, 0.06, 1.04, 2025-09-19T16:00:00+01:00, 2025-09-19T16:30:00+01:00
0.002000, 0.06, 1.04, 2025-09-19T16:30:00+01:00, 2025-09-19T17:00:00+01:00
0.002000, 0.06, 1.04, 2025-09-19T17:00:00+01:00, 2025-09-19T17:30:00+01:00
0.004000, 0.14, 1.04, 2025-09-19T17:30:00+01:00, 2025-09-19T18:00:00+01:00
0.003000, 0.12, 1.04, 2025-09-19T18:00:00+01:00, 2025-09-19T18:30:00+01:00
0.003000, 0.12, 1.04, 2025-09-19T18:30:00+01:00, 2025-09-19T19:00:00+01:00
0.002000, 0.05, 1.04, 2025-09-19T19:00:00+01:00, 2025-09-19T19:30:00+01:00
0.004000, 0.11, 1.04, 2025-09-19T19:30:00+01:00, 2025-09-19T20:00:00+01:00
0.002000, 0.05, 1.04, 2025-09-19T20:00:00+01:00, 2025-09-19T20:30:00+01:00
0.003000, 0.06, 1.04, 2025-09-19T20:30:00+01:00, 2025-09-19T21:00:00+01:00
0.004000, 0.08, 1.04, 2025-09-19T21:00:00+01:00, 2025-09-19T21:30:00+01:00
0.003000, 0.05, 1.04, 2025-09-19T21:30:00+01:00, 2025-09-19T22:00:00+01:00
0.003000, 0.06, 1.04, 2025-09-19T22:00:00+01:00, 2025-09-19T22:30:00+01:00
0.002000, 0.03, 1.04, 2025-09-19T22:30:00+01:00, 2025-09-19T23:00:00+01:00
0.002000, 0.03, 1.04, 2025-09-19T23:00:00+01:00, 2025-09-19T23:30:00+01:00
0.002000, 0.04, 1.04, 2025-09-19T23:30:00+01:00, 2025-09-20T00:00:00+01:00
1.283000, 24.13, 1.04, 2025-09-20T00:00:00+01:00, 2025-09-20T00:30:00+01:00
1.277000, 22.53, 1.04, 2025-09-20T00:30:00+01:00, 2025-09-20T01:00:00+01:00
1.247000, 21.45, 1.04, 2025-09-20T01:00:00+01:00, 2025-09-20T01:30:00+01:00
1.281000, 21.79, 1.04, 2025-09-20T01:30:00+01:00, 2025-09-20T02:00:00+01:00
1.260000, 21.98, 1.04, 2025-09-20T02:00:00+01:00, 2025-09-20T02:30:00+01:00
1.261000, 21.41, 1.04, 2025-09-20T02:30:00+01:00, 2025-09-20T03:00:00+01:00
1.265000, 22.31, 1.04, 2025-09-20T03:00:00+01:00, 2025-09-20T03:30:00+01:00
0.709000, 11.81, 1.04, 2025-09-20T03:30:00+01:00, 2025-09-20T04:00:00+01:00
0.191000, 3.06, 1.04, 2025-09-20T04:00:00+01:00, 2025-09-20T04:30:00+01:00
0.202000, 3.25, 1.04, 2025-09-20T04:30:00+01:00, 2025-09-20T05:00:00+01:00
0.176000, 3.03, 1.04, 2025-09-20T05:00:00+01:00, 2025-09-20T05:30:00+01:00
0.183000, 3.07, 1.04, 2025-09-20T05:30:00+01:00, 2025-09-20T06:00:00+01:00
0.014000, 0.25, 1.04, 2025-09-20T06:00:00+01:00, 2025-09-20T06:30:00+01:00
0.002000, 0.04, 1.04, 2025-09-20T06:30:00+01:00, 2025-09-20T07:00:00+01:00
0.002000, 0.03, 1.04, 2025-09-20T07:00:00+01:00, 2025-09-20T07:30:00+01:00
0.002000, 0.04, 1.04, 2025-09-20T07:30:00+01:00, 2025-09-20T08:00:00+01:00
0.009000, 0.2, 1.04, 2025-09-20T08:00:00+01:00, 2025-09-20T08:30:00+01:00
0.002000, 0.04, 1.04, 2025-09-20T08:30:00+01:00, 2025-09-20T09:00:00+01:00
0.002000, 0.04, 1.04, 2025-09-20T09:00:00+01:00, 2025-09-20T09:30:00+01:00
0.002000, 0.05, 1.04, 2025-09-20T09:30:00+01:00, 2025-09-20T10:00:00+01:00
0.005000, 0.1, 1.04, 2025-09-20T10:00:00+01:00, 2025-09-20T10:30:00+01:00
0.013000, 0.27, 1.04, 2025-09-20T10:30:00+01:00, 2025-09-20T11:00:00+01:00
0.008000, 0.16, 1.04, 2025-09-20T11:00:00+01:00, 2025-09-20T11:30:00+01:00
0.004000, 0.08, 1.04, 2025-09-20T11:30:00+01:00, 2025-09-20T12:00:00+01:00
0.074000, 1.43, 1.04, 2025-09-20T12:00:00+01:00, 2025-09-20T12:30:00+01:00
0.004000, 0.08, 1.04, 2025-09-20T12:30:00+01:00, 2025-09-20T13:00:00+01:00
1.217000, 23.54, 1.04, 2025-09-20T13:00:00+01:00, 2025-09-20T13:30:00+01:00
1.310000, 23.71, 1.04, 2025-09-20T13:30:00+01:00, 2025-09-20T14:00:00+01:00
1.312000, 24.33, 1.04, 2025-09-20T14:00:00+01:00, 2025-09-20T14:30:00+01:00
1.048000, 17.31, 1.04, 2025-09-20T14:30:00+01:00, 2025-09-20T15:00:00+01:00
0.242000, 4.24, 1.04, 2025-09-20T15:00:00+01:00, 2025-09-20T15:30:00+01:00
0.010000, 0.19, 1.04, 2025-09-20T15:30:00+01:00, 2025-09-20T16:00:00+01:00
0.002000, 0.06, 1.04, 2025-09-20T16:00:00+01:00, 2025-09-20T16:30:00+01:00
0.007000, 0.21, 1.04, 2025-09-20T16:30:00+01:00, 2025-09-20T17:00:00+01:00
0.002000, 0.06, 1.04, 2025-09-20T17:00:00+01:00, 2025-09-20T17:30:00+01:00
0.035000, 1.16, 1.04, 2025-09-20T17:30:00+01:00, 2025-09-20T18:00:00+01:00
0.255000, 8.38, 1.04, 2025-09-20T18:00:00+01:00, 2025-09-20T18:30:00+01:00
0.003000, 0.1, 1.04, 2025-09-20T18:30:00+01:00, 2025-09-20T19:00:00+01:00
0.002000, 0.04, 1.04, 2025-09-20T19:00:00+01:00, 2025-09-20T19:30:00+01:00
0.003000, 0.06, 1.04, 2025-09-20T19:30:00+01:00, 2025-09-20T20:00:00+01:00
0.006000, 0.1, 1.04, 2025-09-20T20:00:00+01:00, 2025-09-20T20:30:00+01:00
0.007000, 0.1, 1.04, 2025-09-20T20:30:00+01:00, 2025-09-20T21:00:00+01:00
0.003000, 0.05, 1.04, 2025-09-20T21:00:00+01:00, 2025-09-20T21:30:00+01:00
0.002000, 0.02, 1.04, 2025-09-20T21:30:00+01:00, 2025-09-20T22:00:00+01:00
0.425000, 3.94, 1.04, 2025-09-20T22:00:00+01:00, 2025-09-20T22:30:00+01:00
0.400000, 2.03, 1.04, 2025-09-20T22:30:00+01:00, 2025-09-20T23:00:00+01:00
0.925000, 1.63, 1.04, 2025-09-20T23:00:00+01:00, 2025-09-20T23:30:00+01:00
0.423000, -0.93, 1.04, 2025-09-20T23:30:00+01:00, 2025-09-21T00:00:00+01:00
1.225000, 0, 1.04, 2025-09-21T00:00:00+01:00, 2025-09-21T00:30:00+01:00
1.255000, -0.04, 1.04, 2025-09-21T00:30:00+01:00, 2025-09-21T01:00:00+01:00
1.240000, -0.44, 1.04, 2025-09-21T01:00:00+01:00, 2025-09-21T01:30:00+01:00
1.205000, 0, 1.04, 2025-09-21T01:30:00+01:00, 2025-09-21T02:00:00+01:00
1.234000, 0.19, 1.04, 2025-09-21T02:00:00+01:00, 2025-09-21T02:30:00+01:00
1.233000, 1.01, 1.04, 2025-09-21T02:30:00+01:00, 2025-09-21T03:00:00+01:00
1.209000, 1.02, 1.04, 2025-09-21T03:00:00+01:00, 2025-09-21T03:30:00+01:00
1.234000, 1.15, 1.04, 2025-09-21T03:30:00+01:00, 2025-09-21T04:00:00+01:00
1.109000, 0.49, 1.04, 2025-09-21T04:00:00+01:00, 2025-09-21T04:30:00+01:00
0.278000, 0.09, 1.04, 2025-09-21T04:30:00+01:00, 2025-09-21T05:00:00+01:00
0.152000, 0, 1.04, 2025-09-21T05:00:00+01:00, 2025-09-21T05:30:00+01:00
0.149000, 0.01, 1.04, 2025-09-21T05:30:00+01:00, 2025-09-21T06:00:00+01:00
0.011000, -0.01, 1.04, 2025-09-21T06:00:00+01:00, 2025-09-21T06:30:00+01:00
0.003000, 0.01, 1.04, 2025-09-21T06:30:00+01:00, 2025-09-21T07:00:00+01:00
0.001000, 0, 1.04, 2025-09-21T07:00:00+01:00, 2025-09-21T07:30:00+01:00
0.007000, 0.01, 1.04, 2025-09-21T07:30:00+01:00, 2025-09-21T08:00:00+01:00
0.021000, -0.02, 1.04, 2025-09-21T08:00:00+01:00, 2025-09-21T08:30:00+01:00
0.003000, 0.01, 1.04, 2025-09-21T08:30:00+01:00, 2025-09-21T09:00:00+01:00
0.005000, 0.01, 1.04, 2025-09-21T09:00:00+01:00, 2025-09-21T09:30:00+01:00
0.004000, 0.01, 1.04, 2025-09-21T09:30:00+01:00, 2025-09-21T10:00:00+01:00
0.003000, 0.01, 1.04, 2025-09-21T10:00:00+01:00, 2025-09-21T10:30:00+01:00
0.022000, 0.02, 1.04, 2025-09-21T10:30:00+01:00, 2025-09-21T11:00:00+01:00
0.005000, 0.01, 1.04, 2025-09-21T11:00:00+01:00, 2025-09-21T11:30:00+01:00
0.005000, 0.01, 1.04, 2025-09-21T11:30:00+01:00, 2025-09-21T12:00:00+01:00
0.128000, 0.42, 1.04, 2025-09-21T12:00:00+01:00, 2025-09-21T12:30:00+01:00
0.032000, 0.07, 1.04, 2025-09-21T12:30:00+01:00, 2025-09-21T13:00:00+01:00
0.049000, 0.06, 1.04, 2025-09-21T13:00:00+01:00, 2025-09-21T13:30:00+01:00
0.110000, -0.03, 1.04, 2025-09-21T13:30:00+01:00, 2025-09-21T14:00:00+01:00
0.027000, 0.03, 1.04, 2025-09-21T14:00:00+01:00, 2025-09-21T14:30:00+01:00
0.228000, 1.11, 1.04, 2025-09-21T14:30:00+01:00, 2025-09-21T15:00:00+01:00
0.008000, 0.03, 1.04, 2025-09-21T15:00:00+01:00, 2025-09-21T15:30:00+01:00
0.009000, 0.06, 1.04, 2025-09-21T15:30:00+01:00, 2025-09-21T16:00:00+01:00
0.003000, 0.06, 1.04, 2025-09-21T16:00:00+01:00, 2025-09-21T16:30:00+01:00
0.004000, 0.11, 1.04, 2025-09-21T16:30:00+01:00, 2025-09-21T17:00:00+01:00
0.003000, 0.09, 1.04, 2025-09-21T17:00:00+01:00, 2025-09-21T17:30:00+01:00
0.004000, 0.13, 1.04, 2025-09-21T17:30:00+01:00, 2025-09-21T18:00:00+01:00
0.007000, 0.22, 1.04, 2025-09-21T18:00:00+01:00, 2025-09-21T18:30:00+01:00
0.011000, 0.36, 1.04, 2025-09-21T18:30:00+01:00, 2025-09-21T19:00:00+01:00
0.007000, 0.14, 1.04, 2025-09-21T19:00:00+01:00, 2025-09-21T19:30:00+01:00
0.007000, 0.15, 1.04, 2025-09-21T19:30:00+01:00, 2025-09-21T20:00:00+01:00
0.003000, 0.07, 1.04, 2025-09-21T20:00:00+01:00, 2025-09-21T20:30:00+01:00
0.007000, 0.15, 1.04, 2025-09-21T20:30:00+01:00, 2025-09-21T21:00:00+01:00
0.002000, 0.04, 1.04, 2025-09-21T21:00:00+01:00, 2025-09-21T21:30:00+01:00
0.006000, 0.08, 1.04, 2025-09-21T21:30:00+01:00, 2025-09-21T22:00:00+01:00
0.002000, 0.04, 1.04, 2025-09-21T22:00:00+01:00, 2025-09-21T22:30:00+01:00
0.003000, 0.05, 1.04, 2025-09-21T22:30:00+01:00, 2025-09-21T23:00:00+01:00
0.003000, 0.06, 1.04, 2025-09-21T23:00:00+01:00, 2025-09-21T23:30:00+01:00
0.001000, 0.02, 1.04, 2025-09-21T23:30:00+01:00, 2025-09-22T00:00:00+01:00
1.273000, 20.13, 1.04, 2025-09-22T00:00:00+01:00, 2025-09-22T00:30:00+01:00
1.305000, 18.35, 1.04, 2025-09-22T00:30:00+01:00, 2025-09-22T01:00:00+01:00
1.298000, 17.17, 1.04, 2025-09-22T01:00:00+01:00, 2025-09-22T01:30:00+01:00
1.269000, 17.07, 1.04, 2025-09-22T01:30:00+01:00, 2025-09-22T02:00:00+01:00
1.278000, 18.1, 1.04, 2025-09-22T02:00:00+01:00, 2025-09-22T02:30:00+01:00
1.277000, 17.18, 1.04, 2025-09-22T02:30:00+01:00, 2025-09-22T03:00:00+01:00
1.201000, 16.33, 1.04, 2025-09-22T03:00:00+01:00, 2025-09-22T03:30:00+01:00
0.372000, 5, 1.04, 2025-09-22T03:30:00+01:00, 2025-09-22T04:00:00+01:00
0.190000, 2.51, 1.04, 2025-09-22T04:00:00+01:00, 2025-09-22T04:30:00+01:00
0.207000, 2.74, 1.04, 2025-09-22T04:30:00+01:00, 2025-09-22T05:00:00+01:00
0.205000, 2.5, 1.04, 2025-09-22T05:00:00+01:00, 2025-09-22T05:30:00+01:00
0.215000, 2.98, 1.04, 2025-09-22T05:30:00+01:00, 2025-09-22T06:00:00+01:00
0.016000, 0.35, 1.04, 2025-09-22T06:00:00+01:00, 2025-09-22T06:30:00+01:00
0.002000, 0.04, 1.04, 2025-09-22T06:30:00+01:00, 2025-09-22T07:00:00+01:00
0.002000, 0.05, 1.04, 2025-09-22T07:00:00+01:00, 2025-09-22T07:30:00+01:00
0.019000, 0.47, 1.04, 2025-09-22T07:30:00+01:00, 2025-09-22T08:00:00+01:00
0.005000, 0.11, 1.04, 2025-09-22T08:00:00+01:00, 2025-09-22T08:30:00+01:00
0.003000, 0.07, 1.04, 2025-09-22T08:30:00+01:00, 2025-09-22T09:00:00+01:00
0.003000, 0.06, 1.04, 2025-09-22T09:00:00+01:00, 2025-09-22T09:30:00+01:00
0.009000, 0.17, 1.04, 2025-09-22T09:30:00+01:00, 2025-09-22T10:00:00+01:00
0.012000, 0.21, 1.04, 2025-09-22T10:00:00+01:00, 2025-09-22T10:30:00+01:00
0.007000, 0.13, 1.04, 2025-09-22T10:30:00+01:00, 2025-09-22T11:00:00+01:00
0.004000, 0.07, 1.04, 2025-09-22T11:00:00+01:00, 2025-09-22T11:30:00+01:00
0.003000, 0.05, 1.04, 2025-09-22T11:30:00+01:00, 2025-09-22T12:00:00+01:00
0.003000, 0.05, 1.04, 2025-09-22T12:00:00+01:00, 2025-09-22T12:30:00+01:00
0.004000, 0.06, 1.04, 2025-09-22T12:30:00+01:00, 2025-09-22T13:00:00+01:00
0.045000, 0.72, 1.04, 2025-09-22T13:00:00+01:00, 2025-09-22T13:30:00+01:00
0.064000, 0.99, 1.04, 2025-09-22T13:30:00+01:00, 2025-09-22T14:00:00+01:00
0.051000, 0.75, 1.04, 2025-09-22T14:00:00+01:00, 2025-09-22T14:30:00+01:00
0.028000, 0.41, 1.04, 2025-09-22T14:30:00+01:00, 2025-09-22T15:00:00+01:00
0.031000, 0.52, 1.04, 2025-09-22T15:00:00+01:00, 2025-09-22T15:30:00+01:00
0.016000, 0.26, 1.04, 2025-09-22T15:30:00+01:00, 2025-09-22T16:00:00+01:00
0.004000, 0.11, 1.04, 2025-09-22T16:00:00+01:00, 2025-09-22T16:30:00+01:00
0.003000, 0.09, 1.04, 2025-09-22T16:30:00+01:00, 2025-09-22T17:00:00+01:00
0.004000, 0.14, 1.04, 2025-09-22T17:00:00+01:00, 2025-09-22T17:30:00+01:00
0.005000, 0.19, 1.04, 2025-09-22T17:30:00+01:00, 2025-09-22T18:00:00+01:00
0.002000, 0.08, 1.04, 2025-09-22T18:00:00+01:00, 2025-09-22T18:30:00+01:00
0.003000, 0.12, 1.04, 2025-09-22T18:30:00+01:00, 2025-09-22T19:00:00+01:00
0.003000, 0.08, 1.04, 2025-09-22T19:00:00+01:00, 2025-09-22T19:30:00+01:00
0.003000, 0.08, 1.04, 2025-09-22T19:30:00+01:00, 2025-09-22T20:00:00+01:00
0.002000, 0.05, 1.04, 2025-09-22T20:00:00+01:00, 2025-09-22T20:30:00+01:00
0.004000, 0.08, 1.04, 2025-09-22T20:30:00+01:00, 2025-09-22T21:00:00+01:00
0.003000, 0.06, 1.04, 2025-09-22T21:00:00+01:00, 2025-09-22T21:30:00+01:00
0.003000, 0.05, 1.04, 2025-09-22T21:30:00+01:00, 2025-09-22T22:00:00+01:00
0.003000, 0.06, 1.04, 2025-09-22T22:00:00+01:00, 2025-09-22T22:30:00+01:00
0.002000, 0.04, 1.04, 2025-09-22T22:30:00+01:00, 2025-09-22T23:00:00+01:00
0.002000, 0.04, 1.04, 2025-09-22T23:00:00+01:00, 2025-09-22T23:30:00+01:00
0.002000, 0.04, 1.04, 2025-09-22T23:30:00+01:00, 2025-09-23T00:00:00+01:00
1.311000, 23.7, 1.04, 2025-09-23T00:00:00+01:00, 2025-09-23T00:30:00+01:00
1.284000, 22.08, 1.04, 2025-09-23T00:30:00+01:00, 2025-09-23T01:00:00+01:00
1.301000, 24.38, 1.04, 2025-09-23T01:00:00+01:00, 2025-09-23T01:30:00+01:00
1.280000, 24.84, 1.04, 2025-09-23T01:30:00+01:00, 2025-09-23T02:00:00+01:00
1.298000, 24.01, 1.04, 2025-09-23T02:00:00+01:00, 2025-09-23T02:30:00+01:00
1.110000, 19.44, 1.04, 2025-09-23T02:30:00+01:00, 2025-09-23T03:00:00+01:00
0.311000, 5.68, 1.04, 2025-09-23T03:00:00+01:00, 2025-09-23T03:30:00+01:00
0.232000, 4.09, 1.04, 2025-09-23T03:30:00+01:00, 2025-09-23T04:00:00+01:00
0.173000, 3.01, 1.04, 2025-09-23T04:00:00+01:00, 2025-09-23T04:30:00+01:00
0.233000, 3.94, 1.04, 2025-09-23T04:30:00+01:00, 2025-09-23T05:00:00+01:00
0.210000, 3.69, 1.04, 2025-09-23T05:00:00+01:00, 2025-09-23T05:30:00+01:00
0.214000, 3.66, 1.04, 2025-09-23T05:30:00+01:00, 2025-09-23T06:00:00+01:00
0.019000, 0.32, 1.04, 2025-09-23T06:00:00+01:00, 2025-09-23T06:30:00+01:00
0.001000, 0.02, 1.04, 2025-09-23T06:30:00+01:00, 2025-09-23T07:00:00+01:00
0.003000, 0.08, 1.04, 2025-09-23T07:00:00+01:00, 2025-09-23T07:30:00+01:00
0.033000, 1, 1.04, 2025-09-23T07:30:00+01:00, 2025-09-23T08:00:00+01:00
0.003000, 0.08, 1.04, 2025-09-23T08:00:00+01:00, 2025-09-23T08:30:00+01:00
0.004000, 0.1, 1.04, 2025-09-23T08:30:00+01:00, 2025-09-23T09:00:00+01:00
0.003000, 0.07, 1.04, 2025-09-23T09:00:00+01:00, 2025-09-23T09:30:00+01:00
0.014000, 0.27, 1.04, 2025-09-23T09:30:00+01:00, 2025-09-23T10:00:00+01:00
0.010000, 0.17, 1.04, 2025-09-23T10:00:00+01:00, 2025-09-23T10:30:00+01:00
0.004000, 0.07, 1.04, 2025-09-23T10:30:00+01:00, 2025-09-23T11:00:00+01:00
0.005000, 0.08, 1.04, 2025-09-23T11:00:00+01:00, 2025-09-23T11:30:00+01:00
0.004000, 0.06, 1.04, 2025-09-23T11:30:00+01:00, 2025-09-23T12:00:00+01:00
0.089000, 1.43, 1.04, 2025-09-23T12:00:00+01:00, 2025-09-23T12:30:00+01:00
0.004000, 0.06, 1.04, 2025-09-23T12:30:00+01:00, 2025-09-23T13:00:00+01:00
0.009000, 0.14, 1.04, 2025-09-23T13:00:00+01:00, 2025-09-23T13:30:00+01:00
0.358000, 5.66, 1.04, 2025-09-23T13:30:00+01:00, 2025-09-23T14:00:00+01:00
0.035000, 0.56, 1.04, 2025-09-23T14:00:00+01:00, 2025-09-23T14:30:00+01:00
0.016000, 0.25, 1.04, 2025-09-23T14:30:00+01:00, 2025-09-23T15:00:00+01:00
0.023000, 0.41, 1.04, 2025-09-23T15:00:00+01:00, 2025-09-23T15:30:00+01:00
0.020000, 0.37, 1.04, 2025-09-23T15:30:00+01:00, 2025-09-23T16:00:00+01:00
0.004000, 0.13, 1.04, 2025-09-23T16:00:00+01:00, 2025-09-23T16:30:00+01:00
0.004000, 0.14, 1.04, 2025-09-23T16:30:00+01:00, 2025-09-23T17:00:00+01:00
0.003000, 0.12, 1.04, 2025-09-23T17:00:00+01:00, 2025-09-23T17:30:00+01:00
0.104000, 4.41, 1.04, 2025-09-23T17:30:00+01:00, 2025-09-23T18:00:00+01:00
0.024000, 0.99, 1.04, 2025-09-23T18:00:00+01:00, 2025-09-23T18:30:00+01:00
0.003000, 0.13, 1.04, 2025-09-23T18:30:00+01:00, 2025-09-23T19:00:00+01:00
0.002000, 0.05, 1.04, 2025-09-23T19:00:00+01:00, 2025-09-23T19:30:00+01:00
0.008000, 0.21, 1.04, 2025-09-23T19:30:00+01:00, 2025-09-23T20:00:00+01:00
0.005000, 0.12, 1.04, 2025-09-23T20:00:00+01:00, 2025-09-23T20:30:00+01:00
0.002000, 0.04, 1.04, 2025-09-23T20:30:00+01:00, 2025-09-23T21:00:00+01:00
0.006000, 0.12, 1.04, 2025-09-23T21:00:00+01:00, 2025-09-23T21:30:00+01:00
0.003000, 0.05, 1.04, 2025-09-23T21:30:00+01:00, 2025-09-23T22:00:00+01:00
0.002000, 0.04, 1.04, 2025-09-23T22:00:00+01:00, 2025-09-23T22:30:00+01:00
0.003000, 0.05, 1.04, 2025-09-23T22:30:00+01:00, 2025-09-23T23:00:00+01:00
0.002000, 0.04, 1.04, 2025-09-23T23:00:00+01:00, 2025-09-23T23:30:00+01:00
0.003000, 0.06, 1.04, 2025-09-23T23:30:00+01:00, 2025-09-24T00:00:00+01:00
1.302000, 22.11, 1.04, 2025-09-24T00:00:00+01:00, 2025-09-24T00:30:00+01:00
1.319000, 22.39, 1.04, 2025-09-24T00:30:00+01:00, 2025-09-24T01:00:00+01:00
1.283000, 21.18, 1.04, 2025-09-24T01:00:00+01:00, 2025-09-24T01:30:00+01:00
1.295000, 21.82, 1.04, 2025-09-24T01:30:00+01:00, 2025-09-24T02:00:00+01:00
1.300000, 22.1, 1.04, 2025-09-24T02:00:00+01:00, 2025-09-24T02:30:00+01:00
1.283000, 21.5, 1.04, 2025-09-24T02:30:00+01:00, 2025-09-24T03:00:00+01:00
1.311000, 22.55, 1.04, 2025-09-24T03:00:00+01:00, 2025-09-24T03:30:00+01:00
1.275000, 21.21, 1.04, 2025-09-24T03:30:00+01:00, 2025-09-24T04:00:00+01:00
0.801000, 13.25, 1.04, 2025-09-24T04:00:00+01:00, 2025-09-24T04:30:00+01:00
0.219000, 3.53, 1.04, 2025-09-24T04:30:00+01:00, 2025-09-24T05:00:00+01:00
0.213000, 3.76, 1.04, 2025-09-24T05:00:00+01:00, 2025-09-24T05:30:00+01:00
0.237000, 3.81, 1.04, 2025-09-24T05:30:00+01:00, 2025-09-24T06:00:00+01:00
0.025000, 0.52, 1.04, 2025-09-24T06:00:00+01:00, 2025-09-24T06:30:00+01:00
0.002000, 0.04, 1.04, 2025-09-24T06:30:00+01:00, 2025-09-24T07:00:00+01:00
0.003000, 0.07, 1.04, 2025-09-24T07:00:00+01:00, 2025-09-24T07:30:00+01:00
0.006000, 0.15, 1.04, 2025-09-24T07:30:00+01:00, 2025-09-24T08:00:00+01:00
0.003000, 0.07, 1.04, 2025-09-24T08:00:00+01:00, 2025-09-24T08:30:00+01:00
0.002000, 0.05, 1.04, 2025-09-24T08:30:00+01:00, 2025-09-24T09:00:00+01:00
0.004000, 0.09, 1.04, 2025-09-24T09:00:00+01:00, 2025-09-24T09:30:00+01:00
0.002000, 0.04, 1.04, 2025-09-24T09:30:00+01:00, 2025-09-24T10:00:00+01:00
0.003000, 0.05, 1.04, 2025-09-24T10:00:00+01:00, 2025-09-24T10:30:00+01:00
0.005000, 0.08, 1.04, 2025-09-24T10:30:00+01:00, 2025-09-24T11:00:00+01:00
0.006000, 0.1, 1.04, 2025-09-24T11:00:00+01:00, 2025-09-24T11:30:00+01:00
0.010000, 0.16, 1.04, 2025-09-24T11:30:00+01:00, 2025-09-24T12:00:00+01:00
0.017000, 0.27, 1.04, 2025-09-24T12:00:00+01:00, 2025-09-24T12:30:00+01:00
0.007000, 0.11, 1.04, 2025-09-24T12:30:00+01:00, 2025-09-24T13:00:00+01:00
0.016000, 0.25, 1.04, 2025-09-24T13:00:00+01:00, 2025-09-24T13:30:00+01:00
0.068000, 1.08, 1.04, 2025-09-24T13:30:00+01:00, 2025-09-24T14:00:00+01:00
0.160000, 2.54, 1.04, 2025-09-24T14:00:00+01:00, 2025-09-24T14:30:00+01:00
0.191000, 2.95, 1.04, 2025-09-24T14:30:00+01:00, 2025-09-24T15:00:00+01:00
0.056000, 0.89, 1.04, 2025-09-24T15:00:00+01:00, 2025-09-24T15:30:00+01:00
0.004000, 0.06, 1.04, 2025-09-24T15:30:00+01:00, 2025-09-24T16:00:00+01:00
0.002000, 0.06, 1.04, 2025-09-24T16:00:00+01:00, 2025-09-24T16:30:00+01:00
0.005000, 0.16, 1.04, 2025-09-24T16:30:00+01:00, 2025-09-24T17:00:00+01:00
0.003000, 0.1, 1.04, 2025-09-24T17:00:00+01:00, 2025-09-24T17:30:00+01:00
0.032000, 1.25, 1.04, 2025-09-24T17:30:00+01:00, 2025-09-24T18:00:00+01:00
0.011000, 0.4, 1.04, 2025-09-24T18:00:00+01:00, 2025-09-24T18:30:00+01:00
0.008000, 0.29, 1.04, 2025-09-24T18:30:00+01:00, 2025-09-24T19:00:00+01:00
0.004000, 0.1, 1.04, 2025-09-24T19:00:00+01:00, 2025-09-24T19:30:00+01:00
0.003000, 0.08, 1.04, 2025-09-24T19:30:00+01:00, 2025-09-24T20:00:00+01:00
0.004000, 0.1, 1.04, 2025-09-24T20:00:00+01:00, 2025-09-24T20:30:00+01:00
0.004000, 0.08, 1.04, 2025-09-24T20:30:00+01:00, 2025-09-24T21:00:00+01:00
0.003000, 0.06, 1.04, 2025-09-24T21:00:00+01:00, 2025-09-24T21:30:00+01:00
0.003000, 0.06, 1.04, 2025-09-24T21:30:00+01:00, 2025-09-24T22:00:00+01:00
0.003000, 0.05, 1.04, 2025-09-24T22:00:00+01:00, 2025-09-24T22:30:00+01:00
0.001000, 0.02, 1.04, 2025-09-24T22:30:00+01:00, 2025-09-24T23:00:00+01:00
0.003000, 0.05, 1.04, 2025-09-24T23:00:00+01:00, 2025-09-24T23:30:00+01:00
0.002000, 0.03, 1.04, 2025-09-24T23:30:00+01:00, 2025-09-25T00:00:00+01:00
1.295000, 20.86, 1.04, 2025-09-25T00:00:00+01:00, 2025-09-25T00:30:00+01:00
1.323000, 21.17, 1.04, 2025-09-25T00:30:00+01:00, 2025-09-25T01:00:00+01:00
1.260000, 20.48, 1.04, 2025-09-25T01:00:00+01:00, 2025-09-25T01:30:00+01:00
1.301000, 20.56, 1.04, 2025-09-25T01:30:00+01:00, 2025-09-25T02:00:00+01:00
1.298000, 20.28, 1.04, 2025-09-25T02:00:00+01:00, 2025-09-25T02:30:00+01:00
1.296000, 20.63, 1.04, 2025-09-25T02:30:00+01:00, 2025-09-25T03:00:00+01:00
1.273000, 21.33, 1.04, 2025-09-25T03:00:00+01:00, 2025-09-25T03:30:00+01:00
0.490000, 7.78, 1.04, 2025-09-25T03:30:00+01:00, 2025-09-25T04:00:00+01:00
0.226000, 3.45, 1.04, 2025-09-25T04:00:00+01:00, 2025-09-25T04:30:00+01:00
0.191000, 2.78, 1.04, 2025-09-25T04:30:00+01:00, 2025-09-25T05:00:00+01:00
0.225000, 3.97, 1.04, 2025-09-25T05:00:00+01:00, 2025-09-25T05:30:00+01:00
0.223000, 4.11, 1.04, 2025-09-25T05:30:00+01:00, 2025-09-25T06:00:00+01:00
0.015000, 0.3, 1.04, 2025-09-25T06:00:00+01:00, 2025-09-25T06:30:00+01:00
0.002000, 0.05, 1.04, 2025-09-25T06:30:00+01:00, 2025-09-25T07:00:00+01:00
0.003000, 0.07, 1.04, 2025-09-25T07:00:00+01:00, 2025-09-25T07:30:00+01:00
0.008000, 0.2, 1.04, 2025-09-25T07:30:00+01:00, 2025-09-25T08:00:00+01:00
0.032000, 0.74, 1.04, 2025-09-25T08:00:00+01:00, 2025-09-25T08:30:00+01:00
0.004000, 0.09, 1.04, 2025-09-25T08:30:00+01:00, 2025-09-25T09:00:00+01:00
0.004000, 0.08, 1.04, 2025-09-25T09:00:00+01:00, 2025-09-25T09:30:00+01:00
0.014000, 0.24, 1.04, 2025-09-25T09:30:00+01:00, 2025-09-25T10:00:00+01:00
0.018000, 0.29, 1.04, 2025-09-25T10:00:00+01:00, 2025-09-25T10:30:00+01:00
0.006000, 0.1, 1.04, 2025-09-25T10:30:00+01:00, 2025-09-25T11:00:00+01:00
0.007000, 0.12, 1.04, 2025-09-25T11:00:00+01:00, 2025-09-25T11:30:00+01:00
0.003000, 0.05, 1.04, 2025-09-25T11:30:00+01:00, 2025-09-25T12:00:00+01:00
0.008000, 0.12, 1.04, 2025-09-25T12:00:00+01:00, 2025-09-25T12:30:00+01:00
0.008000, 0.12, 1.04, 2025-09-25T12:30:00+01:00, 2025-09-25T13:00:00+01:00
0.051000, 0.73, 1.04, 2025-09-25T13:00:00+01:00, 2025-09-25T13:30:00+01:00
0.019000, 0.27, 1.04, 2025-09-25T13:30:00+01:00, 2025-09-25T14:00:00+01:00
0.067000, 0.96, 1.04, 2025-09-25T14:00:00+01:00, 2025-09-25T14:30:00+01:00
0.172000, 2.47, 1.04, 2025-09-25T14:30:00+01:00, 2025-09-25T15:00:00+01:00
0.147000, 2.31, 1.04, 2025-09-25T15:00:00+01:00, 2025-09-25T15:30:00+01:00
0.010000, 0.16, 1.04, 2025-09-25T15:30:00+01:00, 2025-09-25T16:00:00+01:00
0.004000, 0.12, 1.04, 2025-09-25T16:00:00+01:00, 2025-09-25T16:30:00+01:00
0.002000, 0.06, 1.04, 2025-09-25T16:30:00+01:00, 2025-09-25T17:00:00+01:00
0.003000, 0.1, 1.04, 2025-09-25T17:00:00+01:00, 2025-09-25T17:30:00+01:00
0.004000, 0.14, 1.04, 2025-09-25T17:30:00+01:00, 2025-09-25T18:00:00+01:00
0.004000, 0.14, 1.04, 2025-09-25T18:00:00+01:00, 2025-09-25T18:30:00+01:00
0.003000, 0.11, 1.04, 2025-09-25T18:30:00+01:00, 2025-09-25T19:00:00+01:00
0.003000, 0.07, 1.04, 2025-09-25T19:00:00+01:00, 2025-09-25T19:30:00+01:00
0.003000, 0.07, 1.04, 2025-09-25T19:30:00+01:00, 2025-09-25T20:00:00+01:00
0.003000, 0.06, 1.04, 2025-09-25T20:00:00+01:00, 2025-09-25T20:30:00+01:00
0.003000, 0.06, 1.04, 2025-09-25T20:30:00+01:00, 2025-09-25T21:00:00+01:00
0.002000, 0.04, 1.04, 2025-09-25T21:00:00+01:00, 2025-09-25T21:30:00+01:00
0.003000, 0.05, 1.04, 2025-09-25T21:30:00+01:00, 2025-09-25T22:00:00+01:00
0.003000, 0.05, 1.04, 2025-09-25T22:00:00+01:00, 2025-09-25T22:30:00+01:00
0.002000, 0.03, 1.04, 2025-09-25T22:30:00+01:00, 2025-09-25T23:00:00+01:00
0.002000, 0.04, 1.04, 2025-09-25T23:00:00+01:00, 2025-09-25T23:30:00+01:00
0.002000, 0.03, 1.04, 2025-09-25T23:30:00+01:00, 2025-09-26T00:00:00+01:00
1.431000, 22.13, 1.04, 2025-09-26T00:00:00+01:00, 2025-09-26T00:30:00+01:00
1.332000, 19.4, 1.04, 2025-09-26T00:30:00+01:00, 2025-09-26T01:00:00+01:00
1.317000, 20.12, 1.04, 2025-09-26T01:00:00+01:00, 2025-09-26T01:30:00+01:00
1.312000, 19.31, 1.04, 2025-09-26T01:30:00+01:00, 2025-09-26T02:00:00+01:00
1.333000, 19.61, 1.04, 2025-09-26T02:00:00+01:00, 2025-09-26T02:30:00+01:00
1.284000, 18.89, 1.04, 2025-09-26T02:30:00+01:00, 2025-09-26T03:00:00+01:00
0.604000, 9.31, 1.04, 2025-09-26T03:00:00+01:00, 2025-09-26T03:30:00+01:00
0.233000, 3.49, 1.04, 2025-09-26T03:30:00+01:00, 2025-09-26T04:00:00+01:00
0.204000, 3.11, 1.04, 2025-09-26T04:00:00+01:00, 2025-09-26T04:30:00+01:00
0.210000, 3.14, 1.04, 2025-09-26T04:30:00+01:00, 2025-09-26T05:00:00+01:00
0.215000, 3.63, 1.04, 2025-09-26T05:00:00+01:00, 2025-09-26T05:30:00+01:00
0.210000, 3.36, 1.04, 2025-09-26T05:30:00+01:00, 2025-09-26T06:00:00+01:00
0.016000, 0.31, 1.04, 2025-09-26T06:00:00+01:00, 2025-09-26T06:30:00+01:00
0.003000, 0.06, 1.04, 2025-09-26T06:30:00+01:00, 2025-09-26T07:00:00+01:00
0.001000, 0.02, 1.04, 2025-09-26T07:00:00+01:00, 2025-09-26T07:30:00+01:00
0.018000, 0.44, 1.04, 2025-09-26T07:30:00+01:00, 2025-09-26T08:00:00+01:00
0.004000, 0.1, 1.04, 2025-09-26T08:00:00+01:00, 2025-09-26T08:30:00+01:00
0.016000, 0.36, 1.04, 2025-09-26T08:30:00+01:00, 2025-09-26T09:00:00+01:00
0.024000, 0.52, 1.04, 2025-09-26T09:00:00+01:00, 2025-09-26T09:30:00+01:00
0.007000, 0.13, 1.04, 2025-09-26T09:30:00+01:00, 2025-09-26T10:00:00+01:00
0.005000, 0.08, 1.04, 2025-09-26T10:00:00+01:00, 2025-09-26T10:30:00+01:00
0.004000, 0.07, 1.04, 2025-09-26T10:30:00+01:00, 2025-09-26T11:00:00+01:00
0.004000, 0.06, 1.04, 2025-09-26T11:00:00+01:00, 2025-09-26T11:30:00+01:00
0.007000, 0.1, 1.04, 2025-09-26T11:30:00+01:00, 2025-09-26T12:00:00+01:00
0.007000, 0.11, 1.04, 2025-09-26T12:00:00+01:00, 2025-09-26T12:30:00+01:00
0.005000, 0.07, 1.04, 2025-09-26T12:30:00+01:00, 2025-09-26T13:00:00+01:00
0.177000, 2.73, 1.04, 2025-09-26T13:00:00+01:00, 2025-09-26T13:30:00+01:00
0.037000, 0.56, 1.04, 2025-09-26T13:30:00+01:00, 2025-09-26T14:00:00+01:00
0.184000, 2.87, 1.04, 2025-09-26T14:00:00+01:00, 2025-09-26T14:30:00+01:00
0.164000, 2.59, 1.04, 2025-09-26T14:30:00+01:00, 2025-09-26T15:00:00+01:00
0.190000, 3, 1.04, 2025-09-26T15:00:00+01:00, 2025-09-26T15:30:00+01:00
0.012000, 0.19, 1.04, 2025-09-26T15:30:00+01:00, 2025-09-26T16:00:00+01:00
0.004000, 0.12, 1.04, 2025-09-26T16:00:00+01:00, 2025-09-26T16:30:00+01:00
0.002000, 0.07, 1.04, 2025-09-26T16:30:00+01:00, 2025-09-26T17:00:00+01:00
0.004000, 0.13, 1.04, 2025-09-26T17:00:00+01:00, 2025-09-26T17:30:00+01:00
0.012000, 0.43, 1.04, 2025-09-26T17:30:00+01:00, 2025-09-26T18:00:00+01:00
0.011000, 0.39, 1.04, 2025-09-26T18:00:00+01:00, 2025-09-26T18:30:00+01:00
0.004000, 0.15, 1.04, 2025-09-26T18:30:00+01:00, 2025-09-26T19:00:00+01:00
0.004000, 0.09, 1.04, 2025-09-26T19:00:00+01:00, 2025-09-26T19:30:00+01:00
0.003000, 0.07, 1.04, 2025-09-26T19:30:00+01:00, 2025-09-26T20:00:00+01:00
0.006000, 0.13, 1.04, 2025-09-26T20:00:00+01:00, 2025-09-26T20:30:00+01:00
0.003000, 0.06, 1.04, 2025-09-26T20:30:00+01:00, 2025-09-26T21:00:00+01:00
0.003000, 0.06, 1.04, 2025-09-26T21:00:00+01:00, 2025-09-26T21:30:00+01:00
0.005000, 0.09, 1.04, 2025-09-26T21:30:00+01:00, 2025-09-26T22:00:00+01:00
0.515000, 9, 1.04, 2025-09-26T22:00:00+01:00, 2025-09-26T22:30:00+01:00
0.433000, 6.18, 1.04, 2025-09-26T22:30:00+01:00, 2025-09-26T23:00:00+01:00
0.388000, 6.76, 1.04, 2025-09-26T23:00:00+01:00, 2025-09-26T23:30:00+01:00
0.253000, 3.77, 1.04, 2025-09-26T23:30:00+01:00, 2025-09-27T00:00:00+01:00
1.325000, 19.88, 1.04, 2025-09-27T00:00:00+01:00, 2025-09-27T00:30:00+01:00
1.307000, 18.73, 1.04, 2025-09-27T00:30:00+01:00, 2025-09-27T01:00:00+01:00
1.281000, 19.97, 1.04, 2025-09-27T01:00:00+01:00, 2025-09-27T01:30:00+01:00
1.299000, 20.34, 1.04, 2025-09-27T01:30:00+01:00, 2025-09-27T02:00:00+01:00
1.291000, 19.52, 1.04, 2025-09-27T02:00:00+01:00, 2025-09-27T02:30:00+01:00
1.306000, 19.71, 1.04, 2025-09-27T02:30:00+01:00, 2025-09-27T03:00:00+01:00
1.292000, 20.35, 1.04, 2025-09-27T03:00:00+01:00, 2025-09-27T03:30:00+01:00
1.290000, 19.45, 1.04, 2025-09-27T03:30:00+01:00, 2025-09-27T04:00:00+01:00
1.157000, 17.74, 1.04, 2025-09-27T04:00:00+01:00, 2025-09-27T04:30:00+01:00
0.293000, 4.39, 1.04, 2025-09-27T04:30:00+01:00, 2025-09-27T05:00:00+01:00
0.236000, 3.76, 1.04, 2025-09-27T05:00:00+01:00, 2025-09-27T05:30:00+01:00
0.229000, 3.62, 1.04, 2025-09-27T05:30:00+01:00, 2025-09-27T06:00:00+01:00
0.032000, 0.58, 1.04, 2025-09-27T06:00:00+01:00, 2025-09-27T06:30:00+01:00
0.003000, 0.05, 1.04, 2025-09-27T06:30:00+01:00, 2025-09-27T07:00:00+01:00
0.002000, 0.04, 1.04, 2025-09-27T07:00:00+01:00, 2025-09-27T07:30:00+01:00
0.011000, 0.21, 1.04, 2025-09-27T07:30:00+01:00, 2025-09-27T08:00:00+01:00
0.002000, 0.04, 1.04, 2025-09-27T08:00:00+01:00, 2025-09-27T08:30:00+01:00
0.004000, 0.08, 1.04, 2025-09-27T08:30:00+01:00, 2025-09-27T09:00:00+01:00
0.004000, 0.08, 1.04, 2025-09-27T09:00:00+01:00, 2025-09-27T09:30:00+01:00
0.006000, 0.12, 1.04, 2025-09-27T09:30:00+01:00, 2025-09-27T10:00:00+01:00
0.003000, 0.06, 1.04, 2025-09-27T10:00:00+01:00, 2025-09-27T10:30:00+01:00
0.005000, 0.08, 1.04, 2025-09-27T10:30:00+01:00, 2025-09-27T11:00:00+01:00
0.014000, 0.24, 1.04, 2025-09-27T11:00:00+01:00, 2025-09-27T11:30:00+01:00
0.106000, 1.82, 1.04, 2025-09-27T11:30:00+01:00, 2025-09-27T12:00:00+01:00
0.190000, 3.18, 1.04, 2025-09-27T12:00:00+01:00, 2025-09-27T12:30:00+01:00
0.083000, 1.39, 1.04, 2025-09-27T12:30:00+01:00, 2025-09-27T13:00:00+01:00
1.273000, 21.33, 1.04, 2025-09-27T13:00:00+01:00, 2025-09-27T13:30:00+01:00
1.335000, 21.28, 1.04, 2025-09-27T13:30:00+01:00, 2025-09-27T14:00:00+01:00
1.312000, 21.24, 1.04, 2025-09-27T14:00:00+01:00, 2025-09-27T14:30:00+01:00
1.440000, 24.07, 1.04, 2025-09-27T14:30:00+01:00, 2025-09-27T15:00:00+01:00
0.502000, 8.52, 1.04, 2025-09-27T15:00:00+01:00, 2025-09-27T15:30:00+01:00
0.014000, 0.23, 1.04, 2025-09-27T15:30:00+01:00, 2025-09-27T16:00:00+01:00
0.025000, 0.78, 1.04, 2025-09-27T16:00:00+01:00, 2025-09-27T16:30:00+01:00
0.004000, 0.13, 1.04, 2025-09-27T16:30:00+01:00, 2025-09-27T17:00:00+01:00
0.029000, 0.99, 1.04, 2025-09-27T17:00:00+01:00, 2025-09-27T17:30:00+01:00
0.086000, 3.22, 1.04, 2025-09-27T17:30:00+01:00, 2025-09-27T18:00:00+01:00
0.004000, 0.14, 1.04, 2025-09-27T18:00:00+01:00, 2025-09-27T18:30:00+01:00
0.004000, 0.15, 1.04, 2025-09-27T18:30:00+01:00, 2025-09-27T19:00:00+01:00
0.004000, 0.09, 1.04, 2025-09-27T19:00:00+01:00, 2025-09-27T19:30:00+01:00
0.003000, 0.06, 1.04, 2025-09-27T19:30:00+01:00, 2025-09-27T20:00:00+01:00
0.002000, 0.04, 1.04, 2025-09-27T20:00:00+01:00, 2025-09-27T20:30:00+01:00
0.005000, 0.09, 1.04, 2025-09-27T20:30:00+01:00, 2025-09-27T21:00:00+01:00
0.004000, 0.08, 1.04, 2025-09-27T21:00:00+01:00, 2025-09-27T21:30:00+01:00
0.003000, 0.06, 1.04, 2025-09-27T21:30:00+01:00, 2025-09-27T22:00:00+01:00
0.200000, 3.56, 1.04, 2025-09-27T22:00:00+01:00, 2025-09-27T22:30:00+01:00
0.322000, 5.29, 1.04, 2025-09-27T22:30:00+01:00, 2025-09-27T23:00:00+01:00
0.305000, 5.04, 1.04, 2025-09-27T23:00:00+01:00, 2025-09-27T23:30:00+01:00
0.330000, 5.1, 1.04, 2025-09-27T23:30:00+01:00, 2025-09-28T00:00:00+01:00
1.244000, 19.66, 1.04, 2025-09-28T00:00:00+01:00, 2025-09-28T00:30:00+01:00
1.226000, 19.49, 1.04, 2025-09-28T00:30:00+01:00, 2025-09-28T01:00:00+01:00
1.241000, 20.55, 1.04, 2025-09-28T01:00:00+01:00, 2025-09-28T01:30:00+01:00
1.214000, 20.84, 1.04, 2025-09-28T01:30:00+01:00, 2025-09-28T02:00:00+01:00
1.211000, 20.42, 1.04, 2025-09-28T02:00:00+01:00, 2025-09-28T02:30:00+01:00
1.242000, 20.54, 1.04, 2025-09-28T02:30:00+01:00, 2025-09-28T03:00:00+01:00
1.217000, 20.39, 1.04, 2025-09-28T03:00:00+01:00, 2025-09-28T03:30:00+01:00
1.187000, 19.61, 1.04, 2025-09-28T03:30:00+01:00, 2025-09-28T04:00:00+01:00
1.218000, 19.98, 1.04, 2025-09-28T04:00:00+01:00, 2025-09-28T04:30:00+01:00
0.340000, 5.47, 1.04, 2025-09-28T04:30:00+01:00, 2025-09-28T05:00:00+01:00
0.227000, 3.92, 1.04, 2025-09-28T05:00:00+01:00, 2025-09-28T05:30:00+01:00
0.497000, 8.41, 1.04, 2025-09-28T05:30:00+01:00, 2025-09-28T06:00:00+01:00
0.020000, 0.37, 1.04, 2025-09-28T06:00:00+01:00, 2025-09-28T06:30:00+01:00
0.005000, 0.09, 1.04, 2025-09-28T06:30:00+01:00, 2025-09-28T07:00:00+01:00
0.002000, 0.03, 1.04, 2025-09-28T07:00:00+01:00, 2025-09-28T07:30:00+01:00
0.003000, 0.06, 1.04, 2025-09-28T07:30:00+01:00, 2025-09-28T08:00:00+01:00
0.017000, 0.33, 1.04, 2025-09-28T08:00:00+01:00, 2025-09-28T08:30:00+01:00
0.003000, 0.06, 1.04, 2025-09-28T08:30:00+01:00, 2025-09-28T09:00:00+01:00
0.003000, 0.06, 1.04, 2025-09-28T09:00:00+01:00, 2025-09-28T09:30:00+01:00
0.065000, 1.29, 1.04, 2025-09-28T09:30:00+01:00, 2025-09-28T10:00:00+01:00
0.006000, 0.11, 1.04, 2025-09-28T10:00:00+01:00, 2025-09-28T10:30:00+01:00
0.005000, 0.09, 1.04, 2025-09-28T10:30:00+01:00, 2025-09-28T11:00:00+01:00
0.005000, 0.09, 1.04, 2025-09-28T11:00:00+01:00, 2025-09-28T11:30:00+01:00
0.007000, 0.12, 1.04, 2025-09-28T11:30:00+01:00, 2025-09-28T12:00:00+01:00
0.002000, 0.04, 1.04, 2025-09-28T12:00:00+01:00, 2025-09-28T12:30:00+01:00
0.007000, 0.13, 1.04, 2025-09-28T12:30:00+01:00, 2025-09-28T13:00:00+01:00
1.051000, 18.54, 1.04, 2025-09-28T13:00:00+01:00, 2025-09-28T13:30:00+01:00
0.880000, 13.97, 1.04, 2025-09-28T13:30:00+01:00, 2025-09-28T14:00:00+01:00
0.148000, 2.44, 1.04, 2025-09-28T14:00:00+01:00, 2025-09-28T14:30:00+01:00
0.018000, 0.29, 1.04, 2025-09-28T14:30:00+01:00, 2025-09-28T15:00:00+01:00
0.256000, 4.55, 1.04, 2025-09-28T15:00:00+01:00, 2025-09-28T15:30:00+01:00
0.004000, 0.07, 1.04, 2025-09-28T15:30:00+01:00, 2025-09-28T16:00:00+01:00
0.003000, 0.1, 1.04, 2025-09-28T16:00:00+01:00, 2025-09-28T16:30:00+01:00
0.003000, 0.11, 1.04, 2025-09-28T16:30:00+01:00, 2025-09-28T17:00:00+01:00
0.041000, 1.56, 1.04, 2025-09-28T17:00:00+01:00, 2025-09-28T17:30:00+01:00
0.018000, 0.74, 1.04, 2025-09-28T17:30:00+01:00, 2025-09-28T18:00:00+01:00
0.003000, 0.12, 1.04, 2025-09-28T18:00:00+01:00, 2025-09-28T18:30:00+01:00
0.005000, 0.2, 1.04, 2025-09-28T18:30:00+01:00, 2025-09-28T19:00:00+01:00
0.001000, 0.03, 1.04, 2025-09-28T19:00:00+01:00, 2025-09-28T19:30:00+01:00
0.003000, 0.08, 1.04, 2025-09-28T19:30:00+01:00, 2025-09-28T20:00:00+01:00
0.036000, 0.98, 1.04, 2025-09-28T20:00:00+01:00, 2025-09-28T20:30:00+01:00
0.006000, 0.15, 1.04, 2025-09-28T20:30:00+01:00, 2025-09-28T21:00:00+01:00
0.003000, 0.08, 1.04, 2025-09-28T21:00:00+01:00, 2025-09-28T21:30:00+01:00
0.003000, 0.06, 1.04, 2025-09-28T21:30:00+01:00, 2025-09-28T22:00:00+01:00
0.002000, 0.04, 1.04, 2025-09-28T22:00:00+01:00, 2025-09-28T22:30:00+01:00
0.002000, 0.03, 1.04, 2025-09-28T22:30:00+01:00, 2025-09-28T23:00:00+01:00
0.003000, 0.06, 1.04, 2025-09-28T23:00:00+01:00, 2025-09-28T23:30:00+01:00
0.001000, 0.02, 1.04, 2025-09-28T23:30:00+01:00, 2025-09-29T00:00:00+01:00
1.256000, 21.5, 1.04, 2025-09-29T00:00:00+01:00, 2025-09-29T00:30:00+01:00
1.312000, 21.7, 1.04, 2025-09-29T00:30:00+01:00, 2025-09-29T01:00:00+01:00
1.391000, 23, 1.04, 2025-09-29T01:00:00+01:00, 2025-09-29T01:30:00+01:00
1.305000, 21.58, 1.04, 2025-09-29T01:30:00+01:00, 2025-09-29T02:00:00+01:00
1.300000, 21.5, 1.04, 2025-09-29T02:00:00+01:00, 2025-09-29T02:30:00+01:00
1.326000, 21.55, 1.04, 2025-09-29T02:30:00+01:00, 2025-09-29T03:00:00+01:00
1.288000, 21.3, 1.04, 2025-09-29T03:00:00+01:00, 2025-09-29T03:30:00+01:00
1.082000, 17.8, 1.04, 2025-09-29T03:30:00+01:00, 2025-09-29T04:00:00+01:00
0.310000, 5.13, 1.04, 2025-09-29T04:00:00+01:00, 2025-09-29T04:30:00+01:00
0.177000, 2.88, 1.04, 2025-09-29T04:30:00+01:00, 2025-09-29T05:00:00+01:00
0.198000, 3.41, 1.04, 2025-09-29T05:00:00+01:00, 2025-09-29T05:30:00+01:00
0.236000, 3.99, 1.04, 2025-09-29T05:30:00+01:00, 2025-09-29T06:00:00+01:00
0.018000, 0.4, 1.04, 2025-09-29T06:00:00+01:00, 2025-09-29T06:30:00+01:00
0.002000, 0.05, 1.04, 2025-09-29T06:30:00+01:00, 2025-09-29T07:00:00+01:00
0.001000, 0.03, 1.04, 2025-09-29T07:00:00+01:00, 2025-09-29T07:30:00+01:00
0.008000, 0.23, 1.04, 2025-09-29T07:30:00+01:00, 2025-09-29T08:00:00+01:00
0.004000, 0.1, 1.04, 2025-09-29T08:00:00+01:00, 2025-09-29T08:30:00+01:00
0.002000, 0.05, 1.04, 2025-09-29T08:30:00+01:00, 2025-09-29T09:00:00+01:00
0.002000, 0.04, 1.04, 2025-09-29T09:00:00+01:00, 2025-09-29T09:30:00+01:00
0.007000, 0.12, 1.04, 2025-09-29T09:30:00+01:00, 2025-09-29T10:00:00+01:00
0.004000, 0.07, 1.04, 2025-09-29T10:00:00+01:00, 2025-09-29T10:30:00+01:00
0.021000, 0.4, 1.04, 2025-09-29T10:30:00+01:00, 2025-09-29T11:00:00+01:00
0.136000, 2.22, 1.04, 2025-09-29T11:00:00+01:00, 2025-09-29T11:30:00+01:00
0.005000, 0.08, 1.04, 2025-09-29T11:30:00+01:00, 2025-09-29T12:00:00+01:00
0.012000, 0.19, 1.04, 2025-09-29T12:00:00+01:00, 2025-09-29T12:30:00+01:00
0.011000, 0.17, 1.04, 2025-09-29T12:30:00+01:00, 2025-09-29T13:00:00+01:00
0.653000, 10.42, 1.04, 2025-09-29T13:00:00+01:00, 2025-09-29T13:30:00+01:00
0.039000, 0.62, 1.04, 2025-09-29T13:30:00+01:00, 2025-09-29T14:00:00+01:00
0.068000, 1.09, 1.04, 2025-09-29T14:00:00+01:00, 2025-09-29T14:30:00+01:00
0.166000, 2.71, 1.04, 2025-09-29T14:30:00+01:00, 2025-09-29T15:00:00+01:00
0.165000, 2.79, 1.04, 2025-09-29T15:00:00+01:00, 2025-09-29T15:30:00+01:00
0.011000, 0.17, 1.04, 2025-09-29T15:30:00+01:00, 2025-09-29T16:00:00+01:00
0.003000, 0.1, 1.04, 2025-09-29T16:00:00+01:00, 2025-09-29T16:30:00+01:00
0.004000, 0.14, 1.04, 2025-09-29T16:30:00+01:00, 2025-09-29T17:00:00+01:00
0.002000, 0.09, 1.04, 2025-09-29T17:00:00+01:00, 2025-09-29T17:30:00+01:00
0.026000, 1.21, 1.04, 2025-09-29T17:30:00+01:00, 2025-09-29T18:00:00+01:00
0.005000, 0.25, 1.04, 2025-09-29T18:00:00+01:00, 2025-09-29T18:30:00+01:00
0.003000, 0.15, 1.04, 2025-09-29T18:30:00+01:00, 2025-09-29T19:00:00+01:00
0.002000, 0.06, 1.04, 2025-09-29T19:00:00+01:00, 2025-09-29T19:30:00+01:00
0.004000, 0.12, 1.04, 2025-09-29T19:30:00+01:00, 2025-09-29T20:00:00+01:00
0.003000, 0.07, 1.04, 2025-09-29T20:00:00+01:00, 2025-09-29T20:30:00+01:00
0.004000, 0.08, 1.04, 2025-09-29T20:30:00+01:00, 2025-09-29T21:00:00+01:00
0.006000, 0.12, 1.04, 2025-09-29T21:00:00+01:00, 2025-09-29T21:30:00+01:00
0.003000, 0.06, 1.04, 2025-09-29T21:30:00+01:00, 2025-09-29T22:00:00+01:00
0.003000, 0.06, 1.04, 2025-09-29T22:00:00+01:00, 2025-09-29T22:30:00+01:00
0.001000, 0.02, 1.04, 2025-09-29T22:30:00+01:00, 2025-09-29T23:00:00+01:00
0.002000, 0.04, 1.04, 2025-09-29T23:00:00+01:00, 2025-09-29T23:30:00+01:00
0.002000, 0.03, 1.04, 2025-09-29T23:30:00+01:00, 2025-09-30T00:00:00+01:00
1.300000, 21.91, 1.04, 2025-09-30T00:00:00+01:00, 2025-09-30T00:30:00+01:00
1.307000, 20.76, 1.04, 2025-09-30T00:30:00+01:00, 2025-09-30T01:00:00+01:00
1.277000, 20.88, 1.04, 2025-09-30T01:00:00+01:00, 2025-09-30T01:30:00+01:00
1.297000, 20.56, 1.04, 2025-09-30T01:30:00+01:00, 2025-09-30T02:00:00+01:00
1.286000, 20.47, 1.04, 2025-09-30T02:00:00+01:00, 2025-09-30T02:30:00+01:00
1.286000, 19.85, 1.04, 2025-09-30T02:30:00+01:00, 2025-09-30T03:00:00+01:00
1.309000, 21.36, 1.04, 2025-09-30T03:00:00+01:00, 2025-09-30T03:30:00+01:00
1.266000, 19.54, 1.04, 2025-09-30T03:30:00+01:00, 2025-09-30T04:00:00+01:00
0.671000, 9.93, 1.04, 2025-09-30T04:00:00+01:00, 2025-09-30T04:30:00+01:00
0.226000, 3.24, 1.04, 2025-09-30T04:30:00+01:00, 2025-09-30T05:00:00+01:00
0.200000, 2.87, 1.04, 2025-09-30T05:00:00+01:00, 2025-09-30T05:30:00+01:00
0.215000, 2.85, 1.04, 2025-09-30T05:30:00+01:00, 2025-09-30T06:00:00+01:00
0.016000, 0.28, 1.04, 2025-09-30T06:00:00+01:00, 2025-09-30T06:30:00+01:00
0.002000, 0.04, 1.04, 2025-09-30T06:30:00+01:00, 2025-09-30T07:00:00+01:00
0.002000, 0.05, 1.04, 2025-09-30T07:00:00+01:00, 2025-09-30T07:30:00+01:00
0.012000, 0.3, 1.04, 2025-09-30T07:30:00+01:00, 2025-09-30T08:00:00+01:00
0.002000, 0.05, 1.04, 2025-09-30T08:00:00+01:00, 2025-09-30T08:30:00+01:00
0.003000, 0.07, 1.04, 2025-09-30T08:30:00+01:00, 2025-09-30T09:00:00+01:00
0.003000, 0.06, 1.04, 2025-09-30T09:00:00+01:00, 2025-09-30T09:30:00+01:00
0.012000, 0.22, 1.04, 2025-09-30T09:30:00+01:00, 2025-09-30T10:00:00+01:00
0.009000, 0.15, 1.04, 2025-09-30T10:00:00+01:00, 2025-09-30T10:30:00+01:00
0.005000, 0.08, 1.04, 2025-09-30T10:30:00+01:00, 2025-09-30T11:00:00+01:00
0.003000, 0.05, 1.04, 2025-09-30T11:00:00+01:00, 2025-09-30T11:30:00+01:00
0.004000, 0.06, 1.04, 2025-09-30T11:30:00+01:00, 2025-09-30T12:00:00+01:00
0.008000, 0.12, 1.04, 2025-09-30T12:00:00+01:00, 2025-09-30T12:30:00+01:00
0.006000, 0.09, 1.04, 2025-09-30T12:30:00+01:00, 2025-09-30T13:00:00+01:00
0.992000, 16.03, 1.04, 2025-09-30T13:00:00+01:00, 2025-09-30T13:30:00+01:00
0.021000, 0.32, 1.04, 2025-09-30T13:30:00+01:00, 2025-09-30T14:00:00+01:00
0.123000, 1.79, 1.04, 2025-09-30T14:00:00+01:00, 2025-09-30T14:30:00+01:00
0.121000, 1.79, 1.04, 2025-09-30T14:30:00+01:00, 2025-09-30T15:00:00+01:00
0.159000, 2.38, 1.04, 2025-09-30T15:00:00+01:00, 2025-09-30T15:30:00+01:00
0.008000, 0.12, 1.04, 2025-09-30T15:30:00+01:00, 2025-09-30T16:00:00+01:00
0.003000, 0.08, 1.04, 2025-09-30T16:00:00+01:00, 2025-09-30T16:30:00+01:00
0.004000, 0.13, 1.04, 2025-09-30T16:30:00+01:00, 2025-09-30T17:00:00+01:00
0.216000, 7.81, 1.04, 2025-09-30T17:00:00+01:00, 2025-09-30T17:30:00+01:00
0.191000, 7.43, 1.04, 2025-09-30T17:30:00+01:00, 2025-09-30T18:00:00+01:00
0.003000, 0.11, 1.04, 2025-09-30T18:00:00+01:00, 2025-09-30T18:30:00+01:00
0.010000, 0.4, 1.04, 2025-09-30T18:30:00+01:00, 2025-09-30T19:00:00+01:00
0.064000, 1.59, 1.04, 2025-09-30T19:00:00+01:00, 2025-09-30T19:30:00+01:00
0.039000, 0.91, 1.04, 2025-09-30T19:30:00+01:00, 2025-09-30T20:00:00+01:00
0.025000, 0.48, 1.04, 2025-09-30T20:00:00+01:00, 2025-09-30T20:30:00+01:00
0.459000, 7.08, 1.04, 2025-09-30T20:30:00+01:00, 2025-09-30T21:00:00+01:00
0.499000, 9.58, 1.04, 2025-09-30T21:00:00+01:00, 2025-09-30T21:30:00+01:00
0.404000, 6.66, 1.04, 2025-09-30T21:30:00+01:00, 2025-09-30T22:00:00+01:00
0.358000, 6.38, 1.04, 2025-09-30T22:00:00+01:00, 2025-09-30T22:30:00+01:00
0.348000, 5.32, 1.04, 2025-09-30T22:30:00+01:00, 2025-09-30T23:00:00+01:00
0.307000, 5.42, 1.04, 2025-09-30T23:00:00+01:00, 2025-09-30T23:30:00+01:00
0.323000, 5.91, 1.04, 2025-09-30T23:30:00+01:00, 2025-09-30T23:59:59.999000+01:00
