Consumption (kwh), Estimated Cost Inc. Tax (p), Standing Charge Inc. Tax (p), Start, End
1.322000, 21.57, 1.04, 2025-10-01T00:00:00+01:00, 2025-10-01T00:30:00+01:00
1.265000, 20.3, 1.04, 2025-10-01T00:30:00+01:00, 2025-10-01T01:00:00+01:00
1.297000, 19.98, 1.04, 2025-10-01T01:00:00+01:00, 2025-10-01T01:30:00+01:00
1.306000, 20.17, 1.04, 2025-10-01T01:30:00+01:00, 2025-10-01T02:00:00+01:00
1.305000, 19.51, 1.04, 2025-10-01T02:00:00+01:00, 2025-10-01T02:30:00+01:00
1.291000, 19.61, 1.04, 2025-10-01T02:30:00+01:00, 2025-10-01T03:00:00+01:00
1.278000, 19.65, 1.04, 2025-10-01T03:00:00+01:00, 2025-10-01T03:30:00+01:00
1.317000, 19.65, 1.04, 2025-10-01T03:30:00+01:00, 2025-10-01T04:00:00+01:00
1.160000, 17.16, 1.04, 2025-10-01T04:00:00+01:00, 2025-10-01T04:30:00+01:00
0.336000, 4.67, 1.04, 2025-10-01T04:30:00+01:00, 2025-10-01T05:00:00+01:00
0.235000, 3.63, 1.04, 2025-10-01T05:00:00+01:00, 2025-10-01T05:30:00+01:00
0.172000, 2.43, 1.04, 2025-10-01T05:30:00+01:00, 2025-10-01T06:00:00+01:00
0.016000, 0.31, 1.04, 2025-10-01T06:00:00+01:00, 2025-10-01T06:30:00+01:00
0.002000, 0.04, 1.04, 2025-10-01T06:30:00+01:00, 2025-10-01T07:00:00+01:00
0.002000, 0.04, 1.04, 2025-10-01T07:00:00+01:00, 2025-10-01T07:30:00+01:00
0.020000, 0.48, 1.04, 2025-10-01T07:30:00+01:00, 2025-10-01T08:00:00+01:00
0.005000, 0.11, 1.04, 2025-10-01T08:00:00+01:00, 2025-10-01T08:30:00+01:00
0.011000, 0.22, 1.04, 2025-10-01T08:30:00+01:00, 2025-10-01T09:00:00+01:00
0.005000, 0.09, 1.04, 2025-10-01T09:00:00+01:00, 2025-10-01T09:30:00+01:00
0.003000, 0.05, 1.04, 2025-10-01T09:30:00+01:00, 2025-10-01T10:00:00+01:00
0.002000, 0.03, 1.04, 2025-10-01T10:00:00+01:00, 2025-10-01T10:30:00+01:00
0.002000, 0.03, 1.04, 2025-10-01T10:30:00+01:00, 2025-10-01T11:00:00+01:00
0.002000, 0.03, 1.04, 2025-10-01T11:00:00+01:00, 2025-10-01T11:30:00+01:00
0.018000, 0.28, 1.04, 2025-10-01T11:30:00+01:00, 2025-10-01T12:00:00+01:00
0.009000, 0.14, 1.04, 2025-10-01T12:00:00+01:00, 2025-10-01T12:30:00+01:00
0.004000, 0.06, 1.04, 2025-10-01T12:30:00+01:00, 2025-10-01T13:00:00+01:00
1.207000, 19.37, 1.04, 2025-10-01T13:00:00+01:00, 2025-10-01T13:30:00+01:00
1.241000, 18.88, 1.04, 2025-10-01T13:30:00+01:00, 2025-10-01T14:00:00+01:00
1.345000, 20.76, 1.04, 2025-10-01T14:00:00+01:00, 2025-10-01T14:30:00+01:00
0.156000, 2.37, 1.04, 2025-10-01T14:30:00+01:00, 2025-10-01T15:00:00+01:00
0.265000, 4.56, 1.04, 2025-10-01T15:00:00+01:00, 2025-10-01T15:30:00+01:00
0.013000, 0.22, 1.04, 2025-10-01T15:30:00+01:00, 2025-10-01T16:00:00+01:00
0.003000, 0.09, 1.04, 2025-10-01T16:00:00+01:00, 2025-10-01T16:30:00+01:00
0.003000, 0.09, 1.04, 2025-10-01T16:30:00+01:00, 2025-10-01T17:00:00+01:00
0.054000, 1.85, 1.04, 2025-10-01T17:00:00+01:00, 2025-10-01T17:30:00+01:00
0.093000, 3.41, 1.04, 2025-10-01T17:30:00+01:00, 2025-10-01T18:00:00+01:00
0.002000, 0.08, 1.04, 2025-10-01T18:00:00+01:00, 2025-10-01T18:30:00+01:00
0.003000, 0.11, 1.04, 2025-10-01T18:30:00+01:00, 2025-10-01T19:00:00+01:00
0.003000, 0.07, 1.04, 2025-10-01T19:00:00+01:00, 2025-10-01T19:30:00+01:00
0.002000, 0.05, 1.04, 2025-10-01T19:30:00+01:00, 2025-10-01T20:00:00+01:00
0.004000, 0.08, 1.04, 2025-10-01T20:00:00+01:00, 2025-10-01T20:30:00+01:00
0.002000, 0.04, 1.04, 2025-10-01T20:30:00+01:00, 2025-10-01T21:00:00+01:00
0.004000, 0.07, 1.04, 2025-10-01T21:00:00+01:00, 2025-10-01T21:30:00+01:00
0.002000, 0.03, 1.04, 2025-10-01T21:30:00+01:00, 2025-10-01T22:00:00+01:00
0.002000, 0.03, 1.04, 2025-10-01T22:00:00+01:00, 2025-10-01T22:30:00+01:00
0.002000, 0.03, 1.04, 2025-10-01T22:30:00+01:00, 2025-10-01T23:00:00+01:00
0.003000, 0.05, 1.04, 2025-10-01T23:00:00+01:00, 2025-10-01T23:30:00+01:00
0.002000, 0.03, 1.04, 2025-10-01T23:30:00+01:00, 2025-10-02T00:00:00+01:00
1.286000, 20.57, 1.04, 2025-10-02T00:00:00+01:00, 2025-10-02T00:30:00+01:00
1.307000, 21.61, 1.04, 2025-10-02T00:30:00+01:00, 2025-10-02T01:00:00+01:00
1.302000, 21.5, 1.04, 2025-10-02T01:00:00+01:00, 2025-10-02T01:30:00+01:00
1.299000, 21.48, 1.04, 2025-10-02T01:30:00+01:00, 2025-10-02T02:00:00+01:00
1.285000, 21.25, 1.04, 2025-10-02T02:00:00+01:00, 2025-10-02T02:30:00+01:00
1.295000, 21.13, 1.04, 2025-10-02T02:30:00+01:00, 2025-10-02T03:00:00+01:00
1.305000, 21.58, 1.04, 2025-10-02T03:00:00+01:00, 2025-10-02T03:30:00+01:00
1.271000, 20.17, 1.04, 2025-10-02T03:30:00+01:00, 2025-10-02T04:00:00+01:00
1.102000, 19.44, 1.04, 2025-10-02T04:00:00+01:00, 2025-10-02T04:30:00+01:00
0.287000, 4.82, 1.04, 2025-10-02T04:30:00+01:00, 2025-10-02T05:00:00+01:00
0.231000, 4.08, 1.04, 2025-10-02T05:00:00+01:00, 2025-10-02T05:30:00+01:00
0.196000, 3.24, 1.04, 2025-10-02T05:30:00+01:00, 2025-10-02T06:00:00+01:00
0.015000, 0.28, 1.04, 2025-10-02T06:00:00+01:00, 2025-10-02T06:30:00+01:00
0.003000, 0.07, 1.04, 2025-10-02T06:30:00+01:00, 2025-10-02T07:00:00+01:00
0.001000, 0.02, 1.04, 2025-10-02T07:00:00+01:00, 2025-10-02T07:30:00+01:00
0.026000, 0.67, 1.04, 2025-10-02T07:30:00+01:00, 2025-10-02T08:00:00+01:00
0.004000, 0.08, 1.04, 2025-10-02T08:00:00+01:00, 2025-10-02T08:30:00+01:00
0.004000, 0.08, 1.04, 2025-10-02T08:30:00+01:00, 2025-10-02T09:00:00+01:00
0.004000, 0.08, 1.04, 2025-10-02T09:00:00+01:00, 2025-10-02T09:30:00+01:00
0.004000, 0.07, 1.04, 2025-10-02T09:30:00+01:00, 2025-10-02T10:00:00+01:00
0.003000, 0.05, 1.04, 2025-10-02T10:00:00+01:00, 2025-10-02T10:30:00+01:00
0.002000, 0.03, 1.04, 2025-10-02T10:30:00+01:00, 2025-10-02T11:00:00+01:00
0.013000, 0.22, 1.04, 2025-10-02T11:00:00+01:00, 2025-10-02T11:30:00+01:00
0.020000, 0.37, 1.04, 2025-10-02T11:30:00+01:00, 2025-10-02T12:00:00+01:00
0.017000, 0.29, 1.04, 2025-10-02T12:00:00+01:00, 2025-10-02T12:30:00+01:00
0.003000, 0.05, 1.04, 2025-10-02T12:30:00+01:00, 2025-10-02T13:00:00+01:00
1.039000, 14.79, 1.04, 2025-10-02T13:00:00+01:00, 2025-10-02T13:30:00+01:00
1.096000, 14.98, 1.04, 2025-10-02T13:30:00+01:00, 2025-10-02T14:00:00+01:00
0.964000, 13.78, 1.04, 2025-10-02T14:00:00+01:00, 2025-10-02T14:30:00+01:00
0.300000, 4.06, 1.04, 2025-10-02T14:30:00+01:00, 2025-10-02T15:00:00+01:00
0.165000, 2.31, 1.04, 2025-10-02T15:00:00+01:00, 2025-10-02T15:30:00+01:00
0.010000, 0.15, 1.04, 2025-10-02T15:30:00+01:00, 2025-10-02T16:00:00+01:00
0.004000, 0.11, 1.04, 2025-10-02T16:00:00+01:00, 2025-10-02T16:30:00+01:00
0.004000, 0.12, 1.04, 2025-10-02T16:30:00+01:00, 2025-10-02T17:00:00+01:00
0.003000, 0.1, 1.04, 2025-10-02T17:00:00+01:00, 2025-10-02T17:30:00+01:00
0.014000, 0.47, 1.04, 2025-10-02T17:30:00+01:00, 2025-10-02T18:00:00+01:00
0.005000, 0.17, 1.04, 2025-10-02T18:00:00+01:00, 2025-10-02T18:30:00+01:00
0.004000, 0.14, 1.04, 2025-10-02T18:30:00+01:00, 2025-10-02T19:00:00+01:00
0.003000, 0.06, 1.04, 2025-10-02T19:00:00+01:00, 2025-10-02T19:30:00+01:00
0.004000, 0.07, 1.04, 2025-10-02T19:30:00+01:00, 2025-10-02T20:00:00+01:00
0.004000, 0.06, 1.04, 2025-10-02T20:00:00+01:00, 2025-10-02T20:30:00+01:00
0.006000, 0.09, 1.04, 2025-10-02T20:30:00+01:00, 2025-10-02T21:00:00+01:00
0.004000, 0.06, 1.04, 2025-10-02T21:00:00+01:00, 2025-10-02T21:30:00+01:00
0.003000, 0.03, 1.04, 2025-10-02T21:30:00+01:00, 2025-10-02T22:00:00+01:00
0.003000, 0.03, 1.04, 2025-10-02T22:00:00+01:00, 2025-10-02T22:30:00+01:00
0.003000, 0.02, 1.04, 2025-10-02T22:30:00+01:00, 2025-10-02T23:00:00+01:00
0.007000, 0.05, 1.04, 2025-10-02T23:00:00+01:00, 2025-10-02T23:30:00+01:00
0.316000, 1.74, 1.04, 2025-10-02T23:30:00+01:00, 2025-10-03T00:00:00+01:00
1.377000, 6.68, 1.04, 2025-10-03T00:00:00+01:00, 2025-10-03T00:30:00+01:00
1.353000, 7.22, 1.04, 2025-10-03T00:30:00+01:00, 2025-10-03T01:00:00+01:00
1.358000, 7.51, 1.04, 2025-10-03T01:00:00+01:00, 2025-10-03T01:30:00+01:00
1.313000, 7.21, 1.04, 2025-10-03T01:30:00+01:00, 2025-10-03T02:00:00+01:00
1.284000, 8.51, 1.04, 2025-10-03T02:00:00+01:00, 2025-10-03T02:30:00+01:00
1.278000, 8.51, 1.04, 2025-10-03T02:30:00+01:00, 2025-10-03T03:00:00+01:00
1.315000, 9.86, 1.04, 2025-10-03T03:00:00+01:00, 2025-10-03T03:30:00+01:00
1.312000, 9.26, 1.04, 2025-10-03T03:30:00+01:00, 2025-10-03T04:00:00+01:00
1.190000, 6.82, 1.04, 2025-10-03T04:00:00+01:00, 2025-10-03T04:30:00+01:00
0.341000, 1.8, 1.04, 2025-10-03T04:30:00+01:00, 2025-10-03T05:00:00+01:00
0.255000, 1.44, 1.04, 2025-10-03T05:00:00+01:00, 2025-10-03T05:30:00+01:00
0.210000, 1.89, 1.04, 2025-10-03T05:30:00+01:00, 2025-10-03T06:00:00+01:00
0.014000, 0.22, 1.04, 2025-10-03T06:00:00+01:00, 2025-10-03T06:30:00+01:00
0.002000, 0.03, 1.04, 2025-10-03T06:30:00+01:00, 2025-10-03T07:00:00+01:00
0.001000, 0.02, 1.04, 2025-10-03T07:00:00+01:00, 2025-10-03T07:30:00+01:00
0.012000, 0.25, 1.04, 2025-10-03T07:30:00+01:00, 2025-10-03T08:00:00+01:00
0.021000, 0.44, 1.04, 2025-10-03T08:00:00+01:00, 2025-10-03T08:30:00+01:00
0.003000, 0.06, 1.04, 2025-10-03T08:30:00+01:00, 2025-10-03T09:00:00+01:00
0.002000, 0.04, 1.04, 2025-10-03T09:00:00+01:00, 2025-10-03T09:30:00+01:00
0.003000, 0.06, 1.04, 2025-10-03T09:30:00+01:00, 2025-10-03T10:00:00+01:00
0.005000, 0.09, 1.04, 2025-10-03T10:00:00+01:00, 2025-10-03T10:30:00+01:00
0.002000, 0.03, 1.04, 2025-10-03T10:30:00+01:00, 2025-10-03T11:00:00+01:00
0.002000, 0.03, 1.04, 2025-10-03T11:00:00+01:00, 2025-10-03T11:30:00+01:00
0.003000, 0.04, 1.04, 2025-10-03T11:30:00+01:00, 2025-10-03T12:00:00+01:00
0.016000, 0.24, 1.04, 2025-10-03T12:00:00+01:00, 2025-10-03T12:30:00+01:00
0.059000, 0.85, 1.04, 2025-10-03T12:30:00+01:00, 2025-10-03T13:00:00+01:00
1.637000, 19.85, 1.04, 2025-10-03T13:00:00+01:00, 2025-10-03T13:30:00+01:00
1.345000, 15.42, 1.04, 2025-10-03T13:30:00+01:00, 2025-10-03T14:00:00+01:00
0.871000, 9.51, 1.04, 2025-10-03T14:00:00+01:00, 2025-10-03T14:30:00+01:00
0.271000, 2.89, 1.04, 2025-10-03T14:30:00+01:00, 2025-10-03T15:00:00+01:00
0.278000, 3.06, 1.04, 2025-10-03T15:00:00+01:00, 2025-10-03T15:30:00+01:00
0.034000, 0.38, 1.04, 2025-10-03T15:30:00+01:00, 2025-10-03T16:00:00+01:00
0.011000, 0.25, 1.04, 2025-10-03T16:00:00+01:00, 2025-10-03T16:30:00+01:00
0.003000, 0.07, 1.04, 2025-10-03T16:30:00+01:00, 2025-10-03T17:00:00+01:00
0.006000, 0.13, 1.04, 2025-10-03T17:00:00+01:00, 2025-10-03T17:30:00+01:00
0.055000, 1.3, 1.04, 2025-10-03T17:30:00+01:00, 2025-10-03T18:00:00+01:00
0.002000, 0.05, 1.04, 2025-10-03T18:00:00+01:00, 2025-10-03T18:30:00+01:00
0.002000, 0.05, 1.04, 2025-10-03T18:30:00+01:00, 2025-10-03T19:00:00+01:00
0.003000, 0.04, 1.04, 2025-10-03T19:00:00+01:00, 2025-10-03T19:30:00+01:00
0.003000, 0.03, 1.04, 2025-10-03T19:30:00+01:00, 2025-10-03T20:00:00+01:00
0.003000, 0.02, 1.04, 2025-10-03T20:00:00+01:00, 2025-10-03T20:30:00+01:00
0.003000, 0.02, 1.04, 2025-10-03T20:30:00+01:00, 2025-10-03T21:00:00+01:00
0.003000, 0.01, 1.04, 2025-10-03T21:00:00+01:00, 2025-10-03T21:30:00+01:00
0.002000, 0.01, 1.04, 2025-10-03T21:30:00+01:00, 2025-10-03T22:00:00+01:00
0.013000, 0.09, 1.04, 2025-10-03T22:00:00+01:00, 2025-10-03T22:30:00+01:00
0.003000, 0.01, 1.04, 2025-10-03T22:30:00+01:00, 2025-10-03T23:00:00+01:00
0.006000, 0.02, 1.04, 2025-10-03T23:00:00+01:00, 2025-10-03T23:30:00+01:00
0.261000, -0.04, 1.04, 2025-10-03T23:30:00+01:00, 2025-10-04T00:00:00+01:00
1.345000, 1.3, 1.04, 2025-10-04T00:00:00+01:00, 2025-10-04T00:30:00+01:00
1.287000, 1.03, 1.04, 2025-10-04T00:30:00+01:00, 2025-10-04T01:00:00+01:00
1.296000, -0.57, 1.04, 2025-10-04T01:00:00+01:00, 2025-10-04T01:30:00+01:00
1.316000, -0.57, 1.04, 2025-10-04T01:30:00+01:00, 2025-10-04T02:00:00+01:00
1.259000, 0.05, 1.04, 2025-10-04T02:00:00+01:00, 2025-10-04T02:30:00+01:00
1.295000, -0.29, 1.04, 2025-10-04T02:30:00+01:00, 2025-10-04T03:00:00+01:00
1.311000, -0.29, 1.04, 2025-10-04T03:00:00+01:00, 2025-10-04T03:30:00+01:00
1.297000, -0.29, 1.04, 2025-10-04T03:30:00+01:00, 2025-10-04T04:00:00+01:00
1.171000, -0.26, 1.04, 2025-10-04T04:00:00+01:00, 2025-10-04T04:30:00+01:00
0.354000, -0.08, 1.04, 2025-10-04T04:30:00+01:00, 2025-10-04T05:00:00+01:00
0.247000, 0.05, 1.04, 2025-10-04T05:00:00+01:00, 2025-10-04T05:30:00+01:00
0.250000, -0.05, 1.04, 2025-10-04T05:30:00+01:00, 2025-10-04T06:00:00+01:00
0.016000, 0, 1.04, 2025-10-04T06:00:00+01:00, 2025-10-04T06:30:00+01:00
0.001000, 0, 1.04, 2025-10-04T06:30:00+01:00, 2025-10-04T07:00:00+01:00
0.002000, 0, 1.04, 2025-10-04T07:00:00+01:00, 2025-10-04T07:30:00+01:00
0.003000, 0.01, 1.04, 2025-10-04T07:30:00+01:00, 2025-10-04T08:00:00+01:00
0.020000, 0.06, 1.04, 2025-10-04T08:00:00+01:00, 2025-10-04T08:30:00+01:00
0.004000, 0.02, 1.04, 2025-10-04T08:30:00+01:00, 2025-10-04T09:00:00+01:00
0.004000, 0, 1.04, 2025-10-04T09:00:00+01:00, 2025-10-04T09:30:00+01:00
0.003000, 0, 1.04, 2025-10-04T09:30:00+01:00, 2025-10-04T10:00:00+01:00
0.002000, 0, 1.04, 2025-10-04T10:00:00+01:00, 2025-10-04T10:30:00+01:00
0.002000, 0, 1.04, 2025-10-04T10:30:00+01:00, 2025-10-04T11:00:00+01:00
0.002000, 0, 1.04, 2025-10-04T11:00:00+01:00, 2025-10-04T11:30:00+01:00
0.003000, 0, 1.04, 2025-10-04T11:30:00+01:00, 2025-10-04T12:00:00+01:00
0.238000, 0.37, 1.04, 2025-10-04T12:00:00+01:00, 2025-10-04T12:30:00+01:00
0.108000, -0.02, 1.04, 2025-10-04T12:30:00+01:00, 2025-10-04T13:00:00+01:00
1.237000, 0.19, 1.04, 2025-10-04T13:00:00+01:00, 2025-10-04T13:30:00+01:00
1.307000, -0.29, 1.04, 2025-10-04T13:30:00+01:00, 2025-10-04T14:00:00+01:00
2.469000, -1.14, 1.04, 2025-10-04T14:00:00+01:00, 2025-10-04T14:30:00+01:00
1.326000, -0.54, 1.04, 2025-10-04T14:30:00+01:00, 2025-10-04T15:00:00+01:00
1.199000, 0.15, 1.04, 2025-10-04T15:00:00+01:00, 2025-10-04T15:30:00+01:00
0.045000, 0.02, 1.04, 2025-10-04T15:30:00+01:00, 2025-10-04T16:00:00+01:00
0.003000, 0.04, 1.04, 2025-10-04T16:00:00+01:00, 2025-10-04T16:30:00+01:00
0.004000, 0.06, 1.04, 2025-10-04T16:30:00+01:00, 2025-10-04T17:00:00+01:00
0.027000, 0.29, 1.04, 2025-10-04T17:00:00+01:00, 2025-10-04T17:30:00+01:00
0.117000, 1.78, 1.04, 2025-10-04T17:30:00+01:00, 2025-10-04T18:00:00+01:00
0.031000, 0.46, 1.04, 2025-10-04T18:00:00+01:00, 2025-10-04T18:30:00+01:00
0.002000, 0.03, 1.04, 2025-10-04T18:30:00+01:00, 2025-10-04T19:00:00+01:00
0.003000, 0.01, 1.04, 2025-10-04T19:00:00+01:00, 2025-10-04T19:30:00+01:00
0.003000, 0, 1.04, 2025-10-04T19:30:00+01:00, 2025-10-04T20:00:00+01:00
0.003000, 0.01, 1.04, 2025-10-04T20:00:00+01:00, 2025-10-04T20:30:00+01:00
0.004000, 0, 1.04, 2025-10-04T20:30:00+01:00, 2025-10-04T21:00:00+01:00
0.001000, 0, 1.04, 2025-10-04T21:00:00+01:00, 2025-10-04T21:30:00+01:00
0.001000, 0, 1.04, 2025-10-04T21:30:00+01:00, 2025-10-04T22:00:00+01:00
0.002000, 0, 1.04, 2025-10-04T22:00:00+01:00, 2025-10-04T22:30:00+01:00
0.230000, -0.11, 1.04, 2025-10-04T22:30:00+01:00, 2025-10-04T23:00:00+01:00
0.263000, 0.52, 1.04, 2025-10-04T23:00:00+01:00, 2025-10-04T23:30:00+01:00
0.228000, 0, 1.04, 2025-10-04T23:30:00+01:00, 2025-10-05T00:00:00+01:00
1.226000, -0.57, 1.04, 2025-10-05T00:00:00+01:00, 2025-10-05T00:30:00+01:00
1.256000, -0.28, 1.04, 2025-10-05T00:30:00+01:00, 2025-10-05T01:00:00+01:00
1.466000, -1.29, 1.04, 2025-10-05T01:00:00+01:00, 2025-10-05T01:30:00+01:00
1.269000, -0.59, 1.04, 2025-10-05T01:30:00+01:00, 2025-10-05T02:00:00+01:00
1.690000, -0.78, 1.04, 2025-10-05T02:00:00+01:00, 2025-10-05T02:30:00+01:00
1.253000, -0.55, 1.04, 2025-10-05T02:30:00+01:00, 2025-10-05T03:00:00+01:00
1.223000, -0.27, 1.04, 2025-10-05T03:00:00+01:00, 2025-10-05T03:30:00+01:00
1.233000, -0.52, 1.04, 2025-10-05T03:30:00+01:00, 2025-10-05T04:00:00+01:00
1.163000, -1.56, 1.04, 2025-10-05T04:00:00+01:00, 2025-10-05T04:30:00+01:00
0.293000, -0.25, 1.04, 2025-10-05T04:30:00+01:00, 2025-10-05T05:00:00+01:00
0.239000, -0.05, 1.04, 2025-10-05T05:00:00+01:00, 2025-10-05T05:30:00+01:00
0.253000, -0.12, 1.04, 2025-10-05T05:30:00+01:00, 2025-10-05T06:00:00+01:00
0.018000, -0.01, 1.04, 2025-10-05T06:00:00+01:00, 2025-10-05T06:30:00+01:00
0.002000, 0, 1.04, 2025-10-05T06:30:00+01:00, 2025-10-05T07:00:00+01:00
0.002000, 0, 1.04, 2025-10-05T07:00:00+01:00, 2025-10-05T07:30:00+01:00
0.007000, 0.01, 1.04, 2025-10-05T07:30:00+01:00, 2025-10-05T08:00:00+01:00
1.069000, 1.65, 1.04, 2025-10-05T08:00:00+01:00, 2025-10-05T08:30:00+01:00
0.852000, 1.88, 1.04, 2025-10-05T08:30:00+01:00, 2025-10-05T09:00:00+01:00
0.229000, 0.37, 1.04, 2025-10-05T09:00:00+01:00, 2025-10-05T09:30:00+01:00
0.075000, 0.13, 1.04, 2025-10-05T09:30:00+01:00, 2025-10-05T10:00:00+01:00
0.025000, 0.01, 1.04, 2025-10-05T10:00:00+01:00, 2025-10-05T10:30:00+01:00
0.210000, -0.05, 1.04, 2025-10-05T10:30:00+01:00, 2025-10-05T11:00:00+01:00
0.182000, 0.08, 1.04, 2025-10-05T11:00:00+01:00, 2025-10-05T11:30:00+01:00
0.176000, -0.08, 1.04, 2025-10-05T11:30:00+01:00, 2025-10-05T12:00:00+01:00
0.134000, 0.04, 1.04, 2025-10-05T12:00:00+01:00, 2025-10-05T12:30:00+01:00
0.483000, 0.43, 1.04, 2025-10-05T12:30:00+01:00, 2025-10-05T13:00:00+01:00
0.699000, 0.28, 1.04, 2025-10-05T13:00:00+01:00, 2025-10-05T13:30:00+01:00
0.576000, 0.49, 1.04, 2025-10-05T13:30:00+01:00, 2025-10-05T14:00:00+01:00
0.715000, 0.52, 1.04, 2025-10-05T14:00:00+01:00, 2025-10-05T14:30:00+01:00
0.368000, 0.36, 1.04, 2025-10-05T14:30:00+01:00, 2025-10-05T15:00:00+01:00
0.149000, 0.03, 1.04, 2025-10-05T15:00:00+01:00, 2025-10-05T15:30:00+01:00
0.019000, 0.02, 1.04, 2025-10-05T15:30:00+01:00, 2025-10-05T16:00:00+01:00
0.149000, 1.63, 1.04, 2025-10-05T16:00:00+01:00, 2025-10-05T16:30:00+01:00
0.067000, 1.3, 1.04, 2025-10-05T16:30:00+01:00, 2025-10-05T17:00:00+01:00
0.087000, 2.14, 1.04, 2025-10-05T17:00:00+01:00, 2025-10-05T17:30:00+01:00
0.044000, 1.26, 1.04, 2025-10-05T17:30:00+01:00, 2025-10-05T18:00:00+01:00
0.026000, 0.69, 1.04, 2025-10-05T18:00:00+01:00, 2025-10-05T18:30:00+01:00
0.002000, 0.06, 1.04, 2025-10-05T18:30:00+01:00, 2025-10-05T19:00:00+01:00
0.002000, 0.03, 1.04, 2025-10-05T19:00:00+01:00, 2025-10-05T19:30:00+01:00
0.004000, 0.06, 1.04, 2025-10-05T19:30:00+01:00, 2025-10-05T20:00:00+01:00
0.002000, 0.03, 1.04, 2025-10-05T20:00:00+01:00, 2025-10-05T20:30:00+01:00
0.003000, 0.03, 1.04, 2025-10-05T20:30:00+01:00, 2025-10-05T21:00:00+01:00
0.004000, 0.04, 1.04, 2025-10-05T21:00:00+01:00, 2025-10-05T21:30:00+01:00
0.007000, 0.04, 1.04, 2025-10-05T21:30:00+01:00, 2025-10-05T22:00:00+01:00
0.002000, 0.01, 1.04, 2025-10-05T22:00:00+01:00, 2025-10-05T22:30:00+01:00
0.000000, 0, 1.04, 2025-10-05T22:30:00+01:00, 2025-10-05T23:00:00+01:00
0.146000, 1.25, 1.04, 2025-10-05T23:00:00+01:00, 2025-10-05T23:30:00+01:00
0.246000, 0.97, 1.04, 2025-10-05T23:30:00+01:00, 2025-10-06T00:00:00+01:00
1.308000, 5.48, 1.04, 2025-10-06T00:00:00+01:00, 2025-10-06T00:30:00+01:00
1.300000, 3.44, 1.04, 2025-10-06T00:30:00+01:00, 2025-10-06T01:00:00+01:00
1.281000, 3.5, 1.04, 2025-10-06T01:00:00+01:00, 2025-10-06T01:30:00+01:00
1.282000, 3.67, 1.04, 2025-10-06T01:30:00+01:00, 2025-10-06T02:00:00+01:00
1.302000, 5.43, 1.04, 2025-10-06T02:00:00+01:00, 2025-10-06T02:30:00+01:00
1.295000, 4.28, 1.04, 2025-10-06T02:30:00+01:00, 2025-10-06T03:00:00+01:00
1.272000, 5.61, 1.04, 2025-10-06T03:00:00+01:00, 2025-10-06T03:30:00+01:00
1.296000, 5.2, 1.04, 2025-10-06T03:30:00+01:00, 2025-10-06T04:00:00+01:00
1.129000, 4.53, 1.04, 2025-10-06T04:00:00+01:00, 2025-10-06T04:30:00+01:00
0.316000, 0.77, 1.04, 2025-10-06T04:30:00+01:00, 2025-10-06T05:00:00+01:00
0.218000, 2.85, 1.04, 2025-10-06T05:00:00+01:00, 2025-10-06T05:30:00+01:00
0.200000, 2.97, 1.04, 2025-10-06T05:30:00+01:00, 2025-10-06T06:00:00+01:00
0.015000, 0.26, 1.04, 2025-10-06T06:00:00+01:00, 2025-10-06T06:30:00+01:00
0.002000, 0.04, 1.04, 2025-10-06T06:30:00+01:00, 2025-10-06T07:00:00+01:00
0.001000, 0.02, 1.04, 2025-10-06T07:00:00+01:00, 2025-10-06T07:30:00+01:00
0.005000, 0.12, 1.04, 2025-10-06T07:30:00+01:00, 2025-10-06T08:00:00+01:00
1.328000, 31.43, 1.04, 2025-10-06T08:00:00+01:00, 2025-10-06T08:30:00+01:00
0.410000, 8.92, 1.04, 2025-10-06T08:30:00+01:00, 2025-10-06T09:00:00+01:00
0.264000, 5.53, 1.04, 2025-10-06T09:00:00+01:00, 2025-10-06T09:30:00+01:00
0.200000, 3.64, 1.04, 2025-10-06T09:30:00+01:00, 2025-10-06T10:00:00+01:00
0.539000, 9.32, 1.04, 2025-10-06T10:00:00+01:00, 2025-10-06T10:30:00+01:00
0.080000, 1.27, 1.04, 2025-10-06T10:30:00+01:00, 2025-10-06T11:00:00+01:00
0.145000, 2.37, 1.04, 2025-10-06T11:00:00+01:00, 2025-10-06T11:30:00+01:00
0.143000, 2.08, 1.04, 2025-10-06T11:30:00+01:00, 2025-10-06T12:00:00+01:00
0.225000, 3.33, 1.04, 2025-10-06T12:00:00+01:00, 2025-10-06T12:30:00+01:00
0.156000, 2.24, 1.04, 2025-10-06T12:30:00+01:00, 2025-10-06T13:00:00+01:00
0.093000, 1.33, 1.04, 2025-10-06T13:00:00+01:00, 2025-10-06T13:30:00+01:00
0.103000, 1.45, 1.04, 2025-10-06T13:30:00+01:00, 2025-10-06T14:00:00+01:00
0.094000, 1.35, 1.04, 2025-10-06T14:00:00+01:00, 2025-10-06T14:30:00+01:00
0.304000, 4.47, 1.04, 2025-10-06T14:30:00+01:00, 2025-10-06T15:00:00+01:00
0.100000, 1.43, 1.04, 2025-10-06T15:00:00+01:00, 2025-10-06T15:30:00+01:00
0.007000, 0.1, 1.04, 2025-10-06T15:30:00+01:00, 2025-10-06T16:00:00+01:00
0.002000, 0.06, 1.04, 2025-10-06T16:00:00+01:00, 2025-10-06T16:30:00+01:00
0.005000, 0.15, 1.04, 2025-10-06T16:30:00+01:00, 2025-10-06T17:00:00+01:00
0.006000, 0.18, 1.04, 2025-10-06T17:00:00+01:00, 2025-10-06T17:30:00+01:00
0.006000, 0.21, 1.04, 2025-10-06T17:30:00+01:00, 2025-10-06T18:00:00+01:00
0.003000, 0.12, 1.04, 2025-10-06T18:00:00+01:00, 2025-10-06T18:30:00+01:00
0.003000, 0.12, 1.04, 2025-10-06T18:30:00+01:00, 2025-10-06T19:00:00+01:00
0.004000, 0.11, 1.04, 2025-10-06T19:00:00+01:00, 2025-10-06T19:30:00+01:00
0.002000, 0.05, 1.04, 2025-10-06T19:30:00+01:00, 2025-10-06T20:00:00+01:00
0.004000, 0.09, 1.04, 2025-10-06T20:00:00+01:00, 2025-10-06T20:30:00+01:00
0.003000, 0.06, 1.04, 2025-10-06T20:30:00+01:00, 2025-10-06T21:00:00+01:00
0.003000, 0.06, 1.04, 2025-10-06T21:00:00+01:00, 2025-10-06T21:30:00+01:00
0.004000, 0.07, 1.04, 2025-10-06T21:30:00+01:00, 2025-10-06T22:00:00+01:00
0.002000, 0.04, 1.04, 2025-10-06T22:00:00+01:00, 2025-10-06T22:30:00+01:00
0.002000, 0.04, 1.04, 2025-10-06T22:30:00+01:00, 2025-10-06T23:00:00+01:00
0.002000, 0.04, 1.04, 2025-10-06T23:00:00+01:00, 2025-10-06T23:30:00+01:00
0.002000, 0.03, 1.04, 2025-10-06T23:30:00+01:00, 2025-10-07T00:00:00+01:00
1.364000, 22.86, 1.04, 2025-10-07T00:00:00+01:00, 2025-10-07T00:30:00+01:00
1.341000, 21.35, 1.04, 2025-10-07T00:30:00+01:00, 2025-10-07T01:00:00+01:00
1.325000, 21.97, 1.04, 2025-10-07T01:00:00+01:00, 2025-10-07T01:30:00+01:00
1.330000, 21.17, 1.04, 2025-10-07T01:30:00+01:00, 2025-10-07T02:00:00+01:00
1.315000, 19.62, 1.04, 2025-10-07T02:00:00+01:00, 2025-10-07T02:30:00+01:00
1.279000, 18.37, 1.04, 2025-10-07T02:30:00+01:00, 2025-10-07T03:00:00+01:00
0.968000, 14.42, 1.04, 2025-10-07T03:00:00+01:00, 2025-10-07T03:30:00+01:00
0.242000, 3.45, 1.04, 2025-10-07T03:30:00+01:00, 2025-10-07T04:00:00+01:00
0.214000, 3.17, 1.04, 2025-10-07T04:00:00+01:00, 2025-10-07T04:30:00+01:00
0.186000, 2.78, 1.04, 2025-10-07T04:30:00+01:00, 2025-10-07T05:00:00+01:00
0.249000, 4.39, 1.04, 2025-10-07T05:00:00+01:00, 2025-10-07T05:30:00+01:00
0.207000, 3.61, 1.04, 2025-10-07T05:30:00+01:00, 2025-10-07T06:00:00+01:00
0.013000, 0.27, 1.04, 2025-10-07T06:00:00+01:00, 2025-10-07T06:30:00+01:00
0.001000, 0.02, 1.04, 2025-10-07T06:30:00+01:00, 2025-10-07T07:00:00+01:00
0.003000, 0.06, 1.04, 2025-10-07T07:00:00+01:00, 2025-10-07T07:30:00+01:00
0.009000, 0.21, 1.04, 2025-10-07T07:30:00+01:00, 2025-10-07T08:00:00+01:00
1.439000, 32.14, 1.04, 2025-10-07T08:00:00+01:00, 2025-10-07T08:30:00+01:00
0.366000, 8.17, 1.04, 2025-10-07T08:30:00+01:00, 2025-10-07T09:00:00+01:00
0.935000, 20.43, 1.04, 2025-10-07T09:00:00+01:00, 2025-10-07T09:30:00+01:00
0.328000, 6.98, 1.04, 2025-10-07T09:30:00+01:00, 2025-10-07T10:00:00+01:00
0.191000, 3.61, 1.04, 2025-10-07T10:00:00+01:00, 2025-10-07T10:30:00+01:00
0.175000, 3.26, 1.04, 2025-10-07T10:30:00+01:00, 2025-10-07T11:00:00+01:00
0.152000, 2.71, 1.04, 2025-10-07T11:00:00+01:00, 2025-10-07T11:30:00+01:00
0.151000, 2.56, 1.04, 2025-10-07T11:30:00+01:00, 2025-10-07T12:00:00+01:00
0.461000, 7.93, 1.04, 2025-10-07T12:00:00+01:00, 2025-10-07T12:30:00+01:00
0.143000, 2.4, 1.04, 2025-10-07T12:30:00+01:00, 2025-10-07T13:00:00+01:00
0.104000, 1.73, 1.04, 2025-10-07T13:00:00+01:00, 2025-10-07T13:30:00+01:00
0.077000, 1.29, 1.04, 2025-10-07T13:30:00+01:00, 2025-10-07T14:00:00+01:00
0.245000, 4.25, 1.04, 2025-10-07T14:00:00+01:00, 2025-10-07T14:30:00+01:00
0.102000, 1.88, 1.04, 2025-10-07T14:30:00+01:00, 2025-10-07T15:00:00+01:00
0.098000, 2, 1.04, 2025-10-07T15:00:00+01:00, 2025-10-07T15:30:00+01:00
0.008000, 0.15, 1.04, 2025-10-07T15:30:00+01:00, 2025-10-07T16:00:00+01:00
0.001000, 0.03, 1.04, 2025-10-07T16:00:00+01:00, 2025-10-07T16:30:00+01:00
0.005000, 0.17, 1.04, 2025-10-07T16:30:00+01:00, 2025-10-07T17:00:00+01:00
0.015000, 0.57, 1.04, 2025-10-07T17:00:00+01:00, 2025-10-07T17:30:00+01:00
0.194000, 7.71, 1.04, 2025-10-07T17:30:00+01:00, 2025-10-07T18:00:00+01:00
0.056000, 2.29, 1.04, 2025-10-07T18:00:00+01:00, 2025-10-07T18:30:00+01:00
0.004000, 0.17, 1.04, 2025-10-07T18:30:00+01:00, 2025-10-07T19:00:00+01:00
0.002000, 0.06, 1.04, 2025-10-07T19:00:00+01:00, 2025-10-07T19:30:00+01:00
0.004000, 0.11, 1.04, 2025-10-07T19:30:00+01:00, 2025-10-07T20:00:00+01:00
0.002000, 0.05, 1.04, 2025-10-07T20:00:00+01:00, 2025-10-07T20:30:00+01:00
0.002000, 0.04, 1.04, 2025-10-07T20:30:00+01:00, 2025-10-07T21:00:00+01:00
0.005000, 0.1, 1.04, 2025-10-07T21:00:00+01:00, 2025-10-07T21:30:00+01:00
0.003000, 0.05, 1.04, 2025-10-07T21:30:00+01:00, 2025-10-07T22:00:00+01:00
0.002000, 0.04, 1.04, 2025-10-07T22:00:00+01:00, 2025-10-07T22:30:00+01:00
0.002000, 0.04, 1.04, 2025-10-07T22:30:00+01:00, 2025-10-07T23:00:00+01:00
0.002000, 0.04, 1.04, 2025-10-07T23:00:00+01:00, 2025-10-07T23:30:00+01:00
0.002000, 0.04, 1.04, 2025-10-07T23:30:00+01:00, 2025-10-08T00:00:00+01:00
1.282000, 23.75, 1.04, 2025-10-08T00:00:00+01:00, 2025-10-08T00:30:00+01:00
1.306000, 23.33, 1.04, 2025-10-08T00:30:00+01:00, 2025-10-08T01:00:00+01:00
1.309000, 24.22, 1.04, 2025-10-08T01:00:00+01:00, 2025-10-08T01:30:00+01:00
1.302000, 23.98, 1.04, 2025-10-08T01:30:00+01:00, 2025-10-08T02:00:00+01:00
1.283000, 21.5, 1.04, 2025-10-08T02:00:00+01:00, 2025-10-08T02:30:00+01:00
1.302000, 21.53, 1.04, 2025-10-08T02:30:00+01:00, 2025-10-08T03:00:00+01:00
1.294000, 21.14, 1.04, 2025-10-08T03:00:00+01:00, 2025-10-08T03:30:00+01:00
1.264000, 20.49, 1.04, 2025-10-08T03:30:00+01:00, 2025-10-08T04:00:00+01:00
0.421000, 6.99, 1.04, 2025-10-08T04:00:00+01:00, 2025-10-08T04:30:00+01:00
0.233000, 3.83, 1.04, 2025-10-08T04:30:00+01:00, 2025-10-08T05:00:00+01:00
0.210000, 3.85, 1.04, 2025-10-08T05:00:00+01:00, 2025-10-08T05:30:00+01:00
0.231000, 4.18, 1.04, 2025-10-08T05:30:00+01:00, 2025-10-08T06:00:00+01:00
0.017000, 0.36, 1.04, 2025-10-08T06:00:00+01:00, 2025-10-08T06:30:00+01:00
0.002000, 0.05, 1.04, 2025-10-08T06:30:00+01:00, 2025-10-08T07:00:00+01:00
0.002000, 0.05, 1.04, 2025-10-08T07:00:00+01:00, 2025-10-08T07:30:00+01:00
0.007000, 0.19, 1.04, 2025-10-08T07:30:00+01:00, 2025-10-08T08:00:00+01:00
0.004000, 0.1, 1.04, 2025-10-08T08:00:00+01:00, 2025-10-08T08:30:00+01:00
0.008000, 0.2, 1.04, 2025-10-08T08:30:00+01:00, 2025-10-08T09:00:00+01:00
0.002000, 0.05, 1.04, 2025-10-08T09:00:00+01:00, 2025-10-08T09:30:00+01:00
0.003000, 0.06, 1.04, 2025-10-08T09:30:00+01:00, 2025-10-08T10:00:00+01:00
0.002000, 0.04, 1.04, 2025-10-08T10:00:00+01:00, 2025-10-08T10:30:00+01:00
0.005000, 0.09, 1.04, 2025-10-08T10:30:00+01:00, 2025-10-08T11:00:00+01:00
0.041000, 0.72, 1.04, 2025-10-08T11:00:00+01:00, 2025-10-08T11:30:00+01:00
0.023000, 0.39, 1.04, 2025-10-08T11:30:00+01:00, 2025-10-08T12:00:00+01:00
0.019000, 0.32, 1.04, 2025-10-08T12:00:00+01:00, 2025-10-08T12:30:00+01:00
0.007000, 0.11, 1.04, 2025-10-08T12:30:00+01:00, 2025-10-08T13:00:00+01:00
1.195000, 19.74, 1.04, 2025-10-08T13:00:00+01:00, 2025-10-08T13:30:00+01:00
1.164000, 19.12, 1.04, 2025-10-08T13:30:00+01:00, 2025-10-08T14:00:00+01:00
1.199000, 20.28, 1.04, 2025-10-08T14:00:00+01:00, 2025-10-08T14:30:00+01:00
1.217000, 20.06, 1.04, 2025-10-08T14:30:00+01:00, 2025-10-08T15:00:00+01:00
1.225000, 20.77, 1.04, 2025-10-08T15:00:00+01:00, 2025-10-08T15:30:00+01:00
0.049000, 0.83, 1.04, 2025-10-08T15:30:00+01:00, 2025-10-08T16:00:00+01:00
0.018000, 0.53, 1.04, 2025-10-08T16:00:00+01:00, 2025-10-08T16:30:00+01:00
0.004000, 0.13, 1.04, 2025-10-08T16:30:00+01:00, 2025-10-08T17:00:00+01:00
0.001000, 0.03, 1.04, 2025-10-08T17:00:00+01:00, 2025-10-08T17:30:00+01:00
0.154000, 5.92, 1.04, 2025-10-08T17:30:00+01:00, 2025-10-08T18:00:00+01:00
0.031000, 1.21, 1.04, 2025-10-08T18:00:00+01:00, 2025-10-08T18:30:00+01:00
0.003000, 0.12, 1.04, 2025-10-08T18:30:00+01:00, 2025-10-08T19:00:00+01:00
0.004000, 0.1, 1.04, 2025-10-08T19:00:00+01:00, 2025-10-08T19:30:00+01:00
0.002000, 0.05, 1.04, 2025-10-08T19:30:00+01:00, 2025-10-08T20:00:00+01:00
0.004000, 0.09, 1.04, 2025-10-08T20:00:00+01:00, 2025-10-08T20:30:00+01:00
0.003000, 0.06, 1.04, 2025-10-08T20:30:00+01:00, 2025-10-08T21:00:00+01:00
0.002000, 0.04, 1.04, 2025-10-08T21:00:00+01:00, 2025-10-08T21:30:00+01:00
0.003000, 0.05, 1.04, 2025-10-08T21:30:00+01:00, 2025-10-08T22:00:00+01:00
0.002000, 0.03, 1.04, 2025-10-08T22:00:00+01:00, 2025-10-08T22:30:00+01:00
0.002000, 0.03, 1.04, 2025-10-08T22:30:00+01:00, 2025-10-08T23:00:00+01:00
0.003000, 0.05, 1.04, 2025-10-08T23:00:00+01:00, 2025-10-08T23:30:00+01:00
0.001000, 0.02, 1.04, 2025-10-08T23:30:00+01:00, 2025-10-09T00:00:00+01:00
1.307000, 24.74, 1.04, 2025-10-09T00:00:00+01:00, 2025-10-09T00:30:00+01:00
1.282000, 22.28, 1.04, 2025-10-09T00:30:00+01:00, 2025-10-09T01:00:00+01:00
1.309000, 21.88, 1.04, 2025-10-09T01:00:00+01:00, 2025-10-09T01:30:00+01:00
1.290000, 21.51, 1.04, 2025-10-09T01:30:00+01:00, 2025-10-09T02:00:00+01:00
1.287000, 21.96, 1.04, 2025-10-09T02:00:00+01:00, 2025-10-09T02:30:00+01:00
1.291000, 21.44, 1.04, 2025-10-09T02:30:00+01:00, 2025-10-09T03:00:00+01:00
1.291000, 22.77, 1.04, 2025-10-09T03:00:00+01:00, 2025-10-09T03:30:00+01:00
1.134000, 19.35, 1.04, 2025-10-09T03:30:00+01:00, 2025-10-09T04:00:00+01:00
0.276000, 4.75, 1.04, 2025-10-09T04:00:00+01:00, 2025-10-09T04:30:00+01:00
0.226000, 3.74, 1.04, 2025-10-09T04:30:00+01:00, 2025-10-09T05:00:00+01:00
0.225000, 3.92, 1.04, 2025-10-09T05:00:00+01:00, 2025-10-09T05:30:00+01:00
0.204000, 3.53, 1.04, 2025-10-09T05:30:00+01:00, 2025-10-09T06:00:00+01:00
0.017000, 0.32, 1.04, 2025-10-09T06:00:00+01:00, 2025-10-09T06:30:00+01:00
0.002000, 0.04, 1.04, 2025-10-09T06:30:00+01:00, 2025-10-09T07:00:00+01:00
0.002000, 0.05, 1.04, 2025-10-09T07:00:00+01:00, 2025-10-09T07:30:00+01:00
0.005000, 0.13, 1.04, 2025-10-09T07:30:00+01:00, 2025-10-09T08:00:00+01:00
0.004000, 0.1, 1.04, 2025-10-09T08:00:00+01:00, 2025-10-09T08:30:00+01:00
0.010000, 0.24, 1.04, 2025-10-09T08:30:00+01:00, 2025-10-09T09:00:00+01:00
0.002000, 0.04, 1.04, 2025-10-09T09:00:00+01:00, 2025-10-09T09:30:00+01:00
0.003000, 0.06, 1.04, 2025-10-09T09:30:00+01:00, 2025-10-09T10:00:00+01:00
0.002000, 0.04, 1.04, 2025-10-09T10:00:00+01:00, 2025-10-09T10:30:00+01:00
0.003000, 0.05, 1.04, 2025-10-09T10:30:00+01:00, 2025-10-09T11:00:00+01:00
0.003000, 0.05, 1.04, 2025-10-09T11:00:00+01:00, 2025-10-09T11:30:00+01:00
0.002000, 0.03, 1.04, 2025-10-09T11:30:00+01:00, 2025-10-09T12:00:00+01:00
0.005000, 0.08, 1.04, 2025-10-09T12:00:00+01:00, 2025-10-09T12:30:00+01:00
0.003000, 0.05, 1.04, 2025-10-09T12:30:00+01:00, 2025-10-09T13:00:00+01:00
1.241000, 19.72, 1.04, 2025-10-09T13:00:00+01:00, 2025-10-09T13:30:00+01:00
1.313000, 20.25, 1.04, 2025-10-09T13:30:00+01:00, 2025-10-09T14:00:00+01:00
1.227000, 18.4, 1.04, 2025-10-09T14:00:00+01:00, 2025-10-09T14:30:00+01:00
1.264000, 19.23, 1.04, 2025-10-09T14:30:00+01:00, 2025-10-09T15:00:00+01:00
0.496000, 8.42, 1.04, 2025-10-09T15:00:00+01:00, 2025-10-09T15:30:00+01:00
0.007000, 0.13, 1.04, 2025-10-09T15:30:00+01:00, 2025-10-09T16:00:00+01:00
0.003000, 0.09, 1.04, 2025-10-09T16:00:00+01:00, 2025-10-09T16:30:00+01:00
0.002000, 0.06, 1.04, 2025-10-09T16:30:00+01:00, 2025-10-09T17:00:00+01:00
0.003000, 0.1, 1.04, 2025-10-09T17:00:00+01:00, 2025-10-09T17:30:00+01:00
0.002000, 0.08, 1.04, 2025-10-09T17:30:00+01:00, 2025-10-09T18:00:00+01:00
0.018000, 0.67, 1.04, 2025-10-09T18:00:00+01:00, 2025-10-09T18:30:00+01:00
0.002000, 0.08, 1.04, 2025-10-09T18:30:00+01:00, 2025-10-09T19:00:00+01:00
0.004000, 0.09, 1.04, 2025-10-09T19:00:00+01:00, 2025-10-09T19:30:00+01:00
0.004000, 0.09, 1.04, 2025-10-09T19:30:00+01:00, 2025-10-09T20:00:00+01:00
0.003000, 0.06, 1.04, 2025-10-09T20:00:00+01:00, 2025-10-09T20:30:00+01:00
0.003000, 0.06, 1.04, 2025-10-09T20:30:00+01:00, 2025-10-09T21:00:00+01:00
0.005000, 0.1, 1.04, 2025-10-09T21:00:00+01:00, 2025-10-09T21:30:00+01:00
0.003000, 0.06, 1.04, 2025-10-09T21:30:00+01:00, 2025-10-09T22:00:00+01:00
0.002000, 0.04, 1.04, 2025-10-09T22:00:00+01:00, 2025-10-09T22:30:00+01:00
0.002000, 0.03, 1.04, 2025-10-09T22:30:00+01:00, 2025-10-09T23:00:00+01:00
0.002000, 0.04, 1.04, 2025-10-09T23:00:00+01:00, 2025-10-09T23:30:00+01:00
0.002000, 0.03, 1.04, 2025-10-09T23:30:00+01:00, 2025-10-10T00:00:00+01:00
1.288000, 21.92, 1.04, 2025-10-10T00:00:00+01:00, 2025-10-10T00:30:00+01:00
1.291000, 20.88, 1.04, 2025-10-10T00:30:00+01:00, 2025-10-10T01:00:00+01:00
1.298000, 20.35, 1.04, 2025-10-10T01:00:00+01:00, 2025-10-10T01:30:00+01:00
1.299000, 20.65, 1.04, 2025-10-10T01:30:00+01:00, 2025-10-10T02:00:00+01:00
1.291000, 21, 1.04, 2025-10-10T02:00:00+01:00, 2025-10-10T02:30:00+01:00
1.291000, 20.58, 1.04, 2025-10-10T02:30:00+01:00, 2025-10-10T03:00:00+01:00
0.808000, 12.84, 1.04, 2025-10-10T03:00:00+01:00, 2025-10-10T03:30:00+01:00
0.211000, 3.28, 1.04, 2025-10-10T03:30:00+01:00, 2025-10-10T04:00:00+01:00
0.238000, 3.88, 1.04, 2025-10-10T04:00:00+01:00, 2025-10-10T04:30:00+01:00
0.198000, 3.21, 1.04, 2025-10-10T04:30:00+01:00, 2025-10-10T05:00:00+01:00
0.211000, 3.35, 1.04, 2025-10-10T05:00:00+01:00, 2025-10-10T05:30:00+01:00
0.231000, 4.07, 1.04, 2025-10-10T05:30:00+01:00, 2025-10-10T06:00:00+01:00
0.015000, 0.28, 1.04, 2025-10-10T06:00:00+01:00, 2025-10-10T06:30:00+01:00
0.003000, 0.06, 1.04, 2025-10-10T06:30:00+01:00, 2025-10-10T07:00:00+01:00
0.002000, 0.04, 1.04, 2025-10-10T07:00:00+01:00, 2025-10-10T07:30:00+01:00
0.003000, 0.07, 1.04, 2025-10-10T07:30:00+01:00, 2025-10-10T08:00:00+01:00
0.008000, 0.18, 1.04, 2025-10-10T08:00:00+01:00, 2025-10-10T08:30:00+01:00
0.004000, 0.09, 1.04, 2025-10-10T08:30:00+01:00, 2025-10-10T09:00:00+01:00
0.017000, 0.36, 1.04, 2025-10-10T09:00:00+01:00, 2025-10-10T09:30:00+01:00
0.015000, 0.29, 1.04, 2025-10-10T09:30:00+01:00, 2025-10-10T10:00:00+01:00
0.003000, 0.06, 1.04, 2025-10-10T10:00:00+01:00, 2025-10-10T10:30:00+01:00
0.007000, 0.12, 1.04, 2025-10-10T10:30:00+01:00, 2025-10-10T11:00:00+01:00
0.029000, 0.54, 1.04, 2025-10-10T11:00:00+01:00, 2025-10-10T11:30:00+01:00
0.018000, 0.33, 1.04, 2025-10-10T11:30:00+01:00, 2025-10-10T12:00:00+01:00
0.004000, 0.07, 1.04, 2025-10-10T12:00:00+01:00, 2025-10-10T12:30:00+01:00
0.002000, 0.03, 1.04, 2025-10-10T12:30:00+01:00, 2025-10-10T13:00:00+01:00
1.256000, 21.97, 1.04, 2025-10-10T13:00:00+01:00, 2025-10-10T13:30:00+01:00
1.215000, 20.45, 1.04, 2025-10-10T13:30:00+01:00, 2025-10-10T14:00:00+01:00
1.317000, 22.08, 1.04, 2025-10-10T14:00:00+01:00, 2025-10-10T14:30:00+01:00
2.088000, 34.55, 1.04, 2025-10-10T14:30:00+01:00, 2025-10-10T15:00:00+01:00
1.663000, 28.57, 1.04, 2025-10-10T15:00:00+01:00, 2025-10-10T15:30:00+01:00
0.081000, 1.39, 1.04, 2025-10-10T15:30:00+01:00, 2025-10-10T16:00:00+01:00
0.003000, 0.1, 1.04, 2025-10-10T16:00:00+01:00, 2025-10-10T16:30:00+01:00
0.004000, 0.13, 1.04, 2025-10-10T16:30:00+01:00, 2025-10-10T17:00:00+01:00
0.006000, 0.21, 1.04, 2025-10-10T17:00:00+01:00, 2025-10-10T17:30:00+01:00
0.005000, 0.18, 1.04, 2025-10-10T17:30:00+01:00, 2025-10-10T18:00:00+01:00
0.012000, 0.43, 1.04, 2025-10-10T18:00:00+01:00, 2025-10-10T18:30:00+01:00
0.011000, 0.42, 1.04, 2025-10-10T18:30:00+01:00, 2025-10-10T19:00:00+01:00
0.008000, 0.19, 1.04, 2025-10-10T19:00:00+01:00, 2025-10-10T19:30:00+01:00
0.003000, 0.07, 1.04, 2025-10-10T19:30:00+01:00, 2025-10-10T20:00:00+01:00
0.003000, 0.07, 1.04, 2025-10-10T20:00:00+01:00, 2025-10-10T20:30:00+01:00
0.005000, 0.11, 1.04, 2025-10-10T20:30:00+01:00, 2025-10-10T21:00:00+01:00
0.004000, 0.08, 1.04, 2025-10-10T21:00:00+01:00, 2025-10-10T21:30:00+01:00
0.003000, 0.06, 1.04, 2025-10-10T21:30:00+01:00, 2025-10-10T22:00:00+01:00
0.001000, 0.02, 1.04, 2025-10-10T22:00:00+01:00, 2025-10-10T22:30:00+01:00
0.003000, 0.05, 1.04, 2025-10-10T22:30:00+01:00, 2025-10-10T23:00:00+01:00
0.001000, 0.02, 1.04, 2025-10-10T23:00:00+01:00, 2025-10-10T23:30:00+01:00
0.002000, 0.03, 1.04, 2025-10-10T23:30:00+01:00, 2025-10-11T00:00:00+01:00
1.311000, 22.99, 1.04, 2025-10-11T00:00:00+01:00, 2025-10-11T00:30:00+01:00
1.280000, 21.93, 1.04, 2025-10-11T00:30:00+01:00, 2025-10-11T01:00:00+01:00
1.293000, 21.95, 1.04, 2025-10-11T01:00:00+01:00, 2025-10-11T01:30:00+01:00
1.274000, 21.7, 1.04, 2025-10-11T01:30:00+01:00, 2025-10-11T02:00:00+01:00
1.318000, 22.38, 1.04, 2025-10-11T02:00:00+01:00, 2025-10-11T02:30:00+01:00
1.291000, 21.01, 1.04, 2025-10-11T02:30:00+01:00, 2025-10-11T03:00:00+01:00
0.894000, 15.18, 1.04, 2025-10-11T03:00:00+01:00, 2025-10-11T03:30:00+01:00
0.235000, 4.09, 1.04, 2025-10-11T03:30:00+01:00, 2025-10-11T04:00:00+01:00
0.207000, 3.97, 1.04, 2025-10-11T04:00:00+01:00, 2025-10-11T04:30:00+01:00
0.220000, 4.08, 1.04, 2025-10-11T04:30:00+01:00, 2025-10-11T05:00:00+01:00
0.206000, 3.53, 1.04, 2025-10-11T05:00:00+01:00, 2025-10-11T05:30:00+01:00
0.238000, 4.03, 1.04, 2025-10-11T05:30:00+01:00, 2025-10-11T06:00:00+01:00
0.017000, 0.31, 1.04, 2025-10-11T06:00:00+01:00, 2025-10-11T06:30:00+01:00
0.002000, 0.04, 1.04, 2025-10-11T06:30:00+01:00, 2025-10-11T07:00:00+01:00
0.002000, 0.04, 1.04, 2025-10-11T07:00:00+01:00, 2025-10-11T07:30:00+01:00
0.001000, 0.02, 1.04, 2025-10-11T07:30:00+01:00, 2025-10-11T08:00:00+01:00
0.007000, 0.16, 1.04, 2025-10-11T08:00:00+01:00, 2025-10-11T08:30:00+01:00
0.020000, 0.44, 1.04, 2025-10-11T08:30:00+01:00, 2025-10-11T09:00:00+01:00
0.002000, 0.04, 1.04, 2025-10-11T09:00:00+01:00, 2025-10-11T09:30:00+01:00
0.045000, 0.99, 1.04, 2025-10-11T09:30:00+01:00, 2025-10-11T10:00:00+01:00
0.031000, 0.65, 1.04, 2025-10-11T10:00:00+01:00, 2025-10-11T10:30:00+01:00
0.012000, 0.23, 1.04, 2025-10-11T10:30:00+01:00, 2025-10-11T11:00:00+01:00
0.010000, 0.18, 1.04, 2025-10-11T11:00:00+01:00, 2025-10-11T11:30:00+01:00
0.003000, 0.05, 1.04, 2025-10-11T11:30:00+01:00, 2025-10-11T12:00:00+01:00
0.005000, 0.08, 1.04, 2025-10-11T12:00:00+01:00, 2025-10-11T12:30:00+01:00
0.003000, 0.05, 1.04, 2025-10-11T12:30:00+01:00, 2025-10-11T13:00:00+01:00
0.783000, 12.78, 1.04, 2025-10-11T13:00:00+01:00, 2025-10-11T13:30:00+01:00
0.813000, 13.27, 1.04, 2025-10-11T13:30:00+01:00, 2025-10-11T14:00:00+01:00
0.802000, 13.09, 1.04, 2025-10-11T14:00:00+01:00, 2025-10-11T14:30:00+01:00
0.964000, 15.69, 1.04, 2025-10-11T14:30:00+01:00, 2025-10-11T15:00:00+01:00
0.778000, 13.38, 1.04, 2025-10-11T15:00:00+01:00, 2025-10-11T15:30:00+01:00
0.022000, 0.39, 1.04, 2025-10-11T15:30:00+01:00, 2025-10-11T16:00:00+01:00
0.003000, 0.09, 1.04, 2025-10-11T16:00:00+01:00, 2025-10-11T16:30:00+01:00
0.002000, 0.07, 1.04, 2025-10-11T16:30:00+01:00, 2025-10-11T17:00:00+01:00
0.008000, 0.29, 1.04, 2025-10-11T17:00:00+01:00, 2025-10-11T17:30:00+01:00
0.129000, 4.95, 1.04, 2025-10-11T17:30:00+01:00, 2025-10-11T18:00:00+01:00
0.003000, 0.11, 1.04, 2025-10-11T18:00:00+01:00, 2025-10-11T18:30:00+01:00
0.004000, 0.15, 1.04, 2025-10-11T18:30:00+01:00, 2025-10-11T19:00:00+01:00
0.003000, 0.08, 1.04, 2025-10-11T19:00:00+01:00, 2025-10-11T19:30:00+01:00
0.003000, 0.07, 1.04, 2025-10-11T19:30:00+01:00, 2025-10-11T20:00:00+01:00
0.011000, 0.28, 1.04, 2025-10-11T20:00:00+01:00, 2025-10-11T20:30:00+01:00
0.003000, 0.06, 1.04, 2025-10-11T20:30:00+01:00, 2025-10-11T21:00:00+01:00
0.004000, 0.08, 1.04, 2025-10-11T21:00:00+01:00, 2025-10-11T21:30:00+01:00
0.004000, 0.08, 1.04, 2025-10-11T21:30:00+01:00, 2025-10-11T22:00:00+01:00
0.003000, 0.06, 1.04, 2025-10-11T22:00:00+01:00, 2025-10-11T22:30:00+01:00
0.001000, 0.02, 1.04, 2025-10-11T22:30:00+01:00, 2025-10-11T23:00:00+01:00
0.002000, 0.04, 1.04, 2025-10-11T23:00:00+01:00, 2025-10-11T23:30:00+01:00
0.003000, 0.06, 1.04, 2025-10-11T23:30:00+01:00, 2025-10-12T00:00:00+01:00
1.247000, 24.22, 1.04, 2025-10-12T00:00:00+01:00, 2025-10-12T00:30:00+01:00
1.245000, 23.06, 1.04, 2025-10-12T00:30:00+01:00, 2025-10-12T01:00:00+01:00
1.201000, 22.55, 1.04, 2025-10-12T01:00:00+01:00, 2025-10-12T01:30:00+01:00
1.208000, 22.73, 1.04, 2025-10-12T01:30:00+01:00, 2025-10-12T02:00:00+01:00
1.258000, 22.19, 1.04, 2025-10-12T02:00:00+01:00, 2025-10-12T02:30:00+01:00
1.215000, 20.05, 1.04, 2025-10-12T02:30:00+01:00, 2025-10-12T03:00:00+01:00
0.864000, 14.86, 1.04, 2025-10-12T03:00:00+01:00, 2025-10-12T03:30:00+01:00
0.120000, 2, 1.04, 2025-10-12T03:30:00+01:00, 2025-10-12T04:00:00+01:00
0.249000, 4.59, 1.04, 2025-10-12T04:00:00+01:00, 2025-10-12T04:30:00+01:00
0.230000, 3.98, 1.04, 2025-10-12T04:30:00+01:00, 2025-10-12T05:00:00+01:00
0.204000, 3.45, 1.04, 2025-10-12T05:00:00+01:00, 2025-10-12T05:30:00+01:00
0.220000, 3.72, 1.04, 2025-10-12T05:30:00+01:00, 2025-10-12T06:00:00+01:00
0.031000, 0.55, 1.04, 2025-10-12T06:00:00+01:00, 2025-10-12T06:30:00+01:00
0.003000, 0.05, 1.04, 2025-10-12T06:30:00+01:00, 2025-10-12T07:00:00+01:00
0.002000, 0.03, 1.04, 2025-10-12T07:00:00+01:00, 2025-10-12T07:30:00+01:00
0.002000, 0.04, 1.04, 2025-10-12T07:30:00+01:00, 2025-10-12T08:00:00+01:00
0.003000, 0.06, 1.04, 2025-10-12T08:00:00+01:00, 2025-10-12T08:30:00+01:00
0.027000, 0.56, 1.04, 2025-10-12T08:30:00+01:00, 2025-10-12T09:00:00+01:00
0.004000, 0.08, 1.04, 2025-10-12T09:00:00+01:00, 2025-10-12T09:30:00+01:00
0.004000, 0.08, 1.04, 2025-10-12T09:30:00+01:00, 2025-10-12T10:00:00+01:00
0.002000, 0.04, 1.04, 2025-10-12T10:00:00+01:00, 2025-10-12T10:30:00+01:00
0.001000, 0.02, 1.04, 2025-10-12T10:30:00+01:00, 2025-10-12T11:00:00+01:00
0.002000, 0.04, 1.04, 2025-10-12T11:00:00+01:00, 2025-10-12T11:30:00+01:00
0.002000, 0.04, 1.04, 2025-10-12T11:30:00+01:00, 2025-10-12T12:00:00+01:00
0.021000, 0.38, 1.04, 2025-10-12T12:00:00+01:00, 2025-10-12T12:30:00+01:00
0.002000, 0.04, 1.04, 2025-10-12T12:30:00+01:00, 2025-10-12T13:00:00+01:00
1.526000, 27.03, 1.04, 2025-10-12T13:00:00+01:00, 2025-10-12T13:30:00+01:00
1.264000, 20.62, 1.04, 2025-10-12T13:30:00+01:00, 2025-10-12T14:00:00+01:00
1.266000, 20.75, 1.04, 2025-10-12T14:00:00+01:00, 2025-10-12T14:30:00+01:00
1.148000, 18.73, 1.04, 2025-10-12T14:30:00+01:00, 2025-10-12T15:00:00+01:00
0.297000, 5.24, 1.04, 2025-10-12T15:00:00+01:00, 2025-10-12T15:30:00+01:00
0.087000, 1.56, 1.04, 2025-10-12T15:30:00+01:00, 2025-10-12T16:00:00+01:00
0.077000, 2.47, 1.04, 2025-10-12T16:00:00+01:00, 2025-10-12T16:30:00+01:00
0.020000, 0.73, 1.04, 2025-10-12T16:30:00+01:00, 2025-10-12T17:00:00+01:00
0.003000, 0.1, 1.04, 2025-10-12T17:00:00+01:00, 2025-10-12T17:30:00+01:00
0.004000, 0.15, 1.04, 2025-10-12T17:30:00+01:00, 2025-10-12T18:00:00+01:00
0.001000, 0.04, 1.04, 2025-10-12T18:00:00+01:00, 2025-10-12T18:30:00+01:00
0.002000, 0.08, 1.04, 2025-10-12T18:30:00+01:00, 2025-10-12T19:00:00+01:00
0.002000, 0.05, 1.04, 2025-10-12T19:00:00+01:00, 2025-10-12T19:30:00+01:00
0.002000, 0.05, 1.04, 2025-10-12T19:30:00+01:00, 2025-10-12T20:00:00+01:00
0.003000, 0.08, 1.04, 2025-10-12T20:00:00+01:00, 2025-10-12T20:30:00+01:00
0.002000, 0.04, 1.04, 2025-10-12T20:30:00+01:00, 2025-10-12T21:00:00+01:00
0.002000, 0.05, 1.04, 2025-10-12T21:00:00+01:00, 2025-10-12T21:30:00+01:00
0.004000, 0.07, 1.04, 2025-10-12T21:30:00+01:00, 2025-10-12T22:00:00+01:00
0.001000, 0.02, 1.04, 2025-10-12T22:00:00+01:00, 2025-10-12T22:30:00+01:00
0.002000, 0.03, 1.04, 2025-10-12T22:30:00+01:00, 2025-10-12T23:00:00+01:00
0.002000, 0.04, 1.04, 2025-10-12T23:00:00+01:00, 2025-10-12T23:30:00+01:00
0.001000, 0.02, 1.04, 2025-10-12T23:30:00+01:00, 2025-10-13T00:00:00+01:00
1.282000, 21.7, 1.04, 2025-10-13T00:00:00+01:00, 2025-10-13T00:30:00+01:00
1.325000, 21.62, 1.04, 2025-10-13T00:30:00+01:00, 2025-10-13T01:00:00+01:00
1.280000, 20.89, 1.04, 2025-10-13T01:00:00+01:00, 2025-10-13T01:30:00+01:00
1.286000, 20.98, 1.04, 2025-10-13T01:30:00+01:00, 2025-10-13T02:00:00+01:00
1.267000, 20.67, 1.04, 2025-10-13T02:00:00+01:00, 2025-10-13T02:30:00+01:00
1.319000, 21.52, 1.04, 2025-10-13T02:30:00+01:00, 2025-10-13T03:00:00+01:00
0.777000, 12.68, 1.04, 2025-10-13T03:00:00+01:00, 2025-10-13T03:30:00+01:00
0.196000, 3.15, 1.04, 2025-10-13T03:30:00+01:00, 2025-10-13T04:00:00+01:00
0.192000, 3.1, 1.04, 2025-10-13T04:00:00+01:00, 2025-10-13T04:30:00+01:00
0.212000, 3.37, 1.04, 2025-10-13T04:30:00+01:00, 2025-10-13T05:00:00+01:00
0.213000, 3.71, 1.04, 2025-10-13T05:00:00+01:00, 2025-10-13T05:30:00+01:00
0.180000, 3.02, 1.04, 2025-10-13T05:30:00+01:00, 2025-10-13T06:00:00+01:00
0.016000, 0.3, 1.04, 2025-10-13T06:00:00+01:00, 2025-10-13T06:30:00+01:00
0.001000, 0.02, 1.04, 2025-10-13T06:30:00+01:00, 2025-10-13T07:00:00+01:00
0.002000, 0.04, 1.04, 2025-10-13T07:00:00+01:00, 2025-10-13T07:30:00+01:00
0.008000, 0.2, 1.04, 2025-10-13T07:30:00+01:00, 2025-10-13T08:00:00+01:00
0.041000, 1.04, 1.04, 2025-10-13T08:00:00+01:00, 2025-10-13T08:30:00+01:00
0.014000, 0.35, 1.04, 2025-10-13T08:30:00+01:00, 2025-10-13T09:00:00+01:00
0.003000, 0.07, 1.04, 2025-10-13T09:00:00+01:00, 2025-10-13T09:30:00+01:00
0.013000, 0.3, 1.04, 2025-10-13T09:30:00+01:00, 2025-10-13T10:00:00+01:00
0.006000, 0.13, 1.04, 2025-10-13T10:00:00+01:00, 2025-10-13T10:30:00+01:00
0.024000, 0.52, 1.04, 2025-10-13T10:30:00+01:00, 2025-10-13T11:00:00+01:00
0.014000, 0.28, 1.04, 2025-10-13T11:00:00+01:00, 2025-10-13T11:30:00+01:00
0.004000, 0.08, 1.04, 2025-10-13T11:30:00+01:00, 2025-10-13T12:00:00+01:00
0.002000, 0.04, 1.04, 2025-10-13T12:00:00+01:00, 2025-10-13T12:30:00+01:00
0.013000, 0.26, 1.04, 2025-10-13T12:30:00+01:00, 2025-10-13T13:00:00+01:00
1.106000, 22.68, 1.04, 2025-10-13T13:00:00+01:00, 2025-10-13T13:30:00+01:00
1.270000, 25.2, 1.04, 2025-10-13T13:30:00+01:00, 2025-10-13T14:00:00+01:00
1.248000, 25.04, 1.04, 2025-10-13T14:00:00+01:00, 2025-10-13T14:30:00+01:00
1.265000, 25.48, 1.04, 2025-10-13T14:30:00+01:00, 2025-10-13T15:00:00+01:00
1.295000, 28.94, 1.04, 2025-10-13T15:00:00+01:00, 2025-10-13T15:30:00+01:00
0.048000, 1.11, 1.04, 2025-10-13T15:30:00+01:00, 2025-10-13T16:00:00+01:00
0.001000, 0.04, 1.04, 2025-10-13T16:00:00+01:00, 2025-10-13T16:30:00+01:00
0.003000, 0.14, 1.04, 2025-10-13T16:30:00+01:00, 2025-10-13T17:00:00+01:00
0.037000, 2.01, 1.04, 2025-10-13T17:00:00+01:00, 2025-10-13T17:30:00+01:00
0.184000, 10.6, 1.04, 2025-10-13T17:30:00+01:00, 2025-10-13T18:00:00+01:00
0.005000, 0.3, 1.04, 2025-10-13T18:00:00+01:00, 2025-10-13T18:30:00+01:00
0.002000, 0.12, 1.04, 2025-10-13T18:30:00+01:00, 2025-10-13T19:00:00+01:00
0.003000, 0.12, 1.04, 2025-10-13T19:00:00+01:00, 2025-10-13T19:30:00+01:00
0.003000, 0.1, 1.04, 2025-10-13T19:30:00+01:00, 2025-10-13T20:00:00+01:00
0.002000, 0.06, 1.04, 2025-10-13T20:00:00+01:00, 2025-10-13T20:30:00+01:00
0.003000, 0.08, 1.04, 2025-10-13T20:30:00+01:00, 2025-10-13T21:00:00+01:00
0.005000, 0.12, 1.04, 2025-10-13T21:00:00+01:00, 2025-10-13T21:30:00+01:00
0.003000, 0.06, 1.04, 2025-10-13T21:30:00+01:00, 2025-10-13T22:00:00+01:00
0.006000, 0.11, 1.04, 2025-10-13T22:00:00+01:00, 2025-10-13T22:30:00+01:00
0.001000, 0.02, 1.04, 2025-10-13T22:30:00+01:00, 2025-10-13T23:00:00+01:00
0.002000, 0.04, 1.04, 2025-10-13T23:00:00+01:00, 2025-10-13T23:30:00+01:00
0.002000, 0.04, 1.04, 2025-10-13T23:30:00+01:00, 2025-10-14T00:00:00+01:00
1.307000, 22.48, 1.04, 2025-10-14T00:00:00+01:00, 2025-10-14T00:30:00+01:00
1.296000, 21.8, 1.04, 2025-10-14T00:30:00+01:00, 2025-10-14T01:00:00+01:00
1.277000, 21.15, 1.04, 2025-10-14T01:00:00+01:00, 2025-10-14T01:30:00+01:00
1.321000, 21.93, 1.04, 2025-10-14T01:30:00+01:00, 2025-10-14T02:00:00+01:00
1.290000, 20.83, 1.04, 2025-10-14T02:00:00+01:00, 2025-10-14T02:30:00+01:00
1.319000, 21.3, 1.04, 2025-10-14T02:30:00+01:00, 2025-10-14T03:00:00+01:00
1.271000, 20.53, 1.04, 2025-10-14T03:00:00+01:00, 2025-10-14T03:30:00+01:00
1.322000, 21.35, 1.04, 2025-10-14T03:30:00+01:00, 2025-10-14T04:00:00+01:00
0.843000, 14.57, 1.04, 2025-10-14T04:00:00+01:00, 2025-10-14T04:30:00+01:00
0.221000, 3.57, 1.04, 2025-10-14T04:30:00+01:00, 2025-10-14T05:00:00+01:00
0.212000, 3.59, 1.04, 2025-10-14T05:00:00+01:00, 2025-10-14T05:30:00+01:00
0.204000, 3.29, 1.04, 2025-10-14T05:30:00+01:00, 2025-10-14T06:00:00+01:00
0.017000, 0.29, 1.04, 2025-10-14T06:00:00+01:00, 2025-10-14T06:30:00+01:00
0.002000, 0.04, 1.04, 2025-10-14T06:30:00+01:00, 2025-10-14T07:00:00+01:00
0.002000, 0.05, 1.04, 2025-10-14T07:00:00+01:00, 2025-10-14T07:30:00+01:00
0.002000, 0.05, 1.04, 2025-10-14T07:30:00+01:00, 2025-10-14T08:00:00+01:00
0.004000, 0.1, 1.04, 2025-10-14T08:00:00+01:00, 2025-10-14T08:30:00+01:00
0.003000, 0.07, 1.04, 2025-10-14T08:30:00+01:00, 2025-10-14T09:00:00+01:00
0.021000, 0.52, 1.04, 2025-10-14T09:00:00+01:00, 2025-10-14T09:30:00+01:00
0.010000, 0.24, 1.04, 2025-10-14T09:30:00+01:00, 2025-10-14T10:00:00+01:00
0.003000, 0.07, 1.04, 2025-10-14T10:00:00+01:00, 2025-10-14T10:30:00+01:00
0.002000, 0.04, 1.04, 2025-10-14T10:30:00+01:00, 2025-10-14T11:00:00+01:00
0.002000, 0.04, 1.04, 2025-10-14T11:00:00+01:00, 2025-10-14T11:30:00+01:00
0.002000, 0.04, 1.04, 2025-10-14T11:30:00+01:00, 2025-10-14T12:00:00+01:00
0.003000, 0.06, 1.04, 2025-10-14T12:00:00+01:00, 2025-10-14T12:30:00+01:00
0.002000, 0.04, 1.04, 2025-10-14T12:30:00+01:00, 2025-10-14T13:00:00+01:00
1.116000, 21.23, 1.04, 2025-10-14T13:00:00+01:00, 2025-10-14T13:30:00+01:00
1.094000, 21.31, 1.04, 2025-10-14T13:30:00+01:00, 2025-10-14T14:00:00+01:00
1.126000, 22.1, 1.04, 2025-10-14T14:00:00+01:00, 2025-10-14T14:30:00+01:00
1.125000, 24.31, 1.04, 2025-10-14T14:30:00+01:00, 2025-10-14T15:00:00+01:00
0.777000, 18.85, 1.04, 2025-10-14T15:00:00+01:00, 2025-10-14T15:30:00+01:00
0.005000, 0.12, 1.04, 2025-10-14T15:30:00+01:00, 2025-10-14T16:00:00+01:00
0.006000, 0.23, 1.04, 2025-10-14T16:00:00+01:00, 2025-10-14T16:30:00+01:00
0.023000, 1.04, 1.04, 2025-10-14T16:30:00+01:00, 2025-10-14T17:00:00+01:00
0.002000, 0.09, 1.04, 2025-10-14T17:00:00+01:00, 2025-10-14T17:30:00+01:00
0.046000, 2.38, 1.04, 2025-10-14T17:30:00+01:00, 2025-10-14T18:00:00+01:00
0.003000, 0.16, 1.04, 2025-10-14T18:00:00+01:00, 2025-10-14T18:30:00+01:00
0.002000, 0.12, 1.04, 2025-10-14T18:30:00+01:00, 2025-10-14T19:00:00+01:00
0.003000, 0.11, 1.04, 2025-10-14T19:00:00+01:00, 2025-10-14T19:30:00+01:00
0.004000, 0.13, 1.04, 2025-10-14T19:30:00+01:00, 2025-10-14T20:00:00+01:00
0.017000, 0.46, 1.04, 2025-10-14T20:00:00+01:00, 2025-10-14T20:30:00+01:00
0.005000, 0.12, 1.04, 2025-10-14T20:30:00+01:00, 2025-10-14T21:00:00+01:00
0.036000, 0.94, 1.04, 2025-10-14T21:00:00+01:00, 2025-10-14T21:30:00+01:00
0.002000, 0.04, 1.04, 2025-10-14T21:30:00+01:00, 2025-10-14T22:00:00+01:00
0.003000, 0.06, 1.04, 2025-10-14T22:00:00+01:00, 2025-10-14T22:30:00+01:00
0.003000, 0.06, 1.04, 2025-10-14T22:30:00+01:00, 2025-10-14T23:00:00+01:00
0.002000, 0.04, 1.04, 2025-10-14T23:00:00+01:00, 2025-10-14T23:30:00+01:00
0.001000, 0.02, 1.04, 2025-10-14T23:30:00+01:00, 2025-10-15T00:00:00+01:00
1.275000, 21.93, 1.04, 2025-10-15T00:00:00+01:00, 2025-10-15T00:30:00+01:00
1.302000, 21.53, 1.04, 2025-10-15T00:30:00+01:00, 2025-10-15T01:00:00+01:00
1.300000, 22.14, 1.04, 2025-10-15T01:00:00+01:00, 2025-10-15T01:30:00+01:00
1.295000, 22.08, 1.04, 2025-10-15T01:30:00+01:00, 2025-10-15T02:00:00+01:00
1.287000, 21.28, 1.04, 2025-10-15T02:00:00+01:00, 2025-10-15T02:30:00+01:00
1.288000, 21.45, 1.04, 2025-10-15T02:30:00+01:00, 2025-10-15T03:00:00+01:00
1.273000, 20.78, 1.04, 2025-10-15T03:00:00+01:00, 2025-10-15T03:30:00+01:00
0.427000, 7.06, 1.04, 2025-10-15T03:30:00+01:00, 2025-10-15T04:00:00+01:00
0.217000, 3.59, 1.04, 2025-10-15T04:00:00+01:00, 2025-10-15T04:30:00+01:00
0.219000, 3.62, 1.04, 2025-10-15T04:30:00+01:00, 2025-10-15T05:00:00+01:00
0.220000, 3.59, 1.04, 2025-10-15T05:00:00+01:00, 2025-10-15T05:30:00+01:00
0.211000, 3.44, 1.04, 2025-10-15T05:30:00+01:00, 2025-10-15T06:00:00+01:00
0.015000, 0.25, 1.04, 2025-10-15T06:00:00+01:00, 2025-10-15T06:30:00+01:00
0.002000, 0.04, 1.04, 2025-10-15T06:30:00+01:00, 2025-10-15T07:00:00+01:00
0.001000, 0.03, 1.04, 2025-10-15T07:00:00+01:00, 2025-10-15T07:30:00+01:00
0.004000, 0.11, 1.04, 2025-10-15T07:30:00+01:00, 2025-10-15T08:00:00+01:00
0.005000, 0.13, 1.04, 2025-10-15T08:00:00+01:00, 2025-10-15T08:30:00+01:00
0.003000, 0.08, 1.04, 2025-10-15T08:30:00+01:00, 2025-10-15T09:00:00+01:00
0.009000, 0.23, 1.04, 2025-10-15T09:00:00+01:00, 2025-10-15T09:30:00+01:00
0.003000, 0.08, 1.04, 2025-10-15T09:30:00+01:00, 2025-10-15T10:00:00+01:00
0.002000, 0.05, 1.04, 2025-10-15T10:00:00+01:00, 2025-10-15T10:30:00+01:00
0.004000, 0.09, 1.04, 2025-10-15T10:30:00+01:00, 2025-10-15T11:00:00+01:00
0.004000, 0.08, 1.04, 2025-10-15T11:00:00+01:00, 2025-10-15T11:30:00+01:00
0.002000, 0.04, 1.04, 2025-10-15T11:30:00+01:00, 2025-10-15T12:00:00+01:00
0.004000, 0.08, 1.04, 2025-10-15T12:00:00+01:00, 2025-10-15T12:30:00+01:00
0.004000, 0.08, 1.04, 2025-10-15T12:30:00+01:00, 2025-10-15T13:00:00+01:00
1.248000, 25.53, 1.04, 2025-10-15T13:00:00+01:00, 2025-10-15T13:30:00+01:00
1.168000, 25.06, 1.04, 2025-10-15T13:30:00+01:00, 2025-10-15T14:00:00+01:00
1.171000, 24.15, 1.04, 2025-10-15T14:00:00+01:00, 2025-10-15T14:30:00+01:00
1.139000, 23.31, 1.04, 2025-10-15T14:30:00+01:00, 2025-10-15T15:00:00+01:00
0.296000, 7.18, 1.04, 2025-10-15T15:00:00+01:00, 2025-10-15T15:30:00+01:00
0.007000, 0.18, 1.04, 2025-10-15T15:30:00+01:00, 2025-10-15T16:00:00+01:00
0.001000, 0.04, 1.04, 2025-10-15T16:00:00+01:00, 2025-10-15T16:30:00+01:00
0.005000, 0.24, 1.04, 2025-10-15T16:30:00+01:00, 2025-10-15T17:00:00+01:00
0.004000, 0.2, 1.04, 2025-10-15T17:00:00+01:00, 2025-10-15T17:30:00+01:00
0.014000, 0.86, 1.04, 2025-10-15T17:30:00+01:00, 2025-10-15T18:00:00+01:00
0.004000, 0.21, 1.04, 2025-10-15T18:00:00+01:00, 2025-10-15T18:30:00+01:00
0.002000, 0.11, 1.04, 2025-10-15T18:30:00+01:00, 2025-10-15T19:00:00+01:00
0.004000, 0.13, 1.04, 2025-10-15T19:00:00+01:00, 2025-10-15T19:30:00+01:00
0.003000, 0.09, 1.04, 2025-10-15T19:30:00+01:00, 2025-10-15T20:00:00+01:00
0.009000, 0.24, 1.04, 2025-10-15T20:00:00+01:00, 2025-10-15T20:30:00+01:00
0.003000, 0.07, 1.04, 2025-10-15T20:30:00+01:00, 2025-10-15T21:00:00+01:00
0.003000, 0.07, 1.04, 2025-10-15T21:00:00+01:00, 2025-10-15T21:30:00+01:00
0.004000, 0.08, 1.04, 2025-10-15T21:30:00+01:00, 2025-10-15T22:00:00+01:00
0.002000, 0.04, 1.04, 2025-10-15T22:00:00+01:00, 2025-10-15T22:30:00+01:00
0.002000, 0.03, 1.04, 2025-10-15T22:30:00+01:00, 2025-10-15T23:00:00+01:00
0.001000, 0.02, 1.04, 2025-10-15T23:00:00+01:00, 2025-10-15T23:30:00+01:00
0.002000, 0.03, 1.04, 2025-10-15T23:30:00+01:00, 2025-10-16T00:00:00+01:00
1.313000, 22.43, 1.04, 2025-10-16T00:00:00+01:00, 2025-10-16T00:30:00+01:00
1.297000, 22.18, 1.04, 2025-10-16T00:30:00+01:00, 2025-10-16T01:00:00+01:00
1.271000, 20.74, 1.04, 2025-10-16T01:00:00+01:00, 2025-10-16T01:30:00+01:00
1.295000, 21.13, 1.04, 2025-10-16T01:30:00+01:00, 2025-10-16T02:00:00+01:00
1.290000, 21.04, 1.04, 2025-10-16T02:00:00+01:00, 2025-10-16T02:30:00+01:00
1.278000, 20.84, 1.04, 2025-10-16T02:30:00+01:00, 2025-10-16T03:00:00+01:00
0.508000, 8.28, 1.04, 2025-10-16T03:00:00+01:00, 2025-10-16T03:30:00+01:00
0.230000, 3.75, 1.04, 2025-10-16T03:30:00+01:00, 2025-10-16T04:00:00+01:00
0.216000, 3.48, 1.04, 2025-10-16T04:00:00+01:00, 2025-10-16T04:30:00+01:00
0.204000, 3.19, 1.04, 2025-10-16T04:30:00+01:00, 2025-10-16T05:00:00+01:00
0.209000, 3.59, 1.04, 2025-10-16T05:00:00+01:00, 2025-10-16T05:30:00+01:00
0.203000, 3.4, 1.04, 2025-10-16T05:30:00+01:00, 2025-10-16T06:00:00+01:00
0.019000, 0.34, 1.04, 2025-10-16T06:00:00+01:00, 2025-10-16T06:30:00+01:00
0.001000, 0.02, 1.04, 2025-10-16T06:30:00+01:00, 2025-10-16T07:00:00+01:00
0.003000, 0.06, 1.04, 2025-10-16T07:00:00+01:00, 2025-10-16T07:30:00+01:00
0.004000, 0.1, 1.04, 2025-10-16T07:30:00+01:00, 2025-10-16T08:00:00+01:00
0.003000, 0.07, 1.04, 2025-10-16T08:00:00+01:00, 2025-10-16T08:30:00+01:00
0.073000, 1.69, 1.04, 2025-10-16T08:30:00+01:00, 2025-10-16T09:00:00+01:00
0.058000, 1.31, 1.04, 2025-10-16T09:00:00+01:00, 2025-10-16T09:30:00+01:00
0.003000, 0.06, 1.04, 2025-10-16T09:30:00+01:00, 2025-10-16T10:00:00+01:00
0.004000, 0.07, 1.04, 2025-10-16T10:00:00+01:00, 2025-10-16T10:30:00+01:00
0.003000, 0.05, 1.04, 2025-10-16T10:30:00+01:00, 2025-10-16T11:00:00+01:00
0.002000, 0.04, 1.04, 2025-10-16T11:00:00+01:00, 2025-10-16T11:30:00+01:00
0.002000, 0.04, 1.04, 2025-10-16T11:30:00+01:00, 2025-10-16T12:00:00+01:00
0.014000, 0.25, 1.04, 2025-10-16T12:00:00+01:00, 2025-10-16T12:30:00+01:00
0.041000, 0.71, 1.04, 2025-10-16T12:30:00+01:00, 2025-10-16T13:00:00+01:00
1.202000, 20.94, 1.04, 2025-10-16T13:00:00+01:00, 2025-10-16T13:30:00+01:00
1.086000, 18.75, 1.04, 2025-10-16T13:30:00+01:00, 2025-10-16T14:00:00+01:00
1.126000, 20.86, 1.04, 2025-10-16T14:00:00+01:00, 2025-10-16T14:30:00+01:00
1.213000, 21.93, 1.04, 2025-10-16T14:30:00+01:00, 2025-10-16T15:00:00+01:00
1.072000, 18.76, 1.04, 2025-10-16T15:00:00+01:00, 2025-10-16T15:30:00+01:00
0.022000, 0.42, 1.04, 2025-10-16T15:30:00+01:00, 2025-10-16T16:00:00+01:00
0.006000, 0.18, 1.04, 2025-10-16T16:00:00+01:00, 2025-10-16T16:30:00+01:00
0.003000, 0.11, 1.04, 2025-10-16T16:30:00+01:00, 2025-10-16T17:00:00+01:00
0.002000, 0.07, 1.04, 2025-10-16T17:00:00+01:00, 2025-10-16T17:30:00+01:00
0.002000, 0.08, 1.04, 2025-10-16T17:30:00+01:00, 2025-10-16T18:00:00+01:00
0.006000, 0.24, 1.04, 2025-10-16T18:00:00+01:00, 2025-10-16T18:30:00+01:00
0.005000, 0.22, 1.04, 2025-10-16T18:30:00+01:00, 2025-10-16T19:00:00+01:00
0.003000, 0.09, 1.04, 2025-10-16T19:00:00+01:00, 2025-10-16T19:30:00+01:00
0.006000, 0.14, 1.04, 2025-10-16T19:30:00+01:00, 2025-10-16T20:00:00+01:00
0.004000, 0.1, 1.04, 2025-10-16T20:00:00+01:00, 2025-10-16T20:30:00+01:00
0.003000, 0.06, 1.04, 2025-10-16T20:30:00+01:00, 2025-10-16T21:00:00+01:00
0.002000, 0.04, 1.04, 2025-10-16T21:00:00+01:00, 2025-10-16T21:30:00+01:00
0.003000, 0.06, 1.04, 2025-10-16T21:30:00+01:00, 2025-10-16T22:00:00+01:00
0.002000, 0.04, 1.04, 2025-10-16T22:00:00+01:00, 2025-10-16T22:30:00+01:00
0.002000, 0.03, 1.04, 2025-10-16T22:30:00+01:00, 2025-10-16T23:00:00+01:00
0.003000, 0.06, 1.04, 2025-10-16T23:00:00+01:00, 2025-10-16T23:30:00+01:00
0.002000, 0.04, 1.04, 2025-10-16T23:30:00+01:00, 2025-10-17T00:00:00+01:00
1.286000, 21.75, 1.04, 2025-10-17T00:00:00+01:00, 2025-10-17T00:30:00+01:00
1.299000, 22.11, 1.04, 2025-10-17T00:30:00+01:00, 2025-10-17T01:00:00+01:00
1.284000, 21.45, 1.04, 2025-10-17T01:00:00+01:00, 2025-10-17T01:30:00+01:00
1.308000, 21.92, 1.04, 2025-10-17T01:30:00+01:00, 2025-10-17T02:00:00+01:00
1.281000, 21.47, 1.04, 2025-10-17T02:00:00+01:00, 2025-10-17T02:30:00+01:00
1.284000, 21.52, 1.04, 2025-10-17T02:30:00+01:00, 2025-10-17T03:00:00+01:00
1.269000, 21.07, 1.04, 2025-10-17T03:00:00+01:00, 2025-10-17T03:30:00+01:00
0.489000, 8.05, 1.04, 2025-10-17T03:30:00+01:00, 2025-10-17T04:00:00+01:00
0.220000, 3.59, 1.04, 2025-10-17T04:00:00+01:00, 2025-10-17T04:30:00+01:00
0.183000, 2.95, 1.04, 2025-10-17T04:30:00+01:00, 2025-10-17T05:00:00+01:00
0.240000, 4.42, 1.04, 2025-10-17T05:00:00+01:00, 2025-10-17T05:30:00+01:00
0.201000, 3.74, 1.04, 2025-10-17T05:30:00+01:00, 2025-10-17T06:00:00+01:00
0.014000, 0.28, 1.04, 2025-10-17T06:00:00+01:00, 2025-10-17T06:30:00+01:00
0.003000, 0.06, 1.04, 2025-10-17T06:30:00+01:00, 2025-10-17T07:00:00+01:00
0.001000, 0.03, 1.04, 2025-10-17T07:00:00+01:00, 2025-10-17T07:30:00+01:00
0.004000, 0.11, 1.04, 2025-10-17T07:30:00+01:00, 2025-10-17T08:00:00+01:00
0.004000, 0.1, 1.04, 2025-10-17T08:00:00+01:00, 2025-10-17T08:30:00+01:00
0.017000, 0.43, 1.04, 2025-10-17T08:30:00+01:00, 2025-10-17T09:00:00+01:00
0.012000, 0.28, 1.04, 2025-10-17T09:00:00+01:00, 2025-10-17T09:30:00+01:00
0.016000, 0.35, 1.04, 2025-10-17T09:30:00+01:00, 2025-10-17T10:00:00+01:00
0.004000, 0.08, 1.04, 2025-10-17T10:00:00+01:00, 2025-10-17T10:30:00+01:00
0.002000, 0.04, 1.04, 2025-10-17T10:30:00+01:00, 2025-10-17T11:00:00+01:00
0.002000, 0.04, 1.04, 2025-10-17T11:00:00+01:00, 2025-10-17T11:30:00+01:00
0.002000, 0.04, 1.04, 2025-10-17T11:30:00+01:00, 2025-10-17T12:00:00+01:00
0.019000, 0.34, 1.04, 2025-10-17T12:00:00+01:00, 2025-10-17T12:30:00+01:00
0.003000, 0.05, 1.04, 2025-10-17T12:30:00+01:00, 2025-10-17T13:00:00+01:00
1.349000, 23.8, 1.04, 2025-10-17T13:00:00+01:00, 2025-10-17T13:30:00+01:00
1.728000, 30.3, 1.04, 2025-10-17T13:30:00+01:00, 2025-10-17T14:00:00+01:00
1.849000, 32.52, 1.04, 2025-10-17T14:00:00+01:00, 2025-10-17T14:30:00+01:00
1.713000, 29.8, 1.04, 2025-10-17T14:30:00+01:00, 2025-10-17T15:00:00+01:00
1.210000, 20.48, 1.04, 2025-10-17T15:00:00+01:00, 2025-10-17T15:30:00+01:00
0.012000, 0.22, 1.04, 2025-10-17T15:30:00+01:00, 2025-10-17T16:00:00+01:00
0.002000, 0.06, 1.04, 2025-10-17T16:00:00+01:00, 2025-10-17T16:30:00+01:00
0.002000, 0.07, 1.04, 2025-10-17T16:30:00+01:00, 2025-10-17T17:00:00+01:00
0.003000, 0.11, 1.04, 2025-10-17T17:00:00+01:00, 2025-10-17T17:30:00+01:00
0.002000, 0.08, 1.04, 2025-10-17T17:30:00+01:00, 2025-10-17T18:00:00+01:00
0.078000, 3, 1.04, 2025-10-17T18:00:00+01:00, 2025-10-17T18:30:00+01:00
0.002000, 0.08, 1.04, 2025-10-17T18:30:00+01:00, 2025-10-17T19:00:00+01:00
0.003000, 0.07, 1.04, 2025-10-17T19:00:00+01:00, 2025-10-17T19:30:00+01:00
0.003000, 0.06, 1.04, 2025-10-17T19:30:00+01:00, 2025-10-17T20:00:00+01:00
0.028000, 0.56, 1.04, 2025-10-17T20:00:00+01:00, 2025-10-17T20:30:00+01:00
0.157000, 2.99, 1.04, 2025-10-17T20:30:00+01:00, 2025-10-17T21:00:00+01:00
0.004000, 0.08, 1.04, 2025-10-17T21:00:00+01:00, 2025-10-17T21:30:00+01:00
0.004000, 0.07, 1.04, 2025-10-17T21:30:00+01:00, 2025-10-17T22:00:00+01:00
0.002000, 0.04, 1.04, 2025-10-17T22:00:00+01:00, 2025-10-17T22:30:00+01:00
0.002000, 0.03, 1.04, 2025-10-17T22:30:00+01:00, 2025-10-17T23:00:00+01:00
0.002000, 0.04, 1.04, 2025-10-17T23:00:00+01:00, 2025-10-17T23:30:00+01:00
0.003000, 0.06, 1.04, 2025-10-17T23:30:00+01:00, 2025-10-18T00:00:00+01:00
1.286000, 24.26, 1.04, 2025-10-18T00:00:00+01:00, 2025-10-18T00:30:00+01:00
1.295000, 23.67, 1.04, 2025-10-18T00:30:00+01:00, 2025-10-18T01:00:00+01:00
1.274000, 22.47, 1.04, 2025-10-18T01:00:00+01:00, 2025-10-18T01:30:00+01:00
1.325000, 23.64, 1.04, 2025-10-18T01:30:00+01:00, 2025-10-18T02:00:00+01:00
1.300000, 22.93, 1.04, 2025-10-18T02:00:00+01:00, 2025-10-18T02:30:00+01:00
1.259000, 21.22, 1.04, 2025-10-18T02:30:00+01:00, 2025-10-18T03:00:00+01:00
1.292000, 22.11, 1.04, 2025-10-18T03:00:00+01:00, 2025-10-18T03:30:00+01:00
0.568000, 9.68, 1.04, 2025-10-18T03:30:00+01:00, 2025-10-18T04:00:00+01:00
0.226000, 4.01, 1.04, 2025-10-18T04:00:00+01:00, 2025-10-18T04:30:00+01:00
0.186000, 3.15, 1.04, 2025-10-18T04:30:00+01:00, 2025-10-18T05:00:00+01:00
0.215000, 3.72, 1.04, 2025-10-18T05:00:00+01:00, 2025-10-18T05:30:00+01:00
0.267000, 4.53, 1.04, 2025-10-18T05:30:00+01:00, 2025-10-18T06:00:00+01:00
0.016000, 0.28, 1.04, 2025-10-18T06:00:00+01:00, 2025-10-18T06:30:00+01:00
0.002000, 0.04, 1.04, 2025-10-18T06:30:00+01:00, 2025-10-18T07:00:00+01:00
0.003000, 0.06, 1.04, 2025-10-18T07:00:00+01:00, 2025-10-18T07:30:00+01:00
0.001000, 0.02, 1.04, 2025-10-18T07:30:00+01:00, 2025-10-18T08:00:00+01:00
0.004000, 0.08, 1.04, 2025-10-18T08:00:00+01:00, 2025-10-18T08:30:00+01:00
0.003000, 0.06, 1.04, 2025-10-18T08:30:00+01:00, 2025-10-18T09:00:00+01:00
0.034000, 0.66, 1.04, 2025-10-18T09:00:00+01:00, 2025-10-18T09:30:00+01:00
0.003000, 0.06, 1.04, 2025-10-18T09:30:00+01:00, 2025-10-18T10:00:00+01:00
0.003000, 0.06, 1.04, 2025-10-18T10:00:00+01:00, 2025-10-18T10:30:00+01:00
0.002000, 0.04, 1.04, 2025-10-18T10:30:00+01:00, 2025-10-18T11:00:00+01:00
0.002000, 0.03, 1.04, 2025-10-18T11:00:00+01:00, 2025-10-18T11:30:00+01:00
0.016000, 0.26, 1.04, 2025-10-18T11:30:00+01:00, 2025-10-18T12:00:00+01:00
0.007000, 0.11, 1.04, 2025-10-18T12:00:00+01:00, 2025-10-18T12:30:00+01:00
0.071000, 1.16, 1.04, 2025-10-18T12:30:00+01:00, 2025-10-18T13:00:00+01:00
2.138000, 33.94, 1.04, 2025-10-18T13:00:00+01:00, 2025-10-18T13:30:00+01:00
1.294000, 20.38, 1.04, 2025-10-18T13:30:00+01:00, 2025-10-18T14:00:00+01:00
1.600000, 26.11, 1.04, 2025-10-18T14:00:00+01:00, 2025-10-18T14:30:00+01:00
1.543000, 25.52, 1.04, 2025-10-18T14:30:00+01:00, 2025-10-18T15:00:00+01:00
2.979000, 52.11, 1.04, 2025-10-18T15:00:00+01:00, 2025-10-18T15:30:00+01:00
0.166000, 2.87, 1.04, 2025-10-18T15:30:00+01:00, 2025-10-18T16:00:00+01:00
0.025000, 0.8, 1.04, 2025-10-18T16:00:00+01:00, 2025-10-18T16:30:00+01:00
0.008000, 0.27, 1.04, 2025-10-18T16:30:00+01:00, 2025-10-18T17:00:00+01:00
0.030000, 1.05, 1.04, 2025-10-18T17:00:00+01:00, 2025-10-18T17:30:00+01:00
0.469000, 16.61, 1.04, 2025-10-18T17:30:00+01:00, 2025-10-18T18:00:00+01:00
0.015000, 0.53, 1.04, 2025-10-18T18:00:00+01:00, 2025-10-18T18:30:00+01:00
0.005000, 0.18, 1.04, 2025-10-18T18:30:00+01:00, 2025-10-18T19:00:00+01:00
0.003000, 0.07, 1.04, 2025-10-18T19:00:00+01:00, 2025-10-18T19:30:00+01:00
0.003000, 0.06, 1.04, 2025-10-18T19:30:00+01:00, 2025-10-18T20:00:00+01:00
0.018000, 0.32, 1.04, 2025-10-18T20:00:00+01:00, 2025-10-18T20:30:00+01:00
0.843000, 14.29, 1.04, 2025-10-18T20:30:00+01:00, 2025-10-18T21:00:00+01:00
0.629000, 11.23, 1.04, 2025-10-18T21:00:00+01:00, 2025-10-18T21:30:00+01:00
0.432000, 7.72, 1.04, 2025-10-18T21:30:00+01:00, 2025-10-18T22:00:00+01:00
0.341000, 5.64, 1.04, 2025-10-18T22:00:00+01:00, 2025-10-18T22:30:00+01:00
0.229000, 3.89, 1.04, 2025-10-18T22:30:00+01:00, 2025-10-18T23:00:00+01:00
0.254000, 4.76, 1.04, 2025-10-18T23:00:00+01:00, 2025-10-18T23:30:00+01:00
0.456000, 7.44, 1.04, 2025-10-18T23:30:00+01:00, 2025-10-19T00:00:00+01:00
1.290000, 21.78, 1.04, 2025-10-19T00:00:00+01:00, 2025-10-19T00:30:00+01:00
1.457000, 21.98, 1.04, 2025-10-19T00:30:00+01:00, 2025-10-19T01:00:00+01:00
1.501000, 20.95, 1.04, 2025-10-19T01:00:00+01:00, 2025-10-19T01:30:00+01:00
1.234000, 17.61, 1.04, 2025-10-19T01:30:00+01:00, 2025-10-19T02:00:00+01:00
1.206000, 17.02, 1.04, 2025-10-19T02:00:00+01:00, 2025-10-19T02:30:00+01:00
1.223000, 14.29, 1.04, 2025-10-19T02:30:00+01:00, 2025-10-19T03:00:00+01:00
1.235000, 13.46, 1.04, 2025-10-19T03:00:00+01:00, 2025-10-19T03:30:00+01:00
1.252000, 11.32, 1.04, 2025-10-19T03:30:00+01:00, 2025-10-19T04:00:00+01:00
1.180000, 11.2, 1.04, 2025-10-19T04:00:00+01:00, 2025-10-19T04:30:00+01:00
0.417000, 3.66, 1.04, 2025-10-19T04:30:00+01:00, 2025-10-19T05:00:00+01:00
0.229000, 2.28, 1.04, 2025-10-19T05:00:00+01:00, 2025-10-19T05:30:00+01:00
0.225000, 2.43, 1.04, 2025-10-19T05:30:00+01:00, 2025-10-19T06:00:00+01:00
0.018000, 0.21, 1.04, 2025-10-19T06:00:00+01:00, 2025-10-19T06:30:00+01:00
0.002000, 0.03, 1.04, 2025-10-19T06:30:00+01:00, 2025-10-19T07:00:00+01:00
0.002000, 0.02, 1.04, 2025-10-19T07:00:00+01:00, 2025-10-19T07:30:00+01:00
0.002000, 0.03, 1.04, 2025-10-19T07:30:00+01:00, 2025-10-19T08:00:00+01:00
0.007000, 0.08, 1.04, 2025-10-19T08:00:00+01:00, 2025-10-19T08:30:00+01:00
0.004000, 0.06, 1.04, 2025-10-19T08:30:00+01:00, 2025-10-19T09:00:00+01:00
0.004000, 0.05, 1.04, 2025-10-19T09:00:00+01:00, 2025-10-19T09:30:00+01:00
0.004000, 0.06, 1.04, 2025-10-19T09:30:00+01:00, 2025-10-19T10:00:00+01:00
0.004000, 0.05, 1.04, 2025-10-19T10:00:00+01:00, 2025-10-19T10:30:00+01:00
0.004000, 0.06, 1.04, 2025-10-19T10:30:00+01:00, 2025-10-19T11:00:00+01:00
0.003000, 0.03, 1.04, 2025-10-19T11:00:00+01:00, 2025-10-19T11:30:00+01:00
0.022000, 0.26, 1.04, 2025-10-19T11:30:00+01:00, 2025-10-19T12:00:00+01:00
0.006000, 0.07, 1.04, 2025-10-19T12:00:00+01:00, 2025-10-19T12:30:00+01:00
0.007000, 0.08, 1.04, 2025-10-19T12:30:00+01:00, 2025-10-19T13:00:00+01:00
2.056000, 24.05, 1.04, 2025-10-19T13:00:00+01:00, 2025-10-19T13:30:00+01:00
1.368000, 14.48, 1.04, 2025-10-19T13:30:00+01:00, 2025-10-19T14:00:00+01:00
1.371000, 17.53, 1.04, 2025-10-19T14:00:00+01:00, 2025-10-19T14:30:00+01:00
1.294000, 17.69, 1.04, 2025-10-19T14:30:00+01:00, 2025-10-19T15:00:00+01:00
1.194000, 19.22, 1.04, 2025-10-19T15:00:00+01:00, 2025-10-19T15:30:00+01:00
0.028000, 0.5, 1.04, 2025-10-19T15:30:00+01:00, 2025-10-19T16:00:00+01:00
0.001000, 0.03, 1.04, 2025-10-19T16:00:00+01:00, 2025-10-19T16:30:00+01:00
0.003000, 0.1, 1.04, 2025-10-19T16:30:00+01:00, 2025-10-19T17:00:00+01:00
0.005000, 0.15, 1.04, 2025-10-19T17:00:00+01:00, 2025-10-19T17:30:00+01:00
0.091000, 3.17, 1.04, 2025-10-19T17:30:00+01:00, 2025-10-19T18:00:00+01:00
0.002000, 0.07, 1.04, 2025-10-19T18:00:00+01:00, 2025-10-19T18:30:00+01:00
0.002000, 0.06, 1.04, 2025-10-19T18:30:00+01:00, 2025-10-19T19:00:00+01:00
0.003000, 0.07, 1.04, 2025-10-19T19:00:00+01:00, 2025-10-19T19:30:00+01:00
0.003000, 0.06, 1.04, 2025-10-19T19:30:00+01:00, 2025-10-19T20:00:00+01:00
0.005000, 0.1, 1.04, 2025-10-19T20:00:00+01:00, 2025-10-19T20:30:00+01:00
0.005000, 0.08, 1.04, 2025-10-19T20:30:00+01:00, 2025-10-19T21:00:00+01:00
0.004000, 0.07, 1.04, 2025-10-19T21:00:00+01:00, 2025-10-19T21:30:00+01:00
0.003000, 0.03, 1.04, 2025-10-19T21:30:00+01:00, 2025-10-19T22:00:00+01:00
0.003000, 0.04, 1.04, 2025-10-19T22:00:00+01:00, 2025-10-19T22:30:00+01:00
0.001000, 0.01, 1.04, 2025-10-19T22:30:00+01:00, 2025-10-19T23:00:00+01:00
0.009000, 0.12, 1.04, 2025-10-19T23:00:00+01:00, 2025-10-19T23:30:00+01:00
0.002000, 0.02, 1.04, 2025-10-19T23:30:00+01:00, 2025-10-20T00:00:00+01:00
1.730000, 19.07, 1.04, 2025-10-20T00:00:00+01:00, 2025-10-20T00:30:00+01:00
1.273000, 14.03, 1.04, 2025-10-20T00:30:00+01:00, 2025-10-20T01:00:00+01:00
1.301000, 14.17, 1.04, 2025-10-20T01:00:00+01:00, 2025-10-20T01:30:00+01:00
1.282000, 14.13, 1.04, 2025-10-20T01:30:00+01:00, 2025-10-20T02:00:00+01:00
1.291000, 14.8, 1.04, 2025-10-20T02:00:00+01:00, 2025-10-20T02:30:00+01:00
1.305000, 14.39, 1.04, 2025-10-20T02:30:00+01:00, 2025-10-20T03:00:00+01:00
1.230000, 13.82, 1.04, 2025-10-20T03:00:00+01:00, 2025-10-20T03:30:00+01:00
0.481000, 5.14, 1.04, 2025-10-20T03:30:00+01:00, 2025-10-20T04:00:00+01:00
0.211000, 2.7, 1.04, 2025-10-20T04:00:00+01:00, 2025-10-20T04:30:00+01:00
0.236000, 2.97, 1.04, 2025-10-20T04:30:00+01:00, 2025-10-20T05:00:00+01:00
0.194000, 2.91, 1.04, 2025-10-20T05:00:00+01:00, 2025-10-20T05:30:00+01:00
0.190000, 2.51, 1.04, 2025-10-20T05:30:00+01:00, 2025-10-20T06:00:00+01:00
0.015000, 0.23, 1.04, 2025-10-20T06:00:00+01:00, 2025-10-20T06:30:00+01:00
0.002000, 0.03, 1.04, 2025-10-20T06:30:00+01:00, 2025-10-20T07:00:00+01:00
0.002000, 0.03, 1.04, 2025-10-20T07:00:00+01:00, 2025-10-20T07:30:00+01:00
0.003000, 0.06, 1.04, 2025-10-20T07:30:00+01:00, 2025-10-20T08:00:00+01:00
0.021000, 0.38, 1.04, 2025-10-20T08:00:00+01:00, 2025-10-20T08:30:00+01:00
0.001000, 0.02, 1.04, 2025-10-20T08:30:00+01:00, 2025-10-20T09:00:00+01:00
0.004000, 0.08, 1.04, 2025-10-20T09:00:00+01:00, 2025-10-20T09:30:00+01:00
0.002000, 0.04, 1.04, 2025-10-20T09:30:00+01:00, 2025-10-20T10:00:00+01:00
0.002000, 0.04, 1.04, 2025-10-20T10:00:00+01:00, 2025-10-20T10:30:00+01:00
0.003000, 0.05, 1.04, 2025-10-20T10:30:00+01:00, 2025-10-20T11:00:00+01:00
0.003000, 0.05, 1.04, 2025-10-20T11:00:00+01:00, 2025-10-20T11:30:00+01:00
0.003000, 0.05, 1.04, 2025-10-20T11:30:00+01:00, 2025-10-20T12:00:00+01:00
0.013000, 0.25, 1.04, 2025-10-20T12:00:00+01:00, 2025-10-20T12:30:00+01:00
0.003000, 0.05, 1.04, 2025-10-20T12:30:00+01:00, 2025-10-20T13:00:00+01:00
1.450000, 27.82, 1.04, 2025-10-20T13:00:00+01:00, 2025-10-20T13:30:00+01:00
1.191000, 21.7, 1.04, 2025-10-20T13:30:00+01:00, 2025-10-20T14:00:00+01:00
1.188000, 21.77, 1.04, 2025-10-20T14:00:00+01:00, 2025-10-20T14:30:00+01:00
1.210000, 21.88, 1.04, 2025-10-20T14:30:00+01:00, 2025-10-20T15:00:00+01:00
0.676000, 12, 1.04, 2025-10-20T15:00:00+01:00, 2025-10-20T15:30:00+01:00
0.008000, 0.15, 1.04, 2025-10-20T15:30:00+01:00, 2025-10-20T16:00:00+01:00
0.001000, 0.03, 1.04, 2025-10-20T16:00:00+01:00, 2025-10-20T16:30:00+01:00
0.003000, 0.1, 1.04, 2025-10-20T16:30:00+01:00, 2025-10-20T17:00:00+01:00
0.004000, 0.14, 1.04, 2025-10-20T17:00:00+01:00, 2025-10-20T17:30:00+01:00
0.009000, 0.33, 1.04, 2025-10-20T17:30:00+01:00, 2025-10-20T18:00:00+01:00
0.001000, 0.04, 1.04, 2025-10-20T18:00:00+01:00, 2025-10-20T18:30:00+01:00
0.003000, 0.11, 1.04, 2025-10-20T18:30:00+01:00, 2025-10-20T19:00:00+01:00
0.003000, 0.07, 1.04, 2025-10-20T19:00:00+01:00, 2025-10-20T19:30:00+01:00
0.003000, 0.06, 1.04, 2025-10-20T19:30:00+01:00, 2025-10-20T20:00:00+01:00
0.003000, 0.06, 1.04, 2025-10-20T20:00:00+01:00, 2025-10-20T20:30:00+01:00
0.004000, 0.07, 1.04, 2025-10-20T20:30:00+01:00, 2025-10-20T21:00:00+01:00
0.003000, 0.06, 1.04, 2025-10-20T21:00:00+01:00, 2025-10-20T21:30:00+01:00
0.002000, 0.04, 1.04, 2025-10-20T21:30:00+01:00, 2025-10-20T22:00:00+01:00
0.002000, 0.04, 1.04, 2025-10-20T22:00:00+01:00, 2025-10-20T22:30:00+01:00
0.002000, 0.04, 1.04, 2025-10-20T22:30:00+01:00, 2025-10-20T23:00:00+01:00
0.002000, 0.04, 1.04, 2025-10-20T23:00:00+01:00, 2025-10-20T23:30:00+01:00
0.002000, 0.04, 1.04, 2025-10-20T23:30:00+01:00, 2025-10-21T00:00:00+01:00
1.336000, 26.22, 1.04, 2025-10-21T00:00:00+01:00, 2025-10-21T00:30:00+01:00
1.300000, 26.11, 1.04, 2025-10-21T00:30:00+01:00, 2025-10-21T01:00:00+01:00
1.301000, 22.95, 1.04, 2025-10-21T01:00:00+01:00, 2025-10-21T01:30:00+01:00
1.278000, 22.54, 1.04, 2025-10-21T01:30:00+01:00, 2025-10-21T02:00:00+01:00
1.297000, 21.16, 1.04, 2025-10-21T02:00:00+01:00, 2025-10-21T02:30:00+01:00
1.319000, 20.21, 1.04, 2025-10-21T02:30:00+01:00, 2025-10-21T03:00:00+01:00
0.624000, 9.76, 1.04, 2025-10-21T03:00:00+01:00, 2025-10-21T03:30:00+01:00
0.218000, 3.28, 1.04, 2025-10-21T03:30:00+01:00, 2025-10-21T04:00:00+01:00
0.197000, 2.84, 1.04, 2025-10-21T04:00:00+01:00, 2025-10-21T04:30:00+01:00
0.239000, 3.39, 1.04, 2025-10-21T04:30:00+01:00, 2025-10-21T05:00:00+01:00
0.217000, 3.11, 1.04, 2025-10-21T05:00:00+01:00, 2025-10-21T05:30:00+01:00
0.206000, 2.97, 1.04, 2025-10-21T05:30:00+01:00, 2025-10-21T06:00:00+01:00
0.016000, 0.25, 1.04, 2025-10-21T06:00:00+01:00, 2025-10-21T06:30:00+01:00
0.001000, 0.02, 1.04, 2025-10-21T06:30:00+01:00, 2025-10-21T07:00:00+01:00
0.002000, 0.04, 1.04, 2025-10-21T07:00:00+01:00, 2025-10-21T07:30:00+01:00
0.004000, 0.08, 1.04, 2025-10-21T07:30:00+01:00, 2025-10-21T08:00:00+01:00
0.004000, 0.09, 1.04, 2025-10-21T08:00:00+01:00, 2025-10-21T08:30:00+01:00
0.004000, 0.08, 1.04, 2025-10-21T08:30:00+01:00, 2025-10-21T09:00:00+01:00
0.009000, 0.19, 1.04, 2025-10-21T09:00:00+01:00, 2025-10-21T09:30:00+01:00
0.009000, 0.18, 1.04, 2025-10-21T09:30:00+01:00, 2025-10-21T10:00:00+01:00
0.010000, 0.19, 1.04, 2025-10-21T10:00:00+01:00, 2025-10-21T10:30:00+01:00
0.004000, 0.07, 1.04, 2025-10-21T10:30:00+01:00, 2025-10-21T11:00:00+01:00
0.008000, 0.14, 1.04, 2025-10-21T11:00:00+01:00, 2025-10-21T11:30:00+01:00
0.003000, 0.05, 1.04, 2025-10-21T11:30:00+01:00, 2025-10-21T12:00:00+01:00
0.029000, 0.47, 1.04, 2025-10-21T12:00:00+01:00, 2025-10-21T12:30:00+01:00
0.005000, 0.08, 1.04, 2025-10-21T12:30:00+01:00, 2025-10-21T13:00:00+01:00
1.056000, 15.37, 1.04, 2025-10-21T13:00:00+01:00, 2025-10-21T13:30:00+01:00
0.929000, 13.52, 1.04, 2025-10-21T13:30:00+01:00, 2025-10-21T14:00:00+01:00
1.075000, 15.64, 1.04, 2025-10-21T14:00:00+01:00, 2025-10-21T14:30:00+01:00
1.288000, 19.12, 1.04, 2025-10-21T14:30:00+01:00, 2025-10-21T15:00:00+01:00
1.210000, 17.61, 1.04, 2025-10-21T15:00:00+01:00, 2025-10-21T15:30:00+01:00
0.033000, 0.48, 1.04, 2025-10-21T15:30:00+01:00, 2025-10-21T16:00:00+01:00
0.003000, 0.08, 1.04, 2025-10-21T16:00:00+01:00, 2025-10-21T16:30:00+01:00
0.002000, 0.06, 1.04, 2025-10-21T16:30:00+01:00, 2025-10-21T17:00:00+01:00
0.003000, 0.1, 1.04, 2025-10-21T17:00:00+01:00, 2025-10-21T17:30:00+01:00
0.005000, 0.17, 1.04, 2025-10-21T17:30:00+01:00, 2025-10-21T18:00:00+01:00
0.018000, 0.64, 1.04, 2025-10-21T18:00:00+01:00, 2025-10-21T18:30:00+01:00
0.003000, 0.11, 1.04, 2025-10-21T18:30:00+01:00, 2025-10-21T19:00:00+01:00
0.003000, 0.06, 1.04, 2025-10-21T19:00:00+01:00, 2025-10-21T19:30:00+01:00
0.002000, 0.04, 1.04, 2025-10-21T19:30:00+01:00, 2025-10-21T20:00:00+01:00
0.002000, 0.04, 1.04, 2025-10-21T20:00:00+01:00, 2025-10-21T20:30:00+01:00
0.006000, 0.1, 1.04, 2025-10-21T20:30:00+01:00, 2025-10-21T21:00:00+01:00
0.002000, 0.03, 1.04, 2025-10-21T21:00:00+01:00, 2025-10-21T21:30:00+01:00
0.003000, 0.04, 1.04, 2025-10-21T21:30:00+01:00, 2025-10-21T22:00:00+01:00
0.001000, 0.01, 1.04, 2025-10-21T22:00:00+01:00, 2025-10-21T22:30:00+01:00
0.002000, 0.02, 1.04, 2025-10-21T22:30:00+01:00, 2025-10-21T23:00:00+01:00
0.001000, 0.01, 1.04, 2025-10-21T23:00:00+01:00, 2025-10-21T23:30:00+01:00
0.002000, 0.03, 1.04, 2025-10-21T23:30:00+01:00, 2025-10-22T00:00:00+01:00
1.305000, 16.11, 1.04, 2025-10-22T00:00:00+01:00, 2025-10-22T00:30:00+01:00
1.291000, 16.02, 1.04, 2025-10-22T00:30:00+01:00, 2025-10-22T01:00:00+01:00
1.274000, 17.42, 1.04, 2025-10-22T01:00:00+01:00, 2025-10-22T01:30:00+01:00
1.301000, 18.11, 1.04, 2025-10-22T01:30:00+01:00, 2025-10-22T02:00:00+01:00
1.298000, 17.23, 1.04, 2025-10-22T02:00:00+01:00, 2025-10-22T02:30:00+01:00
1.309000, 16.81, 1.04, 2025-10-22T02:30:00+01:00, 2025-10-22T03:00:00+01:00
1.138000, 14.55, 1.04, 2025-10-22T03:00:00+01:00, 2025-10-22T03:30:00+01:00
0.357000, 4.57, 1.04, 2025-10-22T03:30:00+01:00, 2025-10-22T04:00:00+01:00
0.233000, 3.02, 1.04, 2025-10-22T04:00:00+01:00, 2025-10-22T04:30:00+01:00
0.227000, 2.83, 1.04, 2025-10-22T04:30:00+01:00, 2025-10-22T05:00:00+01:00
0.198000, 2.79, 1.04, 2025-10-22T05:00:00+01:00, 2025-10-22T05:30:00+01:00
0.188000, 2.52, 1.04, 2025-10-22T05:30:00+01:00, 2025-10-22T06:00:00+01:00
0.017000, 0.28, 1.04, 2025-10-22T06:00:00+01:00, 2025-10-22T06:30:00+01:00
0.002000, 0.03, 1.04, 2025-10-22T06:30:00+01:00, 2025-10-22T07:00:00+01:00
0.001000, 0.02, 1.04, 2025-10-22T07:00:00+01:00, 2025-10-22T07:30:00+01:00
0.004000, 0.08, 1.04, 2025-10-22T07:30:00+01:00, 2025-10-22T08:00:00+01:00
0.013000, 0.28, 1.04, 2025-10-22T08:00:00+01:00, 2025-10-22T08:30:00+01:00
0.005000, 0.11, 1.04, 2025-10-22T08:30:00+01:00, 2025-10-22T09:00:00+01:00
0.002000, 0.04, 1.04, 2025-10-22T09:00:00+01:00, 2025-10-22T09:30:00+01:00
0.009000, 0.18, 1.04, 2025-10-22T09:30:00+01:00, 2025-10-22T10:00:00+01:00
0.005000, 0.09, 1.04, 2025-10-22T10:00:00+01:00, 2025-10-22T10:30:00+01:00
0.003000, 0.05, 1.04, 2025-10-22T10:30:00+01:00, 2025-10-22T11:00:00+01:00
0.002000, 0.03, 1.04, 2025-10-22T11:00:00+01:00, 2025-10-22T11:30:00+01:00
0.018000, 0.3, 1.04, 2025-10-22T11:30:00+01:00, 2025-10-22T12:00:00+01:00
0.016000, 0.27, 1.04, 2025-10-22T12:00:00+01:00, 2025-10-22T12:30:00+01:00
0.005000, 0.09, 1.04, 2025-10-22T12:30:00+01:00, 2025-10-22T13:00:00+01:00
0.832000, 14.53, 1.04, 2025-10-22T13:00:00+01:00, 2025-10-22T13:30:00+01:00
0.814000, 13.68, 1.04, 2025-10-22T13:30:00+01:00, 2025-10-22T14:00:00+01:00
0.893000, 16.74, 1.04, 2025-10-22T14:00:00+01:00, 2025-10-22T14:30:00+01:00
1.208000, 22.64, 1.04, 2025-10-22T14:30:00+01:00, 2025-10-22T15:00:00+01:00
0.389000, 7.38, 1.04, 2025-10-22T15:00:00+01:00, 2025-10-22T15:30:00+01:00
0.005000, 0.1, 1.04, 2025-10-22T15:30:00+01:00, 2025-10-22T16:00:00+01:00
0.002000, 0.07, 1.04, 2025-10-22T16:00:00+01:00, 2025-10-22T16:30:00+01:00
0.002000, 0.08, 1.04, 2025-10-22T16:30:00+01:00, 2025-10-22T17:00:00+01:00
0.003000, 0.14, 1.04, 2025-10-22T17:00:00+01:00, 2025-10-22T17:30:00+01:00
0.012000, 0.62, 1.04, 2025-10-22T17:30:00+01:00, 2025-10-22T18:00:00+01:00
0.010000, 0.56, 1.04, 2025-10-22T18:00:00+01:00, 2025-10-22T18:30:00+01:00
0.003000, 0.17, 1.04, 2025-10-22T18:30:00+01:00, 2025-10-22T19:00:00+01:00
0.002000, 0.07, 1.04, 2025-10-22T19:00:00+01:00, 2025-10-22T19:30:00+01:00
0.014000, 0.4, 1.04, 2025-10-22T19:30:00+01:00, 2025-10-22T20:00:00+01:00
0.003000, 0.08, 1.04, 2025-10-22T20:00:00+01:00, 2025-10-22T20:30:00+01:00
0.019000, 0.42, 1.04, 2025-10-22T20:30:00+01:00, 2025-10-22T21:00:00+01:00
0.006000, 0.13, 1.04, 2025-10-22T21:00:00+01:00, 2025-10-22T21:30:00+01:00
0.003000, 0.06, 1.04, 2025-10-22T21:30:00+01:00, 2025-10-22T22:00:00+01:00
0.003000, 0.06, 1.04, 2025-10-22T22:00:00+01:00, 2025-10-22T22:30:00+01:00
0.002000, 0.04, 1.04, 2025-10-22T22:30:00+01:00, 2025-10-22T23:00:00+01:00
0.002000, 0.04, 1.04, 2025-10-22T23:00:00+01:00, 2025-10-22T23:30:00+01:00
0.002000, 0.04, 1.04, 2025-10-22T23:30:00+01:00, 2025-10-23T00:00:00+01:00
1.264000, 22.3, 1.04, 2025-10-23T00:00:00+01:00, 2025-10-23T00:30:00+01:00
1.311000, 24.28, 1.04, 2025-10-23T00:30:00+01:00, 2025-10-23T01:00:00+01:00
1.306000, 26.11, 1.04, 2025-10-23T01:00:00+01:00, 2025-10-23T01:30:00+01:00
1.287000, 25.54, 1.04, 2025-10-23T01:30:00+01:00, 2025-10-23T02:00:00+01:00
1.294000, 22.04, 1.04, 2025-10-23T02:00:00+01:00, 2025-10-23T02:30:00+01:00
1.274000, 20.43, 1.04, 2025-10-23T02:30:00+01:00, 2025-10-23T03:00:00+01:00
1.029000, 13.72, 1.04, 2025-10-23T03:00:00+01:00, 2025-10-23T03:30:00+01:00
0.219000, 3.02, 1.04, 2025-10-23T03:30:00+01:00, 2025-10-23T04:00:00+01:00
0.224000, 3, 1.04, 2025-10-23T04:00:00+01:00, 2025-10-23T04:30:00+01:00
0.213000, 2.72, 1.04, 2025-10-23T04:30:00+01:00, 2025-10-23T05:00:00+01:00
0.216000, 2.85, 1.04, 2025-10-23T05:00:00+01:00, 2025-10-23T05:30:00+01:00
0.208000, 2.65, 1.04, 2025-10-23T05:30:00+01:00, 2025-10-23T06:00:00+01:00
0.013000, 0.16, 1.04, 2025-10-23T06:00:00+01:00, 2025-10-23T06:30:00+01:00
0.003000, 0.05, 1.04, 2025-10-23T06:30:00+01:00, 2025-10-23T07:00:00+01:00
0.002000, 0.04, 1.04, 2025-10-23T07:00:00+01:00, 2025-10-23T07:30:00+01:00
0.004000, 0.09, 1.04, 2025-10-23T07:30:00+01:00, 2025-10-23T08:00:00+01:00
0.005000, 0.1, 1.04, 2025-10-23T08:00:00+01:00, 2025-10-23T08:30:00+01:00
0.009000, 0.19, 1.04, 2025-10-23T08:30:00+01:00, 2025-10-23T09:00:00+01:00
0.002000, 0.04, 1.04, 2025-10-23T09:00:00+01:00, 2025-10-23T09:30:00+01:00
0.002000, 0.04, 1.04, 2025-10-23T09:30:00+01:00, 2025-10-23T10:00:00+01:00
0.003000, 0.07, 1.04, 2025-10-23T10:00:00+01:00, 2025-10-23T10:30:00+01:00
0.003000, 0.06, 1.04, 2025-10-23T10:30:00+01:00, 2025-10-23T11:00:00+01:00
0.002000, 0.04, 1.04, 2025-10-23T11:00:00+01:00, 2025-10-23T11:30:00+01:00
0.004000, 0.07, 1.04, 2025-10-23T11:30:00+01:00, 2025-10-23T12:00:00+01:00
0.004000, 0.07, 1.04, 2025-10-23T12:00:00+01:00, 2025-10-23T12:30:00+01:00
0.005000, 0.08, 1.04, 2025-10-23T12:30:00+01:00, 2025-10-23T13:00:00+01:00
1.032000, 16.9, 1.04, 2025-10-23T13:00:00+01:00, 2025-10-23T13:30:00+01:00
1.135000, 17.03, 1.04, 2025-10-23T13:30:00+01:00, 2025-10-23T14:00:00+01:00
1.122000, 18.79, 1.04, 2025-10-23T14:00:00+01:00, 2025-10-23T14:30:00+01:00
0.922000, 15.29, 1.04, 2025-10-23T14:30:00+01:00, 2025-10-23T15:00:00+01:00
0.253000, 3.97, 1.04, 2025-10-23T15:00:00+01:00, 2025-10-23T15:30:00+01:00
0.010000, 0.16, 1.04, 2025-10-23T15:30:00+01:00, 2025-10-23T16:00:00+01:00
0.006000, 0.18, 1.04, 2025-10-23T16:00:00+01:00, 2025-10-23T16:30:00+01:00
0.013000, 0.43, 1.04, 2025-10-23T16:30:00+01:00, 2025-10-23T17:00:00+01:00
0.002000, 0.07, 1.04, 2025-10-23T17:00:00+01:00, 2025-10-23T17:30:00+01:00
0.002000, 0.07, 1.04, 2025-10-23T17:30:00+01:00, 2025-10-23T18:00:00+01:00
0.045000, 1.52, 1.04, 2025-10-23T18:00:00+01:00, 2025-10-23T18:30:00+01:00
0.007000, 0.24, 1.04, 2025-10-23T18:30:00+01:00, 2025-10-23T19:00:00+01:00
0.002000, 0.04, 1.04, 2025-10-23T19:00:00+01:00, 2025-10-23T19:30:00+01:00
0.004000, 0.08, 1.04, 2025-10-23T19:30:00+01:00, 2025-10-23T20:00:00+01:00
0.003000, 0.06, 1.04, 2025-10-23T20:00:00+01:00, 2025-10-23T20:30:00+01:00
0.004000, 0.07, 1.04, 2025-10-23T20:30:00+01:00, 2025-10-23T21:00:00+01:00
0.001000, 0.02, 1.04, 2025-10-23T21:00:00+01:00, 2025-10-23T21:30:00+01:00
0.010000, 0.15, 1.04, 2025-10-23T21:30:00+01:00, 2025-10-23T22:00:00+01:00
0.002000, 0.03, 1.04, 2025-10-23T22:00:00+01:00, 2025-10-23T22:30:00+01:00
0.002000, 0.02, 1.04, 2025-10-23T22:30:00+01:00, 2025-10-23T23:00:00+01:00
0.003000, 0.02, 1.04, 2025-10-23T23:00:00+01:00, 2025-10-23T23:30:00+01:00
0.001000, 0, 1.04, 2025-10-23T23:30:00+01:00, 2025-10-24T00:00:00+01:00
1.296000, 3.71, 1.04, 2025-10-24T00:00:00+01:00, 2025-10-24T00:30:00+01:00
1.295000, 2.72, 1.04, 2025-10-24T00:30:00+01:00, 2025-10-24T01:00:00+01:00
1.275000, 1.81, 1.04, 2025-10-24T01:00:00+01:00, 2025-10-24T01:30:00+01:00
1.329000, 2.87, 1.04, 2025-10-24T01:30:00+01:00, 2025-10-24T02:00:00+01:00
1.278000, 1.74, 1.04, 2025-10-24T02:00:00+01:00, 2025-10-24T02:30:00+01:00
1.281000, 1.74, 1.04, 2025-10-24T02:30:00+01:00, 2025-10-24T03:00:00+01:00
0.588000, 0.75, 1.04, 2025-10-24T03:00:00+01:00, 2025-10-24T03:30:00+01:00
0.235000, 0.23, 1.04, 2025-10-24T03:30:00+01:00, 2025-10-24T04:00:00+01:00
0.237000, 0.2, 1.04, 2025-10-24T04:00:00+01:00, 2025-10-24T04:30:00+01:00
0.185000, 0.26, 1.04, 2025-10-24T04:30:00+01:00, 2025-10-24T05:00:00+01:00
0.296000, 0.78, 1.04, 2025-10-24T05:00:00+01:00, 2025-10-24T05:30:00+01:00
0.267000, 1.39, 1.04, 2025-10-24T05:30:00+01:00, 2025-10-24T06:00:00+01:00
0.018000, 0.2, 1.04, 2025-10-24T06:00:00+01:00, 2025-10-24T06:30:00+01:00
0.003000, 0.05, 1.04, 2025-10-24T06:30:00+01:00, 2025-10-24T07:00:00+01:00
0.001000, 0.02, 1.04, 2025-10-24T07:00:00+01:00, 2025-10-24T07:30:00+01:00
0.005000, 0.11, 1.04, 2025-10-24T07:30:00+01:00, 2025-10-24T08:00:00+01:00
0.050000, 1.15, 1.04, 2025-10-24T08:00:00+01:00, 2025-10-24T08:30:00+01:00
0.002000, 0.04, 1.04, 2025-10-24T08:30:00+01:00, 2025-10-24T09:00:00+01:00
0.012000, 0.26, 1.04, 2025-10-24T09:00:00+01:00, 2025-10-24T09:30:00+01:00
0.013000, 0.26, 1.04, 2025-10-24T09:30:00+01:00, 2025-10-24T10:00:00+01:00
0.003000, 0.06, 1.04, 2025-10-24T10:00:00+01:00, 2025-10-24T10:30:00+01:00
0.004000, 0.06, 1.04, 2025-10-24T10:30:00+01:00, 2025-10-24T11:00:00+01:00
0.019000, 0.28, 1.04, 2025-10-24T11:00:00+01:00, 2025-10-24T11:30:00+01:00
0.007000, 0.08, 1.04, 2025-10-24T11:30:00+01:00, 2025-10-24T12:00:00+01:00
0.006000, 0.08, 1.04, 2025-10-24T12:00:00+01:00, 2025-10-24T12:30:00+01:00
0.005000, 0.06, 1.04, 2025-10-24T12:30:00+01:00, 2025-10-24T13:00:00+01:00
0.003000, 0.03, 1.04, 2025-10-24T13:00:00+01:00, 2025-10-24T13:30:00+01:00
0.003000, 0.03, 1.04, 2025-10-24T13:30:00+01:00, 2025-10-24T14:00:00+01:00
0.002000, 0.02, 1.04, 2025-10-24T14:00:00+01:00, 2025-10-24T14:30:00+01:00
0.081000, 0.89, 1.04, 2025-10-24T14:30:00+01:00, 2025-10-24T15:00:00+01:00
0.025000, 0.25, 1.04, 2025-10-24T15:00:00+01:00, 2025-10-24T15:30:00+01:00
0.003000, 0.04, 1.04, 2025-10-24T15:30:00+01:00, 2025-10-24T16:00:00+01:00
0.002000, 0.05, 1.04, 2025-10-24T16:00:00+01:00, 2025-10-24T16:30:00+01:00
0.004000, 0.13, 1.04, 2025-10-24T16:30:00+01:00, 2025-10-24T17:00:00+01:00
0.014000, 0.44, 1.04, 2025-10-24T17:00:00+01:00, 2025-10-24T17:30:00+01:00
0.003000, 0.1, 1.04, 2025-10-24T17:30:00+01:00, 2025-10-24T18:00:00+01:00
0.007000, 0.24, 1.04, 2025-10-24T18:00:00+01:00, 2025-10-24T18:30:00+01:00
0.020000, 0.69, 1.04, 2025-10-24T18:30:00+01:00, 2025-10-24T19:00:00+01:00
0.060000, 1.15, 1.04, 2025-10-24T19:00:00+01:00, 2025-10-24T19:30:00+01:00
0.391000, 5.86, 1.04, 2025-10-24T19:30:00+01:00, 2025-10-24T20:00:00+01:00
0.367000, 4.86, 1.04, 2025-10-24T20:00:00+01:00, 2025-10-24T20:30:00+01:00
0.447000, 3.91, 1.04, 2025-10-24T20:30:00+01:00, 2025-10-24T21:00:00+01:00
0.406000, 4.18, 1.04, 2025-10-24T21:00:00+01:00, 2025-10-24T21:30:00+01:00
0.440000, 2.43, 1.04, 2025-10-24T21:30:00+01:00, 2025-10-24T22:00:00+01:00
0.298000, 2.18, 1.04, 2025-10-24T22:00:00+01:00, 2025-10-24T22:30:00+01:00
0.261000, 0.58, 1.04, 2025-10-24T22:30:00+01:00, 2025-10-24T23:00:00+01:00
0.221000, 0.49, 1.04, 2025-10-24T23:00:00+01:00, 2025-10-24T23:30:00+01:00
0.205000, 0.23, 1.04, 2025-10-24T23:30:00+01:00, 2025-10-25T00:00:00+01:00
1.313000, 0.98, 1.04, 2025-10-25T00:00:00+01:00, 2025-10-25T00:30:00+01:00
1.292000, 0.6, 1.04, 2025-10-25T00:30:00+01:00, 2025-10-25T01:00:00+01:00
1.340000, 0, 1.04, 2025-10-25T01:00:00+01:00, 2025-10-25T01:30:00+01:00
1.351000, 0.27, 1.04, 2025-10-25T01:30:00+01:00, 2025-10-25T02:00:00+01:00
1.328000, 0, 1.04, 2025-10-25T02:00:00+01:00, 2025-10-25T02:30:00+01:00
1.321000, 0, 1.04, 2025-10-25T02:30:00+01:00, 2025-10-25T03:00:00+01:00
1.300000, -0.57, 1.04, 2025-10-25T03:00:00+01:00, 2025-10-25T03:30:00+01:00
1.296000, -0.53, 1.04, 2025-10-25T03:30:00+01:00, 2025-10-25T04:00:00+01:00
1.073000, -0.24, 1.04, 2025-10-25T04:00:00+01:00, 2025-10-25T04:30:00+01:00
0.316000, 0, 1.04, 2025-10-25T04:30:00+01:00, 2025-10-25T05:00:00+01:00
0.231000, -0.03, 1.04, 2025-10-25T05:00:00+01:00, 2025-10-25T05:30:00+01:00
0.239000, -0.03, 1.04, 2025-10-25T05:30:00+01:00, 2025-10-25T06:00:00+01:00
0.211000, 0.14, 1.04, 2025-10-25T06:00:00+01:00, 2025-10-25T06:30:00+01:00
0.201000, 0.71, 1.04, 2025-10-25T06:30:00+01:00, 2025-10-25T07:00:00+01:00
0.240000, -0.03, 1.04, 2025-10-25T07:00:00+01:00, 2025-10-25T07:30:00+01:00
0.010000, 0.05, 1.04, 2025-10-25T07:30:00+01:00, 2025-10-25T08:00:00+01:00
0.007000, 0.01, 1.04, 2025-10-25T08:00:00+01:00, 2025-10-25T08:30:00+01:00
0.359000, 1.04, 1.04, 2025-10-25T08:30:00+01:00, 2025-10-25T09:00:00+01:00
1.806000, 3.53, 1.04, 2025-10-25T09:00:00+01:00, 2025-10-25T09:30:00+01:00
1.677000, 3.7, 1.04, 2025-10-25T09:30:00+01:00, 2025-10-25T10:00:00+01:00
1.171000, 3.33, 1.04, 2025-10-25T10:00:00+01:00, 2025-10-25T10:30:00+01:00
1.548000, 3.38, 1.04, 2025-10-25T10:30:00+01:00, 2025-10-25T11:00:00+01:00
1.529000, 3.37, 1.04, 2025-10-25T11:00:00+01:00, 2025-10-25T11:30:00+01:00
1.312000, 2.18, 1.04, 2025-10-25T11:30:00+01:00, 2025-10-25T12:00:00+01:00
0.220000, 0.27, 1.04, 2025-10-25T12:00:00+01:00, 2025-10-25T12:30:00+01:00
0.445000, 0.93, 1.04, 2025-10-25T12:30:00+01:00, 2025-10-25T13:00:00+01:00
0.371000, 0.98, 1.04, 2025-10-25T13:00:00+01:00, 2025-10-25T13:30:00+01:00
0.052000, 0.09, 1.04, 2025-10-25T13:30:00+01:00, 2025-10-25T14:00:00+01:00
0.092000, 0.09, 1.04, 2025-10-25T14:00:00+01:00, 2025-10-25T14:30:00+01:00
0.067000, 0.14, 1.04, 2025-10-25T14:30:00+01:00, 2025-10-25T15:00:00+01:00
0.205000, 0.36, 1.04, 2025-10-25T15:00:00+01:00, 2025-10-25T15:30:00+01:00
0.004000, 0.01, 1.04, 2025-10-25T15:30:00+01:00, 2025-10-25T16:00:00+01:00
0.004000, 0.06, 1.04, 2025-10-25T16:00:00+01:00, 2025-10-25T16:30:00+01:00
0.003000, 0.07, 1.04, 2025-10-25T16:30:00+01:00, 2025-10-25T17:00:00+01:00
0.002000, 0.05, 1.04, 2025-10-25T17:00:00+01:00, 2025-10-25T17:30:00+01:00
0.003000, 0.09, 1.04, 2025-10-25T17:30:00+01:00, 2025-10-25T18:00:00+01:00
0.012000, 0.35, 1.04, 2025-10-25T18:00:00+01:00, 2025-10-25T18:30:00+01:00
0.012000, 0.36, 1.04, 2025-10-25T18:30:00+01:00, 2025-10-25T19:00:00+01:00
0.002000, 0.03, 1.04, 2025-10-25T19:00:00+01:00, 2025-10-25T19:30:00+01:00
0.003000, 0.03, 1.04, 2025-10-25T19:30:00+01:00, 2025-10-25T20:00:00+01:00
0.002000, 0.02, 1.04, 2025-10-25T20:00:00+01:00, 2025-10-25T20:30:00+01:00
0.003000, 0.02, 1.04, 2025-10-25T20:30:00+01:00, 2025-10-25T21:00:00+01:00
0.004000, 0.04, 1.04, 2025-10-25T21:00:00+01:00, 2025-10-25T21:30:00+01:00
0.003000, 0.01, 1.04, 2025-10-25T21:30:00+01:00, 2025-10-25T22:00:00+01:00
0.005000, 0.03, 1.04, 2025-10-25T22:00:00+01:00, 2025-10-25T22:30:00+01:00
0.031000, 0.08, 1.04, 2025-10-25T22:30:00+01:00, 2025-10-25T23:00:00+01:00
0.592000, 3.13, 1.04, 2025-10-25T23:00:00+01:00, 2025-10-25T23:30:00+01:00
0.349000, 0.51, 1.04, 2025-10-25T23:30:00+01:00, 2025-10-26T00:00:00+01:00
1.209000, 3.57, 1.04, 2025-10-26T00:00:00+01:00, 2025-10-26T00:30:00+01:00
1.220000, 2.15, 1.04, 2025-10-26T00:30:00+01:00, 2025-10-26T01:00:00+01:00
1.219000, 0.03, 1.04, 2025-10-26T01:00:00+01:00, 2025-10-26T01:30:00+01:00
1.242000, 2.74, 1.04, 2025-10-26T01:30:00+01:00, 2025-10-26T01:00:00+00:00
1.216000, 0.54, 1.04, 2025-10-26T01:00:00+00:00, 2025-10-26T01:30:00+00:00
1.191000, 0, 1.04, 2025-10-26T01:30:00+00:00, 2025-10-26T02:00:00+00:00
1.223000, 1.21, 1.04, 2025-10-26T02:00:00+00:00, 2025-10-26T02:30:00+00:00
1.228000, -5.42, 1.04, 2025-10-26T02:30:00+00:00, 2025-10-26T03:00:00+00:00
1.149000, -0.51, 1.04, 2025-10-26T03:00:00+00:00, 2025-10-26T03:30:00+00:00
0.327000, -0.29, 1.04, 2025-10-26T03:30:00+00:00, 2025-10-26T04:00:00+00:00
0.198000, -0.09, 1.04, 2025-10-26T04:00:00+00:00, 2025-10-26T04:30:00+00:00
0.242000, -0.11, 1.04, 2025-10-26T04:30:00+00:00, 2025-10-26T05:00:00+00:00
0.226000, -0.05, 1.04, 2025-10-26T05:00:00+00:00, 2025-10-26T05:30:00+00:00
0.210000, 0.37, 1.04, 2025-10-26T05:30:00+00:00, 2025-10-26T06:00:00+00:00
0.215000, 0, 1.04, 2025-10-26T06:00:00+00:00, 2025-10-26T06:30:00+00:00
0.238000, 0.84, 1.04, 2025-10-26T06:30:00+00:00, 2025-10-26T07:00:00+00:00
0.544000, -0.12, 1.04, 2025-10-26T07:00:00+00:00, 2025-10-26T07:30:00+00:00
0.035000, 0.14, 1.04, 2025-10-26T07:30:00+00:00, 2025-10-26T08:00:00+00:00
0.022000, -0.01, 1.04, 2025-10-26T08:00:00+00:00, 2025-10-26T08:30:00+00:00
0.002000, 0.01, 1.04, 2025-10-26T08:30:00+00:00, 2025-10-26T09:00:00+00:00
0.002000, 0.01, 1.04, 2025-10-26T09:00:00+00:00, 2025-10-26T09:30:00+00:00
0.001000, 0.01, 1.04, 2025-10-26T09:30:00+00:00, 2025-10-26T10:00:00+00:00
0.002000, 0.01, 1.04, 2025-10-26T10:00:00+00:00, 2025-10-26T10:30:00+00:00
0.001000, 0.01, 1.04, 2025-10-26T10:30:00+00:00, 2025-10-26T11:00:00+00:00
0.001000, 0.01, 1.04, 2025-10-26T11:00:00+00:00, 2025-10-26T11:30:00+00:00
0.001000, 0.01, 1.04, 2025-10-26T11:30:00+00:00, 2025-10-26T12:00:00+00:00
0.002000, 0.02, 1.04, 2025-10-26T12:00:00+00:00, 2025-10-26T12:30:00+00:00
0.001000, 0.01, 1.04, 2025-10-26T12:30:00+00:00, 2025-10-26T13:00:00+00:00
0.001000, 0.01, 1.04, 2025-10-26T13:00:00+00:00, 2025-10-26T13:30:00+00:00
0.001000, 0.01, 1.04, 2025-10-26T13:30:00+00:00, 2025-10-26T14:00:00+00:00
0.001000, 0.01, 1.04, 2025-10-26T14:00:00+00:00, 2025-10-26T14:30:00+00:00
0.002000, 0.03, 1.04, 2025-10-26T14:30:00+00:00, 2025-10-26T15:00:00+00:00
0.001000, 0.01, 1.04, 2025-10-26T15:00:00+00:00, 2025-10-26T15:30:00+00:00
0.002000, 0.04, 1.04, 2025-10-26T15:30:00+00:00, 2025-10-26T16:00:00+00:00
0.001000, 0.03, 1.04, 2025-10-26T16:00:00+00:00, 2025-10-26T16:30:00+00:00
0.001000, 0.04, 1.04, 2025-10-26T16:30:00+00:00, 2025-10-26T17:00:00+00:00
0.001000, 0.04, 1.04, 2025-10-26T17:00:00+00:00, 2025-10-26T17:30:00+00:00
0.001000, 0.03, 1.04, 2025-10-26T17:30:00+00:00, 2025-10-26T18:00:00+00:00
0.001000, 0.04, 1.04, 2025-10-26T18:00:00+00:00, 2025-10-26T18:30:00+00:00
0.002000, 0.06, 1.04, 2025-10-26T18:30:00+00:00, 2025-10-26T19:00:00+00:00
0.001000, 0.02, 1.04, 2025-10-26T19:00:00+00:00, 2025-10-26T19:30:00+00:00
0.000000, 0, 1.04, 2025-10-26T19:30:00+00:00, 2025-10-26T20:00:00+00:00
0.001000, 0.01, 1.04, 2025-10-26T20:00:00+00:00, 2025-10-26T20:30:00+00:00
0.002000, 0.01, 1.04, 2025-10-26T20:30:00+00:00, 2025-10-26T21:00:00+00:00
0.001000, 0.01, 1.04, 2025-10-26T21:00:00+00:00, 2025-10-26T21:30:00+00:00
0.001000, 0, 1.04, 2025-10-26T21:30:00+00:00, 2025-10-26T22:00:00+00:00
0.001000, 0, 1.04, 2025-10-26T22:00:00+00:00, 2025-10-26T22:30:00+00:00
0.001000, 0, 1.04, 2025-10-26T22:30:00+00:00, 2025-10-26T23:00:00+00:00
0.001000, 0, 1.04, 2025-10-26T23:00:00+00:00, 2025-10-26T23:30:00+00:00
0.002000, 0, 1.04, 2025-10-26T23:30:00+00:00, 2025-10-27T00:00:00+00:00
1.288000, -1.16, 1.04, 2025-10-27T00:00:00+00:00, 2025-10-27T00:30:00+00:00
1.264000, 0.56, 1.04, 2025-10-27T00:30:00+00:00, 2025-10-27T01:00:00+00:00
1.268000, 0.84, 1.04, 2025-10-27T01:00:00+00:00, 2025-10-27T01:30:00+00:00
1.244000, 0.59, 1.04, 2025-10-27T01:30:00+00:00, 2025-10-27T02:00:00+00:00
1.291000, 0.64, 1.04, 2025-10-27T02:00:00+00:00, 2025-10-27T02:30:00+00:00
1.077000, 0.89, 1.04, 2025-10-27T02:30:00+00:00, 2025-10-27T03:00:00+00:00
0.270000, 0.07, 1.04, 2025-10-27T03:00:00+00:00, 2025-10-27T03:30:00+00:00
0.162000, 0.11, 1.04, 2025-10-27T03:30:00+00:00, 2025-10-27T04:00:00+00:00
0.205000, 0.41, 1.04, 2025-10-27T04:00:00+00:00, 2025-10-27T04:30:00+00:00
0.183000, 0.12, 1.04, 2025-10-27T04:30:00+00:00, 2025-10-27T05:00:00+00:00
0.192000, 0.35, 1.04, 2025-10-27T05:00:00+00:00, 2025-10-27T05:30:00+00:00
0.185000, 0.98, 1.04, 2025-10-27T05:30:00+00:00, 2025-10-27T06:00:00+00:00
0.225000, 3.13, 1.04, 2025-10-27T06:00:00+00:00, 2025-10-27T06:30:00+00:00
0.203000, 3.02, 1.04, 2025-10-27T06:30:00+00:00, 2025-10-27T07:00:00+00:00
0.221000, 4.04, 1.04, 2025-10-27T07:00:00+00:00, 2025-10-27T07:30:00+00:00
0.008000, 0.16, 1.04, 2025-10-27T07:30:00+00:00, 2025-10-27T08:00:00+00:00
0.007000, 0.14, 1.04, 2025-10-27T08:00:00+00:00, 2025-10-27T08:30:00+00:00
0.001000, 0.02, 1.04, 2025-10-27T08:30:00+00:00, 2025-10-27T09:00:00+00:00
0.001000, 0.02, 1.04, 2025-10-27T09:00:00+00:00, 2025-10-27T09:30:00+00:00
0.002000, 0.04, 1.04, 2025-10-27T09:30:00+00:00, 2025-10-27T10:00:00+00:00
0.002000, 0.03, 1.04, 2025-10-27T10:00:00+00:00, 2025-10-27T10:30:00+00:00
0.002000, 0.03, 1.04, 2025-10-27T10:30:00+00:00, 2025-10-27T11:00:00+00:00
0.006000, 0.1, 1.04, 2025-10-27T11:00:00+00:00, 2025-10-27T11:30:00+00:00
0.005000, 0.08, 1.04, 2025-10-27T11:30:00+00:00, 2025-10-27T12:00:00+00:00
0.003000, 0.04, 1.04, 2025-10-27T12:00:00+00:00, 2025-10-27T12:30:00+00:00
0.003000, 0.05, 1.04, 2025-10-27T12:30:00+00:00, 2025-10-27T13:00:00+00:00
0.000000, 0, 1.04, 2025-10-27T13:00:00+00:00, 2025-10-27T13:30:00+00:00
0.001000, 0.02, 1.04, 2025-10-27T13:30:00+00:00, 2025-10-27T14:00:00+00:00
0.002000, 0.03, 1.04, 2025-10-27T14:00:00+00:00, 2025-10-27T14:30:00+00:00
0.001000, 0.02, 1.04, 2025-10-27T14:30:00+00:00, 2025-10-27T15:00:00+00:00
0.001000, 0.02, 1.04, 2025-10-27T15:00:00+00:00, 2025-10-27T15:30:00+00:00
0.001000, 0.02, 1.04, 2025-10-27T15:30:00+00:00, 2025-10-27T16:00:00+00:00
0.001000, 0.03, 1.04, 2025-10-27T16:00:00+00:00, 2025-10-27T16:30:00+00:00
0.001000, 0.04, 1.04, 2025-10-27T16:30:00+00:00, 2025-10-27T17:00:00+00:00
0.002000, 0.07, 1.04, 2025-10-27T17:00:00+00:00, 2025-10-27T17:30:00+00:00
0.001000, 0.04, 1.04, 2025-10-27T17:30:00+00:00, 2025-10-27T18:00:00+00:00
0.001000, 0.04, 1.04, 2025-10-27T18:00:00+00:00, 2025-10-27T18:30:00+00:00
0.001000, 0.04, 1.04, 2025-10-27T18:30:00+00:00, 2025-10-27T19:00:00+00:00
0.002000, 0.04, 1.04, 2025-10-27T19:00:00+00:00, 2025-10-27T19:30:00+00:00
0.001000, 0.02, 1.04, 2025-10-27T19:30:00+00:00, 2025-10-27T20:00:00+00:00
0.001000, 0.02, 1.04, 2025-10-27T20:00:00+00:00, 2025-10-27T20:30:00+00:00
0.001000, 0.02, 1.04, 2025-10-27T20:30:00+00:00, 2025-10-27T21:00:00+00:00
0.001000, 0.02, 1.04, 2025-10-27T21:00:00+00:00, 2025-10-27T21:30:00+00:00
0.001000, 0.02, 1.04, 2025-10-27T21:30:00+00:00, 2025-10-27T22:00:00+00:00
0.001000, 0.02, 1.04, 2025-10-27T22:00:00+00:00, 2025-10-27T22:30:00+00:00
0.001000, 0.01, 1.04, 2025-10-27T22:30:00+00:00, 2025-10-27T23:00:00+00:00
0.001000, 0.01, 1.04, 2025-10-27T23:00:00+00:00, 2025-10-27T23:30:00+00:00
0.002000, 0.01, 1.04, 2025-10-27T23:30:00+00:00, 2025-10-28T00:00:00+00:00
1.277000, 7.03, 1.04, 2025-10-28T00:00:00+00:00, 2025-10-28T00:30:00+00:00
1.280000, 7.93, 1.04, 2025-10-28T00:30:00+00:00, 2025-10-28T01:00:00+00:00
1.263000, 6.18, 1.04, 2025-10-28T01:00:00+00:00, 2025-10-28T01:30:00+00:00
1.152000, 5.04, 1.04, 2025-10-28T01:30:00+00:00, 2025-10-28T02:00:00+00:00
0.344000, 1.33, 1.04, 2025-10-28T02:00:00+00:00, 2025-10-28T02:30:00+00:00
0.193000, 0.62, 1.04, 2025-10-28T02:30:00+00:00, 2025-10-28T03:00:00+00:00
0.187000, 0.73, 1.04, 2025-10-28T03:00:00+00:00, 2025-10-28T03:30:00+00:00
0.182000, 0.58, 1.04, 2025-10-28T03:30:00+00:00, 2025-10-28T04:00:00+00:00
0.213000, 0.89, 1.04, 2025-10-28T04:00:00+00:00, 2025-10-28T04:30:00+00:00
0.197000, 0.96, 1.04, 2025-10-28T04:30:00+00:00, 2025-10-28T05:00:00+00:00
0.190000, 1.74, 1.04, 2025-10-28T05:00:00+00:00, 2025-10-28T05:30:00+00:00
0.190000, 2.17, 1.04, 2025-10-28T05:30:00+00:00, 2025-10-28T06:00:00+00:00
0.224000, 2.68, 1.04, 2025-10-28T06:00:00+00:00, 2025-10-28T06:30:00+00:00
0.226000, 3.24, 1.04, 2025-10-28T06:30:00+00:00, 2025-10-28T07:00:00+00:00
0.227000, 3.63, 1.04, 2025-10-28T07:00:00+00:00, 2025-10-28T07:30:00+00:00
0.013000, 0.21, 1.04, 2025-10-28T07:30:00+00:00, 2025-10-28T08:00:00+00:00
0.001000, 0.02, 1.04, 2025-10-28T08:00:00+00:00, 2025-10-28T08:30:00+00:00
0.001000, 0.02, 1.04, 2025-10-28T08:30:00+00:00, 2025-10-28T09:00:00+00:00
0.001000, 0.02, 1.04, 2025-10-28T09:00:00+00:00, 2025-10-28T09:30:00+00:00
0.002000, 0.03, 1.04, 2025-10-28T09:30:00+00:00, 2025-10-28T10:00:00+00:00
0.004000, 0.05, 1.04, 2025-10-28T10:00:00+00:00, 2025-10-28T10:30:00+00:00
0.001000, 0.01, 1.04, 2025-10-28T10:30:00+00:00, 2025-10-28T11:00:00+00:00
0.005000, 0.06, 1.04, 2025-10-28T11:00:00+00:00, 2025-10-28T11:30:00+00:00
0.002000, 0.02, 1.04, 2025-10-28T11:30:00+00:00, 2025-10-28T12:00:00+00:00
0.006000, 0.07, 1.04, 2025-10-28T12:00:00+00:00, 2025-10-28T12:30:00+00:00
0.007000, 0.09, 1.04, 2025-10-28T12:30:00+00:00, 2025-10-28T13:00:00+00:00
0.005000, 0.06, 1.04, 2025-10-28T13:00:00+00:00, 2025-10-28T13:30:00+00:00
0.004000, 0.05, 1.04, 2025-10-28T13:30:00+00:00, 2025-10-28T14:00:00+00:00
0.005000, 0.07, 1.04, 2025-10-28T14:00:00+00:00, 2025-10-28T14:30:00+00:00
0.001000, 0.02, 1.04, 2025-10-28T14:30:00+00:00, 2025-10-28T15:00:00+00:00
0.002000, 0.03, 1.04, 2025-10-28T15:00:00+00:00, 2025-10-28T15:30:00+00:00
0.001000, 0.02, 1.04, 2025-10-28T15:30:00+00:00, 2025-10-28T16:00:00+00:00
0.001000, 0.03, 1.04, 2025-10-28T16:00:00+00:00, 2025-10-28T16:30:00+00:00
0.001000, 0.03, 1.04, 2025-10-28T16:30:00+00:00, 2025-10-28T17:00:00+00:00
0.001000, 0.04, 1.04, 2025-10-28T17:00:00+00:00, 2025-10-28T17:30:00+00:00
0.001000, 0.04, 1.04, 2025-10-28T17:30:00+00:00, 2025-10-28T18:00:00+00:00
0.001000, 0.03, 1.04, 2025-10-28T18:00:00+00:00, 2025-10-28T18:30:00+00:00
0.001000, 0.03, 1.04, 2025-10-28T18:30:00+00:00, 2025-10-28T19:00:00+00:00
0.001000, 0.02, 1.04, 2025-10-28T19:00:00+00:00, 2025-10-28T19:30:00+00:00
0.001000, 0.02, 1.04, 2025-10-28T19:30:00+00:00, 2025-10-28T20:00:00+00:00
0.001000, 0.02, 1.04, 2025-10-28T20:00:00+00:00, 2025-10-28T20:30:00+00:00
0.002000, 0.03, 1.04, 2025-10-28T20:30:00+00:00, 2025-10-28T21:00:00+00:00
0.001000, 0.02, 1.04, 2025-10-28T21:00:00+00:00, 2025-10-28T21:30:00+00:00
0.001000, 0.02, 1.04, 2025-10-28T21:30:00+00:00, 2025-10-28T22:00:00+00:00
0.001000, 0.01, 1.04, 2025-10-28T22:00:00+00:00, 2025-10-28T22:30:00+00:00
0.001000, 0.01, 1.04, 2025-10-28T22:30:00+00:00, 2025-10-28T23:00:00+00:00
0.002000, 0.03, 1.04, 2025-10-28T23:00:00+00:00, 2025-10-28T23:30:00+00:00
0.001000, 0.01, 1.04, 2025-10-28T23:30:00+00:00, 2025-10-29T00:00:00+00:00
1.267000, 15.37, 1.04, 2025-10-29T00:00:00+00:00, 2025-10-29T00:30:00+00:00
1.280000, 15.52, 1.04, 2025-10-29T00:30:00+00:00, 2025-10-29T01:00:00+00:00
1.251000, 14.78, 1.04, 2025-10-29T01:00:00+00:00, 2025-10-29T01:30:00+00:00
1.124000, 12.45, 1.04, 2025-10-29T01:30:00+00:00, 2025-10-29T02:00:00+00:00
0.275000, 3.16, 1.04, 2025-10-29T02:00:00+00:00, 2025-10-29T02:30:00+00:00
0.199000, 2.15, 1.04, 2025-10-29T02:30:00+00:00, 2025-10-29T03:00:00+00:00
0.173000, 1.98, 1.04, 2025-10-29T03:00:00+00:00, 2025-10-29T03:30:00+00:00
0.213000, 2.33, 1.04, 2025-10-29T03:30:00+00:00, 2025-10-29T04:00:00+00:00
0.198000, 2.51, 1.04, 2025-10-29T04:00:00+00:00, 2025-10-29T04:30:00+00:00
0.202000, 2.53, 1.04, 2025-10-29T04:30:00+00:00, 2025-10-29T05:00:00+00:00
0.171000, 2.76, 1.04, 2025-10-29T05:00:00+00:00, 2025-10-29T05:30:00+00:00
0.210000, 3.43, 1.04, 2025-10-29T05:30:00+00:00, 2025-10-29T06:00:00+00:00
0.213000, 3.99, 1.04, 2025-10-29T06:00:00+00:00, 2025-10-29T06:30:00+00:00
0.213000, 3.9, 1.04, 2025-10-29T06:30:00+00:00, 2025-10-29T07:00:00+00:00
0.204000, 3.51, 1.04, 2025-10-29T07:00:00+00:00, 2025-10-29T07:30:00+00:00
0.009000, 0.19, 1.04, 2025-10-29T07:30:00+00:00, 2025-10-29T08:00:00+00:00
0.005000, 0.09, 1.04, 2025-10-29T08:00:00+00:00, 2025-10-29T08:30:00+00:00
0.001000, 0.02, 1.04, 2025-10-29T08:30:00+00:00, 2025-10-29T09:00:00+00:00
0.001000, 0.02, 1.04, 2025-10-29T09:00:00+00:00, 2025-10-29T09:30:00+00:00
0.002000, 0.03, 1.04, 2025-10-29T09:30:00+00:00, 2025-10-29T10:00:00+00:00
0.001000, 0.02, 1.04, 2025-10-29T10:00:00+00:00, 2025-10-29T10:30:00+00:00
0.003000, 0.05, 1.04, 2025-10-29T10:30:00+00:00, 2025-10-29T11:00:00+00:00
0.003000, 0.05, 1.04, 2025-10-29T11:00:00+00:00, 2025-10-29T11:30:00+00:00
0.003000, 0.05, 1.04, 2025-10-29T11:30:00+00:00, 2025-10-29T12:00:00+00:00
0.002000, 0.03, 1.04, 2025-10-29T12:00:00+00:00, 2025-10-29T12:30:00+00:00
0.003000, 0.05, 1.04, 2025-10-29T12:30:00+00:00, 2025-10-29T13:00:00+00:00
0.002000, 0.04, 1.04, 2025-10-29T13:00:00+00:00, 2025-10-29T13:30:00+00:00
0.001000, 0.02, 1.04, 2025-10-29T13:30:00+00:00, 2025-10-29T14:00:00+00:00
0.001000, 0.02, 1.04, 2025-10-29T14:00:00+00:00, 2025-10-29T14:30:00+00:00
0.002000, 0.04, 1.04, 2025-10-29T14:30:00+00:00, 2025-10-29T15:00:00+00:00
0.001000, 0.02, 1.04, 2025-10-29T15:00:00+00:00, 2025-10-29T15:30:00+00:00
0.001000, 0.02, 1.04, 2025-10-29T15:30:00+00:00, 2025-10-29T16:00:00+00:00
0.002000, 0.07, 1.04, 2025-10-29T16:00:00+00:00, 2025-10-29T16:30:00+00:00
0.001000, 0.04, 1.04, 2025-10-29T16:30:00+00:00, 2025-10-29T17:00:00+00:00
0.001000, 0.04, 1.04, 2025-10-29T17:00:00+00:00, 2025-10-29T17:30:00+00:00
0.001000, 0.04, 1.04, 2025-10-29T17:30:00+00:00, 2025-10-29T18:00:00+00:00
0.001000, 0.04, 1.04, 2025-10-29T18:00:00+00:00, 2025-10-29T18:30:00+00:00
0.001000, 0.04, 1.04, 2025-10-29T18:30:00+00:00, 2025-10-29T19:00:00+00:00
0.001000, 0.02, 1.04, 2025-10-29T19:00:00+00:00, 2025-10-29T19:30:00+00:00
0.002000, 0.04, 1.04, 2025-10-29T19:30:00+00:00, 2025-10-29T20:00:00+00:00
0.001000, 0.02, 1.04, 2025-10-29T20:00:00+00:00, 2025-10-29T20:30:00+00:00
0.001000, 0.02, 1.04, 2025-10-29T20:30:00+00:00, 2025-10-29T21:00:00+00:00
0.001000, 0.02, 1.04, 2025-10-29T21:00:00+00:00, 2025-10-29T21:30:00+00:00
0.001000, 0.02, 1.04, 2025-10-29T21:30:00+00:00, 2025-10-29T22:00:00+00:00
0.002000, 0.03, 1.04, 2025-10-29T22:00:00+00:00, 2025-10-29T22:30:00+00:00
0.001000, 0.02, 1.04, 2025-10-29T22:30:00+00:00, 2025-10-29T23:00:00+00:00
0.001000, 0.02, 1.04, 2025-10-29T23:00:00+00:00, 2025-10-29T23:30:00+00:00
0.001000, 0.02, 1.04, 2025-10-29T23:30:00+00:00, 2025-10-30T00:00:00+00:00
1.276000, 17.2, 1.04, 2025-10-30T00:00:00+00:00, 2025-10-30T00:30:00+00:00
1.280000, 18.87, 1.04, 2025-10-30T00:30:00+00:00, 2025-10-30T01:00:00+00:00
1.291000, 19.36, 1.04, 2025-10-30T01:00:00+00:00, 2025-10-30T01:30:00+00:00
1.030000, 15.44, 1.04, 2025-10-30T01:30:00+00:00, 2025-10-30T02:00:00+00:00
0.233000, 3.21, 1.04, 2025-10-30T02:00:00+00:00, 2025-10-30T02:30:00+00:00
0.194000, 2.56, 1.04, 2025-10-30T02:30:00+00:00, 2025-10-30T03:00:00+00:00
0.210000, 2.89, 1.04, 2025-10-30T03:00:00+00:00, 2025-10-30T03:30:00+00:00
0.196000, 2.67, 1.04, 2025-10-30T03:30:00+00:00, 2025-10-30T04:00:00+00:00
0.190000, 2.68, 1.04, 2025-10-30T04:00:00+00:00, 2025-10-30T04:30:00+00:00
0.193000, 2.72, 1.04, 2025-10-30T04:30:00+00:00, 2025-10-30T05:00:00+00:00
0.206000, 3.26, 1.04, 2025-10-30T05:00:00+00:00, 2025-10-30T05:30:00+00:00
0.214000, 3.44, 1.04, 2025-10-30T05:30:00+00:00, 2025-10-30T06:00:00+00:00
0.204000, 3.2, 1.04, 2025-10-30T06:00:00+00:00, 2025-10-30T06:30:00+00:00
0.214000, 3.82, 1.04, 2025-10-30T06:30:00+00:00, 2025-10-30T07:00:00+00:00
0.230000, 4.55, 1.04, 2025-10-30T07:00:00+00:00, 2025-10-30T07:30:00+00:00
0.014000, 0.29, 1.04, 2025-10-30T07:30:00+00:00, 2025-10-30T08:00:00+00:00
0.001000, 0.02, 1.04, 2025-10-30T08:00:00+00:00, 2025-10-30T08:30:00+00:00
0.002000, 0.04, 1.04, 2025-10-30T08:30:00+00:00, 2025-10-30T09:00:00+00:00
0.001000, 0.02, 1.04, 2025-10-30T09:00:00+00:00, 2025-10-30T09:30:00+00:00
0.001000, 0.02, 1.04, 2025-10-30T09:30:00+00:00, 2025-10-30T10:00:00+00:00
0.001000, 0.02, 1.04, 2025-10-30T10:00:00+00:00, 2025-10-30T10:30:00+00:00
0.001000, 0.02, 1.04, 2025-10-30T10:30:00+00:00, 2025-10-30T11:00:00+00:00
0.002000, 0.04, 1.04, 2025-10-30T11:00:00+00:00, 2025-10-30T11:30:00+00:00
0.000000, 0, 1.04, 2025-10-30T11:30:00+00:00, 2025-10-30T12:00:00+00:00
0.002000, 0.03, 1.04, 2025-10-30T12:00:00+00:00, 2025-10-30T12:30:00+00:00
0.001000, 0.02, 1.04, 2025-10-30T12:30:00+00:00, 2025-10-30T13:00:00+00:00
0.001000, 0.02, 1.04, 2025-10-30T13:00:00+00:00, 2025-10-30T13:30:00+00:00
0.001000, 0.02, 1.04, 2025-10-30T13:30:00+00:00, 2025-10-30T14:00:00+00:00
0.001000, 0.02, 1.04, 2025-10-30T14:00:00+00:00, 2025-10-30T14:30:00+00:00
0.001000, 0.02, 1.04, 2025-10-30T14:30:00+00:00, 2025-10-30T15:00:00+00:00
0.001000, 0.02, 1.04, 2025-10-30T15:00:00+00:00, 2025-10-30T15:30:00+00:00
0.001000, 0.02, 1.04, 2025-10-30T15:30:00+00:00, 2025-10-30T16:00:00+00:00
0.001000, 0.03, 1.04, 2025-10-30T16:00:00+00:00, 2025-10-30T16:30:00+00:00
0.001000, 0.03, 1.04, 2025-10-30T16:30:00+00:00, 2025-10-30T17:00:00+00:00
0.001000, 0.03, 1.04, 2025-10-30T17:00:00+00:00, 2025-10-30T17:30:00+00:00
0.001000, 0.03, 1.04, 2025-10-30T17:30:00+00:00, 2025-10-30T18:00:00+00:00
0.001000, 0.03, 1.04, 2025-10-30T18:00:00+00:00, 2025-10-30T18:30:00+00:00
0.002000, 0.06, 1.04, 2025-10-30T18:30:00+00:00, 2025-10-30T19:00:00+00:00
0.001000, 0.02, 1.04, 2025-10-30T19:00:00+00:00, 2025-10-30T19:30:00+00:00
0.001000, 0.02, 1.04, 2025-10-30T19:30:00+00:00, 2025-10-30T20:00:00+00:00
0.001000, 0.02, 1.04, 2025-10-30T20:00:00+00:00, 2025-10-30T20:30:00+00:00
0.001000, 0.01, 1.04, 2025-10-30T20:30:00+00:00, 2025-10-30T21:00:00+00:00
0.001000, 0.01, 1.04, 2025-10-30T21:00:00+00:00, 2025-10-30T21:30:00+00:00
0.001000, 0.01, 1.04, 2025-10-30T21:30:00+00:00, 2025-10-30T22:00:00+00:00
0.002000, 0.01, 1.04, 2025-10-30T22:00:00+00:00, 2025-10-30T22:30:00+00:00
0.001000, 0, 1.04, 2025-10-30T22:30:00+00:00, 2025-10-30T23:00:00+00:00
0.001000, 0, 1.04, 2025-10-30T23:00:00+00:00, 2025-10-30T23:30:00+00:00
0.001000, 0, 1.04, 2025-10-30T23:30:00+00:00, 2025-10-31T00:00:00+00:00
1.273000, 2.47, 1.04, 2025-10-31T00:00:00+00:00, 2025-10-31T00:30:00+00:00
1.286000, 3.74, 1.04, 2025-10-31T00:30:00+00:00, 2025-10-31T01:00:00+00:00
1.290000, 3.7, 1.04, 2025-10-31T01:00:00+00:00, 2025-10-31T01:30:00+00:00
1.262000, 2.88, 1.04, 2025-10-31T01:30:00+00:00, 2025-10-31T02:00:00+00:00
1.262000, 2.21, 1.04, 2025-10-31T02:00:00+00:00, 2025-10-31T02:30:00+00:00
0.561000, 1.27, 1.04, 2025-10-31T02:30:00+00:00, 2025-10-31T03:00:00+00:00
0.211000, 0.39, 1.04, 2025-10-31T03:00:00+00:00, 2025-10-31T03:30:00+00:00
0.188000, 0.32, 1.04, 2025-10-31T03:30:00+00:00, 2025-10-31T04:00:00+00:00
0.189000, 0.46, 1.04, 2025-10-31T04:00:00+00:00, 2025-10-31T04:30:00+00:00
0.194000, 0.39, 1.04, 2025-10-31T04:30:00+00:00, 2025-10-31T05:00:00+00:00
0.204000, 0.48, 1.04, 2025-10-31T05:00:00+00:00, 2025-10-31T05:30:00+00:00
0.201000, 0.84, 1.04, 2025-10-31T05:30:00+00:00, 2025-10-31T06:00:00+00:00
0.202000, 1.86, 1.04, 2025-10-31T06:00:00+00:00, 2025-10-31T06:30:00+00:00
0.205000, 2.2, 1.04, 2025-10-31T06:30:00+00:00, 2025-10-31T07:00:00+00:00
0.236000, 3.95, 1.04, 2025-10-31T07:00:00+00:00, 2025-10-31T07:30:00+00:00
0.014000, 0.25, 1.04, 2025-10-31T07:30:00+00:00, 2025-10-31T08:00:00+00:00
0.001000, 0.02, 1.04, 2025-10-31T08:00:00+00:00, 2025-10-31T08:30:00+00:00
0.001000, 0.02, 1.04, 2025-10-31T08:30:00+00:00, 2025-10-31T09:00:00+00:00
0.001000, 0.02, 1.04, 2025-10-31T09:00:00+00:00, 2025-10-31T09:30:00+00:00
0.000000, 0, 1.04, 2025-10-31T09:30:00+00:00, 2025-10-31T10:00:00+00:00
0.002000, 0.03, 1.04, 2025-10-31T10:00:00+00:00, 2025-10-31T10:30:00+00:00
0.001000, 0.01, 1.04, 2025-10-31T10:30:00+00:00, 2025-10-31T11:00:00+00:00
0.001000, 0.01, 1.04, 2025-10-31T11:00:00+00:00, 2025-10-31T11:30:00+00:00
0.001000, 0.01, 1.04, 2025-10-31T11:30:00+00:00, 2025-10-31T12:00:00+00:00
0.001000, 0.01, 1.04, 2025-10-31T12:00:00+00:00, 2025-10-31T12:30:00+00:00
0.001000, 0.01, 1.04, 2025-10-31T12:30:00+00:00, 2025-10-31T13:00:00+00:00
0.003000, 0.04, 1.04, 2025-10-31T13:00:00+00:00, 2025-10-31T13:30:00+00:00
0.001000, 0.01, 1.04, 2025-10-31T13:30:00+00:00, 2025-10-31T14:00:00+00:00
0.001000, 0.01, 1.04, 2025-10-31T14:00:00+00:00, 2025-10-31T14:30:00+00:00
0.001000, 0.01, 1.04, 2025-10-31T14:30:00+00:00, 2025-10-31T15:00:00+00:00
0.001000, 0.01, 1.04, 2025-10-31T15:00:00+00:00, 2025-10-31T15:30:00+00:00
0.001000, 0.02, 1.04, 2025-10-31T15:30:00+00:00, 2025-10-31T16:00:00+00:00
0.001000, 0.03, 1.04, 2025-10-31T16:00:00+00:00, 2025-10-31T16:30:00+00:00
0.001000, 0.03, 1.04, 2025-10-31T16:30:00+00:00, 2025-10-31T17:00:00+00:00
0.001000, 0.03, 1.04, 2025-10-31T17:00:00+00:00, 2025-10-31T17:30:00+00:00
0.001000, 0.03, 1.04, 2025-10-31T17:30:00+00:00, 2025-10-31T18:00:00+00:00
0.001000, 0.03, 1.04, 2025-10-31T18:00:00+00:00, 2025-10-31T18:30:00+00:00
0.001000, 0.03, 1.04, 2025-10-31T18:30:00+00:00, 2025-10-31T19:00:00+00:00
0.001000, 0.02, 1.04, 2025-10-31T19:00:00+00:00, 2025-10-31T19:30:00+00:00
0.001000, 0.02, 1.04, 2025-10-31T19:30:00+00:00, 2025-10-31T20:00:00+00:00
0.001000, 0.01, 1.04, 2025-10-31T20:00:00+00:00, 2025-10-31T20:30:00+00:00
0.001000, 0.01, 1.04, 2025-10-31T20:30:00+00:00, 2025-10-31T21:00:00+00:00
0.001000, 0.02, 1.04, 2025-10-31T21:00:00+00:00, 2025-10-31T21:30:00+00:00
0.001000, 0.01, 1.04, 2025-10-31T21:30:00+00:00, 2025-10-31T22:00:00+00:00
0.001000, 0.01, 1.04, 2025-10-31T22:00:00+00:00, 2025-10-31T22:30:00+00:00
0.001000, 0.01, 1.04, 2025-10-31T22:30:00+00:00, 2025-10-31T23:00:00+00:00
0.001000, 0.01, 1.04, 2025-10-31T23:00:00+00:00, 2025-10-31T23:30:00+00:00
0.001000, 0.01, 1.04, 2025-10-31T23:30:00+00:00, 2025-10-31T23:59:59.999000+00:00
