Consumption (kwh), Estimated Cost Inc. Tax (p), Standing Charge Inc. Tax (p), Start, End
1.280000, 25.01, 1.04, 2025-04-01T00:00:00+01:00, 2025-04-01T00:30:00+01:00
1.300000, 24.22, 1.04, 2025-04-01T00:30:00+01:00, 2025-04-01T01:00:00+01:00
1.260000, 21.14, 1.04, 2025-04-01T01:00:00+01:00, 2025-04-01T01:30:00+01:00
1.312000, 23.14, 1.04, 2025-04-01T01:30:00+01:00, 2025-04-01T02:00:00+01:00
1.318000, 24.02, 1.04, 2025-04-01T02:00:00+01:00, 2025-04-01T02:30:00+01:00
1.089000, 19.11, 1.04, 2025-04-01T02:30:00+01:00, 2025-04-01T03:00:00+01:00
0.275000, 4.77, 1.04, 2025-04-01T03:00:00+01:00, 2025-04-01T03:30:00+01:00
0.195000, 3.31, 1.04, 2025-04-01T03:30:00+01:00, 2025-04-01T04:00:00+01:00
0.248000, 4.37, 1.04, 2025-04-01T04:00:00+01:00, 2025-04-01T04:30:00+01:00
0.216000, 3.62, 1.04, 2025-04-01T04:30:00+01:00, 2025-04-01T05:00:00+01:00
0.212000, 3.89, 1.04, 2025-04-01T05:00:00+01:00, 2025-04-01T05:30:00+01:00
0.199000, 4.08, 1.04, 2025-04-01T05:30:00+01:00, 2025-04-01T06:00:00+01:00
0.204000, 5.26, 1.04, 2025-04-01T06:00:00+01:00, 2025-04-01T06:30:00+01:00
0.231000, 6.39, 1.04, 2025-04-01T06:30:00+01:00, 2025-04-01T07:00:00+01:00
0.176000, 4.79, 1.04, 2025-04-01T07:00:00+01:00, 2025-04-01T07:30:00+01:00
0.251000, 7.19, 1.04, 2025-04-01T07:30:00+01:00, 2025-04-01T08:00:00+01:00
0.006000, 0.14, 1.04, 2025-04-01T08:00:00+01:00, 2025-04-01T08:30:00+01:00
0.003000, 0.06, 1.04, 2025-04-01T08:30:00+01:00, 2025-04-01T09:00:00+01:00
0.006000, 0.11, 1.04, 2025-04-01T09:00:00+01:00, 2025-04-01T09:30:00+01:00
0.003000, 0.05, 1.04, 2025-04-01T09:30:00+01:00, 2025-04-01T10:00:00+01:00
0.000000, 0, 1.04, 2025-04-01T10:00:00+01:00, 2025-04-01T10:30:00+01:00
0.070000, 1.32, 1.04, 2025-04-01T10:30:00+01:00, 2025-04-01T11:00:00+01:00
0.006000, 0.11, 1.04, 2025-04-01T11:00:00+01:00, 2025-04-01T11:30:00+01:00
0.001000, 0.02, 1.04, 2025-04-01T11:30:00+01:00, 2025-04-01T12:00:00+01:00
0.000000, 0, 1.04, 2025-04-01T12:00:00+01:00, 2025-04-01T12:30:00+01:00
0.003000, 0.05, 1.04, 2025-04-01T12:30:00+01:00, 2025-04-01T13:00:00+01:00
0.000000, 0, 1.04, 2025-04-01T13:00:00+01:00, 2025-04-01T13:30:00+01:00
0.001000, 0.01, 1.04, 2025-04-01T13:30:00+01:00, 2025-04-01T14:00:00+01:00
0.000000, 0, 1.04, 2025-04-01T14:00:00+01:00, 2025-04-01T14:30:00+01:00
0.000000, 0, 1.04, 2025-04-01T14:30:00+01:00, 2025-04-01T15:00:00+01:00
0.000000, 0, 1.04, 2025-04-01T15:00:00+01:00, 2025-04-01T15:30:00+01:00
0.001000, 0.01, 1.04, 2025-04-01T15:30:00+01:00, 2025-04-01T16:00:00+01:00
0.000000, 0, 1.04, 2025-04-01T16:00:00+01:00, 2025-04-01T16:30:00+01:00
0.006000, 0.18, 1.04, 2025-04-01T16:30:00+01:00, 2025-04-01T17:00:00+01:00
0.043000, 1.38, 1.04, 2025-04-01T17:00:00+01:00, 2025-04-01T17:30:00+01:00
0.003000, 0.1, 1.04, 2025-04-01T17:30:00+01:00, 2025-04-01T18:00:00+01:00
0.333000, 12.65, 1.04, 2025-04-01T18:00:00+01:00, 2025-04-01T18:30:00+01:00
0.009000, 0.35, 1.04, 2025-04-01T18:30:00+01:00, 2025-04-01T19:00:00+01:00
0.006000, 0.15, 1.04, 2025-04-01T19:00:00+01:00, 2025-04-01T19:30:00+01:00
0.003000, 0.08, 1.04, 2025-04-01T19:30:00+01:00, 2025-04-01T20:00:00+01:00
0.003000, 0.07, 1.04, 2025-04-01T20:00:00+01:00, 2025-04-01T20:30:00+01:00
0.003000, 0.07, 1.04, 2025-04-01T20:30:00+01:00, 2025-04-01T21:00:00+01:00
0.006000, 0.12, 1.04, 2025-04-01T21:00:00+01:00, 2025-04-01T21:30:00+01:00
0.002000, 0.04, 1.04, 2025-04-01T21:30:00+01:00, 2025-04-01T22:00:00+01:00
0.004000, 0.07, 1.04, 2025-04-01T22:00:00+01:00, 2025-04-01T22:30:00+01:00
0.002000, 0.03, 1.04, 2025-04-01T22:30:00+01:00, 2025-04-01T23:00:00+01:00
0.002000, 0.03, 1.04, 2025-04-01T23:00:00+01:00, 2025-04-01T23:30:00+01:00
0.003000, 0.04, 1.04, 2025-04-01T23:30:00+01:00, 2025-04-02T00:00:00+01:00
1.292000, 15.1, 1.04, 2025-04-02T00:00:00+01:00, 2025-04-02T00:30:00+01:00
1.273000, 14.03, 1.04, 2025-04-02T00:30:00+01:00, 2025-04-02T01:00:00+01:00
1.301000, 12.62, 1.04, 2025-04-02T01:00:00+01:00, 2025-04-02T01:30:00+01:00
1.280000, 14.86, 1.04, 2025-04-02T01:30:00+01:00, 2025-04-02T02:00:00+01:00
1.350000, 15.72, 1.04, 2025-04-02T02:00:00+01:00, 2025-04-02T02:30:00+01:00
1.326000, 13.63, 1.04, 2025-04-02T02:30:00+01:00, 2025-04-02T03:00:00+01:00
1.008000, 12.67, 1.04, 2025-04-02T03:00:00+01:00, 2025-04-02T03:30:00+01:00
0.253000, 3.18, 1.04, 2025-04-02T03:30:00+01:00, 2025-04-02T04:00:00+01:00
0.187000, 2.49, 1.04, 2025-04-02T04:00:00+01:00, 2025-04-02T04:30:00+01:00
0.196000, 2.59, 1.04, 2025-04-02T04:30:00+01:00, 2025-04-02T05:00:00+01:00
0.206000, 3.35, 1.04, 2025-04-02T05:00:00+01:00, 2025-04-02T05:30:00+01:00
0.216000, 4.17, 1.04, 2025-04-02T05:30:00+01:00, 2025-04-02T06:00:00+01:00
0.233000, 5.45, 1.04, 2025-04-02T06:00:00+01:00, 2025-04-02T06:30:00+01:00
0.186000, 4.92, 1.04, 2025-04-02T06:30:00+01:00, 2025-04-02T07:00:00+01:00
0.184000, 4.49, 1.04, 2025-04-02T07:00:00+01:00, 2025-04-02T07:30:00+01:00
0.192000, 4.87, 1.04, 2025-04-02T07:30:00+01:00, 2025-04-02T08:00:00+01:00
0.006000, 0.16, 1.04, 2025-04-02T08:00:00+01:00, 2025-04-02T08:30:00+01:00
0.022000, 0.55, 1.04, 2025-04-02T08:30:00+01:00, 2025-04-02T09:00:00+01:00
0.005000, 0.11, 1.04, 2025-04-02T09:00:00+01:00, 2025-04-02T09:30:00+01:00
0.003000, 0.06, 1.04, 2025-04-02T09:30:00+01:00, 2025-04-02T10:00:00+01:00
0.002000, 0.03, 1.04, 2025-04-02T10:00:00+01:00, 2025-04-02T10:30:00+01:00
0.001000, 0.02, 1.04, 2025-04-02T10:30:00+01:00, 2025-04-02T11:00:00+01:00
0.113000, 1.48, 1.04, 2025-04-02T11:00:00+01:00, 2025-04-02T11:30:00+01:00
0.002000, 0.02, 1.04, 2025-04-02T11:30:00+01:00, 2025-04-02T12:00:00+01:00
0.001000, 0.01, 1.04, 2025-04-02T12:00:00+01:00, 2025-04-02T12:30:00+01:00
0.016000, 0.08, 1.04, 2025-04-02T12:30:00+01:00, 2025-04-02T13:00:00+01:00
0.000000, 0, 1.04, 2025-04-02T13:00:00+01:00, 2025-04-02T13:30:00+01:00
0.000000, 0, 1.04, 2025-04-02T13:30:00+01:00, 2025-04-02T14:00:00+01:00
0.000000, 0, 1.04, 2025-04-02T14:00:00+01:00, 2025-04-02T14:30:00+01:00
0.000000, 0, 1.04, 2025-04-02T14:30:00+01:00, 2025-04-02T15:00:00+01:00
0.001000, 0.01, 1.04, 2025-04-02T15:00:00+01:00, 2025-04-02T15:30:00+01:00
0.006000, 0.06, 1.04, 2025-04-02T15:30:00+01:00, 2025-04-02T16:00:00+01:00
0.005000, 0.1, 1.04, 2025-04-02T16:00:00+01:00, 2025-04-02T16:30:00+01:00
0.014000, 0.38, 1.04, 2025-04-02T16:30:00+01:00, 2025-04-02T17:00:00+01:00
0.003000, 0.09, 1.04, 2025-04-02T17:00:00+01:00, 2025-04-02T17:30:00+01:00
0.002000, 0.07, 1.04, 2025-04-02T17:30:00+01:00, 2025-04-02T18:00:00+01:00
0.003000, 0.1, 1.04, 2025-04-02T18:00:00+01:00, 2025-04-02T18:30:00+01:00
0.003000, 0.11, 1.04, 2025-04-02T18:30:00+01:00, 2025-04-02T19:00:00+01:00
0.002000, 0.05, 1.04, 2025-04-02T19:00:00+01:00, 2025-04-02T19:30:00+01:00
0.003000, 0.07, 1.04, 2025-04-02T19:30:00+01:00, 2025-04-02T20:00:00+01:00
0.079000, 1.92, 1.04, 2025-04-02T20:00:00+01:00, 2025-04-02T20:30:00+01:00
0.004000, 0.1, 1.04, 2025-04-02T20:30:00+01:00, 2025-04-02T21:00:00+01:00
0.003000, 0.07, 1.04, 2025-04-02T21:00:00+01:00, 2025-04-02T21:30:00+01:00
0.004000, 0.08, 1.04, 2025-04-02T21:30:00+01:00, 2025-04-02T22:00:00+01:00
0.002000, 0.04, 1.04, 2025-04-02T22:00:00+01:00, 2025-04-02T22:30:00+01:00
0.002000, 0.04, 1.04, 2025-04-02T22:30:00+01:00, 2025-04-02T23:00:00+01:00
0.002000, 0.03, 1.04, 2025-04-02T23:00:00+01:00, 2025-04-02T23:30:00+01:00
0.002000, 0.02, 1.04, 2025-04-02T23:30:00+01:00, 2025-04-03T00:00:00+01:00
1.300000, 18.92, 1.04, 2025-04-03T00:00:00+01:00, 2025-04-03T00:30:00+01:00
1.318000, 16, 1.04, 2025-04-03T00:30:00+01:00, 2025-04-03T01:00:00+01:00
1.264000, 15.21, 1.04, 2025-04-03T01:00:00+01:00, 2025-04-03T01:30:00+01:00
1.281000, 16.81, 1.04, 2025-04-03T01:30:00+01:00, 2025-04-03T02:00:00+01:00
1.133000, 14.51, 1.04, 2025-04-03T02:00:00+01:00, 2025-04-03T02:30:00+01:00
0.313000, 3.63, 1.04, 2025-04-03T02:30:00+01:00, 2025-04-03T03:00:00+01:00
0.210000, 2.55, 1.04, 2025-04-03T03:00:00+01:00, 2025-04-03T03:30:00+01:00
0.232000, 2.85, 1.04, 2025-04-03T03:30:00+01:00, 2025-04-03T04:00:00+01:00
0.205000, 3.01, 1.04, 2025-04-03T04:00:00+01:00, 2025-04-03T04:30:00+01:00
0.224000, 3.06, 1.04, 2025-04-03T04:30:00+01:00, 2025-04-03T05:00:00+01:00
0.221000, 4.39, 1.04, 2025-04-03T05:00:00+01:00, 2025-04-03T05:30:00+01:00
0.213000, 4.62, 1.04, 2025-04-03T05:30:00+01:00, 2025-04-03T06:00:00+01:00
0.217000, 5.41, 1.04, 2025-04-03T06:00:00+01:00, 2025-04-03T06:30:00+01:00
0.212000, 5.39, 1.04, 2025-04-03T06:30:00+01:00, 2025-04-03T07:00:00+01:00
0.172000, 4.21, 1.04, 2025-04-03T07:00:00+01:00, 2025-04-03T07:30:00+01:00
0.295000, 7.65, 1.04, 2025-04-03T07:30:00+01:00, 2025-04-03T08:00:00+01:00
0.013000, 0.34, 1.04, 2025-04-03T08:00:00+01:00, 2025-04-03T08:30:00+01:00
0.003000, 0.07, 1.04, 2025-04-03T08:30:00+01:00, 2025-04-03T09:00:00+01:00
0.003000, 0.07, 1.04, 2025-04-03T09:00:00+01:00, 2025-04-03T09:30:00+01:00
0.003000, 0.06, 1.04, 2025-04-03T09:30:00+01:00, 2025-04-03T10:00:00+01:00
0.011000, 0.17, 1.04, 2025-04-03T10:00:00+01:00, 2025-04-03T10:30:00+01:00
0.013000, 0.16, 1.04, 2025-04-03T10:30:00+01:00, 2025-04-03T11:00:00+01:00
0.001000, 0.01, 1.04, 2025-04-03T11:00:00+01:00, 2025-04-03T11:30:00+01:00
0.009000, 0.04, 1.04, 2025-04-03T11:30:00+01:00, 2025-04-03T12:00:00+01:00
0.000000, 0, 1.04, 2025-04-03T12:00:00+01:00, 2025-04-03T12:30:00+01:00
0.004000, 0, 1.04, 2025-04-03T12:30:00+01:00, 2025-04-03T13:00:00+01:00
0.000000, 0, 1.04, 2025-04-03T13:00:00+01:00, 2025-04-03T13:30:00+01:00
0.000000, 0, 1.04, 2025-04-03T13:30:00+01:00, 2025-04-03T14:00:00+01:00
0.001000, 0, 1.04, 2025-04-03T14:00:00+01:00, 2025-04-03T14:30:00+01:00
0.000000, 0, 1.04, 2025-04-03T14:30:00+01:00, 2025-04-03T15:00:00+01:00
0.000000, 0, 1.04, 2025-04-03T15:00:00+01:00, 2025-04-03T15:30:00+01:00
0.000000, 0, 1.04, 2025-04-03T15:30:00+01:00, 2025-04-03T16:00:00+01:00
0.001000, 0.02, 1.04, 2025-04-03T16:00:00+01:00, 2025-04-03T16:30:00+01:00
0.001000, 0.03, 1.04, 2025-04-03T16:30:00+01:00, 2025-04-03T17:00:00+01:00
0.004000, 0.14, 1.04, 2025-04-03T17:00:00+01:00, 2025-04-03T17:30:00+01:00
0.003000, 0.11, 1.04, 2025-04-03T17:30:00+01:00, 2025-04-03T18:00:00+01:00
0.004000, 0.15, 1.04, 2025-04-03T18:00:00+01:00, 2025-04-03T18:30:00+01:00
0.003000, 0.12, 1.04, 2025-04-03T18:30:00+01:00, 2025-04-03T19:00:00+01:00
0.002000, 0.05, 1.04, 2025-04-03T19:00:00+01:00, 2025-04-03T19:30:00+01:00
0.008000, 0.2, 1.04, 2025-04-03T19:30:00+01:00, 2025-04-03T20:00:00+01:00
0.004000, 0.09, 1.04, 2025-04-03T20:00:00+01:00, 2025-04-03T20:30:00+01:00
0.002000, 0.04, 1.04, 2025-04-03T20:30:00+01:00, 2025-04-03T21:00:00+01:00
0.003000, 0.06, 1.04, 2025-04-03T21:00:00+01:00, 2025-04-03T21:30:00+01:00
0.010000, 0.19, 1.04, 2025-04-03T21:30:00+01:00, 2025-04-03T22:00:00+01:00
0.003000, 0.06, 1.04, 2025-04-03T22:00:00+01:00, 2025-04-03T22:30:00+01:00
0.003000, 0.06, 1.04, 2025-04-03T22:30:00+01:00, 2025-04-03T23:00:00+01:00
0.002000, 0.04, 1.04, 2025-04-03T23:00:00+01:00, 2025-04-03T23:30:00+01:00
0.002000, 0.04, 1.04, 2025-04-03T23:30:00+01:00, 2025-04-04T00:00:00+01:00
1.294000, 24.25, 1.04, 2025-04-04T00:00:00+01:00, 2025-04-04T00:30:00+01:00
1.260000, 25.45, 1.04, 2025-04-04T00:30:00+01:00, 2025-04-04T01:00:00+01:00
1.311000, 24.57, 1.04, 2025-04-04T01:00:00+01:00, 2025-04-04T01:30:00+01:00
1.307000, 26.23, 1.04, 2025-04-04T01:30:00+01:00, 2025-04-04T02:00:00+01:00
1.291000, 24.2, 1.04, 2025-04-04T02:00:00+01:00, 2025-04-04T02:30:00+01:00
0.528000, 9.9, 1.04, 2025-04-04T02:30:00+01:00, 2025-04-04T03:00:00+01:00
0.215000, 4.02, 1.04, 2025-04-04T03:00:00+01:00, 2025-04-04T03:30:00+01:00
0.225000, 4.21, 1.04, 2025-04-04T03:30:00+01:00, 2025-04-04T04:00:00+01:00
0.239000, 4.57, 1.04, 2025-04-04T04:00:00+01:00, 2025-04-04T04:30:00+01:00
0.213000, 3.98, 1.04, 2025-04-04T04:30:00+01:00, 2025-04-04T05:00:00+01:00
0.193000, 3.53, 1.04, 2025-04-04T05:00:00+01:00, 2025-04-04T05:30:00+01:00
0.219000, 3.87, 1.04, 2025-04-04T05:30:00+01:00, 2025-04-04T06:00:00+01:00
0.210000, 4.4, 1.04, 2025-04-04T06:00:00+01:00, 2025-04-04T06:30:00+01:00
0.227000, 5.06, 1.04, 2025-04-04T06:30:00+01:00, 2025-04-04T07:00:00+01:00
0.173000, 3.97, 1.04, 2025-04-04T07:00:00+01:00, 2025-04-04T07:30:00+01:00
0.141000, 3.36, 1.04, 2025-04-04T07:30:00+01:00, 2025-04-04T08:00:00+01:00
0.009000, 0.22, 1.04, 2025-04-04T08:00:00+01:00, 2025-04-04T08:30:00+01:00
0.003000, 0.07, 1.04, 2025-04-04T08:30:00+01:00, 2025-04-04T09:00:00+01:00
0.003000, 0.06, 1.04, 2025-04-04T09:00:00+01:00, 2025-04-04T09:30:00+01:00
0.002000, 0.04, 1.04, 2025-04-04T09:30:00+01:00, 2025-04-04T10:00:00+01:00
0.003000, 0.05, 1.04, 2025-04-04T10:00:00+01:00, 2025-04-04T10:30:00+01:00
0.017000, 0.27, 1.04, 2025-04-04T10:30:00+01:00, 2025-04-04T11:00:00+01:00
0.005000, 0.07, 1.04, 2025-04-04T11:00:00+01:00, 2025-04-04T11:30:00+01:00
0.005000, 0.05, 1.04, 2025-04-04T11:30:00+01:00, 2025-04-04T12:00:00+01:00
0.004000, 0.04, 1.04, 2025-04-04T12:00:00+01:00, 2025-04-04T12:30:00+01:00
0.000000, 0, 1.04, 2025-04-04T12:30:00+01:00, 2025-04-04T13:00:00+01:00
0.001000, 0.01, 1.04, 2025-04-04T13:00:00+01:00, 2025-04-04T13:30:00+01:00
0.000000, 0, 1.04, 2025-04-04T13:30:00+01:00, 2025-04-04T14:00:00+01:00
0.000000, 0, 1.04, 2025-04-04T14:00:00+01:00, 2025-04-04T14:30:00+01:00
0.001000, 0, 1.04, 2025-04-04T14:30:00+01:00, 2025-04-04T15:00:00+01:00
0.000000, 0, 1.04, 2025-04-04T15:00:00+01:00, 2025-04-04T15:30:00+01:00
0.001000, 0.01, 1.04, 2025-04-04T15:30:00+01:00, 2025-04-04T16:00:00+01:00
0.004000, 0.11, 1.04, 2025-04-04T16:00:00+01:00, 2025-04-04T16:30:00+01:00
0.002000, 0.06, 1.04, 2025-04-04T16:30:00+01:00, 2025-04-04T17:00:00+01:00
0.023000, 0.74, 1.04, 2025-04-04T17:00:00+01:00, 2025-04-04T17:30:00+01:00
0.003000, 0.1, 1.04, 2025-04-04T17:30:00+01:00, 2025-04-04T18:00:00+01:00
0.064000, 2.31, 1.04, 2025-04-04T18:00:00+01:00, 2025-04-04T18:30:00+01:00
0.001000, 0.04, 1.04, 2025-04-04T18:30:00+01:00, 2025-04-04T19:00:00+01:00
0.003000, 0.07, 1.04, 2025-04-04T19:00:00+01:00, 2025-04-04T19:30:00+01:00
0.003000, 0.07, 1.04, 2025-04-04T19:30:00+01:00, 2025-04-04T20:00:00+01:00
0.002000, 0.04, 1.04, 2025-04-04T20:00:00+01:00, 2025-04-04T20:30:00+01:00
0.003000, 0.06, 1.04, 2025-04-04T20:30:00+01:00, 2025-04-04T21:00:00+01:00
0.007000, 0.14, 1.04, 2025-04-04T21:00:00+01:00, 2025-04-04T21:30:00+01:00
0.002000, 0.04, 1.04, 2025-04-04T21:30:00+01:00, 2025-04-04T22:00:00+01:00
0.002000, 0.03, 1.04, 2025-04-04T22:00:00+01:00, 2025-04-04T22:30:00+01:00
0.003000, 0.04, 1.04, 2025-04-04T22:30:00+01:00, 2025-04-04T23:00:00+01:00
0.002000, 0.04, 1.04, 2025-04-04T23:00:00+01:00, 2025-04-04T23:30:00+01:00
0.003000, 0.05, 1.04, 2025-04-04T23:30:00+01:00, 2025-04-05T00:00:00+01:00
1.327000, 23.41, 1.04, 2025-04-05T00:00:00+01:00, 2025-04-05T00:30:00+01:00
1.270000, 21.9, 1.04, 2025-04-05T00:30:00+01:00, 2025-04-05T01:00:00+01:00
1.309000, 20.73, 1.04, 2025-04-05T01:00:00+01:00, 2025-04-05T01:30:00+01:00
1.361000, 23.71, 1.04, 2025-04-05T01:30:00+01:00, 2025-04-05T02:00:00+01:00
1.326000, 22.49, 1.04, 2025-04-05T02:00:00+01:00, 2025-04-05T02:30:00+01:00
0.590000, 9.79, 1.04, 2025-04-05T02:30:00+01:00, 2025-04-05T03:00:00+01:00
0.192000, 3.08, 1.04, 2025-04-05T03:00:00+01:00, 2025-04-05T03:30:00+01:00
0.213000, 3.19, 1.04, 2025-04-05T03:30:00+01:00, 2025-04-05T04:00:00+01:00
0.238000, 3.83, 1.04, 2025-04-05T04:00:00+01:00, 2025-04-05T04:30:00+01:00
0.248000, 3.87, 1.04, 2025-04-05T04:30:00+01:00, 2025-04-05T05:00:00+01:00
0.201000, 3.24, 1.04, 2025-04-05T05:00:00+01:00, 2025-04-05T05:30:00+01:00
0.226000, 3.84, 1.04, 2025-04-05T05:30:00+01:00, 2025-04-05T06:00:00+01:00
0.214000, 3.6, 1.04, 2025-04-05T06:00:00+01:00, 2025-04-05T06:30:00+01:00
0.237000, 4.18, 1.04, 2025-04-05T06:30:00+01:00, 2025-04-05T07:00:00+01:00
0.231000, 3.87, 1.04, 2025-04-05T07:00:00+01:00, 2025-04-05T07:30:00+01:00
0.106000, 1.87, 1.04, 2025-04-05T07:30:00+01:00, 2025-04-05T08:00:00+01:00
0.004000, 0.07, 1.04, 2025-04-05T08:00:00+01:00, 2025-04-05T08:30:00+01:00
0.006000, 0.1, 1.04, 2025-04-05T08:30:00+01:00, 2025-04-05T09:00:00+01:00
0.004000, 0.07, 1.04, 2025-04-05T09:00:00+01:00, 2025-04-05T09:30:00+01:00
0.005000, 0.07, 1.04, 2025-04-05T09:30:00+01:00, 2025-04-05T10:00:00+01:00
0.002000, 0.02, 1.04, 2025-04-05T10:00:00+01:00, 2025-04-05T10:30:00+01:00
0.002000, 0.01, 1.04, 2025-04-05T10:30:00+01:00, 2025-04-05T11:00:00+01:00
0.068000, 0.04, 1.04, 2025-04-05T11:00:00+01:00, 2025-04-05T11:30:00+01:00
0.002000, 0, 1.04, 2025-04-05T11:30:00+01:00, 2025-04-05T12:00:00+01:00
0.008000, -0.01, 1.04, 2025-04-05T12:00:00+01:00, 2025-04-05T12:30:00+01:00
0.010000, -0.04, 1.04, 2025-04-05T12:30:00+01:00, 2025-04-05T13:00:00+01:00
0.000000, 0, 1.04, 2025-04-05T13:00:00+01:00, 2025-04-05T13:30:00+01:00
0.000000, 0, 1.04, 2025-04-05T13:30:00+01:00, 2025-04-05T14:00:00+01:00
0.001000, 0, 1.04, 2025-04-05T14:00:00+01:00, 2025-04-05T14:30:00+01:00
0.093000, -0.16, 1.04, 2025-04-05T14:30:00+01:00, 2025-04-05T15:00:00+01:00
0.005000, -0.01, 1.04, 2025-04-05T15:00:00+01:00, 2025-04-05T15:30:00+01:00
0.004000, 0, 1.04, 2025-04-05T15:30:00+01:00, 2025-04-05T16:00:00+01:00
0.007000, 0.08, 1.04, 2025-04-05T16:00:00+01:00, 2025-04-05T16:30:00+01:00
0.098000, 1.55, 1.04, 2025-04-05T16:30:00+01:00, 2025-04-05T17:00:00+01:00
0.105000, 2.95, 1.04, 2025-04-05T17:00:00+01:00, 2025-04-05T17:30:00+01:00
0.005000, 0.15, 1.04, 2025-04-05T17:30:00+01:00, 2025-04-05T18:00:00+01:00
0.080000, 2.77, 1.04, 2025-04-05T18:00:00+01:00, 2025-04-05T18:30:00+01:00
0.008000, 0.28, 1.04, 2025-04-05T18:30:00+01:00, 2025-04-05T19:00:00+01:00
0.002000, 0.04, 1.04, 2025-04-05T19:00:00+01:00, 2025-04-05T19:30:00+01:00
0.003000, 0.07, 1.04, 2025-04-05T19:30:00+01:00, 2025-04-05T20:00:00+01:00
0.003000, 0.07, 1.04, 2025-04-05T20:00:00+01:00, 2025-04-05T20:30:00+01:00
0.003000, 0.07, 1.04, 2025-04-05T20:30:00+01:00, 2025-04-05T21:00:00+01:00
0.012000, 0.26, 1.04, 2025-04-05T21:00:00+01:00, 2025-04-05T21:30:00+01:00
0.005000, 0.1, 1.04, 2025-04-05T21:30:00+01:00, 2025-04-05T22:00:00+01:00
0.003000, 0.05, 1.04, 2025-04-05T22:00:00+01:00, 2025-04-05T22:30:00+01:00
0.003000, 0.05, 1.04, 2025-04-05T22:30:00+01:00, 2025-04-05T23:00:00+01:00
0.002000, 0.04, 1.04, 2025-04-05T23:00:00+01:00, 2025-04-05T23:30:00+01:00
0.003000, 0.04, 1.04, 2025-04-05T23:30:00+01:00, 2025-04-06T00:00:00+01:00
1.224000, 19.02, 1.04, 2025-04-06T00:00:00+01:00, 2025-04-06T00:30:00+01:00
1.222000, 18.12, 1.04, 2025-04-06T00:30:00+01:00, 2025-04-06T01:00:00+01:00
1.233000, 15.99, 1.04, 2025-04-06T01:00:00+01:00, 2025-04-06T01:30:00+01:00
1.196000, 16.7, 1.04, 2025-04-06T01:30:00+01:00, 2025-04-06T02:00:00+01:00
1.196000, 16.09, 1.04, 2025-04-06T02:00:00+01:00, 2025-04-06T02:30:00+01:00
1.251000, 14.48, 1.04, 2025-04-06T02:30:00+01:00, 2025-04-06T03:00:00+01:00
0.999000, 15.2, 1.04, 2025-04-06T03:00:00+01:00, 2025-04-06T03:30:00+01:00
0.210000, 3.15, 1.04, 2025-04-06T03:30:00+01:00, 2025-04-06T04:00:00+01:00
0.126000, 1.94, 1.04, 2025-04-06T04:00:00+01:00, 2025-04-06T04:30:00+01:00
0.131000, 1.86, 1.04, 2025-04-06T04:30:00+01:00, 2025-04-06T05:00:00+01:00
0.240000, 3.46, 1.04, 2025-04-06T05:00:00+01:00, 2025-04-06T05:30:00+01:00
0.221000, 3.26, 1.04, 2025-04-06T05:30:00+01:00, 2025-04-06T06:00:00+01:00
0.211000, 3.49, 1.04, 2025-04-06T06:00:00+01:00, 2025-04-06T06:30:00+01:00
0.207000, 3.74, 1.04, 2025-04-06T06:30:00+01:00, 2025-04-06T07:00:00+01:00
0.198000, 4.11, 1.04, 2025-04-06T07:00:00+01:00, 2025-04-06T07:30:00+01:00
0.150000, 2.92, 1.04, 2025-04-06T07:30:00+01:00, 2025-04-06T08:00:00+01:00
0.012000, 0.22, 1.04, 2025-04-06T08:00:00+01:00, 2025-04-06T08:30:00+01:00
0.004000, 0.07, 1.04, 2025-04-06T08:30:00+01:00, 2025-04-06T09:00:00+01:00
0.004000, 0.08, 1.04, 2025-04-06T09:00:00+01:00, 2025-04-06T09:30:00+01:00
0.003000, 0.05, 1.04, 2025-04-06T09:30:00+01:00, 2025-04-06T10:00:00+01:00
0.001000, 0.01, 1.04, 2025-04-06T10:00:00+01:00, 2025-04-06T10:30:00+01:00
0.000000, 0, 1.04, 2025-04-06T10:30:00+01:00, 2025-04-06T11:00:00+01:00
0.000000, 0, 1.04, 2025-04-06T11:00:00+01:00, 2025-04-06T11:30:00+01:00
0.000000, 0, 1.04, 2025-04-06T11:30:00+01:00, 2025-04-06T12:00:00+01:00
0.000000, 0, 1.04, 2025-04-06T12:00:00+01:00, 2025-04-06T12:30:00+01:00
0.000000, 0, 1.04, 2025-04-06T12:30:00+01:00, 2025-04-06T13:00:00+01:00
0.000000, 0, 1.04, 2025-04-06T13:00:00+01:00, 2025-04-06T13:30:00+01:00
0.001000, 0.01, 1.04, 2025-04-06T13:30:00+01:00, 2025-04-06T14:00:00+01:00
0.000000, 0, 1.04, 2025-04-06T14:00:00+01:00, 2025-04-06T14:30:00+01:00
0.000000, 0, 1.04, 2025-04-06T14:30:00+01:00, 2025-04-06T15:00:00+01:00
0.000000, 0, 1.04, 2025-04-06T15:00:00+01:00, 2025-04-06T15:30:00+01:00
0.001000, 0.01, 1.04, 2025-04-06T15:30:00+01:00, 2025-04-06T16:00:00+01:00
0.000000, 0, 1.04, 2025-04-06T16:00:00+01:00, 2025-04-06T16:30:00+01:00
0.000000, 0, 1.04, 2025-04-06T16:30:00+01:00, 2025-04-06T17:00:00+01:00
0.002000, 0.06, 1.04, 2025-04-06T17:00:00+01:00, 2025-04-06T17:30:00+01:00
0.002000, 0.06, 1.04, 2025-04-06T17:30:00+01:00, 2025-04-06T18:00:00+01:00
0.036000, 1.13, 1.04, 2025-04-06T18:00:00+01:00, 2025-04-06T18:30:00+01:00
0.007000, 0.26, 1.04, 2025-04-06T18:30:00+01:00, 2025-04-06T19:00:00+01:00
0.001000, 0.02, 1.04, 2025-04-06T19:00:00+01:00, 2025-04-06T19:30:00+01:00
0.135000, 3.43, 1.04, 2025-04-06T19:30:00+01:00, 2025-04-06T20:00:00+01:00
0.010000, 0.23, 1.04, 2025-04-06T20:00:00+01:00, 2025-04-06T20:30:00+01:00
0.004000, 0.09, 1.04, 2025-04-06T20:30:00+01:00, 2025-04-06T21:00:00+01:00
0.019000, 0.45, 1.04, 2025-04-06T21:00:00+01:00, 2025-04-06T21:30:00+01:00
0.019000, 0.4, 1.04, 2025-04-06T21:30:00+01:00, 2025-04-06T22:00:00+01:00
0.003000, 0.06, 1.04, 2025-04-06T22:00:00+01:00, 2025-04-06T22:30:00+01:00
0.003000, 0.05, 1.04, 2025-04-06T22:30:00+01:00, 2025-04-06T23:00:00+01:00
0.002000, 0.04, 1.04, 2025-04-06T23:00:00+01:00, 2025-04-06T23:30:00+01:00
0.001000, 0.02, 1.04, 2025-04-06T23:30:00+01:00, 2025-04-07T00:00:00+01:00
1.288000, 22.15, 1.04, 2025-04-07T00:00:00+01:00, 2025-04-07T00:30:00+01:00
1.284000, 21.75, 1.04, 2025-04-07T00:30:00+01:00, 2025-04-07T01:00:00+01:00
1.247000, 18.57, 1.04, 2025-04-07T01:00:00+01:00, 2025-04-07T01:30:00+01:00
1.297000, 20.02, 1.04, 2025-04-07T01:30:00+01:00, 2025-04-07T02:00:00+01:00
1.294000, 19.12, 1.04, 2025-04-07T02:00:00+01:00, 2025-04-07T02:30:00+01:00
1.275000, 18.27, 1.04, 2025-04-07T02:30:00+01:00, 2025-04-07T03:00:00+01:00
0.681000, 10.51, 1.04, 2025-04-07T03:00:00+01:00, 2025-04-07T03:30:00+01:00
0.186000, 2.75, 1.04, 2025-04-07T03:30:00+01:00, 2025-04-07T04:00:00+01:00
0.236000, 4.39, 1.04, 2025-04-07T04:00:00+01:00, 2025-04-07T04:30:00+01:00
0.211000, 3.44, 1.04, 2025-04-07T04:30:00+01:00, 2025-04-07T05:00:00+01:00
0.185000, 3.64, 1.04, 2025-04-07T05:00:00+01:00, 2025-04-07T05:30:00+01:00
0.207000, 4.38, 1.04, 2025-04-07T05:30:00+01:00, 2025-04-07T06:00:00+01:00
0.174000, 4.3, 1.04, 2025-04-07T06:00:00+01:00, 2025-04-07T06:30:00+01:00
0.221000, 6.08, 1.04, 2025-04-07T06:30:00+01:00, 2025-04-07T07:00:00+01:00
0.175000, 4.69, 1.04, 2025-04-07T07:00:00+01:00, 2025-04-07T07:30:00+01:00
0.158000, 4.68, 1.04, 2025-04-07T07:30:00+01:00, 2025-04-07T08:00:00+01:00
0.013000, 0.32, 1.04, 2025-04-07T08:00:00+01:00, 2025-04-07T08:30:00+01:00
0.064000, 1.41, 1.04, 2025-04-07T08:30:00+01:00, 2025-04-07T09:00:00+01:00
0.020000, 0.38, 1.04, 2025-04-07T09:00:00+01:00, 2025-04-07T09:30:00+01:00
0.004000, 0.07, 1.04, 2025-04-07T09:30:00+01:00, 2025-04-07T10:00:00+01:00
0.004000, 0.07, 1.04, 2025-04-07T10:00:00+01:00, 2025-04-07T10:30:00+01:00
0.004000, 0.07, 1.04, 2025-04-07T10:30:00+01:00, 2025-04-07T11:00:00+01:00
0.000000, 0, 1.04, 2025-04-07T11:00:00+01:00, 2025-04-07T11:30:00+01:00
0.006000, 0.1, 1.04, 2025-04-07T11:30:00+01:00, 2025-04-07T12:00:00+01:00
0.000000, 0, 1.04, 2025-04-07T12:00:00+01:00, 2025-04-07T12:30:00+01:00
0.001000, 0.02, 1.04, 2025-04-07T12:30:00+01:00, 2025-04-07T13:00:00+01:00
0.000000, 0, 1.04, 2025-04-07T13:00:00+01:00, 2025-04-07T13:30:00+01:00
0.000000, 0, 1.04, 2025-04-07T13:30:00+01:00, 2025-04-07T14:00:00+01:00
0.000000, 0, 1.04, 2025-04-07T14:00:00+01:00, 2025-04-07T14:30:00+01:00
0.000000, 0, 1.04, 2025-04-07T14:30:00+01:00, 2025-04-07T15:00:00+01:00
0.001000, 0.01, 1.04, 2025-04-07T15:00:00+01:00, 2025-04-07T15:30:00+01:00
0.001000, 0.01, 1.04, 2025-04-07T15:30:00+01:00, 2025-04-07T16:00:00+01:00
0.001000, 0.03, 1.04, 2025-04-07T16:00:00+01:00, 2025-04-07T16:30:00+01:00
0.002000, 0.06, 1.04, 2025-04-07T16:30:00+01:00, 2025-04-07T17:00:00+01:00
0.002000, 0.07, 1.04, 2025-04-07T17:00:00+01:00, 2025-04-07T17:30:00+01:00
0.004000, 0.14, 1.04, 2025-04-07T17:30:00+01:00, 2025-04-07T18:00:00+01:00
0.080000, 3.11, 1.04, 2025-04-07T18:00:00+01:00, 2025-04-07T18:30:00+01:00
0.003000, 0.12, 1.04, 2025-04-07T18:30:00+01:00, 2025-04-07T19:00:00+01:00
0.003000, 0.08, 1.04, 2025-04-07T19:00:00+01:00, 2025-04-07T19:30:00+01:00
0.002000, 0.06, 1.04, 2025-04-07T19:30:00+01:00, 2025-04-07T20:00:00+01:00
0.003000, 0.08, 1.04, 2025-04-07T20:00:00+01:00, 2025-04-07T20:30:00+01:00
0.004000, 0.1, 1.04, 2025-04-07T20:30:00+01:00, 2025-04-07T21:00:00+01:00
0.106000, 2.38, 1.04, 2025-04-07T21:00:00+01:00, 2025-04-07T21:30:00+01:00
0.102000, 2.31, 1.04, 2025-04-07T21:30:00+01:00, 2025-04-07T22:00:00+01:00
0.003000, 0.06, 1.04, 2025-04-07T22:00:00+01:00, 2025-04-07T22:30:00+01:00
0.002000, 0.04, 1.04, 2025-04-07T22:30:00+01:00, 2025-04-07T23:00:00+01:00
0.003000, 0.05, 1.04, 2025-04-07T23:00:00+01:00, 2025-04-07T23:30:00+01:00
0.001000, 0.02, 1.04, 2025-04-07T23:30:00+01:00, 2025-04-08T00:00:00+01:00
1.260000, 20.69, 1.04, 2025-04-08T00:00:00+01:00, 2025-04-08T00:30:00+01:00
1.327000, 21.79, 1.04, 2025-04-08T00:30:00+01:00, 2025-04-08T01:00:00+01:00
1.305000, 22.35, 1.04, 2025-04-08T01:00:00+01:00, 2025-04-08T01:30:00+01:00
1.263000, 21.75, 1.04, 2025-04-08T01:30:00+01:00, 2025-04-08T02:00:00+01:00
1.275000, 21.93, 1.04, 2025-04-08T02:00:00+01:00, 2025-04-08T02:30:00+01:00
1.200000, 20.03, 1.04, 2025-04-08T02:30:00+01:00, 2025-04-08T03:00:00+01:00
0.388000, 6.42, 1.04, 2025-04-08T03:00:00+01:00, 2025-04-08T03:30:00+01:00
0.239000, 3.9, 1.04, 2025-04-08T03:30:00+01:00, 2025-04-08T04:00:00+01:00
0.175000, 2.96, 1.04, 2025-04-08T04:00:00+01:00, 2025-04-08T04:30:00+01:00
0.211000, 3.45, 1.04, 2025-04-08T04:30:00+01:00, 2025-04-08T05:00:00+01:00
0.213000, 3.48, 1.04, 2025-04-08T05:00:00+01:00, 2025-04-08T05:30:00+01:00
0.227000, 3.71, 1.04, 2025-04-08T05:30:00+01:00, 2025-04-08T06:00:00+01:00
0.211000, 5.14, 1.04, 2025-04-08T06:00:00+01:00, 2025-04-08T06:30:00+01:00
0.177000, 4.67, 1.04, 2025-04-08T06:30:00+01:00, 2025-04-08T07:00:00+01:00
0.183000, 4.94, 1.04, 2025-04-08T07:00:00+01:00, 2025-04-08T07:30:00+01:00
0.154000, 4.24, 1.04, 2025-04-08T07:30:00+01:00, 2025-04-08T08:00:00+01:00
0.013000, 0.27, 1.04, 2025-04-08T08:00:00+01:00, 2025-04-08T08:30:00+01:00
0.037000, 0.68, 1.04, 2025-04-08T08:30:00+01:00, 2025-04-08T09:00:00+01:00
0.005000, 0.1, 1.04, 2025-04-08T09:00:00+01:00, 2025-04-08T09:30:00+01:00
0.005000, 0.09, 1.04, 2025-04-08T09:30:00+01:00, 2025-04-08T10:00:00+01:00
0.023000, 0.41, 1.04, 2025-04-08T10:00:00+01:00, 2025-04-08T10:30:00+01:00
0.009000, 0.16, 1.04, 2025-04-08T10:30:00+01:00, 2025-04-08T11:00:00+01:00
0.002000, 0.03, 1.04, 2025-04-08T11:00:00+01:00, 2025-04-08T11:30:00+01:00
0.039000, 0.64, 1.04, 2025-04-08T11:30:00+01:00, 2025-04-08T12:00:00+01:00
0.005000, 0.08, 1.04, 2025-04-08T12:00:00+01:00, 2025-04-08T12:30:00+01:00
0.000000, 0, 1.04, 2025-04-08T12:30:00+01:00, 2025-04-08T13:00:00+01:00
0.001000, 0.02, 1.04, 2025-04-08T13:00:00+01:00, 2025-04-08T13:30:00+01:00
0.005000, 0.08, 1.04, 2025-04-08T13:30:00+01:00, 2025-04-08T14:00:00+01:00
0.001000, 0.02, 1.04, 2025-04-08T14:00:00+01:00, 2025-04-08T14:30:00+01:00
0.002000, 0.03, 1.04, 2025-04-08T14:30:00+01:00, 2025-04-08T15:00:00+01:00
0.000000, 0, 1.04, 2025-04-08T15:00:00+01:00, 2025-04-08T15:30:00+01:00
0.001000, 0.02, 1.04, 2025-04-08T15:30:00+01:00, 2025-04-08T16:00:00+01:00
0.000000, 0, 1.04, 2025-04-08T16:00:00+01:00, 2025-04-08T16:30:00+01:00
0.001000, 0.03, 1.04, 2025-04-08T16:30:00+01:00, 2025-04-08T17:00:00+01:00
0.016000, 0.5, 1.04, 2025-04-08T17:00:00+01:00, 2025-04-08T17:30:00+01:00
0.003000, 0.1, 1.04, 2025-04-08T17:30:00+01:00, 2025-04-08T18:00:00+01:00
0.003000, 0.11, 1.04, 2025-04-08T18:00:00+01:00, 2025-04-08T18:30:00+01:00
0.007000, 0.27, 1.04, 2025-04-08T18:30:00+01:00, 2025-04-08T19:00:00+01:00
0.004000, 0.11, 1.04, 2025-04-08T19:00:00+01:00, 2025-04-08T19:30:00+01:00
0.006000, 0.16, 1.04, 2025-04-08T19:30:00+01:00, 2025-04-08T20:00:00+01:00
0.003000, 0.08, 1.04, 2025-04-08T20:00:00+01:00, 2025-04-08T20:30:00+01:00
0.003000, 0.07, 1.04, 2025-04-08T20:30:00+01:00, 2025-04-08T21:00:00+01:00
0.004000, 0.09, 1.04, 2025-04-08T21:00:00+01:00, 2025-04-08T21:30:00+01:00
0.002000, 0.03, 1.04, 2025-04-08T21:30:00+01:00, 2025-04-08T22:00:00+01:00
0.004000, 0.07, 1.04, 2025-04-08T22:00:00+01:00, 2025-04-08T22:30:00+01:00
0.003000, 0.05, 1.04, 2025-04-08T22:30:00+01:00, 2025-04-08T23:00:00+01:00
0.002000, 0.04, 1.04, 2025-04-08T23:00:00+01:00, 2025-04-08T23:30:00+01:00
0.001000, 0.02, 1.04, 2025-04-08T23:30:00+01:00, 2025-04-09T00:00:00+01:00
1.314000, 22.92, 1.04, 2025-04-09T00:00:00+01:00, 2025-04-09T00:30:00+01:00
1.324000, 23.06, 1.04, 2025-04-09T00:30:00+01:00, 2025-04-09T01:00:00+01:00
1.257000, 21.06, 1.04, 2025-04-09T01:00:00+01:00, 2025-04-09T01:30:00+01:00
1.285000, 22.41, 1.04, 2025-04-09T01:30:00+01:00, 2025-04-09T02:00:00+01:00
1.273000, 22.59, 1.04, 2025-04-09T02:00:00+01:00, 2025-04-09T02:30:00+01:00
0.599000, 10.45, 1.04, 2025-04-09T02:30:00+01:00, 2025-04-09T03:00:00+01:00
0.216000, 4, 1.04, 2025-04-09T03:00:00+01:00, 2025-04-09T03:30:00+01:00
0.218000, 3.85, 1.04, 2025-04-09T03:30:00+01:00, 2025-04-09T04:00:00+01:00
0.217000, 4.04, 1.04, 2025-04-09T04:00:00+01:00, 2025-04-09T04:30:00+01:00
0.210000, 3.61, 1.04, 2025-04-09T04:30:00+01:00, 2025-04-09T05:00:00+01:00
0.195000, 3.55, 1.04, 2025-04-09T05:00:00+01:00, 2025-04-09T05:30:00+01:00
0.239000, 4.63, 1.04, 2025-04-09T05:30:00+01:00, 2025-04-09T06:00:00+01:00
0.213000, 4.79, 1.04, 2025-04-09T06:00:00+01:00, 2025-04-09T06:30:00+01:00
0.201000, 5.1, 1.04, 2025-04-09T06:30:00+01:00, 2025-04-09T07:00:00+01:00
0.164000, 3.76, 1.04, 2025-04-09T07:00:00+01:00, 2025-04-09T07:30:00+01:00
0.124000, 3.14, 1.04, 2025-04-09T07:30:00+01:00, 2025-04-09T08:00:00+01:00
0.013000, 0.29, 1.04, 2025-04-09T08:00:00+01:00, 2025-04-09T08:30:00+01:00
0.008000, 0.16, 1.04, 2025-04-09T08:30:00+01:00, 2025-04-09T09:00:00+01:00
0.005000, 0.09, 1.04, 2025-04-09T09:00:00+01:00, 2025-04-09T09:30:00+01:00
0.009000, 0.16, 1.04, 2025-04-09T09:30:00+01:00, 2025-04-09T10:00:00+01:00
0.007000, 0.13, 1.04, 2025-04-09T10:00:00+01:00, 2025-04-09T10:30:00+01:00
0.003000, 0.06, 1.04, 2025-04-09T10:30:00+01:00, 2025-04-09T11:00:00+01:00
0.002000, 0.04, 1.04, 2025-04-09T11:00:00+01:00, 2025-04-09T11:30:00+01:00
0.001000, 0.02, 1.04, 2025-04-09T11:30:00+01:00, 2025-04-09T12:00:00+01:00
0.179000, 3.23, 1.04, 2025-04-09T12:00:00+01:00, 2025-04-09T12:30:00+01:00
0.015000, 0.25, 1.04, 2025-04-09T12:30:00+01:00, 2025-04-09T13:00:00+01:00
0.000000, 0, 1.04, 2025-04-09T13:00:00+01:00, 2025-04-09T13:30:00+01:00
0.001000, 0.02, 1.04, 2025-04-09T13:30:00+01:00, 2025-04-09T14:00:00+01:00
0.000000, 0, 1.04, 2025-04-09T14:00:00+01:00, 2025-04-09T14:30:00+01:00
0.001000, 0.02, 1.04, 2025-04-09T14:30:00+01:00, 2025-04-09T15:00:00+01:00
0.000000, 0, 1.04, 2025-04-09T15:00:00+01:00, 2025-04-09T15:30:00+01:00
0.002000, 0.04, 1.04, 2025-04-09T15:30:00+01:00, 2025-04-09T16:00:00+01:00
0.001000, 0.03, 1.04, 2025-04-09T16:00:00+01:00, 2025-04-09T16:30:00+01:00
0.001000, 0.03, 1.04, 2025-04-09T16:30:00+01:00, 2025-04-09T17:00:00+01:00
0.002000, 0.06, 1.04, 2025-04-09T17:00:00+01:00, 2025-04-09T17:30:00+01:00
0.002000, 0.06, 1.04, 2025-04-09T17:30:00+01:00, 2025-04-09T18:00:00+01:00
0.003000, 0.11, 1.04, 2025-04-09T18:00:00+01:00, 2025-04-09T18:30:00+01:00
0.001000, 0.04, 1.04, 2025-04-09T18:30:00+01:00, 2025-04-09T19:00:00+01:00
0.003000, 0.07, 1.04, 2025-04-09T19:00:00+01:00, 2025-04-09T19:30:00+01:00
0.002000, 0.05, 1.04, 2025-04-09T19:30:00+01:00, 2025-04-09T20:00:00+01:00
0.002000, 0.04, 1.04, 2025-04-09T20:00:00+01:00, 2025-04-09T20:30:00+01:00
0.001000, 0.02, 1.04, 2025-04-09T20:30:00+01:00, 2025-04-09T21:00:00+01:00
0.002000, 0.04, 1.04, 2025-04-09T21:00:00+01:00, 2025-04-09T21:30:00+01:00
0.017000, 0.29, 1.04, 2025-04-09T21:30:00+01:00, 2025-04-09T22:00:00+01:00
0.004000, 0.07, 1.04, 2025-04-09T22:00:00+01:00, 2025-04-09T22:30:00+01:00
0.002000, 0.03, 1.04, 2025-04-09T22:30:00+01:00, 2025-04-09T23:00:00+01:00
0.001000, 0.02, 1.04, 2025-04-09T23:00:00+01:00, 2025-04-09T23:30:00+01:00
0.003000, 0.05, 1.04, 2025-04-09T23:30:00+01:00, 2025-04-10T00:00:00+01:00
1.305000, 21.25, 1.04, 2025-04-10T00:00:00+01:00, 2025-04-10T00:30:00+01:00
1.309000, 21.07, 1.04, 2025-04-10T00:30:00+01:00, 2025-04-10T01:00:00+01:00
1.308000, 20.86, 1.04, 2025-04-10T01:00:00+01:00, 2025-04-10T01:30:00+01:00
1.032000, 15.93, 1.04, 2025-04-10T01:30:00+01:00, 2025-04-10T02:00:00+01:00
0.216000, 3.52, 1.04, 2025-04-10T02:00:00+01:00, 2025-04-10T02:30:00+01:00
0.218000, 3.55, 1.04, 2025-04-10T02:30:00+01:00, 2025-04-10T03:00:00+01:00
0.202000, 3.3, 1.04, 2025-04-10T03:00:00+01:00, 2025-04-10T03:30:00+01:00
0.210000, 3.24, 1.04, 2025-04-10T03:30:00+01:00, 2025-04-10T04:00:00+01:00
0.232000, 3.92, 1.04, 2025-04-10T04:00:00+01:00, 2025-04-10T04:30:00+01:00
0.239000, 3.85, 1.04, 2025-04-10T04:30:00+01:00, 2025-04-10T05:00:00+01:00
0.206000, 3.54, 1.04, 2025-04-10T05:00:00+01:00, 2025-04-10T05:30:00+01:00
0.184000, 3.16, 1.04, 2025-04-10T05:30:00+01:00, 2025-04-10T06:00:00+01:00
0.214000, 4.32, 1.04, 2025-04-10T06:00:00+01:00, 2025-04-10T06:30:00+01:00
0.215000, 5.22, 1.04, 2025-04-10T06:30:00+01:00, 2025-04-10T07:00:00+01:00
0.180000, 4.51, 1.04, 2025-04-10T07:00:00+01:00, 2025-04-10T07:30:00+01:00
0.221000, 5.96, 1.04, 2025-04-10T07:30:00+01:00, 2025-04-10T08:00:00+01:00
0.009000, 0.19, 1.04, 2025-04-10T08:00:00+01:00, 2025-04-10T08:30:00+01:00
0.004000, 0.08, 1.04, 2025-04-10T08:30:00+01:00, 2025-04-10T09:00:00+01:00
0.004000, 0.08, 1.04, 2025-04-10T09:00:00+01:00, 2025-04-10T09:30:00+01:00
0.001000, 0.02, 1.04, 2025-04-10T09:30:00+01:00, 2025-04-10T10:00:00+01:00
0.002000, 0.04, 1.04, 2025-04-10T10:00:00+01:00, 2025-04-10T10:30:00+01:00
0.001000, 0.02, 1.04, 2025-04-10T10:30:00+01:00, 2025-04-10T11:00:00+01:00
0.000000, 0, 1.04, 2025-04-10T11:00:00+01:00, 2025-04-10T11:30:00+01:00
0.022000, 0.43, 1.04, 2025-04-10T11:30:00+01:00, 2025-04-10T12:00:00+01:00
0.001000, 0.02, 1.04, 2025-04-10T12:00:00+01:00, 2025-04-10T12:30:00+01:00
0.000000, 0, 1.04, 2025-04-10T12:30:00+01:00, 2025-04-10T13:00:00+01:00
0.000000, 0, 1.04, 2025-04-10T13:00:00+01:00, 2025-04-10T13:30:00+01:00
0.002000, 0.03, 1.04, 2025-04-10T13:30:00+01:00, 2025-04-10T14:00:00+01:00
0.001000, 0.02, 1.04, 2025-04-10T14:00:00+01:00, 2025-04-10T14:30:00+01:00
0.001000, 0.01, 1.04, 2025-04-10T14:30:00+01:00, 2025-04-10T15:00:00+01:00
0.000000, 0, 1.04, 2025-04-10T15:00:00+01:00, 2025-04-10T15:30:00+01:00
0.000000, 0, 1.04, 2025-04-10T15:30:00+01:00, 2025-04-10T16:00:00+01:00
0.001000, 0.03, 1.04, 2025-04-10T16:00:00+01:00, 2025-04-10T16:30:00+01:00
0.001000, 0.03, 1.04, 2025-04-10T16:30:00+01:00, 2025-04-10T17:00:00+01:00
0.002000, 0.06, 1.04, 2025-04-10T17:00:00+01:00, 2025-04-10T17:30:00+01:00
0.003000, 0.1, 1.04, 2025-04-10T17:30:00+01:00, 2025-04-10T18:00:00+01:00
0.008000, 0.29, 1.04, 2025-04-10T18:00:00+01:00, 2025-04-10T18:30:00+01:00
0.005000, 0.19, 1.04, 2025-04-10T18:30:00+01:00, 2025-04-10T19:00:00+01:00
0.008000, 0.19, 1.04, 2025-04-10T19:00:00+01:00, 2025-04-10T19:30:00+01:00
0.002000, 0.05, 1.04, 2025-04-10T19:30:00+01:00, 2025-04-10T20:00:00+01:00
0.002000, 0.04, 1.04, 2025-04-10T20:00:00+01:00, 2025-04-10T20:30:00+01:00
0.005000, 0.1, 1.04, 2025-04-10T20:30:00+01:00, 2025-04-10T21:00:00+01:00
0.004000, 0.07, 1.04, 2025-04-10T21:00:00+01:00, 2025-04-10T21:30:00+01:00
0.001000, 0.02, 1.04, 2025-04-10T21:30:00+01:00, 2025-04-10T22:00:00+01:00
0.013000, 0.21, 1.04, 2025-04-10T22:00:00+01:00, 2025-04-10T22:30:00+01:00
0.002000, 0.03, 1.04, 2025-04-10T22:30:00+01:00, 2025-04-10T23:00:00+01:00
0.002000, 0.03, 1.04, 2025-04-10T23:00:00+01:00, 2025-04-10T23:30:00+01:00
0.003000, 0.05, 1.04, 2025-04-10T23:30:00+01:00, 2025-04-11T00:00:00+01:00
1.290000, 21.79, 1.04, 2025-04-11T00:00:00+01:00, 2025-04-11T00:30:00+01:00
1.320000, 22.7, 1.04, 2025-04-11T00:30:00+01:00, 2025-04-11T01:00:00+01:00
1.302000, 20.73, 1.04, 2025-04-11T01:00:00+01:00, 2025-04-11T01:30:00+01:00
1.296000, 20.86, 1.04, 2025-04-11T01:30:00+01:00, 2025-04-11T02:00:00+01:00
1.288000, 20.5, 1.04, 2025-04-11T02:00:00+01:00, 2025-04-11T02:30:00+01:00
1.216000, 19.24, 1.04, 2025-04-11T02:30:00+01:00, 2025-04-11T03:00:00+01:00
0.382000, 5.86, 1.04, 2025-04-11T03:00:00+01:00, 2025-04-11T03:30:00+01:00
0.238000, 3.62, 1.04, 2025-04-11T03:30:00+01:00, 2025-04-11T04:00:00+01:00
0.205000, 3.23, 1.04, 2025-04-11T04:00:00+01:00, 2025-04-11T04:30:00+01:00
0.225000, 3.37, 1.04, 2025-04-11T04:30:00+01:00, 2025-04-11T05:00:00+01:00
0.223000, 3.55, 1.04, 2025-04-11T05:00:00+01:00, 2025-04-11T05:30:00+01:00
0.193000, 3.07, 1.04, 2025-04-11T05:30:00+01:00, 2025-04-11T06:00:00+01:00
0.196000, 3.76, 1.04, 2025-04-11T06:00:00+01:00, 2025-04-11T06:30:00+01:00
0.217000, 4.35, 1.04, 2025-04-11T06:30:00+01:00, 2025-04-11T07:00:00+01:00
0.165000, 3.62, 1.04, 2025-04-11T07:00:00+01:00, 2025-04-11T07:30:00+01:00
0.446000, 10.23, 1.04, 2025-04-11T07:30:00+01:00, 2025-04-11T08:00:00+01:00
0.049000, 1.11, 1.04, 2025-04-11T08:00:00+01:00, 2025-04-11T08:30:00+01:00
0.004000, 0.08, 1.04, 2025-04-11T08:30:00+01:00, 2025-04-11T09:00:00+01:00
0.007000, 0.14, 1.04, 2025-04-11T09:00:00+01:00, 2025-04-11T09:30:00+01:00
0.005000, 0.08, 1.04, 2025-04-11T09:30:00+01:00, 2025-04-11T10:00:00+01:00
0.046000, 0.75, 1.04, 2025-04-11T10:00:00+01:00, 2025-04-11T10:30:00+01:00
0.004000, 0.06, 1.04, 2025-04-11T10:30:00+01:00, 2025-04-11T11:00:00+01:00
0.007000, 0.12, 1.04, 2025-04-11T11:00:00+01:00, 2025-04-11T11:30:00+01:00
0.000000, 0, 1.04, 2025-04-11T11:30:00+01:00, 2025-04-11T12:00:00+01:00
0.000000, 0, 1.04, 2025-04-11T12:00:00+01:00, 2025-04-11T12:30:00+01:00
0.001000, 0.01, 1.04, 2025-04-11T12:30:00+01:00, 2025-04-11T13:00:00+01:00
0.000000, 0, 1.04, 2025-04-11T13:00:00+01:00, 2025-04-11T13:30:00+01:00
0.000000, 0, 1.04, 2025-04-11T13:30:00+01:00, 2025-04-11T14:00:00+01:00
0.000000, 0, 1.04, 2025-04-11T14:00:00+01:00, 2025-04-11T14:30:00+01:00
0.001000, 0.01, 1.04, 2025-04-11T14:30:00+01:00, 2025-04-11T15:00:00+01:00
0.000000, 0, 1.04, 2025-04-11T15:00:00+01:00, 2025-04-11T15:30:00+01:00
0.000000, 0, 1.04, 2025-04-11T15:30:00+01:00, 2025-04-11T16:00:00+01:00
0.001000, 0.03, 1.04, 2025-04-11T16:00:00+01:00, 2025-04-11T16:30:00+01:00
0.001000, 0.03, 1.04, 2025-04-11T16:30:00+01:00, 2025-04-11T17:00:00+01:00
0.004000, 0.12, 1.04, 2025-04-11T17:00:00+01:00, 2025-04-11T17:30:00+01:00
0.003000, 0.1, 1.04, 2025-04-11T17:30:00+01:00, 2025-04-11T18:00:00+01:00
0.003000, 0.1, 1.04, 2025-04-11T18:00:00+01:00, 2025-04-11T18:30:00+01:00
0.004000, 0.14, 1.04, 2025-04-11T18:30:00+01:00, 2025-04-11T19:00:00+01:00
0.007000, 0.16, 1.04, 2025-04-11T19:00:00+01:00, 2025-04-11T19:30:00+01:00
0.003000, 0.07, 1.04, 2025-04-11T19:30:00+01:00, 2025-04-11T20:00:00+01:00
0.004000, 0.09, 1.04, 2025-04-11T20:00:00+01:00, 2025-04-11T20:30:00+01:00
0.003000, 0.07, 1.04, 2025-04-11T20:30:00+01:00, 2025-04-11T21:00:00+01:00
0.003000, 0.06, 1.04, 2025-04-11T21:00:00+01:00, 2025-04-11T21:30:00+01:00
0.002000, 0.03, 1.04, 2025-04-11T21:30:00+01:00, 2025-04-11T22:00:00+01:00
0.004000, 0.08, 1.04, 2025-04-11T22:00:00+01:00, 2025-04-11T22:30:00+01:00
0.001000, 0.02, 1.04, 2025-04-11T22:30:00+01:00, 2025-04-11T23:00:00+01:00
0.002000, 0.04, 1.04, 2025-04-11T23:00:00+01:00, 2025-04-11T23:30:00+01:00
0.002000, 0.04, 1.04, 2025-04-11T23:30:00+01:00, 2025-04-12T00:00:00+01:00
1.319000, 22.27, 1.04, 2025-04-12T00:00:00+01:00, 2025-04-12T00:30:00+01:00
1.292000, 21.81, 1.04, 2025-04-12T00:30:00+01:00, 2025-04-12T01:00:00+01:00
1.291000, 21.63, 1.04, 2025-04-12T01:00:00+01:00, 2025-04-12T01:30:00+01:00
1.310000, 22.42, 1.04, 2025-04-12T01:30:00+01:00, 2025-04-12T02:00:00+01:00
1.051000, 19.47, 1.04, 2025-04-12T02:00:00+01:00, 2025-04-12T02:30:00+01:00
0.245000, 4.34, 1.04, 2025-04-12T02:30:00+01:00, 2025-04-12T03:00:00+01:00
0.235000, 4.31, 1.04, 2025-04-12T03:00:00+01:00, 2025-04-12T03:30:00+01:00
0.207000, 3.61, 1.04, 2025-04-12T03:30:00+01:00, 2025-04-12T04:00:00+01:00
0.221000, 4.18, 1.04, 2025-04-12T04:00:00+01:00, 2025-04-12T04:30:00+01:00
0.211000, 3.58, 1.04, 2025-04-12T04:30:00+01:00, 2025-04-12T05:00:00+01:00
0.201000, 3.63, 1.04, 2025-04-12T05:00:00+01:00, 2025-04-12T05:30:00+01:00
0.213000, 3.72, 1.04, 2025-04-12T05:30:00+01:00, 2025-04-12T06:00:00+01:00
0.187000, 3.26, 1.04, 2025-04-12T06:00:00+01:00, 2025-04-12T06:30:00+01:00
0.244000, 4.22, 1.04, 2025-04-12T06:30:00+01:00, 2025-04-12T07:00:00+01:00
0.178000, 3.03, 1.04, 2025-04-12T07:00:00+01:00, 2025-04-12T07:30:00+01:00
0.094000, 1.66, 1.04, 2025-04-12T07:30:00+01:00, 2025-04-12T08:00:00+01:00
0.004000, 0.07, 1.04, 2025-04-12T08:00:00+01:00, 2025-04-12T08:30:00+01:00
0.002000, 0.03, 1.04, 2025-04-12T08:30:00+01:00, 2025-04-12T09:00:00+01:00
0.004000, 0.07, 1.04, 2025-04-12T09:00:00+01:00, 2025-04-12T09:30:00+01:00
0.018000, 0.32, 1.04, 2025-04-12T09:30:00+01:00, 2025-04-12T10:00:00+01:00
0.073000, 1.38, 1.04, 2025-04-12T10:00:00+01:00, 2025-04-12T10:30:00+01:00
0.009000, 0.17, 1.04, 2025-04-12T10:30:00+01:00, 2025-04-12T11:00:00+01:00
0.002000, 0.04, 1.04, 2025-04-12T11:00:00+01:00, 2025-04-12T11:30:00+01:00
0.000000, 0, 1.04, 2025-04-12T11:30:00+01:00, 2025-04-12T12:00:00+01:00
0.000000, 0, 1.04, 2025-04-12T12:00:00+01:00, 2025-04-12T12:30:00+01:00
0.000000, 0, 1.04, 2025-04-12T12:30:00+01:00, 2025-04-12T13:00:00+01:00
0.001000, 0.01, 1.04, 2025-04-12T13:00:00+01:00, 2025-04-12T13:30:00+01:00
0.000000, 0, 1.04, 2025-04-12T13:30:00+01:00, 2025-04-12T14:00:00+01:00
0.000000, 0, 1.04, 2025-04-12T14:00:00+01:00, 2025-04-12T14:30:00+01:00
0.001000, 0.01, 1.04, 2025-04-12T14:30:00+01:00, 2025-04-12T15:00:00+01:00
0.001000, 0.01, 1.04, 2025-04-12T15:00:00+01:00, 2025-04-12T15:30:00+01:00
0.000000, 0, 1.04, 2025-04-12T15:30:00+01:00, 2025-04-12T16:00:00+01:00
0.002000, 0.05, 1.04, 2025-04-12T16:00:00+01:00, 2025-04-12T16:30:00+01:00
0.004000, 0.12, 1.04, 2025-04-12T16:30:00+01:00, 2025-04-12T17:00:00+01:00
0.001000, 0.03, 1.04, 2025-04-12T17:00:00+01:00, 2025-04-12T17:30:00+01:00
0.002000, 0.06, 1.04, 2025-04-12T17:30:00+01:00, 2025-04-12T18:00:00+01:00
0.075000, 2.7, 1.04, 2025-04-12T18:00:00+01:00, 2025-04-12T18:30:00+01:00
0.014000, 0.52, 1.04, 2025-04-12T18:30:00+01:00, 2025-04-12T19:00:00+01:00
0.033000, 0.69, 1.04, 2025-04-12T19:00:00+01:00, 2025-04-12T19:30:00+01:00
0.020000, 0.44, 1.04, 2025-04-12T19:30:00+01:00, 2025-04-12T20:00:00+01:00
0.003000, 0.06, 1.04, 2025-04-12T20:00:00+01:00, 2025-04-12T20:30:00+01:00
0.002000, 0.04, 1.04, 2025-04-12T20:30:00+01:00, 2025-04-12T21:00:00+01:00
0.003000, 0.05, 1.04, 2025-04-12T21:00:00+01:00, 2025-04-12T21:30:00+01:00
0.003000, 0.05, 1.04, 2025-04-12T21:30:00+01:00, 2025-04-12T22:00:00+01:00
0.004000, 0.07, 1.04, 2025-04-12T22:00:00+01:00, 2025-04-12T22:30:00+01:00
0.002000, 0.03, 1.04, 2025-04-12T22:30:00+01:00, 2025-04-12T23:00:00+01:00
0.002000, 0.04, 1.04, 2025-04-12T23:00:00+01:00, 2025-04-12T23:30:00+01:00
0.002000, 0.03, 1.04, 2025-04-12T23:30:00+01:00, 2025-04-13T00:00:00+01:00
1.218000, 20.42, 1.04, 2025-04-13T00:00:00+01:00, 2025-04-13T00:30:00+01:00
1.220000, 21.25, 1.04, 2025-04-13T00:30:00+01:00, 2025-04-13T01:00:00+01:00
1.245000, 18.67, 1.04, 2025-04-13T01:00:00+01:00, 2025-04-13T01:30:00+01:00
1.227000, 20.29, 1.04, 2025-04-13T01:30:00+01:00, 2025-04-13T02:00:00+01:00
1.242000, 19.99, 1.04, 2025-04-13T02:00:00+01:00, 2025-04-13T02:30:00+01:00
1.201000, 17.38, 1.04, 2025-04-13T02:30:00+01:00, 2025-04-13T03:00:00+01:00
0.927000, 12.26, 1.04, 2025-04-13T03:00:00+01:00, 2025-04-13T03:30:00+01:00
0.186000, 1.8, 1.04, 2025-04-13T03:30:00+01:00, 2025-04-13T04:00:00+01:00
0.138000, 1.76, 1.04, 2025-04-13T04:00:00+01:00, 2025-04-13T04:30:00+01:00
0.152000, 1.61, 1.04, 2025-04-13T04:30:00+01:00, 2025-04-13T05:00:00+01:00
0.150000, 1.65, 1.04, 2025-04-13T05:00:00+01:00, 2025-04-13T05:30:00+01:00
0.147000, 1.56, 1.04, 2025-04-13T05:30:00+01:00, 2025-04-13T06:00:00+01:00
0.150000, 1.69, 1.04, 2025-04-13T06:00:00+01:00, 2025-04-13T06:30:00+01:00
0.099000, 1.28, 1.04, 2025-04-13T06:30:00+01:00, 2025-04-13T07:00:00+01:00
0.193000, 2.47, 1.04, 2025-04-13T07:00:00+01:00, 2025-04-13T07:30:00+01:00
0.147000, 2.07, 1.04, 2025-04-13T07:30:00+01:00, 2025-04-13T08:00:00+01:00
0.007000, 0.11, 1.04, 2025-04-13T08:00:00+01:00, 2025-04-13T08:30:00+01:00
0.007000, 0.11, 1.04, 2025-04-13T08:30:00+01:00, 2025-04-13T09:00:00+01:00
0.004000, 0.06, 1.04, 2025-04-13T09:00:00+01:00, 2025-04-13T09:30:00+01:00
0.006000, 0.1, 1.04, 2025-04-13T09:30:00+01:00, 2025-04-13T10:00:00+01:00
0.004000, 0.06, 1.04, 2025-04-13T10:00:00+01:00, 2025-04-13T10:30:00+01:00
0.008000, 0.12, 1.04, 2025-04-13T10:30:00+01:00, 2025-04-13T11:00:00+01:00
0.006000, 0.09, 1.04, 2025-04-13T11:00:00+01:00, 2025-04-13T11:30:00+01:00
0.009000, 0.12, 1.04, 2025-04-13T11:30:00+01:00, 2025-04-13T12:00:00+01:00
0.001000, 0.01, 1.04, 2025-04-13T12:00:00+01:00, 2025-04-13T12:30:00+01:00
0.001000, 0.01, 1.04, 2025-04-13T12:30:00+01:00, 2025-04-13T13:00:00+01:00
0.029000, 0.43, 1.04, 2025-04-13T13:00:00+01:00, 2025-04-13T13:30:00+01:00
0.121000, 1.81, 1.04, 2025-04-13T13:30:00+01:00, 2025-04-13T14:00:00+01:00
0.045000, 0.65, 1.04, 2025-04-13T14:00:00+01:00, 2025-04-13T14:30:00+01:00
0.007000, 0.11, 1.04, 2025-04-13T14:30:00+01:00, 2025-04-13T15:00:00+01:00
0.003000, 0.05, 1.04, 2025-04-13T15:00:00+01:00, 2025-04-13T15:30:00+01:00
0.003000, 0.05, 1.04, 2025-04-13T15:30:00+01:00, 2025-04-13T16:00:00+01:00
0.002000, 0.06, 1.04, 2025-04-13T16:00:00+01:00, 2025-04-13T16:30:00+01:00
0.002000, 0.06, 1.04, 2025-04-13T16:30:00+01:00, 2025-04-13T17:00:00+01:00
0.004000, 0.12, 1.04, 2025-04-13T17:00:00+01:00, 2025-04-13T17:30:00+01:00
0.002000, 0.06, 1.04, 2025-04-13T17:30:00+01:00, 2025-04-13T18:00:00+01:00
0.003000, 0.1, 1.04, 2025-04-13T18:00:00+01:00, 2025-04-13T18:30:00+01:00
0.007000, 0.24, 1.04, 2025-04-13T18:30:00+01:00, 2025-04-13T19:00:00+01:00
0.002000, 0.04, 1.04, 2025-04-13T19:00:00+01:00, 2025-04-13T19:30:00+01:00
0.002000, 0.04, 1.04, 2025-04-13T19:30:00+01:00, 2025-04-13T20:00:00+01:00
0.002000, 0.04, 1.04, 2025-04-13T20:00:00+01:00, 2025-04-13T20:30:00+01:00
0.003000, 0.06, 1.04, 2025-04-13T20:30:00+01:00, 2025-04-13T21:00:00+01:00
0.014000, 0.29, 1.04, 2025-04-13T21:00:00+01:00, 2025-04-13T21:30:00+01:00
0.002000, 0.04, 1.04, 2025-04-13T21:30:00+01:00, 2025-04-13T22:00:00+01:00
0.003000, 0.06, 1.04, 2025-04-13T22:00:00+01:00, 2025-04-13T22:30:00+01:00
0.002000, 0.03, 1.04, 2025-04-13T22:30:00+01:00, 2025-04-13T23:00:00+01:00
0.002000, 0.03, 1.04, 2025-04-13T23:00:00+01:00, 2025-04-13T23:30:00+01:00
0.003000, 0.05, 1.04, 2025-04-13T23:30:00+01:00, 2025-04-14T00:00:00+01:00
1.266000, 18.93, 1.04, 2025-04-14T00:00:00+01:00, 2025-04-14T00:30:00+01:00
1.280000, 19.53, 1.04, 2025-04-14T00:30:00+01:00, 2025-04-14T01:00:00+01:00
1.287000, 19.58, 1.04, 2025-04-14T01:00:00+01:00, 2025-04-14T01:30:00+01:00
1.294000, 19.69, 1.04, 2025-04-14T01:30:00+01:00, 2025-04-14T02:00:00+01:00
1.302000, 21.24, 1.04, 2025-04-14T02:00:00+01:00, 2025-04-14T02:30:00+01:00
1.273000, 19.42, 1.04, 2025-04-14T02:30:00+01:00, 2025-04-14T03:00:00+01:00
1.076000, 17.24, 1.04, 2025-04-14T03:00:00+01:00, 2025-04-14T03:30:00+01:00
0.276000, 4.03, 1.04, 2025-04-14T03:30:00+01:00, 2025-04-14T04:00:00+01:00
0.204000, 3.32, 1.04, 2025-04-14T04:00:00+01:00, 2025-04-14T04:30:00+01:00
0.211000, 3.07, 1.04, 2025-04-14T04:30:00+01:00, 2025-04-14T05:00:00+01:00
0.233000, 4.25, 1.04, 2025-04-14T05:00:00+01:00, 2025-04-14T05:30:00+01:00
0.204000, 3.73, 1.04, 2025-04-14T05:30:00+01:00, 2025-04-14T06:00:00+01:00
0.205000, 4.36, 1.04, 2025-04-14T06:00:00+01:00, 2025-04-14T06:30:00+01:00
0.168000, 3.89, 1.04, 2025-04-14T06:30:00+01:00, 2025-04-14T07:00:00+01:00
0.179000, 4.01, 1.04, 2025-04-14T07:00:00+01:00, 2025-04-14T07:30:00+01:00
0.100000, 2.5, 1.04, 2025-04-14T07:30:00+01:00, 2025-04-14T08:00:00+01:00
0.081000, 1.78, 1.04, 2025-04-14T08:00:00+01:00, 2025-04-14T08:30:00+01:00
0.006000, 0.11, 1.04, 2025-04-14T08:30:00+01:00, 2025-04-14T09:00:00+01:00
0.022000, 0.41, 1.04, 2025-04-14T09:00:00+01:00, 2025-04-14T09:30:00+01:00
0.003000, 0.05, 1.04, 2025-04-14T09:30:00+01:00, 2025-04-14T10:00:00+01:00
0.004000, 0.06, 1.04, 2025-04-14T10:00:00+01:00, 2025-04-14T10:30:00+01:00
0.003000, 0.04, 1.04, 2025-04-14T10:30:00+01:00, 2025-04-14T11:00:00+01:00
0.006000, 0.1, 1.04, 2025-04-14T11:00:00+01:00, 2025-04-14T11:30:00+01:00
0.111000, 1.72, 1.04, 2025-04-14T11:30:00+01:00, 2025-04-14T12:00:00+01:00
0.021000, 0.32, 1.04, 2025-04-14T12:00:00+01:00, 2025-04-14T12:30:00+01:00
0.008000, 0.12, 1.04, 2025-04-14T12:30:00+01:00, 2025-04-14T13:00:00+01:00
0.005000, 0.08, 1.04, 2025-04-14T13:00:00+01:00, 2025-04-14T13:30:00+01:00
0.005000, 0.07, 1.04, 2025-04-14T13:30:00+01:00, 2025-04-14T14:00:00+01:00
0.004000, 0.06, 1.04, 2025-04-14T14:00:00+01:00, 2025-04-14T14:30:00+01:00
0.004000, 0.06, 1.04, 2025-04-14T14:30:00+01:00, 2025-04-14T15:00:00+01:00
0.005000, 0.08, 1.04, 2025-04-14T15:00:00+01:00, 2025-04-14T15:30:00+01:00
0.003000, 0.05, 1.04, 2025-04-14T15:30:00+01:00, 2025-04-14T16:00:00+01:00
0.003000, 0.09, 1.04, 2025-04-14T16:00:00+01:00, 2025-04-14T16:30:00+01:00
0.003000, 0.09, 1.04, 2025-04-14T16:30:00+01:00, 2025-04-14T17:00:00+01:00
0.002000, 0.06, 1.04, 2025-04-14T17:00:00+01:00, 2025-04-14T17:30:00+01:00
0.003000, 0.1, 1.04, 2025-04-14T17:30:00+01:00, 2025-04-14T18:00:00+01:00
0.003000, 0.11, 1.04, 2025-04-14T18:00:00+01:00, 2025-04-14T18:30:00+01:00
0.004000, 0.15, 1.04, 2025-04-14T18:30:00+01:00, 2025-04-14T19:00:00+01:00
0.003000, 0.08, 1.04, 2025-04-14T19:00:00+01:00, 2025-04-14T19:30:00+01:00
0.002000, 0.05, 1.04, 2025-04-14T19:30:00+01:00, 2025-04-14T20:00:00+01:00
0.002000, 0.04, 1.04, 2025-04-14T20:00:00+01:00, 2025-04-14T20:30:00+01:00
0.002000, 0.04, 1.04, 2025-04-14T20:30:00+01:00, 2025-04-14T21:00:00+01:00
0.003000, 0.05, 1.04, 2025-04-14T21:00:00+01:00, 2025-04-14T21:30:00+01:00
0.003000, 0.04, 1.04, 2025-04-14T21:30:00+01:00, 2025-04-14T22:00:00+01:00
0.005000, 0.08, 1.04, 2025-04-14T22:00:00+01:00, 2025-04-14T22:30:00+01:00
0.002000, 0.03, 1.04, 2025-04-14T22:30:00+01:00, 2025-04-14T23:00:00+01:00
0.003000, 0.04, 1.04, 2025-04-14T23:00:00+01:00, 2025-04-14T23:30:00+01:00
0.001000, 0.01, 1.04, 2025-04-14T23:30:00+01:00, 2025-04-15T00:00:00+01:00
1.296000, 20, 1.04, 2025-04-15T00:00:00+01:00, 2025-04-15T00:30:00+01:00
1.285000, 19.86, 1.04, 2025-04-15T00:30:00+01:00, 2025-04-15T01:00:00+01:00
1.290000, 19.63, 1.04, 2025-04-15T01:00:00+01:00, 2025-04-15T01:30:00+01:00
1.297000, 20.43, 1.04, 2025-04-15T01:30:00+01:00, 2025-04-15T02:00:00+01:00
1.075000, 17.54, 1.04, 2025-04-15T02:00:00+01:00, 2025-04-15T02:30:00+01:00
0.312000, 4.84, 1.04, 2025-04-15T02:30:00+01:00, 2025-04-15T03:00:00+01:00
0.218000, 3.43, 1.04, 2025-04-15T03:00:00+01:00, 2025-04-15T03:30:00+01:00
0.183000, 2.81, 1.04, 2025-04-15T03:30:00+01:00, 2025-04-15T04:00:00+01:00
0.231000, 3.84, 1.04, 2025-04-15T04:00:00+01:00, 2025-04-15T04:30:00+01:00
0.223000, 3.51, 1.04, 2025-04-15T04:30:00+01:00, 2025-04-15T05:00:00+01:00
0.245000, 3.89, 1.04, 2025-04-15T05:00:00+01:00, 2025-04-15T05:30:00+01:00
0.208000, 3.35, 1.04, 2025-04-15T05:30:00+01:00, 2025-04-15T06:00:00+01:00
0.191000, 3.34, 1.04, 2025-04-15T06:00:00+01:00, 2025-04-15T06:30:00+01:00
0.215000, 3.79, 1.04, 2025-04-15T06:30:00+01:00, 2025-04-15T07:00:00+01:00
0.219000, 3.86, 1.04, 2025-04-15T07:00:00+01:00, 2025-04-15T07:30:00+01:00
0.226000, 4.68, 1.04, 2025-04-15T07:30:00+01:00, 2025-04-15T08:00:00+01:00
0.011000, 0.25, 1.04, 2025-04-15T08:00:00+01:00, 2025-04-15T08:30:00+01:00
0.003000, 0.06, 1.04, 2025-04-15T08:30:00+01:00, 2025-04-15T09:00:00+01:00
0.003000, 0.07, 1.04, 2025-04-15T09:00:00+01:00, 2025-04-15T09:30:00+01:00
0.002000, 0.05, 1.04, 2025-04-15T09:30:00+01:00, 2025-04-15T10:00:00+01:00
0.003000, 0.06, 1.04, 2025-04-15T10:00:00+01:00, 2025-04-15T10:30:00+01:00
0.003000, 0.06, 1.04, 2025-04-15T10:30:00+01:00, 2025-04-15T11:00:00+01:00
0.004000, 0.08, 1.04, 2025-04-15T11:00:00+01:00, 2025-04-15T11:30:00+01:00
0.003000, 0.06, 1.04, 2025-04-15T11:30:00+01:00, 2025-04-15T12:00:00+01:00
0.003000, 0.06, 1.04, 2025-04-15T12:00:00+01:00, 2025-04-15T12:30:00+01:00
0.002000, 0.04, 1.04, 2025-04-15T12:30:00+01:00, 2025-04-15T13:00:00+01:00
0.003000, 0.05, 1.04, 2025-04-15T13:00:00+01:00, 2025-04-15T13:30:00+01:00
0.003000, 0.05, 1.04, 2025-04-15T13:30:00+01:00, 2025-04-15T14:00:00+01:00
0.002000, 0.03, 1.04, 2025-04-15T14:00:00+01:00, 2025-04-15T14:30:00+01:00
0.003000, 0.05, 1.04, 2025-04-15T14:30:00+01:00, 2025-04-15T15:00:00+01:00
0.003000, 0.05, 1.04, 2025-04-15T15:00:00+01:00, 2025-04-15T15:30:00+01:00
0.009000, 0.14, 1.04, 2025-04-15T15:30:00+01:00, 2025-04-15T16:00:00+01:00
0.003000, 0.08, 1.04, 2025-04-15T16:00:00+01:00, 2025-04-15T16:30:00+01:00
0.002000, 0.06, 1.04, 2025-04-15T16:30:00+01:00, 2025-04-15T17:00:00+01:00
0.013000, 0.42, 1.04, 2025-04-15T17:00:00+01:00, 2025-04-15T17:30:00+01:00
0.034000, 1.18, 1.04, 2025-04-15T17:30:00+01:00, 2025-04-15T18:00:00+01:00
0.119000, 4.3, 1.04, 2025-04-15T18:00:00+01:00, 2025-04-15T18:30:00+01:00
0.085000, 3.06, 1.04, 2025-04-15T18:30:00+01:00, 2025-04-15T19:00:00+01:00
0.002000, 0.04, 1.04, 2025-04-15T19:00:00+01:00, 2025-04-15T19:30:00+01:00
0.004000, 0.09, 1.04, 2025-04-15T19:30:00+01:00, 2025-04-15T20:00:00+01:00
0.159000, 3.1, 1.04, 2025-04-15T20:00:00+01:00, 2025-04-15T20:30:00+01:00
0.652000, 11.65, 1.04, 2025-04-15T20:30:00+01:00, 2025-04-15T21:00:00+01:00
0.514000, 9.41, 1.04, 2025-04-15T21:00:00+01:00, 2025-04-15T21:30:00+01:00
0.472000, 8.01, 1.04, 2025-04-15T21:30:00+01:00, 2025-04-15T22:00:00+01:00
0.447000, 7.56, 1.04, 2025-04-15T22:00:00+01:00, 2025-04-15T22:30:00+01:00
0.453000, 6.32, 1.04, 2025-04-15T22:30:00+01:00, 2025-04-15T23:00:00+01:00
0.370000, 7.44, 1.04, 2025-04-15T23:00:00+01:00, 2025-04-15T23:30:00+01:00
0.270000, 4.65, 1.04, 2025-04-15T23:30:00+01:00, 2025-04-16T00:00:00+01:00
1.297000, 21.45, 1.04, 2025-04-16T00:00:00+01:00, 2025-04-16T00:30:00+01:00
1.334000, 22.09, 1.04, 2025-04-16T00:30:00+01:00, 2025-04-16T01:00:00+01:00
1.308000, 20.37, 1.04, 2025-04-16T01:00:00+01:00, 2025-04-16T01:30:00+01:00
1.296000, 19.66, 1.04, 2025-04-16T01:30:00+01:00, 2025-04-16T02:00:00+01:00
1.306000, 17.85, 1.04, 2025-04-16T02:00:00+01:00, 2025-04-16T02:30:00+01:00
1.328000, 10.54, 1.04, 2025-04-16T02:30:00+01:00, 2025-04-16T03:00:00+01:00
1.298000, 16.14, 1.04, 2025-04-16T03:00:00+01:00, 2025-04-16T03:30:00+01:00
1.304000, 13.57, 1.04, 2025-04-16T03:30:00+01:00, 2025-04-16T04:00:00+01:00
1.311000, 16.37, 1.04, 2025-04-16T04:00:00+01:00, 2025-04-16T04:30:00+01:00
0.588000, 6.47, 1.04, 2025-04-16T04:30:00+01:00, 2025-04-16T05:00:00+01:00
0.254000, 2.74, 1.04, 2025-04-16T05:00:00+01:00, 2025-04-16T05:30:00+01:00
0.236000, 2.88, 1.04, 2025-04-16T05:30:00+01:00, 2025-04-16T06:00:00+01:00
0.192000, 2.59, 1.04, 2025-04-16T06:00:00+01:00, 2025-04-16T06:30:00+01:00
0.225000, 4.42, 1.04, 2025-04-16T06:30:00+01:00, 2025-04-16T07:00:00+01:00
0.228000, 3.72, 1.04, 2025-04-16T07:00:00+01:00, 2025-04-16T07:30:00+01:00
0.209000, 3.96, 1.04, 2025-04-16T07:30:00+01:00, 2025-04-16T08:00:00+01:00
0.010000, 0.19, 1.04, 2025-04-16T08:00:00+01:00, 2025-04-16T08:30:00+01:00
0.010000, 0.18, 1.04, 2025-04-16T08:30:00+01:00, 2025-04-16T09:00:00+01:00
0.005000, 0.09, 1.04, 2025-04-16T09:00:00+01:00, 2025-04-16T09:30:00+01:00
0.105000, 1.71, 1.04, 2025-04-16T09:30:00+01:00, 2025-04-16T10:00:00+01:00
0.003000, 0.04, 1.04, 2025-04-16T10:00:00+01:00, 2025-04-16T10:30:00+01:00
0.002000, 0.03, 1.04, 2025-04-16T10:30:00+01:00, 2025-04-16T11:00:00+01:00
0.018000, 0.2, 1.04, 2025-04-16T11:00:00+01:00, 2025-04-16T11:30:00+01:00
0.003000, 0.03, 1.04, 2025-04-16T11:30:00+01:00, 2025-04-16T12:00:00+01:00
0.002000, 0.01, 1.04, 2025-04-16T12:00:00+01:00, 2025-04-16T12:30:00+01:00
0.003000, 0.01, 1.04, 2025-04-16T12:30:00+01:00, 2025-04-16T13:00:00+01:00
0.003000, 0.03, 1.04, 2025-04-16T13:00:00+01:00, 2025-04-16T13:30:00+01:00
0.007000, 0.06, 1.04, 2025-04-16T13:30:00+01:00, 2025-04-16T14:00:00+01:00
0.003000, 0.03, 1.04, 2025-04-16T14:00:00+01:00, 2025-04-16T14:30:00+01:00
0.002000, 0.02, 1.04, 2025-04-16T14:30:00+01:00, 2025-04-16T15:00:00+01:00
0.005000, 0.06, 1.04, 2025-04-16T15:00:00+01:00, 2025-04-16T15:30:00+01:00
0.003000, 0.04, 1.04, 2025-04-16T15:30:00+01:00, 2025-04-16T16:00:00+01:00
0.003000, 0.08, 1.04, 2025-04-16T16:00:00+01:00, 2025-04-16T16:30:00+01:00
0.003000, 0.08, 1.04, 2025-04-16T16:30:00+01:00, 2025-04-16T17:00:00+01:00
0.001000, 0.03, 1.04, 2025-04-16T17:00:00+01:00, 2025-04-16T17:30:00+01:00
0.006000, 0.18, 1.04, 2025-04-16T17:30:00+01:00, 2025-04-16T18:00:00+01:00
0.047000, 1.47, 1.04, 2025-04-16T18:00:00+01:00, 2025-04-16T18:30:00+01:00
0.015000, 0.5, 1.04, 2025-04-16T18:30:00+01:00, 2025-04-16T19:00:00+01:00
0.005000, 0.1, 1.04, 2025-04-16T19:00:00+01:00, 2025-04-16T19:30:00+01:00
0.004000, 0.09, 1.04, 2025-04-16T19:30:00+01:00, 2025-04-16T20:00:00+01:00
0.003000, 0.06, 1.04, 2025-04-16T20:00:00+01:00, 2025-04-16T20:30:00+01:00
0.003000, 0.07, 1.04, 2025-04-16T20:30:00+01:00, 2025-04-16T21:00:00+01:00
0.193000, 4.36, 1.04, 2025-04-16T21:00:00+01:00, 2025-04-16T21:30:00+01:00
0.733000, 13.9, 1.04, 2025-04-16T21:30:00+01:00, 2025-04-16T22:00:00+01:00
0.499000, 8.83, 1.04, 2025-04-16T22:00:00+01:00, 2025-04-16T22:30:00+01:00
0.340000, 5.44, 1.04, 2025-04-16T22:30:00+01:00, 2025-04-16T23:00:00+01:00
0.313000, 5.69, 1.04, 2025-04-16T23:00:00+01:00, 2025-04-16T23:30:00+01:00
0.261000, 3.92, 1.04, 2025-04-16T23:30:00+01:00, 2025-04-17T00:00:00+01:00
1.305000, 18.99, 1.04, 2025-04-17T00:00:00+01:00, 2025-04-17T00:30:00+01:00
1.304000, 21.13, 1.04, 2025-04-17T00:30:00+01:00, 2025-04-17T01:00:00+01:00
1.296000, 21.01, 1.04, 2025-04-17T01:00:00+01:00, 2025-04-17T01:30:00+01:00
1.261000, 21.69, 1.04, 2025-04-17T01:30:00+01:00, 2025-04-17T02:00:00+01:00
1.322000, 23.32, 1.04, 2025-04-17T02:00:00+01:00, 2025-04-17T02:30:00+01:00
1.319000, 20.94, 1.04, 2025-04-17T02:30:00+01:00, 2025-04-17T03:00:00+01:00
1.279000, 20.63, 1.04, 2025-04-17T03:00:00+01:00, 2025-04-17T03:30:00+01:00
1.287000, 20.86, 1.04, 2025-04-17T03:30:00+01:00, 2025-04-17T04:00:00+01:00
1.144000, 22.2, 1.04, 2025-04-17T04:00:00+01:00, 2025-04-17T04:30:00+01:00
0.353000, 6.11, 1.04, 2025-04-17T04:30:00+01:00, 2025-04-17T05:00:00+01:00
0.224000, 4.84, 1.04, 2025-04-17T05:00:00+01:00, 2025-04-17T05:30:00+01:00
0.193000, 3.57, 1.04, 2025-04-17T05:30:00+01:00, 2025-04-17T06:00:00+01:00
0.280000, 6.17, 1.04, 2025-04-17T06:00:00+01:00, 2025-04-17T06:30:00+01:00
0.211000, 5.69, 1.04, 2025-04-17T06:30:00+01:00, 2025-04-17T07:00:00+01:00
0.184000, 4.46, 1.04, 2025-04-17T07:00:00+01:00, 2025-04-17T07:30:00+01:00
0.158000, 4.18, 1.04, 2025-04-17T07:30:00+01:00, 2025-04-17T08:00:00+01:00
0.014000, 0.34, 1.04, 2025-04-17T08:00:00+01:00, 2025-04-17T08:30:00+01:00
0.061000, 1.35, 1.04, 2025-04-17T08:30:00+01:00, 2025-04-17T09:00:00+01:00
0.006000, 0.13, 1.04, 2025-04-17T09:00:00+01:00, 2025-04-17T09:30:00+01:00
0.009000, 0.18, 1.04, 2025-04-17T09:30:00+01:00, 2025-04-17T10:00:00+01:00
0.014000, 0.26, 1.04, 2025-04-17T10:00:00+01:00, 2025-04-17T10:30:00+01:00
0.012000, 0.2, 1.04, 2025-04-17T10:30:00+01:00, 2025-04-17T11:00:00+01:00
0.014000, 0.21, 1.04, 2025-04-17T11:00:00+01:00, 2025-04-17T11:30:00+01:00
0.007000, 0.1, 1.04, 2025-04-17T11:30:00+01:00, 2025-04-17T12:00:00+01:00
0.037000, 0.59, 1.04, 2025-04-17T12:00:00+01:00, 2025-04-17T12:30:00+01:00
0.033000, 0.5, 1.04, 2025-04-17T12:30:00+01:00, 2025-04-17T13:00:00+01:00
0.016000, 0.25, 1.04, 2025-04-17T13:00:00+01:00, 2025-04-17T13:30:00+01:00
0.000000, 0, 1.04, 2025-04-17T13:30:00+01:00, 2025-04-17T14:00:00+01:00
0.000000, 0, 1.04, 2025-04-17T14:00:00+01:00, 2025-04-17T14:30:00+01:00
0.001000, 0.02, 1.04, 2025-04-17T14:30:00+01:00, 2025-04-17T15:00:00+01:00
0.002000, 0.03, 1.04, 2025-04-17T15:00:00+01:00, 2025-04-17T15:30:00+01:00
0.003000, 0.05, 1.04, 2025-04-17T15:30:00+01:00, 2025-04-17T16:00:00+01:00
0.003000, 0.09, 1.04, 2025-04-17T16:00:00+01:00, 2025-04-17T16:30:00+01:00
0.002000, 0.06, 1.04, 2025-04-17T16:30:00+01:00, 2025-04-17T17:00:00+01:00
0.002000, 0.06, 1.04, 2025-04-17T17:00:00+01:00, 2025-04-17T17:30:00+01:00
0.004000, 0.14, 1.04, 2025-04-17T17:30:00+01:00, 2025-04-17T18:00:00+01:00
0.034000, 1.25, 1.04, 2025-04-17T18:00:00+01:00, 2025-04-17T18:30:00+01:00
0.003000, 0.12, 1.04, 2025-04-17T18:30:00+01:00, 2025-04-17T19:00:00+01:00
0.003000, 0.07, 1.04, 2025-04-17T19:00:00+01:00, 2025-04-17T19:30:00+01:00
0.014000, 0.36, 1.04, 2025-04-17T19:30:00+01:00, 2025-04-17T20:00:00+01:00
0.002000, 0.05, 1.04, 2025-04-17T20:00:00+01:00, 2025-04-17T20:30:00+01:00
0.221000, 5.34, 1.04, 2025-04-17T20:30:00+01:00, 2025-04-17T21:00:00+01:00
0.011000, 0.24, 1.04, 2025-04-17T21:00:00+01:00, 2025-04-17T21:30:00+01:00
0.003000, 0.05, 1.04, 2025-04-17T21:30:00+01:00, 2025-04-17T22:00:00+01:00
0.006000, 0.11, 1.04, 2025-04-17T22:00:00+01:00, 2025-04-17T22:30:00+01:00
0.003000, 0.05, 1.04, 2025-04-17T22:30:00+01:00, 2025-04-17T23:00:00+01:00
0.002000, 0.04, 1.04, 2025-04-17T23:00:00+01:00, 2025-04-17T23:30:00+01:00
0.003000, 0.06, 1.04, 2025-04-17T23:30:00+01:00, 2025-04-18T00:00:00+01:00
1.310000, 24.03, 1.04, 2025-04-18T00:00:00+01:00, 2025-04-18T00:30:00+01:00
1.292000, 22.79, 1.04, 2025-04-18T00:30:00+01:00, 2025-04-18T01:00:00+01:00
1.299000, 25.21, 1.04, 2025-04-18T01:00:00+01:00, 2025-04-18T01:30:00+01:00
1.326000, 26.2, 1.04, 2025-04-18T01:30:00+01:00, 2025-04-18T02:00:00+01:00
1.296000, 23.61, 1.04, 2025-04-18T02:00:00+01:00, 2025-04-18T02:30:00+01:00
1.308000, 21.86, 1.04, 2025-04-18T02:30:00+01:00, 2025-04-18T03:00:00+01:00
0.872000, 13.84, 1.04, 2025-04-18T03:00:00+01:00, 2025-04-18T03:30:00+01:00
0.219000, 3.38, 1.04, 2025-04-18T03:30:00+01:00, 2025-04-18T04:00:00+01:00
0.193000, 3.15, 1.04, 2025-04-18T04:00:00+01:00, 2025-04-18T04:30:00+01:00
0.485000, 7.44, 1.04, 2025-04-18T04:30:00+01:00, 2025-04-18T05:00:00+01:00
0.294000, 4.85, 1.04, 2025-04-18T05:00:00+01:00, 2025-04-18T05:30:00+01:00
0.636000, 10.24, 1.04, 2025-04-18T05:30:00+01:00, 2025-04-18T06:00:00+01:00
0.200000, 3.66, 1.04, 2025-04-18T06:00:00+01:00, 2025-04-18T06:30:00+01:00
0.204000, 3.96, 1.04, 2025-04-18T06:30:00+01:00, 2025-04-18T07:00:00+01:00
0.192000, 3.88, 1.04, 2025-04-18T07:00:00+01:00, 2025-04-18T07:30:00+01:00
0.211000, 4.34, 1.04, 2025-04-18T07:30:00+01:00, 2025-04-18T08:00:00+01:00
0.009000, 0.18, 1.04, 2025-04-18T08:00:00+01:00, 2025-04-18T08:30:00+01:00
0.002000, 0.04, 1.04, 2025-04-18T08:30:00+01:00, 2025-04-18T09:00:00+01:00
0.003000, 0.05, 1.04, 2025-04-18T09:00:00+01:00, 2025-04-18T09:30:00+01:00
0.003000, 0.05, 1.04, 2025-04-18T09:30:00+01:00, 2025-04-18T10:00:00+01:00
0.004000, 0.07, 1.04, 2025-04-18T10:00:00+01:00, 2025-04-18T10:30:00+01:00
0.005000, 0.08, 1.04, 2025-04-18T10:30:00+01:00, 2025-04-18T11:00:00+01:00
0.003000, 0.05, 1.04, 2025-04-18T11:00:00+01:00, 2025-04-18T11:30:00+01:00
0.003000, 0.05, 1.04, 2025-04-18T11:30:00+01:00, 2025-04-18T12:00:00+01:00
0.009000, 0.12, 1.04, 2025-04-18T12:00:00+01:00, 2025-04-18T12:30:00+01:00
0.018000, 0.21, 1.04, 2025-04-18T12:30:00+01:00, 2025-04-18T13:00:00+01:00
0.206000, 2.03, 1.04, 2025-04-18T13:00:00+01:00, 2025-04-18T13:30:00+01:00
0.002000, 0.02, 1.04, 2025-04-18T13:30:00+01:00, 2025-04-18T14:00:00+01:00
0.021000, 0.23, 1.04, 2025-04-18T14:00:00+01:00, 2025-04-18T14:30:00+01:00
0.006000, 0.06, 1.04, 2025-04-18T14:30:00+01:00, 2025-04-18T15:00:00+01:00
0.004000, 0.06, 1.04, 2025-04-18T15:00:00+01:00, 2025-04-18T15:30:00+01:00
0.003000, 0.04, 1.04, 2025-04-18T15:30:00+01:00, 2025-04-18T16:00:00+01:00
0.003000, 0.08, 1.04, 2025-04-18T16:00:00+01:00, 2025-04-18T16:30:00+01:00
0.011000, 0.3, 1.04, 2025-04-18T16:30:00+01:00, 2025-04-18T17:00:00+01:00
0.002000, 0.06, 1.04, 2025-04-18T17:00:00+01:00, 2025-04-18T17:30:00+01:00
0.084000, 2.69, 1.04, 2025-04-18T17:30:00+01:00, 2025-04-18T18:00:00+01:00
0.097000, 3.27, 1.04, 2025-04-18T18:00:00+01:00, 2025-04-18T18:30:00+01:00
0.002000, 0.07, 1.04, 2025-04-18T18:30:00+01:00, 2025-04-18T19:00:00+01:00
0.003000, 0.07, 1.04, 2025-04-18T19:00:00+01:00, 2025-04-18T19:30:00+01:00
0.070000, 1.51, 1.04, 2025-04-18T19:30:00+01:00, 2025-04-18T20:00:00+01:00
0.405000, 8.36, 1.04, 2025-04-18T20:00:00+01:00, 2025-04-18T20:30:00+01:00
0.686000, 13.95, 1.04, 2025-04-18T20:30:00+01:00, 2025-04-18T21:00:00+01:00
0.440000, 8.19, 1.04, 2025-04-18T21:00:00+01:00, 2025-04-18T21:30:00+01:00
0.574000, 10.43, 1.04, 2025-04-18T21:30:00+01:00, 2025-04-18T22:00:00+01:00
0.410000, 7.5, 1.04, 2025-04-18T22:00:00+01:00, 2025-04-18T22:30:00+01:00
0.514000, 8.34, 1.04, 2025-04-18T22:30:00+01:00, 2025-04-18T23:00:00+01:00
0.688000, 12.53, 1.04, 2025-04-18T23:00:00+01:00, 2025-04-18T23:30:00+01:00
0.319000, 4.64, 1.04, 2025-04-18T23:30:00+01:00, 2025-04-19T00:00:00+01:00
1.339000, 18.31, 1.04, 2025-04-19T00:00:00+01:00, 2025-04-19T00:30:00+01:00
1.295000, 18.76, 1.04, 2025-04-19T00:30:00+01:00, 2025-04-19T01:00:00+01:00
1.328000, 18.5, 1.04, 2025-04-19T01:00:00+01:00, 2025-04-19T01:30:00+01:00
1.308000, 18.86, 1.04, 2025-04-19T01:30:00+01:00, 2025-04-19T02:00:00+01:00
1.313000, 19.69, 1.04, 2025-04-19T02:00:00+01:00, 2025-04-19T02:30:00+01:00
1.312000, 18.51, 1.04, 2025-04-19T02:30:00+01:00, 2025-04-19T03:00:00+01:00
1.296000, 18.57, 1.04, 2025-04-19T03:00:00+01:00, 2025-04-19T03:30:00+01:00
1.277000, 18.3, 1.04, 2025-04-19T03:30:00+01:00, 2025-04-19T04:00:00+01:00
1.156000, 18.1, 1.04, 2025-04-19T04:00:00+01:00, 2025-04-19T04:30:00+01:00
0.356000, 5.34, 1.04, 2025-04-19T04:30:00+01:00, 2025-04-19T05:00:00+01:00
0.219000, 3.3, 1.04, 2025-04-19T05:00:00+01:00, 2025-04-19T05:30:00+01:00
0.212000, 3.22, 1.04, 2025-04-19T05:30:00+01:00, 2025-04-19T06:00:00+01:00
0.227000, 3.78, 1.04, 2025-04-19T06:00:00+01:00, 2025-04-19T06:30:00+01:00
0.178000, 3.3, 1.04, 2025-04-19T06:30:00+01:00, 2025-04-19T07:00:00+01:00
0.161000, 2.66, 1.04, 2025-04-19T07:00:00+01:00, 2025-04-19T07:30:00+01:00
0.427000, 8.19, 1.04, 2025-04-19T07:30:00+01:00, 2025-04-19T08:00:00+01:00
0.007000, 0.08, 1.04, 2025-04-19T08:00:00+01:00, 2025-04-19T08:30:00+01:00
0.003000, 0.04, 1.04, 2025-04-19T08:30:00+01:00, 2025-04-19T09:00:00+01:00
0.003000, 0.05, 1.04, 2025-04-19T09:00:00+01:00, 2025-04-19T09:30:00+01:00
0.002000, 0.04, 1.04, 2025-04-19T09:30:00+01:00, 2025-04-19T10:00:00+01:00
0.003000, 0.05, 1.04, 2025-04-19T10:00:00+01:00, 2025-04-19T10:30:00+01:00
0.003000, 0.05, 1.04, 2025-04-19T10:30:00+01:00, 2025-04-19T11:00:00+01:00
0.001000, 0.02, 1.04, 2025-04-19T11:00:00+01:00, 2025-04-19T11:30:00+01:00
0.002000, 0.03, 1.04, 2025-04-19T11:30:00+01:00, 2025-04-19T12:00:00+01:00
0.003000, 0.05, 1.04, 2025-04-19T12:00:00+01:00, 2025-04-19T12:30:00+01:00
0.003000, 0.05, 1.04, 2025-04-19T12:30:00+01:00, 2025-04-19T13:00:00+01:00
0.001000, 0.01, 1.04, 2025-04-19T13:00:00+01:00, 2025-04-19T13:30:00+01:00
0.003000, 0.04, 1.04, 2025-04-19T13:30:00+01:00, 2025-04-19T14:00:00+01:00
0.002000, 0.02, 1.04, 2025-04-19T14:00:00+01:00, 2025-04-19T14:30:00+01:00
0.001000, 0.01, 1.04, 2025-04-19T14:30:00+01:00, 2025-04-19T15:00:00+01:00
0.000000, 0, 1.04, 2025-04-19T15:00:00+01:00, 2025-04-19T15:30:00+01:00
0.001000, 0.01, 1.04, 2025-04-19T15:30:00+01:00, 2025-04-19T16:00:00+01:00
0.001000, 0.03, 1.04, 2025-04-19T16:00:00+01:00, 2025-04-19T16:30:00+01:00
0.003000, 0.09, 1.04, 2025-04-19T16:30:00+01:00, 2025-04-19T17:00:00+01:00
0.001000, 0.03, 1.04, 2025-04-19T17:00:00+01:00, 2025-04-19T17:30:00+01:00
0.002000, 0.06, 1.04, 2025-04-19T17:30:00+01:00, 2025-04-19T18:00:00+01:00
0.003000, 0.1, 1.04, 2025-04-19T18:00:00+01:00, 2025-04-19T18:30:00+01:00
0.002000, 0.07, 1.04, 2025-04-19T18:30:00+01:00, 2025-04-19T19:00:00+01:00
0.002000, 0.04, 1.04, 2025-04-19T19:00:00+01:00, 2025-04-19T19:30:00+01:00
0.002000, 0.04, 1.04, 2025-04-19T19:30:00+01:00, 2025-04-19T20:00:00+01:00
0.002000, 0.04, 1.04, 2025-04-19T20:00:00+01:00, 2025-04-19T20:30:00+01:00
0.003000, 0.07, 1.04, 2025-04-19T20:30:00+01:00, 2025-04-19T21:00:00+01:00
0.001000, 0.02, 1.04, 2025-04-19T21:00:00+01:00, 2025-04-19T21:30:00+01:00
0.002000, 0.04, 1.04, 2025-04-19T21:30:00+01:00, 2025-04-19T22:00:00+01:00
0.002000, 0.04, 1.04, 2025-04-19T22:00:00+01:00, 2025-04-19T22:30:00+01:00
0.003000, 0.06, 1.04, 2025-04-19T22:30:00+01:00, 2025-04-19T23:00:00+01:00
0.002000, 0.04, 1.04, 2025-04-19T23:00:00+01:00, 2025-04-19T23:30:00+01:00
0.002000, 0.04, 1.04, 2025-04-19T23:30:00+01:00, 2025-04-20T00:00:00+01:00
1.228000, 21.89, 1.04, 2025-04-20T00:00:00+01:00, 2025-04-20T00:30:00+01:00
1.237000, 21.91, 1.04, 2025-04-20T00:30:00+01:00, 2025-04-20T01:00:00+01:00
0.942000, 16.82, 1.04, 2025-04-20T01:00:00+01:00, 2025-04-20T01:30:00+01:00
0.159000, 2.91, 1.04, 2025-04-20T01:30:00+01:00, 2025-04-20T02:00:00+01:00
0.153000, 2.66, 1.04, 2025-04-20T02:00:00+01:00, 2025-04-20T02:30:00+01:00
0.143000, 2.27, 1.04, 2025-04-20T02:30:00+01:00, 2025-04-20T03:00:00+01:00
0.141000, 2.62, 1.04, 2025-04-20T03:00:00+01:00, 2025-04-20T03:30:00+01:00
0.150000, 2.7, 1.04, 2025-04-20T03:30:00+01:00, 2025-04-20T04:00:00+01:00
0.136000, 2.75, 1.04, 2025-04-20T04:00:00+01:00, 2025-04-20T04:30:00+01:00
0.170000, 3.23, 1.04, 2025-04-20T04:30:00+01:00, 2025-04-20T05:00:00+01:00
0.246000, 4.98, 1.04, 2025-04-20T05:00:00+01:00, 2025-04-20T05:30:00+01:00
0.217000, 4.2, 1.04, 2025-04-20T05:30:00+01:00, 2025-04-20T06:00:00+01:00
0.207000, 3.91, 1.04, 2025-04-20T06:00:00+01:00, 2025-04-20T06:30:00+01:00
0.219000, 4.31, 1.04, 2025-04-20T06:30:00+01:00, 2025-04-20T07:00:00+01:00
0.192000, 3.73, 1.04, 2025-04-20T07:00:00+01:00, 2025-04-20T07:30:00+01:00
0.100000, 2.17, 1.04, 2025-04-20T07:30:00+01:00, 2025-04-20T08:00:00+01:00
0.001000, 0.02, 1.04, 2025-04-20T08:00:00+01:00, 2025-04-20T08:30:00+01:00
0.000000, 0, 1.04, 2025-04-20T08:30:00+01:00, 2025-04-20T09:00:00+01:00
0.001000, 0.02, 1.04, 2025-04-20T09:00:00+01:00, 2025-04-20T09:30:00+01:00
0.000000, 0, 1.04, 2025-04-20T09:30:00+01:00, 2025-04-20T10:00:00+01:00
0.000000, 0, 1.04, 2025-04-20T10:00:00+01:00, 2025-04-20T10:30:00+01:00
0.001000, 0.02, 1.04, 2025-04-20T10:30:00+01:00, 2025-04-20T11:00:00+01:00
0.000000, 0, 1.04, 2025-04-20T11:00:00+01:00, 2025-04-20T11:30:00+01:00
0.000000, 0, 1.04, 2025-04-20T11:30:00+01:00, 2025-04-20T12:00:00+01:00
0.000000, 0, 1.04, 2025-04-20T12:00:00+01:00, 2025-04-20T12:30:00+01:00
0.000000, 0, 1.04, 2025-04-20T12:30:00+01:00, 2025-04-20T13:00:00+01:00
0.000000, 0, 1.04, 2025-04-20T13:00:00+01:00, 2025-04-20T13:30:00+01:00
0.000000, 0, 1.04, 2025-04-20T13:30:00+01:00, 2025-04-20T14:00:00+01:00
0.000000, 0, 1.04, 2025-04-20T14:00:00+01:00, 2025-04-20T14:30:00+01:00
0.000000, 0, 1.04, 2025-04-20T14:30:00+01:00, 2025-04-20T15:00:00+01:00
0.000000, 0, 1.04, 2025-04-20T15:00:00+01:00, 2025-04-20T15:30:00+01:00
0.001000, 0.02, 1.04, 2025-04-20T15:30:00+01:00, 2025-04-20T16:00:00+01:00
0.000000, 0, 1.04, 2025-04-20T16:00:00+01:00, 2025-04-20T16:30:00+01:00
0.001000, 0.03, 1.04, 2025-04-20T16:30:00+01:00, 2025-04-20T17:00:00+01:00
0.001000, 0.03, 1.04, 2025-04-20T17:00:00+01:00, 2025-04-20T17:30:00+01:00
0.003000, 0.09, 1.04, 2025-04-20T17:30:00+01:00, 2025-04-20T18:00:00+01:00
0.002000, 0.07, 1.04, 2025-04-20T18:00:00+01:00, 2025-04-20T18:30:00+01:00
0.002000, 0.07, 1.04, 2025-04-20T18:30:00+01:00, 2025-04-20T19:00:00+01:00
0.002000, 0.05, 1.04, 2025-04-20T19:00:00+01:00, 2025-04-20T19:30:00+01:00
0.003000, 0.07, 1.04, 2025-04-20T19:30:00+01:00, 2025-04-20T20:00:00+01:00
0.002000, 0.05, 1.04, 2025-04-20T20:00:00+01:00, 2025-04-20T20:30:00+01:00
0.002000, 0.05, 1.04, 2025-04-20T20:30:00+01:00, 2025-04-20T21:00:00+01:00
0.001000, 0.02, 1.04, 2025-04-20T21:00:00+01:00, 2025-04-20T21:30:00+01:00
0.002000, 0.04, 1.04, 2025-04-20T21:30:00+01:00, 2025-04-20T22:00:00+01:00
0.003000, 0.06, 1.04, 2025-04-20T22:00:00+01:00, 2025-04-20T22:30:00+01:00
0.002000, 0.04, 1.04, 2025-04-20T22:30:00+01:00, 2025-04-20T23:00:00+01:00
0.001000, 0.02, 1.04, 2025-04-20T23:00:00+01:00, 2025-04-20T23:30:00+01:00
0.003000, 0.06, 1.04, 2025-04-20T23:30:00+01:00, 2025-04-21T00:00:00+01:00
1.290000, 21.66, 1.04, 2025-04-21T00:00:00+01:00, 2025-04-21T00:30:00+01:00
1.265000, 22.31, 1.04, 2025-04-21T00:30:00+01:00, 2025-04-21T01:00:00+01:00
0.942000, 15.24, 1.04, 2025-04-21T01:00:00+01:00, 2025-04-21T01:30:00+01:00
0.231000, 3.87, 1.04, 2025-04-21T01:30:00+01:00, 2025-04-21T02:00:00+01:00
0.226000, 4.01, 1.04, 2025-04-21T02:00:00+01:00, 2025-04-21T02:30:00+01:00
0.216000, 3.57, 1.04, 2025-04-21T02:30:00+01:00, 2025-04-21T03:00:00+01:00
0.180000, 3.1, 1.04, 2025-04-21T03:00:00+01:00, 2025-04-21T03:30:00+01:00
0.240000, 4.03, 1.04, 2025-04-21T03:30:00+01:00, 2025-04-21T04:00:00+01:00
0.218000, 3.92, 1.04, 2025-04-21T04:00:00+01:00, 2025-04-21T04:30:00+01:00
0.226000, 3.86, 1.04, 2025-04-21T04:30:00+01:00, 2025-04-21T05:00:00+01:00
0.193000, 3.4, 1.04, 2025-04-21T05:00:00+01:00, 2025-04-21T05:30:00+01:00
0.198000, 3.49, 1.04, 2025-04-21T05:30:00+01:00, 2025-04-21T06:00:00+01:00
0.230000, 3.9, 1.04, 2025-04-21T06:00:00+01:00, 2025-04-21T06:30:00+01:00
0.184000, 3.37, 1.04, 2025-04-21T06:30:00+01:00, 2025-04-21T07:00:00+01:00
0.119000, 2.02, 1.04, 2025-04-21T07:00:00+01:00, 2025-04-21T07:30:00+01:00
0.163000, 3.06, 1.04, 2025-04-21T07:30:00+01:00, 2025-04-21T08:00:00+01:00
0.009000, 0.15, 1.04, 2025-04-21T08:00:00+01:00, 2025-04-21T08:30:00+01:00
0.003000, 0.05, 1.04, 2025-04-21T08:30:00+01:00, 2025-04-21T09:00:00+01:00
0.001000, 0.02, 1.04, 2025-04-21T09:00:00+01:00, 2025-04-21T09:30:00+01:00
0.003000, 0.06, 1.04, 2025-04-21T09:30:00+01:00, 2025-04-21T10:00:00+01:00
0.002000, 0.04, 1.04, 2025-04-21T10:00:00+01:00, 2025-04-21T10:30:00+01:00
0.003000, 0.06, 1.04, 2025-04-21T10:30:00+01:00, 2025-04-21T11:00:00+01:00
0.002000, 0.04, 1.04, 2025-04-21T11:00:00+01:00, 2025-04-21T11:30:00+01:00
0.001000, 0.02, 1.04, 2025-04-21T11:30:00+01:00, 2025-04-21T12:00:00+01:00
0.003000, 0.06, 1.04, 2025-04-21T12:00:00+01:00, 2025-04-21T12:30:00+01:00
0.002000, 0.04, 1.04, 2025-04-21T12:30:00+01:00, 2025-04-21T13:00:00+01:00
0.002000, 0.03, 1.04, 2025-04-21T13:00:00+01:00, 2025-04-21T13:30:00+01:00
0.003000, 0.05, 1.04, 2025-04-21T13:30:00+01:00, 2025-04-21T14:00:00+01:00
0.002000, 0.03, 1.04, 2025-04-21T14:00:00+01:00, 2025-04-21T14:30:00+01:00
0.002000, 0.03, 1.04, 2025-04-21T14:30:00+01:00, 2025-04-21T15:00:00+01:00
0.008000, 0.13, 1.04, 2025-04-21T15:00:00+01:00, 2025-04-21T15:30:00+01:00
0.006000, 0.1, 1.04, 2025-04-21T15:30:00+01:00, 2025-04-21T16:00:00+01:00
0.005000, 0.15, 1.04, 2025-04-21T16:00:00+01:00, 2025-04-21T16:30:00+01:00
0.004000, 0.12, 1.04, 2025-04-21T16:30:00+01:00, 2025-04-21T17:00:00+01:00
0.001000, 0.03, 1.04, 2025-04-21T17:00:00+01:00, 2025-04-21T17:30:00+01:00
0.003000, 0.1, 1.04, 2025-04-21T17:30:00+01:00, 2025-04-21T18:00:00+01:00
0.009000, 0.32, 1.04, 2025-04-21T18:00:00+01:00, 2025-04-21T18:30:00+01:00
0.004000, 0.15, 1.04, 2025-04-21T18:30:00+01:00, 2025-04-21T19:00:00+01:00
0.003000, 0.07, 1.04, 2025-04-21T19:00:00+01:00, 2025-04-21T19:30:00+01:00
0.002000, 0.05, 1.04, 2025-04-21T19:30:00+01:00, 2025-04-21T20:00:00+01:00
0.004000, 0.1, 1.04, 2025-04-21T20:00:00+01:00, 2025-04-21T20:30:00+01:00
0.004000, 0.09, 1.04, 2025-04-21T20:30:00+01:00, 2025-04-21T21:00:00+01:00
0.004000, 0.1, 1.04, 2025-04-21T21:00:00+01:00, 2025-04-21T21:30:00+01:00
0.004000, 0.08, 1.04, 2025-04-21T21:30:00+01:00, 2025-04-21T22:00:00+01:00
0.003000, 0.06, 1.04, 2025-04-21T22:00:00+01:00, 2025-04-21T22:30:00+01:00
0.004000, 0.06, 1.04, 2025-04-21T22:30:00+01:00, 2025-04-21T23:00:00+01:00
0.002000, 0.04, 1.04, 2025-04-21T23:00:00+01:00, 2025-04-21T23:30:00+01:00
0.002000, 0.04, 1.04, 2025-04-21T23:30:00+01:00, 2025-04-22T00:00:00+01:00
1.270000, 22.96, 1.04, 2025-04-22T00:00:00+01:00, 2025-04-22T00:30:00+01:00
1.321000, 25.05, 1.04, 2025-04-22T00:30:00+01:00, 2025-04-22T01:00:00+01:00
1.324000, 21.02, 1.04, 2025-04-22T01:00:00+01:00, 2025-04-22T01:30:00+01:00
1.297000, 20.9, 1.04, 2025-04-22T01:30:00+01:00, 2025-04-22T02:00:00+01:00
1.308000, 21.34, 1.04, 2025-04-22T02:00:00+01:00, 2025-04-22T02:30:00+01:00
1.268000, 20.44, 1.04, 2025-04-22T02:30:00+01:00, 2025-04-22T03:00:00+01:00
0.633000, 10.95, 1.04, 2025-04-22T03:00:00+01:00, 2025-04-22T03:30:00+01:00
0.244000, 3.99, 1.04, 2025-04-22T03:30:00+01:00, 2025-04-22T04:00:00+01:00
0.229000, 4.12, 1.04, 2025-04-22T04:00:00+01:00, 2025-04-22T04:30:00+01:00
0.218000, 3.7, 1.04, 2025-04-22T04:30:00+01:00, 2025-04-22T05:00:00+01:00
0.215000, 4.17, 1.04, 2025-04-22T05:00:00+01:00, 2025-04-22T05:30:00+01:00
0.202000, 4.01, 1.04, 2025-04-22T05:30:00+01:00, 2025-04-22T06:00:00+01:00
0.210000, 4.89, 1.04, 2025-04-22T06:00:00+01:00, 2025-04-22T06:30:00+01:00
0.127000, 3.25, 1.04, 2025-04-22T06:30:00+01:00, 2025-04-22T07:00:00+01:00
0.098000, 2.39, 1.04, 2025-04-22T07:00:00+01:00, 2025-04-22T07:30:00+01:00
0.040000, 1.03, 1.04, 2025-04-22T07:30:00+01:00, 2025-04-22T08:00:00+01:00
0.061000, 1.42, 1.04, 2025-04-22T08:00:00+01:00, 2025-04-22T08:30:00+01:00
0.020000, 0.41, 1.04, 2025-04-22T08:30:00+01:00, 2025-04-22T09:00:00+01:00
0.005000, 0.09, 1.04, 2025-04-22T09:00:00+01:00, 2025-04-22T09:30:00+01:00
0.004000, 0.07, 1.04, 2025-04-22T09:30:00+01:00, 2025-04-22T10:00:00+01:00
0.006000, 0.11, 1.04, 2025-04-22T10:00:00+01:00, 2025-04-22T10:30:00+01:00
0.002000, 0.03, 1.04, 2025-04-22T10:30:00+01:00, 2025-04-22T11:00:00+01:00
0.001000, 0.02, 1.04, 2025-04-22T11:00:00+01:00, 2025-04-22T11:30:00+01:00
0.006000, 0.09, 1.04, 2025-04-22T11:30:00+01:00, 2025-04-22T12:00:00+01:00
0.019000, 0.29, 1.04, 2025-04-22T12:00:00+01:00, 2025-04-22T12:30:00+01:00
0.005000, 0.07, 1.04, 2025-04-22T12:30:00+01:00, 2025-04-22T13:00:00+01:00
0.003000, 0.05, 1.04, 2025-04-22T13:00:00+01:00, 2025-04-22T13:30:00+01:00
0.001000, 0.01, 1.04, 2025-04-22T13:30:00+01:00, 2025-04-22T14:00:00+01:00
0.018000, 0.27, 1.04, 2025-04-22T14:00:00+01:00, 2025-04-22T14:30:00+01:00
0.000000, 0, 1.04, 2025-04-22T14:30:00+01:00, 2025-04-22T15:00:00+01:00
0.001000, 0.02, 1.04, 2025-04-22T15:00:00+01:00, 2025-04-22T15:30:00+01:00
0.002000, 0.03, 1.04, 2025-04-22T15:30:00+01:00, 2025-04-22T16:00:00+01:00
0.000000, 0, 1.04, 2025-04-22T16:00:00+01:00, 2025-04-22T16:30:00+01:00
0.001000, 0.03, 1.04, 2025-04-22T16:30:00+01:00, 2025-04-22T17:00:00+01:00
0.003000, 0.1, 1.04, 2025-04-22T17:00:00+01:00, 2025-04-22T17:30:00+01:00
0.005000, 0.17, 1.04, 2025-04-22T17:30:00+01:00, 2025-04-22T18:00:00+01:00
0.001000, 0.04, 1.04, 2025-04-22T18:00:00+01:00, 2025-04-22T18:30:00+01:00
0.002000, 0.07, 1.04, 2025-04-22T18:30:00+01:00, 2025-04-22T19:00:00+01:00
0.003000, 0.07, 1.04, 2025-04-22T19:00:00+01:00, 2025-04-22T19:30:00+01:00
0.002000, 0.05, 1.04, 2025-04-22T19:30:00+01:00, 2025-04-22T20:00:00+01:00
0.002000, 0.05, 1.04, 2025-04-22T20:00:00+01:00, 2025-04-22T20:30:00+01:00
0.003000, 0.07, 1.04, 2025-04-22T20:30:00+01:00, 2025-04-22T21:00:00+01:00
0.003000, 0.07, 1.04, 2025-04-22T21:00:00+01:00, 2025-04-22T21:30:00+01:00
0.002000, 0.04, 1.04, 2025-04-22T21:30:00+01:00, 2025-04-22T22:00:00+01:00
0.003000, 0.05, 1.04, 2025-04-22T22:00:00+01:00, 2025-04-22T22:30:00+01:00
0.004000, 0.06, 1.04, 2025-04-22T22:30:00+01:00, 2025-04-22T23:00:00+01:00
0.002000, 0.03, 1.04, 2025-04-22T23:00:00+01:00, 2025-04-22T23:30:00+01:00
0.003000, 0.05, 1.04, 2025-04-22T23:30:00+01:00, 2025-04-23T00:00:00+01:00
1.303000, 20.55, 1.04, 2025-04-23T00:00:00+01:00, 2025-04-23T00:30:00+01:00
1.313000, 20.71, 1.04, 2025-04-23T00:30:00+01:00, 2025-04-23T01:00:00+01:00
1.278000, 20.34, 1.04, 2025-04-23T01:00:00+01:00, 2025-04-23T01:30:00+01:00
1.310000, 21.32, 1.04, 2025-04-23T01:30:00+01:00, 2025-04-23T02:00:00+01:00
1.293000, 21.49, 1.04, 2025-04-23T02:00:00+01:00, 2025-04-23T02:30:00+01:00
0.593000, 9.68, 1.04, 2025-04-23T02:30:00+01:00, 2025-04-23T03:00:00+01:00
0.226000, 3.56, 1.04, 2025-04-23T03:00:00+01:00, 2025-04-23T03:30:00+01:00
0.210000, 3.31, 1.04, 2025-04-23T03:30:00+01:00, 2025-04-23T04:00:00+01:00
0.198000, 3.29, 1.04, 2025-04-23T04:00:00+01:00, 2025-04-23T04:30:00+01:00
0.242000, 3.82, 1.04, 2025-04-23T04:30:00+01:00, 2025-04-23T05:00:00+01:00
0.217000, 3.68, 1.04, 2025-04-23T05:00:00+01:00, 2025-04-23T05:30:00+01:00
0.228000, 4.12, 1.04, 2025-04-23T05:30:00+01:00, 2025-04-23T06:00:00+01:00
0.217000, 4.44, 1.04, 2025-04-23T06:00:00+01:00, 2025-04-23T06:30:00+01:00
0.157000, 3.7, 1.04, 2025-04-23T06:30:00+01:00, 2025-04-23T07:00:00+01:00
0.183000, 3.91, 1.04, 2025-04-23T07:00:00+01:00, 2025-04-23T07:30:00+01:00
0.116000, 2.81, 1.04, 2025-04-23T07:30:00+01:00, 2025-04-23T08:00:00+01:00
0.002000, 0.04, 1.04, 2025-04-23T08:00:00+01:00, 2025-04-23T08:30:00+01:00
0.002000, 0.04, 1.04, 2025-04-23T08:30:00+01:00, 2025-04-23T09:00:00+01:00
0.007000, 0.14, 1.04, 2025-04-23T09:00:00+01:00, 2025-04-23T09:30:00+01:00
0.029000, 0.55, 1.04, 2025-04-23T09:30:00+01:00, 2025-04-23T10:00:00+01:00
0.005000, 0.09, 1.04, 2025-04-23T10:00:00+01:00, 2025-04-23T10:30:00+01:00
0.012000, 0.21, 1.04, 2025-04-23T10:30:00+01:00, 2025-04-23T11:00:00+01:00
0.007000, 0.12, 1.04, 2025-04-23T11:00:00+01:00, 2025-04-23T11:30:00+01:00
0.017000, 0.29, 1.04, 2025-04-23T11:30:00+01:00, 2025-04-23T12:00:00+01:00
0.011000, 0.18, 1.04, 2025-04-23T12:00:00+01:00, 2025-04-23T12:30:00+01:00
0.003000, 0.05, 1.04, 2025-04-23T12:30:00+01:00, 2025-04-23T13:00:00+01:00
0.002000, 0.03, 1.04, 2025-04-23T13:00:00+01:00, 2025-04-23T13:30:00+01:00
0.000000, 0, 1.04, 2025-04-23T13:30:00+01:00, 2025-04-23T14:00:00+01:00
0.011000, 0.19, 1.04, 2025-04-23T14:00:00+01:00, 2025-04-23T14:30:00+01:00
0.007000, 0.12, 1.04, 2025-04-23T14:30:00+01:00, 2025-04-23T15:00:00+01:00
0.004000, 0.07, 1.04, 2025-04-23T15:00:00+01:00, 2025-04-23T15:30:00+01:00
0.002000, 0.03, 1.04, 2025-04-23T15:30:00+01:00, 2025-04-23T16:00:00+01:00
0.003000, 0.09, 1.04, 2025-04-23T16:00:00+01:00, 2025-04-23T16:30:00+01:00
0.004000, 0.13, 1.04, 2025-04-23T16:30:00+01:00, 2025-04-23T17:00:00+01:00
0.028000, 0.92, 1.04, 2025-04-23T17:00:00+01:00, 2025-04-23T17:30:00+01:00
0.141000, 4.89, 1.04, 2025-04-23T17:30:00+01:00, 2025-04-23T18:00:00+01:00
0.064000, 2.34, 1.04, 2025-04-23T18:00:00+01:00, 2025-04-23T18:30:00+01:00
0.003000, 0.11, 1.04, 2025-04-23T18:30:00+01:00, 2025-04-23T19:00:00+01:00
0.005000, 0.12, 1.04, 2025-04-23T19:00:00+01:00, 2025-04-23T19:30:00+01:00
0.009000, 0.23, 1.04, 2025-04-23T19:30:00+01:00, 2025-04-23T20:00:00+01:00
0.002000, 0.05, 1.04, 2025-04-23T20:00:00+01:00, 2025-04-23T20:30:00+01:00
0.005000, 0.12, 1.04, 2025-04-23T20:30:00+01:00, 2025-04-23T21:00:00+01:00
0.005000, 0.11, 1.04, 2025-04-23T21:00:00+01:00, 2025-04-23T21:30:00+01:00
0.003000, 0.06, 1.04, 2025-04-23T21:30:00+01:00, 2025-04-23T22:00:00+01:00
0.004000, 0.08, 1.04, 2025-04-23T22:00:00+01:00, 2025-04-23T22:30:00+01:00
0.002000, 0.04, 1.04, 2025-04-23T22:30:00+01:00, 2025-04-23T23:00:00+01:00
0.003000, 0.06, 1.04, 2025-04-23T23:00:00+01:00, 2025-04-23T23:30:00+01:00
0.001000, 0.02, 1.04, 2025-04-23T23:30:00+01:00, 2025-04-24T00:00:00+01:00
1.294000, 20.3, 1.04, 2025-04-24T00:00:00+01:00, 2025-04-24T00:30:00+01:00
1.284000, 20.1, 1.04, 2025-04-24T00:30:00+01:00, 2025-04-24T01:00:00+01:00
1.318000, 20.63, 1.04, 2025-04-24T01:00:00+01:00, 2025-04-24T01:30:00+01:00
1.302000, 20.38, 1.04, 2025-04-24T01:30:00+01:00, 2025-04-24T02:00:00+01:00
1.285000, 20.54, 1.04, 2025-04-24T02:00:00+01:00, 2025-04-24T02:30:00+01:00
1.295000, 20.27, 1.04, 2025-04-24T02:30:00+01:00, 2025-04-24T03:00:00+01:00
1.101000, 18.45, 1.04, 2025-04-24T03:00:00+01:00, 2025-04-24T03:30:00+01:00
0.275000, 4.43, 1.04, 2025-04-24T03:30:00+01:00, 2025-04-24T04:00:00+01:00
0.226000, 3.84, 1.04, 2025-04-24T04:00:00+01:00, 2025-04-24T04:30:00+01:00
0.244000, 3.82, 1.04, 2025-04-24T04:30:00+01:00, 2025-04-24T05:00:00+01:00
0.211000, 3.79, 1.04, 2025-04-24T05:00:00+01:00, 2025-04-24T05:30:00+01:00
0.226000, 4.04, 1.04, 2025-04-24T05:30:00+01:00, 2025-04-24T06:00:00+01:00
0.189000, 3.54, 1.04, 2025-04-24T06:00:00+01:00, 2025-04-24T06:30:00+01:00
0.154000, 3.4, 1.04, 2025-04-24T06:30:00+01:00, 2025-04-24T07:00:00+01:00
0.147000, 3.05, 1.04, 2025-04-24T07:00:00+01:00, 2025-04-24T07:30:00+01:00
0.089000, 2, 1.04, 2025-04-24T07:30:00+01:00, 2025-04-24T08:00:00+01:00
0.073000, 1.53, 1.04, 2025-04-24T08:00:00+01:00, 2025-04-24T08:30:00+01:00
0.011000, 0.22, 1.04, 2025-04-24T08:30:00+01:00, 2025-04-24T09:00:00+01:00
0.005000, 0.11, 1.04, 2025-04-24T09:00:00+01:00, 2025-04-24T09:30:00+01:00
0.041000, 0.81, 1.04, 2025-04-24T09:30:00+01:00, 2025-04-24T10:00:00+01:00
0.007000, 0.13, 1.04, 2025-04-24T10:00:00+01:00, 2025-04-24T10:30:00+01:00
0.007000, 0.13, 1.04, 2025-04-24T10:30:00+01:00, 2025-04-24T11:00:00+01:00
0.002000, 0.03, 1.04, 2025-04-24T11:00:00+01:00, 2025-04-24T11:30:00+01:00
0.000000, 0, 1.04, 2025-04-24T11:30:00+01:00, 2025-04-24T12:00:00+01:00
0.000000, 0, 1.04, 2025-04-24T12:00:00+01:00, 2025-04-24T12:30:00+01:00
0.000000, 0, 1.04, 2025-04-24T12:30:00+01:00, 2025-04-24T13:00:00+01:00
0.030000, 0.5, 1.04, 2025-04-24T13:00:00+01:00, 2025-04-24T13:30:00+01:00
0.002000, 0.03, 1.04, 2025-04-24T13:30:00+01:00, 2025-04-24T14:00:00+01:00
0.001000, 0.02, 1.04, 2025-04-24T14:00:00+01:00, 2025-04-24T14:30:00+01:00
0.001000, 0.02, 1.04, 2025-04-24T14:30:00+01:00, 2025-04-24T15:00:00+01:00
0.000000, 0, 1.04, 2025-04-24T15:00:00+01:00, 2025-04-24T15:30:00+01:00
0.003000, 0.05, 1.04, 2025-04-24T15:30:00+01:00, 2025-04-24T16:00:00+01:00
0.003000, 0.09, 1.04, 2025-04-24T16:00:00+01:00, 2025-04-24T16:30:00+01:00
0.002000, 0.06, 1.04, 2025-04-24T16:30:00+01:00, 2025-04-24T17:00:00+01:00
0.003000, 0.09, 1.04, 2025-04-24T17:00:00+01:00, 2025-04-24T17:30:00+01:00
0.001000, 0.03, 1.04, 2025-04-24T17:30:00+01:00, 2025-04-24T18:00:00+01:00
0.005000, 0.16, 1.04, 2025-04-24T18:00:00+01:00, 2025-04-24T18:30:00+01:00
0.002000, 0.07, 1.04, 2025-04-24T18:30:00+01:00, 2025-04-24T19:00:00+01:00
0.003000, 0.06, 1.04, 2025-04-24T19:00:00+01:00, 2025-04-24T19:30:00+01:00
0.003000, 0.07, 1.04, 2025-04-24T19:30:00+01:00, 2025-04-24T20:00:00+01:00
0.005000, 0.11, 1.04, 2025-04-24T20:00:00+01:00, 2025-04-24T20:30:00+01:00
0.002000, 0.04, 1.04, 2025-04-24T20:30:00+01:00, 2025-04-24T21:00:00+01:00
0.003000, 0.06, 1.04, 2025-04-24T21:00:00+01:00, 2025-04-24T21:30:00+01:00
0.002000, 0.03, 1.04, 2025-04-24T21:30:00+01:00, 2025-04-24T22:00:00+01:00
0.003000, 0.05, 1.04, 2025-04-24T22:00:00+01:00, 2025-04-24T22:30:00+01:00
0.003000, 0.05, 1.04, 2025-04-24T22:30:00+01:00, 2025-04-24T23:00:00+01:00
0.003000, 0.05, 1.04, 2025-04-24T23:00:00+01:00, 2025-04-24T23:30:00+01:00
0.002000, 0.03, 1.04, 2025-04-24T23:30:00+01:00, 2025-04-25T00:00:00+01:00
1.295000, 19.7, 1.04, 2025-04-25T00:00:00+01:00, 2025-04-25T00:30:00+01:00
1.327000, 19.45, 1.04, 2025-04-25T00:30:00+01:00, 2025-04-25T01:00:00+01:00
1.282000, 19.87, 1.04, 2025-04-25T01:00:00+01:00, 2025-04-25T01:30:00+01:00
1.300000, 20.24, 1.04, 2025-04-25T01:30:00+01:00, 2025-04-25T02:00:00+01:00
1.109000, 17.68, 1.04, 2025-04-25T02:00:00+01:00, 2025-04-25T02:30:00+01:00
0.306000, 4.67, 1.04, 2025-04-25T02:30:00+01:00, 2025-04-25T03:00:00+01:00
0.244000, 3.96, 1.04, 2025-04-25T03:00:00+01:00, 2025-04-25T03:30:00+01:00
0.214000, 3.32, 1.04, 2025-04-25T03:30:00+01:00, 2025-04-25T04:00:00+01:00
0.214000, 3.58, 1.04, 2025-04-25T04:00:00+01:00, 2025-04-25T04:30:00+01:00
0.221000, 3.36, 1.04, 2025-04-25T04:30:00+01:00, 2025-04-25T05:00:00+01:00
0.213000, 3.71, 1.04, 2025-04-25T05:00:00+01:00, 2025-04-25T05:30:00+01:00
0.241000, 4.17, 1.04, 2025-04-25T05:30:00+01:00, 2025-04-25T06:00:00+01:00
0.194000, 3.85, 1.04, 2025-04-25T06:00:00+01:00, 2025-04-25T06:30:00+01:00
0.200000, 4.37, 1.04, 2025-04-25T06:30:00+01:00, 2025-04-25T07:00:00+01:00
0.157000, 3.38, 1.04, 2025-04-25T07:00:00+01:00, 2025-04-25T07:30:00+01:00
0.044000, 0.97, 1.04, 2025-04-25T07:30:00+01:00, 2025-04-25T08:00:00+01:00
0.009000, 0.2, 1.04, 2025-04-25T08:00:00+01:00, 2025-04-25T08:30:00+01:00
0.055000, 1.11, 1.04, 2025-04-25T08:30:00+01:00, 2025-04-25T09:00:00+01:00
0.005000, 0.1, 1.04, 2025-04-25T09:00:00+01:00, 2025-04-25T09:30:00+01:00
0.004000, 0.08, 1.04, 2025-04-25T09:30:00+01:00, 2025-04-25T10:00:00+01:00
0.004000, 0.07, 1.04, 2025-04-25T10:00:00+01:00, 2025-04-25T10:30:00+01:00
0.004000, 0.07, 1.04, 2025-04-25T10:30:00+01:00, 2025-04-25T11:00:00+01:00
0.000000, 0, 1.04, 2025-04-25T11:00:00+01:00, 2025-04-25T11:30:00+01:00
0.001000, 0.02, 1.04, 2025-04-25T11:30:00+01:00, 2025-04-25T12:00:00+01:00
0.009000, 0.15, 1.04, 2025-04-25T12:00:00+01:00, 2025-04-25T12:30:00+01:00
0.003000, 0.05, 1.04, 2025-04-25T12:30:00+01:00, 2025-04-25T13:00:00+01:00
0.004000, 0.06, 1.04, 2025-04-25T13:00:00+01:00, 2025-04-25T13:30:00+01:00
0.003000, 0.05, 1.04, 2025-04-25T13:30:00+01:00, 2025-04-25T14:00:00+01:00
0.000000, 0, 1.04, 2025-04-25T14:00:00+01:00, 2025-04-25T14:30:00+01:00
0.001000, 0.01, 1.04, 2025-04-25T14:30:00+01:00, 2025-04-25T15:00:00+01:00
0.001000, 0.02, 1.04, 2025-04-25T15:00:00+01:00, 2025-04-25T15:30:00+01:00
0.001000, 0.02, 1.04, 2025-04-25T15:30:00+01:00, 2025-04-25T16:00:00+01:00
0.004000, 0.11, 1.04, 2025-04-25T16:00:00+01:00, 2025-04-25T16:30:00+01:00
0.000000, 0, 1.04, 2025-04-25T16:30:00+01:00, 2025-04-25T17:00:00+01:00
0.004000, 0.12, 1.04, 2025-04-25T17:00:00+01:00, 2025-04-25T17:30:00+01:00
0.008000, 0.26, 1.04, 2025-04-25T17:30:00+01:00, 2025-04-25T18:00:00+01:00
0.011000, 0.38, 1.04, 2025-04-25T18:00:00+01:00, 2025-04-25T18:30:00+01:00
0.002000, 0.07, 1.04, 2025-04-25T18:30:00+01:00, 2025-04-25T19:00:00+01:00
0.002000, 0.04, 1.04, 2025-04-25T19:00:00+01:00, 2025-04-25T19:30:00+01:00
0.003000, 0.07, 1.04, 2025-04-25T19:30:00+01:00, 2025-04-25T20:00:00+01:00
0.003000, 0.06, 1.04, 2025-04-25T20:00:00+01:00, 2025-04-25T20:30:00+01:00
0.004000, 0.09, 1.04, 2025-04-25T20:30:00+01:00, 2025-04-25T21:00:00+01:00
0.004000, 0.08, 1.04, 2025-04-25T21:00:00+01:00, 2025-04-25T21:30:00+01:00
0.012000, 0.23, 1.04, 2025-04-25T21:30:00+01:00, 2025-04-25T22:00:00+01:00
0.002000, 0.03, 1.04, 2025-04-25T22:00:00+01:00, 2025-04-25T22:30:00+01:00
0.002000, 0.03, 1.04, 2025-04-25T22:30:00+01:00, 2025-04-25T23:00:00+01:00
0.003000, 0.06, 1.04, 2025-04-25T23:00:00+01:00, 2025-04-25T23:30:00+01:00
0.003000, 0.05, 1.04, 2025-04-25T23:30:00+01:00, 2025-04-26T00:00:00+01:00
1.295000, 20.87, 1.04, 2025-04-26T00:00:00+01:00, 2025-04-26T00:30:00+01:00
1.322000, 21.04, 1.04, 2025-04-26T00:30:00+01:00, 2025-04-26T01:00:00+01:00
1.298000, 20.29, 1.04, 2025-04-26T01:00:00+01:00, 2025-04-26T01:30:00+01:00
1.281000, 20.08, 1.04, 2025-04-26T01:30:00+01:00, 2025-04-26T02:00:00+01:00
0.716000, 11.57, 1.04, 2025-04-26T02:00:00+01:00, 2025-04-26T02:30:00+01:00
0.255000, 3.92, 1.04, 2025-04-26T02:30:00+01:00, 2025-04-26T03:00:00+01:00
0.219000, 3.48, 1.04, 2025-04-26T03:00:00+01:00, 2025-04-26T03:30:00+01:00
0.215000, 3.3, 1.04, 2025-04-26T03:30:00+01:00, 2025-04-26T04:00:00+01:00
0.208000, 3.39, 1.04, 2025-04-26T04:00:00+01:00, 2025-04-26T04:30:00+01:00
0.222000, 3.62, 1.04, 2025-04-26T04:30:00+01:00, 2025-04-26T05:00:00+01:00
0.241000, 3.92, 1.04, 2025-04-26T05:00:00+01:00, 2025-04-26T05:30:00+01:00
0.236000, 3.74, 1.04, 2025-04-26T05:30:00+01:00, 2025-04-26T06:00:00+01:00
0.186000, 3.12, 1.04, 2025-04-26T06:00:00+01:00, 2025-04-26T06:30:00+01:00
0.172000, 2.99, 1.04, 2025-04-26T06:30:00+01:00, 2025-04-26T07:00:00+01:00
0.096000, 1.69, 1.04, 2025-04-26T07:00:00+01:00, 2025-04-26T07:30:00+01:00
0.073000, 1.3, 1.04, 2025-04-26T07:30:00+01:00, 2025-04-26T08:00:00+01:00
0.027000, 0.52, 1.04, 2025-04-26T08:00:00+01:00, 2025-04-26T08:30:00+01:00
0.004000, 0.08, 1.04, 2025-04-26T08:30:00+01:00, 2025-04-26T09:00:00+01:00
0.003000, 0.06, 1.04, 2025-04-26T09:00:00+01:00, 2025-04-26T09:30:00+01:00
0.005000, 0.09, 1.04, 2025-04-26T09:30:00+01:00, 2025-04-26T10:00:00+01:00
0.003000, 0.06, 1.04, 2025-04-26T10:00:00+01:00, 2025-04-26T10:30:00+01:00
0.001000, 0.02, 1.04, 2025-04-26T10:30:00+01:00, 2025-04-26T11:00:00+01:00
0.002000, 0.04, 1.04, 2025-04-26T11:00:00+01:00, 2025-04-26T11:30:00+01:00
0.151000, 2.46, 1.04, 2025-04-26T11:30:00+01:00, 2025-04-26T12:00:00+01:00
0.015000, 0.24, 1.04, 2025-04-26T12:00:00+01:00, 2025-04-26T12:30:00+01:00
0.008000, 0.12, 1.04, 2025-04-26T12:30:00+01:00, 2025-04-26T13:00:00+01:00
0.004000, 0.06, 1.04, 2025-04-26T13:00:00+01:00, 2025-04-26T13:30:00+01:00
0.002000, 0.03, 1.04, 2025-04-26T13:30:00+01:00, 2025-04-26T14:00:00+01:00
0.002000, 0.03, 1.04, 2025-04-26T14:00:00+01:00, 2025-04-26T14:30:00+01:00
0.002000, 0.03, 1.04, 2025-04-26T14:30:00+01:00, 2025-04-26T15:00:00+01:00
0.009000, 0.14, 1.04, 2025-04-26T15:00:00+01:00, 2025-04-26T15:30:00+01:00
0.013000, 0.2, 1.04, 2025-04-26T15:30:00+01:00, 2025-04-26T16:00:00+01:00
0.009000, 0.24, 1.04, 2025-04-26T16:00:00+01:00, 2025-04-26T16:30:00+01:00
0.006000, 0.17, 1.04, 2025-04-26T16:30:00+01:00, 2025-04-26T17:00:00+01:00
0.004000, 0.11, 1.04, 2025-04-26T17:00:00+01:00, 2025-04-26T17:30:00+01:00
0.008000, 0.24, 1.04, 2025-04-26T17:30:00+01:00, 2025-04-26T18:00:00+01:00
0.005000, 0.15, 1.04, 2025-04-26T18:00:00+01:00, 2025-04-26T18:30:00+01:00
0.018000, 0.57, 1.04, 2025-04-26T18:30:00+01:00, 2025-04-26T19:00:00+01:00
0.003000, 0.06, 1.04, 2025-04-26T19:00:00+01:00, 2025-04-26T19:30:00+01:00
0.004000, 0.09, 1.04, 2025-04-26T19:30:00+01:00, 2025-04-26T20:00:00+01:00
0.006000, 0.13, 1.04, 2025-04-26T20:00:00+01:00, 2025-04-26T20:30:00+01:00
0.004000, 0.09, 1.04, 2025-04-26T20:30:00+01:00, 2025-04-26T21:00:00+01:00
0.002000, 0.04, 1.04, 2025-04-26T21:00:00+01:00, 2025-04-26T21:30:00+01:00
0.062000, 1.09, 1.04, 2025-04-26T21:30:00+01:00, 2025-04-26T22:00:00+01:00
0.361000, 6.14, 1.04, 2025-04-26T22:00:00+01:00, 2025-04-26T22:30:00+01:00
0.413000, 6.77, 1.04, 2025-04-26T22:30:00+01:00, 2025-04-26T23:00:00+01:00
0.393000, 6.59, 1.04, 2025-04-26T23:00:00+01:00, 2025-04-26T23:30:00+01:00
0.416000, 6.93, 1.04, 2025-04-26T23:30:00+01:00, 2025-04-27T00:00:00+01:00
1.328000, 21.96, 1.04, 2025-04-27T00:00:00+01:00, 2025-04-27T00:30:00+01:00
1.251000, 21.79, 1.04, 2025-04-27T00:30:00+01:00, 2025-04-27T01:00:00+01:00
1.250000, 20.51, 1.04, 2025-04-27T01:00:00+01:00, 2025-04-27T01:30:00+01:00
1.308000, 21.4, 1.04, 2025-04-27T01:30:00+01:00, 2025-04-27T02:00:00+01:00
1.279000, 23.62, 1.04, 2025-04-27T02:00:00+01:00, 2025-04-27T02:30:00+01:00
1.500000, 23.58, 1.04, 2025-04-27T02:30:00+01:00, 2025-04-27T03:00:00+01:00
1.274000, 19.42, 1.04, 2025-04-27T03:00:00+01:00, 2025-04-27T03:30:00+01:00
1.571000, 23.16, 1.04, 2025-04-27T03:30:00+01:00, 2025-04-27T04:00:00+01:00
1.236000, 19.35, 1.04, 2025-04-27T04:00:00+01:00, 2025-04-27T04:30:00+01:00
0.274000, 3.81, 1.04, 2025-04-27T04:30:00+01:00, 2025-04-27T05:00:00+01:00
0.137000, 1.93, 1.04, 2025-04-27T05:00:00+01:00, 2025-04-27T05:30:00+01:00
0.155000, 2.18, 1.04, 2025-04-27T05:30:00+01:00, 2025-04-27T06:00:00+01:00
0.134000, 1.59, 1.04, 2025-04-27T06:00:00+01:00, 2025-04-27T06:30:00+01:00
0.068000, 0.84, 1.04, 2025-04-27T06:30:00+01:00, 2025-04-27T07:00:00+01:00
0.072000, 0.64, 1.04, 2025-04-27T07:00:00+01:00, 2025-04-27T07:30:00+01:00
0.031000, 0.3, 1.04, 2025-04-27T07:30:00+01:00, 2025-04-27T08:00:00+01:00
0.023000, 0.1, 1.04, 2025-04-27T08:00:00+01:00, 2025-04-27T08:30:00+01:00
0.004000, 0.01, 1.04, 2025-04-27T08:30:00+01:00, 2025-04-27T09:00:00+01:00
0.004000, 0.02, 1.04, 2025-04-27T09:00:00+01:00, 2025-04-27T09:30:00+01:00
0.323000, 0.57, 1.04, 2025-04-27T09:30:00+01:00, 2025-04-27T10:00:00+01:00
0.134000, 0.3, 1.04, 2025-04-27T10:00:00+01:00, 2025-04-27T10:30:00+01:00
0.026000, -0.01, 1.04, 2025-04-27T10:30:00+01:00, 2025-04-27T11:00:00+01:00
0.010000, -0.01, 1.04, 2025-04-27T11:00:00+01:00, 2025-04-27T11:30:00+01:00
0.004000, 0, 1.04, 2025-04-27T11:30:00+01:00, 2025-04-27T12:00:00+01:00
0.000000, 0, 1.04, 2025-04-27T12:00:00+01:00, 2025-04-27T12:30:00+01:00
0.000000, 0, 1.04, 2025-04-27T12:30:00+01:00, 2025-04-27T13:00:00+01:00
0.000000, 0, 1.04, 2025-04-27T13:00:00+01:00, 2025-04-27T13:30:00+01:00
0.000000, 0, 1.04, 2025-04-27T13:30:00+01:00, 2025-04-27T14:00:00+01:00
0.001000, 0, 1.04, 2025-04-27T14:00:00+01:00, 2025-04-27T14:30:00+01:00
0.001000, 0, 1.04, 2025-04-27T14:30:00+01:00, 2025-04-27T15:00:00+01:00
0.000000, 0, 1.04, 2025-04-27T15:00:00+01:00, 2025-04-27T15:30:00+01:00
0.000000, 0, 1.04, 2025-04-27T15:30:00+01:00, 2025-04-27T16:00:00+01:00
0.002000, 0.03, 1.04, 2025-04-27T16:00:00+01:00, 2025-04-27T16:30:00+01:00
0.001000, 0.02, 1.04, 2025-04-27T16:30:00+01:00, 2025-04-27T17:00:00+01:00
0.002000, 0.06, 1.04, 2025-04-27T17:00:00+01:00, 2025-04-27T17:30:00+01:00
0.002000, 0.06, 1.04, 2025-04-27T17:30:00+01:00, 2025-04-27T18:00:00+01:00
0.003000, 0.1, 1.04, 2025-04-27T18:00:00+01:00, 2025-04-27T18:30:00+01:00
0.002000, 0.06, 1.04, 2025-04-27T18:30:00+01:00, 2025-04-27T19:00:00+01:00
0.002000, 0.04, 1.04, 2025-04-27T19:00:00+01:00, 2025-04-27T19:30:00+01:00
0.003000, 0.06, 1.04, 2025-04-27T19:30:00+01:00, 2025-04-27T20:00:00+01:00
0.004000, 0.08, 1.04, 2025-04-27T20:00:00+01:00, 2025-04-27T20:30:00+01:00
0.004000, 0.08, 1.04, 2025-04-27T20:30:00+01:00, 2025-04-27T21:00:00+01:00
0.006000, 0.11, 1.04, 2025-04-27T21:00:00+01:00, 2025-04-27T21:30:00+01:00
0.018000, 0.3, 1.04, 2025-04-27T21:30:00+01:00, 2025-04-27T22:00:00+01:00
0.004000, 0.07, 1.04, 2025-04-27T22:00:00+01:00, 2025-04-27T22:30:00+01:00
0.001000, 0.01, 1.04, 2025-04-27T22:30:00+01:00, 2025-04-27T23:00:00+01:00
0.001000, 0.02, 1.04, 2025-04-27T23:00:00+01:00, 2025-04-27T23:30:00+01:00
0.003000, 0.04, 1.04, 2025-04-27T23:30:00+01:00, 2025-04-28T00:00:00+01:00
1.303000, 18.96, 1.04, 2025-04-28T00:00:00+01:00, 2025-04-28T00:30:00+01:00
1.262000, 18.26, 1.04, 2025-04-28T00:30:00+01:00, 2025-04-28T01:00:00+01:00
1.291000, 18.22, 1.04, 2025-04-28T01:00:00+01:00, 2025-04-28T01:30:00+01:00
1.392000, 18.84, 1.04, 2025-04-28T01:30:00+01:00, 2025-04-28T02:00:00+01:00
1.185000, 17.79, 1.04, 2025-04-28T02:00:00+01:00, 2025-04-28T02:30:00+01:00
0.330000, 4.49, 1.04, 2025-04-28T02:30:00+01:00, 2025-04-28T03:00:00+01:00
0.237000, 3.86, 1.04, 2025-04-28T03:00:00+01:00, 2025-04-28T03:30:00+01:00
0.218000, 3.2, 1.04, 2025-04-28T03:30:00+01:00, 2025-04-28T04:00:00+01:00
0.211000, 3.7, 1.04, 2025-04-28T04:00:00+01:00, 2025-04-28T04:30:00+01:00
0.199000, 2.82, 1.04, 2025-04-28T04:30:00+01:00, 2025-04-28T05:00:00+01:00
0.210000, 3.61, 1.04, 2025-04-28T05:00:00+01:00, 2025-04-28T05:30:00+01:00
0.238000, 4.03, 1.04, 2025-04-28T05:30:00+01:00, 2025-04-28T06:00:00+01:00
0.218000, 4.15, 1.04, 2025-04-28T06:00:00+01:00, 2025-04-28T06:30:00+01:00
0.107000, 2.34, 1.04, 2025-04-28T06:30:00+01:00, 2025-04-28T07:00:00+01:00
0.064000, 1.19, 1.04, 2025-04-28T07:00:00+01:00, 2025-04-28T07:30:00+01:00
0.046000, 0.97, 1.04, 2025-04-28T07:30:00+01:00, 2025-04-28T08:00:00+01:00
0.003000, 0.07, 1.04, 2025-04-28T08:00:00+01:00, 2025-04-28T08:30:00+01:00
0.002000, 0.04, 1.04, 2025-04-28T08:30:00+01:00, 2025-04-28T09:00:00+01:00
0.003000, 0.05, 1.04, 2025-04-28T09:00:00+01:00, 2025-04-28T09:30:00+01:00
0.003000, 0.04, 1.04, 2025-04-28T09:30:00+01:00, 2025-04-28T10:00:00+01:00
0.006000, 0.09, 1.04, 2025-04-28T10:00:00+01:00, 2025-04-28T10:30:00+01:00
0.014000, 0.19, 1.04, 2025-04-28T10:30:00+01:00, 2025-04-28T11:00:00+01:00
0.002000, 0.03, 1.04, 2025-04-28T11:00:00+01:00, 2025-04-28T11:30:00+01:00
0.001000, 0.01, 1.04, 2025-04-28T11:30:00+01:00, 2025-04-28T12:00:00+01:00
0.125000, 1.6, 1.04, 2025-04-28T12:00:00+01:00, 2025-04-28T12:30:00+01:00
0.005000, 0.06, 1.04, 2025-04-28T12:30:00+01:00, 2025-04-28T13:00:00+01:00
0.001000, 0.01, 1.04, 2025-04-28T13:00:00+01:00, 2025-04-28T13:30:00+01:00
0.002000, 0.03, 1.04, 2025-04-28T13:30:00+01:00, 2025-04-28T14:00:00+01:00
0.000000, 0, 1.04, 2025-04-28T14:00:00+01:00, 2025-04-28T14:30:00+01:00
0.012000, 0.16, 1.04, 2025-04-28T14:30:00+01:00, 2025-04-28T15:00:00+01:00
0.007000, 0.09, 1.04, 2025-04-28T15:00:00+01:00, 2025-04-28T15:30:00+01:00
0.000000, 0, 1.04, 2025-04-28T15:30:00+01:00, 2025-04-28T16:00:00+01:00
0.010000, 0.26, 1.04, 2025-04-28T16:00:00+01:00, 2025-04-28T16:30:00+01:00
0.001000, 0.03, 1.04, 2025-04-28T16:30:00+01:00, 2025-04-28T17:00:00+01:00
0.001000, 0.03, 1.04, 2025-04-28T17:00:00+01:00, 2025-04-28T17:30:00+01:00
0.004000, 0.12, 1.04, 2025-04-28T17:30:00+01:00, 2025-04-28T18:00:00+01:00
0.019000, 0.65, 1.04, 2025-04-28T18:00:00+01:00, 2025-04-28T18:30:00+01:00
0.003000, 0.11, 1.04, 2025-04-28T18:30:00+01:00, 2025-04-28T19:00:00+01:00
0.003000, 0.07, 1.04, 2025-04-28T19:00:00+01:00, 2025-04-28T19:30:00+01:00
0.002000, 0.05, 1.04, 2025-04-28T19:30:00+01:00, 2025-04-28T20:00:00+01:00
0.006000, 0.13, 1.04, 2025-04-28T20:00:00+01:00, 2025-04-28T20:30:00+01:00
0.003000, 0.07, 1.04, 2025-04-28T20:30:00+01:00, 2025-04-28T21:00:00+01:00
0.002000, 0.04, 1.04, 2025-04-28T21:00:00+01:00, 2025-04-28T21:30:00+01:00
0.002000, 0.03, 1.04, 2025-04-28T21:30:00+01:00, 2025-04-28T22:00:00+01:00
0.003000, 0.06, 1.04, 2025-04-28T22:00:00+01:00, 2025-04-28T22:30:00+01:00
0.005000, 0.07, 1.04, 2025-04-28T22:30:00+01:00, 2025-04-28T23:00:00+01:00
0.002000, 0.04, 1.04, 2025-04-28T23:00:00+01:00, 2025-04-28T23:30:00+01:00
0.001000, 0.02, 1.04, 2025-04-28T23:30:00+01:00, 2025-04-29T00:00:00+01:00
1.324000, 21.9, 1.04, 2025-04-29T00:00:00+01:00, 2025-04-29T00:30:00+01:00
1.303000, 21.55, 1.04, 2025-04-29T00:30:00+01:00, 2025-04-29T01:00:00+01:00
1.309000, 21.36, 1.04, 2025-04-29T01:00:00+01:00, 2025-04-29T01:30:00+01:00
1.289000, 21.91, 1.04, 2025-04-29T01:30:00+01:00, 2025-04-29T02:00:00+01:00
1.119000, 18.75, 1.04, 2025-04-29T02:00:00+01:00, 2025-04-29T02:30:00+01:00
0.282000, 4.44, 1.04, 2025-04-29T02:30:00+01:00, 2025-04-29T03:00:00+01:00
0.221000, 3.56, 1.04, 2025-04-29T03:00:00+01:00, 2025-04-29T03:30:00+01:00
0.241000, 3.78, 1.04, 2025-04-29T03:30:00+01:00, 2025-04-29T04:00:00+01:00
0.219000, 3.52, 1.04, 2025-04-29T04:00:00+01:00, 2025-04-29T04:30:00+01:00
0.234000, 3.61, 1.04, 2025-04-29T04:30:00+01:00, 2025-04-29T05:00:00+01:00
0.202000, 3.78, 1.04, 2025-04-29T05:00:00+01:00, 2025-04-29T05:30:00+01:00
0.216000, 4.38, 1.04, 2025-04-29T05:30:00+01:00, 2025-04-29T06:00:00+01:00
0.219000, 4.53, 1.04, 2025-04-29T06:00:00+01:00, 2025-04-29T06:30:00+01:00
0.174000, 4.11, 1.04, 2025-04-29T06:30:00+01:00, 2025-04-29T07:00:00+01:00
0.096000, 1.81, 1.04, 2025-04-29T07:00:00+01:00, 2025-04-29T07:30:00+01:00
0.043000, 0.93, 1.04, 2025-04-29T07:30:00+01:00, 2025-04-29T08:00:00+01:00
0.006000, 0.13, 1.04, 2025-04-29T08:00:00+01:00, 2025-04-29T08:30:00+01:00
0.004000, 0.07, 1.04, 2025-04-29T08:30:00+01:00, 2025-04-29T09:00:00+01:00
0.003000, 0.05, 1.04, 2025-04-29T09:00:00+01:00, 2025-04-29T09:30:00+01:00
0.006000, 0.09, 1.04, 2025-04-29T09:30:00+01:00, 2025-04-29T10:00:00+01:00
0.001000, 0.02, 1.04, 2025-04-29T10:00:00+01:00, 2025-04-29T10:30:00+01:00
0.001000, 0.02, 1.04, 2025-04-29T10:30:00+01:00, 2025-04-29T11:00:00+01:00
0.000000, 0, 1.04, 2025-04-29T11:00:00+01:00, 2025-04-29T11:30:00+01:00
0.001000, 0.01, 1.04, 2025-04-29T11:30:00+01:00, 2025-04-29T12:00:00+01:00
0.000000, 0, 1.04, 2025-04-29T12:00:00+01:00, 2025-04-29T12:30:00+01:00
0.000000, 0, 1.04, 2025-04-29T12:30:00+01:00, 2025-04-29T13:00:00+01:00
0.000000, 0, 1.04, 2025-04-29T13:00:00+01:00, 2025-04-29T13:30:00+01:00
0.000000, 0, 1.04, 2025-04-29T13:30:00+01:00, 2025-04-29T14:00:00+01:00
0.000000, 0, 1.04, 2025-04-29T14:00:00+01:00, 2025-04-29T14:30:00+01:00
0.000000, 0, 1.04, 2025-04-29T14:30:00+01:00, 2025-04-29T15:00:00+01:00
0.001000, 0.01, 1.04, 2025-04-29T15:00:00+01:00, 2025-04-29T15:30:00+01:00
0.000000, 0, 1.04, 2025-04-29T15:30:00+01:00, 2025-04-29T16:00:00+01:00
0.000000, 0, 1.04, 2025-04-29T16:00:00+01:00, 2025-04-29T16:30:00+01:00
0.000000, 0, 1.04, 2025-04-29T16:30:00+01:00, 2025-04-29T17:00:00+01:00
0.017000, 0.52, 1.04, 2025-04-29T17:00:00+01:00, 2025-04-29T17:30:00+01:00
0.005000, 0.15, 1.04, 2025-04-29T17:30:00+01:00, 2025-04-29T18:00:00+01:00
0.024000, 0.84, 1.04, 2025-04-29T18:00:00+01:00, 2025-04-29T18:30:00+01:00
0.003000, 0.11, 1.04, 2025-04-29T18:30:00+01:00, 2025-04-29T19:00:00+01:00
0.002000, 0.04, 1.04, 2025-04-29T19:00:00+01:00, 2025-04-29T19:30:00+01:00
0.002000, 0.05, 1.04, 2025-04-29T19:30:00+01:00, 2025-04-29T20:00:00+01:00
0.003000, 0.07, 1.04, 2025-04-29T20:00:00+01:00, 2025-04-29T20:30:00+01:00
0.087000, 1.97, 1.04, 2025-04-29T20:30:00+01:00, 2025-04-29T21:00:00+01:00
0.005000, 0.11, 1.04, 2025-04-29T21:00:00+01:00, 2025-04-29T21:30:00+01:00
0.002000, 0.04, 1.04, 2025-04-29T21:30:00+01:00, 2025-04-29T22:00:00+01:00
0.003000, 0.05, 1.04, 2025-04-29T22:00:00+01:00, 2025-04-29T22:30:00+01:00
0.003000, 0.05, 1.04, 2025-04-29T22:30:00+01:00, 2025-04-29T23:00:00+01:00
0.001000, 0.02, 1.04, 2025-04-29T23:00:00+01:00, 2025-04-29T23:30:00+01:00
0.003000, 0.05, 1.04, 2025-04-29T23:30:00+01:00, 2025-04-30T00:00:00+01:00
1.249000, 19.63, 1.04, 2025-04-30T00:00:00+01:00, 2025-04-30T00:30:00+01:00
1.258000, 19.42, 1.04, 2025-04-30T00:30:00+01:00, 2025-04-30T01:00:00+01:00
1.248000, 17.91, 1.04, 2025-04-30T01:00:00+01:00, 2025-04-30T01:30:00+01:00
1.216000, 18.87, 1.04, 2025-04-30T01:30:00+01:00, 2025-04-30T02:00:00+01:00
1.267000, 19.86, 1.04, 2025-04-30T02:00:00+01:00, 2025-04-30T02:30:00+01:00
0.644000, 10.16, 1.04, 2025-04-30T02:30:00+01:00, 2025-04-30T03:00:00+01:00
0.152000, 2.28, 1.04, 2025-04-30T03:00:00+01:00, 2025-04-30T03:30:00+01:00
0.154000, 2.29, 1.04, 2025-04-30T03:30:00+01:00, 2025-04-30T04:00:00+01:00
0.189000, 2.98, 1.04, 2025-04-30T04:00:00+01:00, 2025-04-30T04:30:00+01:00
0.163000, 2.42, 1.04, 2025-04-30T04:30:00+01:00, 2025-04-30T05:00:00+01:00
0.162000, 3.39, 1.04, 2025-04-30T05:00:00+01:00, 2025-04-30T05:30:00+01:00
0.148000, 3.3, 1.04, 2025-04-30T05:30:00+01:00, 2025-04-30T06:00:00+01:00
0.141000, 3.01, 1.04, 2025-04-30T06:00:00+01:00, 2025-04-30T06:30:00+01:00
0.099000, 2.4, 1.04, 2025-04-30T06:30:00+01:00, 2025-04-30T07:00:00+01:00
0.117000, 2.55, 1.04, 2025-04-30T07:00:00+01:00, 2025-04-30T07:30:00+01:00
0.073000, 1.59, 1.04, 2025-04-30T07:30:00+01:00, 2025-04-30T08:00:00+01:00
0.014000, 0.3, 1.04, 2025-04-30T08:00:00+01:00, 2025-04-30T08:30:00+01:00
0.008000, 0.14, 1.04, 2025-04-30T08:30:00+01:00, 2025-04-30T09:00:00+01:00
0.017000, 0.31, 1.04, 2025-04-30T09:00:00+01:00, 2025-04-30T09:30:00+01:00
0.010000, 0.17, 1.04, 2025-04-30T09:30:00+01:00, 2025-04-30T10:00:00+01:00
0.001000, 0.02, 1.04, 2025-04-30T10:00:00+01:00, 2025-04-30T10:30:00+01:00
0.000000, 0, 1.04, 2025-04-30T10:30:00+01:00, 2025-04-30T11:00:00+01:00
0.000000, 0, 1.04, 2025-04-30T11:00:00+01:00, 2025-04-30T11:30:00+01:00
0.001000, 0.02, 1.04, 2025-04-30T11:30:00+01:00, 2025-04-30T12:00:00+01:00
0.003000, 0.04, 1.04, 2025-04-30T12:00:00+01:00, 2025-04-30T12:30:00+01:00
0.000000, 0, 1.04, 2025-04-30T12:30:00+01:00, 2025-04-30T13:00:00+01:00
0.000000, 0, 1.04, 2025-04-30T13:00:00+01:00, 2025-04-30T13:30:00+01:00
0.001000, 0.01, 1.04, 2025-04-30T13:30:00+01:00, 2025-04-30T14:00:00+01:00
0.001000, 0.01, 1.04, 2025-04-30T14:00:00+01:00, 2025-04-30T14:30:00+01:00
0.000000, 0, 1.04, 2025-04-30T14:30:00+01:00, 2025-04-30T15:00:00+01:00
0.000000, 0, 1.04, 2025-04-30T15:00:00+01:00, 2025-04-30T15:30:00+01:00
0.000000, 0, 1.04, 2025-04-30T15:30:00+01:00, 2025-04-30T16:00:00+01:00
0.000000, 0, 1.04, 2025-04-30T16:00:00+01:00, 2025-04-30T16:30:00+01:00
0.002000, 0.05, 1.04, 2025-04-30T16:30:00+01:00, 2025-04-30T17:00:00+01:00
0.013000, 0.36, 1.04, 2025-04-30T17:00:00+01:00, 2025-04-30T17:30:00+01:00
0.009000, 0.26, 1.04, 2025-04-30T17:30:00+01:00, 2025-04-30T18:00:00+01:00
0.004000, 0.13, 1.04, 2025-04-30T18:00:00+01:00, 2025-04-30T18:30:00+01:00
0.003000, 0.1, 1.04, 2025-04-30T18:30:00+01:00, 2025-04-30T19:00:00+01:00
0.010000, 0.24, 1.04, 2025-04-30T19:00:00+01:00, 2025-04-30T19:30:00+01:00
0.003000, 0.07, 1.04, 2025-04-30T19:30:00+01:00, 2025-04-30T20:00:00+01:00
0.003000, 0.07, 1.04, 2025-04-30T20:00:00+01:00, 2025-04-30T20:30:00+01:00
0.003000, 0.07, 1.04, 2025-04-30T20:30:00+01:00, 2025-04-30T21:00:00+01:00
0.003000, 0.06, 1.04, 2025-04-30T21:00:00+01:00, 2025-04-30T21:30:00+01:00
0.002000, 0.03, 1.04, 2025-04-30T21:30:00+01:00, 2025-04-30T22:00:00+01:00
0.004000, 0.07, 1.04, 2025-04-30T22:00:00+01:00, 2025-04-30T22:30:00+01:00
0.002000, 0.03, 1.04, 2025-04-30T22:30:00+01:00, 2025-04-30T23:00:00+01:00
0.002000, 0.03, 1.04, 2025-04-30T23:00:00+01:00, 2025-04-30T23:30:00+01:00
0.001000, 0.02, 1.04, 2025-04-30T23:30:00+01:00, 2025-04-30T23:59:59.999000+01:00
