Consumption (kwh), Estimated Cost Inc. Tax (p), Standing Charge Inc. Tax (p), Start, End
1.266000, 22.43, 1.04, 2025-05-01T00:00:00+01:00, 2025-05-01T00:30:00+01:00
1.259000, 23.42, 1.04, 2025-05-01T00:30:00+01:00, 2025-05-01T01:00:00+01:00
1.219000, 21.76, 1.04, 2025-05-01T01:00:00+01:00, 2025-05-01T01:30:00+01:00
1.218000, 22.1, 1.04, 2025-05-01T01:30:00+01:00, 2025-05-01T02:00:00+01:00
0.455000, 8.15, 1.04, 2025-05-01T02:00:00+01:00, 2025-05-01T02:30:00+01:00
0.163000, 2.82, 1.04, 2025-05-01T02:30:00+01:00, 2025-05-01T03:00:00+01:00
0.138000, 2.42, 1.04, 2025-05-01T03:00:00+01:00, 2025-05-01T03:30:00+01:00
0.183000, 3.15, 1.04, 2025-05-01T03:30:00+01:00, 2025-05-01T04:00:00+01:00
0.179000, 3.2, 1.04, 2025-05-01T04:00:00+01:00, 2025-05-01T04:30:00+01:00
0.147000, 2.59, 1.04, 2025-05-01T04:30:00+01:00, 2025-05-01T05:00:00+01:00
0.174000, 3.04, 1.04, 2025-05-01T05:00:00+01:00, 2025-05-01T05:30:00+01:00
0.163000, 3.08, 1.04, 2025-05-01T05:30:00+01:00, 2025-05-01T06:00:00+01:00
0.137000, 2.19, 1.04, 2025-05-01T06:00:00+01:00, 2025-05-01T06:30:00+01:00
0.110000, 2.22, 1.04, 2025-05-01T06:30:00+01:00, 2025-05-01T07:00:00+01:00
0.107000, 2.31, 1.04, 2025-05-01T07:00:00+01:00, 2025-05-01T07:30:00+01:00
0.332000, 7.25, 1.04, 2025-05-01T07:30:00+01:00, 2025-05-01T08:00:00+01:00
0.023000, 0.5, 1.04, 2025-05-01T08:00:00+01:00, 2025-05-01T08:30:00+01:00
0.004000, 0.08, 1.04, 2025-05-01T08:30:00+01:00, 2025-05-01T09:00:00+01:00
0.007000, 0.13, 1.04, 2025-05-01T09:00:00+01:00, 2025-05-01T09:30:00+01:00
0.011000, 0.16, 1.04, 2025-05-01T09:30:00+01:00, 2025-05-01T10:00:00+01:00
0.003000, 0.05, 1.04, 2025-05-01T10:00:00+01:00, 2025-05-01T10:30:00+01:00
0.001000, 0.02, 1.04, 2025-05-01T10:30:00+01:00, 2025-05-01T11:00:00+01:00
0.000000, 0, 1.04, 2025-05-01T11:00:00+01:00, 2025-05-01T11:30:00+01:00
0.000000, 0, 1.04, 2025-05-01T11:30:00+01:00, 2025-05-01T12:00:00+01:00
0.001000, 0.02, 1.04, 2025-05-01T12:00:00+01:00, 2025-05-01T12:30:00+01:00
0.010000, 0.15, 1.04, 2025-05-01T12:30:00+01:00, 2025-05-01T13:00:00+01:00
0.000000, 0, 1.04, 2025-05-01T13:00:00+01:00, 2025-05-01T13:30:00+01:00
0.000000, 0, 1.04, 2025-05-01T13:30:00+01:00, 2025-05-01T14:00:00+01:00
0.000000, 0, 1.04, 2025-05-01T14:00:00+01:00, 2025-05-01T14:30:00+01:00
0.007000, 0.1, 1.04, 2025-05-01T14:30:00+01:00, 2025-05-01T15:00:00+01:00
0.001000, 0.01, 1.04, 2025-05-01T15:00:00+01:00, 2025-05-01T15:30:00+01:00
0.001000, 0.01, 1.04, 2025-05-01T15:30:00+01:00, 2025-05-01T16:00:00+01:00
0.001000, 0.03, 1.04, 2025-05-01T16:00:00+01:00, 2025-05-01T16:30:00+01:00
0.001000, 0.03, 1.04, 2025-05-01T16:30:00+01:00, 2025-05-01T17:00:00+01:00
0.001000, 0.03, 1.04, 2025-05-01T17:00:00+01:00, 2025-05-01T17:30:00+01:00
0.005000, 0.15, 1.04, 2025-05-01T17:30:00+01:00, 2025-05-01T18:00:00+01:00
0.010000, 0.35, 1.04, 2025-05-01T18:00:00+01:00, 2025-05-01T18:30:00+01:00
0.002000, 0.07, 1.04, 2025-05-01T18:30:00+01:00, 2025-05-01T19:00:00+01:00
0.002000, 0.05, 1.04, 2025-05-01T19:00:00+01:00, 2025-05-01T19:30:00+01:00
0.004000, 0.09, 1.04, 2025-05-01T19:30:00+01:00, 2025-05-01T20:00:00+01:00
0.003000, 0.06, 1.04, 2025-05-01T20:00:00+01:00, 2025-05-01T20:30:00+01:00
0.002000, 0.04, 1.04, 2025-05-01T20:30:00+01:00, 2025-05-01T21:00:00+01:00
0.002000, 0.04, 1.04, 2025-05-01T21:00:00+01:00, 2025-05-01T21:30:00+01:00
0.003000, 0.05, 1.04, 2025-05-01T21:30:00+01:00, 2025-05-01T22:00:00+01:00
0.001000, 0.02, 1.04, 2025-05-01T22:00:00+01:00, 2025-05-01T22:30:00+01:00
0.004000, 0.06, 1.04, 2025-05-01T22:30:00+01:00, 2025-05-01T23:00:00+01:00
0.002000, 0.04, 1.04, 2025-05-01T23:00:00+01:00, 2025-05-01T23:30:00+01:00
0.002000, 0.04, 1.04, 2025-05-01T23:30:00+01:00, 2025-05-02T00:00:00+01:00
1.239000, 19.94, 1.04, 2025-05-02T00:00:00+01:00, 2025-05-02T00:30:00+01:00
1.233000, 19.89, 1.04, 2025-05-02T00:30:00+01:00, 2025-05-02T01:00:00+01:00
1.249000, 18.18, 1.04, 2025-05-02T01:00:00+01:00, 2025-05-02T01:30:00+01:00
0.906000, 12.99, 1.04, 2025-05-02T01:30:00+01:00, 2025-05-02T02:00:00+01:00
0.153000, 2.02, 1.04, 2025-05-02T02:00:00+01:00, 2025-05-02T02:30:00+01:00
0.162000, 2.14, 1.04, 2025-05-02T02:30:00+01:00, 2025-05-02T03:00:00+01:00
0.170000, 2.29, 1.04, 2025-05-02T03:00:00+01:00, 2025-05-02T03:30:00+01:00
0.145000, 1.95, 1.04, 2025-05-02T03:30:00+01:00, 2025-05-02T04:00:00+01:00
0.163000, 2.19, 1.04, 2025-05-02T04:00:00+01:00, 2025-05-02T04:30:00+01:00
0.159000, 2.14, 1.04, 2025-05-02T04:30:00+01:00, 2025-05-02T05:00:00+01:00
0.153000, 2.46, 1.04, 2025-05-02T05:00:00+01:00, 2025-05-02T05:30:00+01:00
0.146000, 2.41, 1.04, 2025-05-02T05:30:00+01:00, 2025-05-02T06:00:00+01:00
0.263000, 4.7, 1.04, 2025-05-02T06:00:00+01:00, 2025-05-02T06:30:00+01:00
0.155000, 3.18, 1.04, 2025-05-02T06:30:00+01:00, 2025-05-02T07:00:00+01:00
0.091000, 1.89, 1.04, 2025-05-02T07:00:00+01:00, 2025-05-02T07:30:00+01:00
0.009000, 0.2, 1.04, 2025-05-02T07:30:00+01:00, 2025-05-02T08:00:00+01:00
0.004000, 0.09, 1.04, 2025-05-02T08:00:00+01:00, 2025-05-02T08:30:00+01:00
0.002000, 0.04, 1.04, 2025-05-02T08:30:00+01:00, 2025-05-02T09:00:00+01:00
0.003000, 0.06, 1.04, 2025-05-02T09:00:00+01:00, 2025-05-02T09:30:00+01:00
0.006000, 0.11, 1.04, 2025-05-02T09:30:00+01:00, 2025-05-02T10:00:00+01:00
0.005000, 0.09, 1.04, 2025-05-02T10:00:00+01:00, 2025-05-02T10:30:00+01:00
0.003000, 0.05, 1.04, 2025-05-02T10:30:00+01:00, 2025-05-02T11:00:00+01:00
0.002000, 0.03, 1.04, 2025-05-02T11:00:00+01:00, 2025-05-02T11:30:00+01:00
0.000000, 0, 1.04, 2025-05-02T11:30:00+01:00, 2025-05-02T12:00:00+01:00
0.002000, 0.03, 1.04, 2025-05-02T12:00:00+01:00, 2025-05-02T12:30:00+01:00
0.000000, 0, 1.04, 2025-05-02T12:30:00+01:00, 2025-05-02T13:00:00+01:00
0.000000, 0, 1.04, 2025-05-02T13:00:00+01:00, 2025-05-02T13:30:00+01:00
0.000000, 0, 1.04, 2025-05-02T13:30:00+01:00, 2025-05-02T14:00:00+01:00
0.000000, 0, 1.04, 2025-05-02T14:00:00+01:00, 2025-05-02T14:30:00+01:00
0.001000, 0.01, 1.04, 2025-05-02T14:30:00+01:00, 2025-05-02T15:00:00+01:00
0.000000, 0, 1.04, 2025-05-02T15:00:00+01:00, 2025-05-02T15:30:00+01:00
0.000000, 0, 1.04, 2025-05-02T15:30:00+01:00, 2025-05-02T16:00:00+01:00
0.001000, 0.03, 1.04, 2025-05-02T16:00:00+01:00, 2025-05-02T16:30:00+01:00
0.014000, 0.37, 1.04, 2025-05-02T16:30:00+01:00, 2025-05-02T17:00:00+01:00
0.002000, 0.06, 1.04, 2025-05-02T17:00:00+01:00, 2025-05-02T17:30:00+01:00
0.002000, 0.06, 1.04, 2025-05-02T17:30:00+01:00, 2025-05-02T18:00:00+01:00
0.060000, 1.9, 1.04, 2025-05-02T18:00:00+01:00, 2025-05-02T18:30:00+01:00
0.002000, 0.06, 1.04, 2025-05-02T18:30:00+01:00, 2025-05-02T19:00:00+01:00
0.002000, 0.04, 1.04, 2025-05-02T19:00:00+01:00, 2025-05-02T19:30:00+01:00
0.003000, 0.07, 1.04, 2025-05-02T19:30:00+01:00, 2025-05-02T20:00:00+01:00
0.003000, 0.06, 1.04, 2025-05-02T20:00:00+01:00, 2025-05-02T20:30:00+01:00
0.003000, 0.06, 1.04, 2025-05-02T20:30:00+01:00, 2025-05-02T21:00:00+01:00
0.002000, 0.04, 1.04, 2025-05-02T21:00:00+01:00, 2025-05-02T21:30:00+01:00
0.005000, 0.08, 1.04, 2025-05-02T21:30:00+01:00, 2025-05-02T22:00:00+01:00
0.005000, 0.08, 1.04, 2025-05-02T22:00:00+01:00, 2025-05-02T22:30:00+01:00
0.001000, 0.02, 1.04, 2025-05-02T22:30:00+01:00, 2025-05-02T23:00:00+01:00
0.003000, 0.05, 1.04, 2025-05-02T23:00:00+01:00, 2025-05-02T23:30:00+01:00
0.002000, 0.03, 1.04, 2025-05-02T23:30:00+01:00, 2025-05-03T00:00:00+01:00
1.244000, 21.12, 1.04, 2025-05-03T00:00:00+01:00, 2025-05-03T00:30:00+01:00
1.229000, 20.87, 1.04, 2025-05-03T00:30:00+01:00, 2025-05-03T01:00:00+01:00
1.243000, 21.05, 1.04, 2025-05-03T01:00:00+01:00, 2025-05-03T01:30:00+01:00
1.023000, 17.2, 1.04, 2025-05-03T01:30:00+01:00, 2025-05-03T02:00:00+01:00
0.208000, 3.35, 1.04, 2025-05-03T02:00:00+01:00, 2025-05-03T02:30:00+01:00
0.139000, 2.2, 1.04, 2025-05-03T02:30:00+01:00, 2025-05-03T03:00:00+01:00
0.153000, 2.49, 1.04, 2025-05-03T03:00:00+01:00, 2025-05-03T03:30:00+01:00
0.148000, 2.41, 1.04, 2025-05-03T03:30:00+01:00, 2025-05-03T04:00:00+01:00
0.150000, 2.71, 1.04, 2025-05-03T04:00:00+01:00, 2025-05-03T04:30:00+01:00
0.154000, 2.74, 1.04, 2025-05-03T04:30:00+01:00, 2025-05-03T05:00:00+01:00
0.171000, 3.16, 1.04, 2025-05-03T05:00:00+01:00, 2025-05-03T05:30:00+01:00
0.156000, 2.86, 1.04, 2025-05-03T05:30:00+01:00, 2025-05-03T06:00:00+01:00
0.098000, 1.73, 1.04, 2025-05-03T06:00:00+01:00, 2025-05-03T06:30:00+01:00
0.080000, 1.44, 1.04, 2025-05-03T06:30:00+01:00, 2025-05-03T07:00:00+01:00
0.142000, 2.4, 1.04, 2025-05-03T07:00:00+01:00, 2025-05-03T07:30:00+01:00
0.089000, 1.63, 1.04, 2025-05-03T07:30:00+01:00, 2025-05-03T08:00:00+01:00
0.012000, 0.15, 1.04, 2025-05-03T08:00:00+01:00, 2025-05-03T08:30:00+01:00
0.007000, 0.09, 1.04, 2025-05-03T08:30:00+01:00, 2025-05-03T09:00:00+01:00
0.004000, 0.04, 1.04, 2025-05-03T09:00:00+01:00, 2025-05-03T09:30:00+01:00
0.008000, 0.04, 1.04, 2025-05-03T09:30:00+01:00, 2025-05-03T10:00:00+01:00
0.005000, 0.03, 1.04, 2025-05-03T10:00:00+01:00, 2025-05-03T10:30:00+01:00
0.004000, 0.01, 1.04, 2025-05-03T10:30:00+01:00, 2025-05-03T11:00:00+01:00
0.004000, 0.01, 1.04, 2025-05-03T11:00:00+01:00, 2025-05-03T11:30:00+01:00
0.005000, 0.01, 1.04, 2025-05-03T11:30:00+01:00, 2025-05-03T12:00:00+01:00
0.080000, 0.11, 1.04, 2025-05-03T12:00:00+01:00, 2025-05-03T12:30:00+01:00
0.014000, 0.01, 1.04, 2025-05-03T12:30:00+01:00, 2025-05-03T13:00:00+01:00
0.005000, 0, 1.04, 2025-05-03T13:00:00+01:00, 2025-05-03T13:30:00+01:00
0.012000, 0, 1.04, 2025-05-03T13:30:00+01:00, 2025-05-03T14:00:00+01:00
0.010000, 0, 1.04, 2025-05-03T14:00:00+01:00, 2025-05-03T14:30:00+01:00
0.022000, 0.01, 1.04, 2025-05-03T14:30:00+01:00, 2025-05-03T15:00:00+01:00
0.008000, 0, 1.04, 2025-05-03T15:00:00+01:00, 2025-05-03T15:30:00+01:00
0.003000, 0, 1.04, 2025-05-03T15:30:00+01:00, 2025-05-03T16:00:00+01:00
0.004000, 0.06, 1.04, 2025-05-03T16:00:00+01:00, 2025-05-03T16:30:00+01:00
0.005000, 0.09, 1.04, 2025-05-03T16:30:00+01:00, 2025-05-03T17:00:00+01:00
0.004000, 0.08, 1.04, 2025-05-03T17:00:00+01:00, 2025-05-03T17:30:00+01:00
0.024000, 0.64, 1.04, 2025-05-03T17:30:00+01:00, 2025-05-03T18:00:00+01:00
0.038000, 0.95, 1.04, 2025-05-03T18:00:00+01:00, 2025-05-03T18:30:00+01:00
0.003000, 0.08, 1.04, 2025-05-03T18:30:00+01:00, 2025-05-03T19:00:00+01:00
0.002000, 0.03, 1.04, 2025-05-03T19:00:00+01:00, 2025-05-03T19:30:00+01:00
0.001000, 0.02, 1.04, 2025-05-03T19:30:00+01:00, 2025-05-03T20:00:00+01:00
0.003000, 0.05, 1.04, 2025-05-03T20:00:00+01:00, 2025-05-03T20:30:00+01:00
0.003000, 0.05, 1.04, 2025-05-03T20:30:00+01:00, 2025-05-03T21:00:00+01:00
0.004000, 0.07, 1.04, 2025-05-03T21:00:00+01:00, 2025-05-03T21:30:00+01:00
0.179000, 3.28, 1.04, 2025-05-03T21:30:00+01:00, 2025-05-03T22:00:00+01:00
0.037000, 0.61, 1.04, 2025-05-03T22:00:00+01:00, 2025-05-03T22:30:00+01:00
0.003000, 0.04, 1.04, 2025-05-03T22:30:00+01:00, 2025-05-03T23:00:00+01:00
0.002000, 0.03, 1.04, 2025-05-03T23:00:00+01:00, 2025-05-03T23:30:00+01:00
0.003000, 0.03, 1.04, 2025-05-03T23:30:00+01:00, 2025-05-04T00:00:00+01:00
1.222000, 12.93, 1.04, 2025-05-04T00:00:00+01:00, 2025-05-04T00:30:00+01:00
1.230000, 12.48, 1.04, 2025-05-04T00:30:00+01:00, 2025-05-04T01:00:00+01:00
1.237000, 12.55, 1.04, 2025-05-04T01:00:00+01:00, 2025-05-04T01:30:00+01:00
1.230000, 13.02, 1.04, 2025-05-04T01:30:00+01:00, 2025-05-04T02:00:00+01:00
1.236000, 7.98, 1.04, 2025-05-04T02:00:00+01:00, 2025-05-04T02:30:00+01:00
1.201000, 5.46, 1.04, 2025-05-04T02:30:00+01:00, 2025-05-04T03:00:00+01:00
0.787000, 4.16, 1.04, 2025-05-04T03:00:00+01:00, 2025-05-04T03:30:00+01:00
0.156000, 0.52, 1.04, 2025-05-04T03:30:00+01:00, 2025-05-04T04:00:00+01:00
0.170000, 0.81, 1.04, 2025-05-04T04:00:00+01:00, 2025-05-04T04:30:00+01:00
0.127000, 0.49, 1.04, 2025-05-04T04:30:00+01:00, 2025-05-04T05:00:00+01:00
0.153000, 0.64, 1.04, 2025-05-04T05:00:00+01:00, 2025-05-04T05:30:00+01:00
0.155000, 0.55, 1.04, 2025-05-04T05:30:00+01:00, 2025-05-04T06:00:00+01:00
0.122000, 0.54, 1.04, 2025-05-04T06:00:00+01:00, 2025-05-04T06:30:00+01:00
0.075000, 0.38, 1.04, 2025-05-04T06:30:00+01:00, 2025-05-04T07:00:00+01:00
0.154000, 0.3, 1.04, 2025-05-04T07:00:00+01:00, 2025-05-04T07:30:00+01:00
0.251000, 0.61, 1.04, 2025-05-04T07:30:00+01:00, 2025-05-04T08:00:00+01:00
0.007000, 0.02, 1.04, 2025-05-04T08:00:00+01:00, 2025-05-04T08:30:00+01:00
0.015000, 0.05, 1.04, 2025-05-04T08:30:00+01:00, 2025-05-04T09:00:00+01:00
0.067000, 0.15, 1.04, 2025-05-04T09:00:00+01:00, 2025-05-04T09:30:00+01:00
0.008000, 0.02, 1.04, 2025-05-04T09:30:00+01:00, 2025-05-04T10:00:00+01:00
0.004000, 0.01, 1.04, 2025-05-04T10:00:00+01:00, 2025-05-04T10:30:00+01:00
0.000000, 0, 1.04, 2025-05-04T10:30:00+01:00, 2025-05-04T11:00:00+01:00
0.009000, 0.03, 1.04, 2025-05-04T11:00:00+01:00, 2025-05-04T11:30:00+01:00
0.004000, 0.01, 1.04, 2025-05-04T11:30:00+01:00, 2025-05-04T12:00:00+01:00
0.002000, 0.01, 1.04, 2025-05-04T12:00:00+01:00, 2025-05-04T12:30:00+01:00
0.002000, 0.01, 1.04, 2025-05-04T12:30:00+01:00, 2025-05-04T13:00:00+01:00
0.001000, 0, 1.04, 2025-05-04T13:00:00+01:00, 2025-05-04T13:30:00+01:00
0.005000, 0.01, 1.04, 2025-05-04T13:30:00+01:00, 2025-05-04T14:00:00+01:00
0.001000, 0, 1.04, 2025-05-04T14:00:00+01:00, 2025-05-04T14:30:00+01:00
0.000000, 0, 1.04, 2025-05-04T14:30:00+01:00, 2025-05-04T15:00:00+01:00
0.002000, 0.01, 1.04, 2025-05-04T15:00:00+01:00, 2025-05-04T15:30:00+01:00
0.001000, 0.01, 1.04, 2025-05-04T15:30:00+01:00, 2025-05-04T16:00:00+01:00
0.001000, 0.02, 1.04, 2025-05-04T16:00:00+01:00, 2025-05-04T16:30:00+01:00
0.001000, 0.02, 1.04, 2025-05-04T16:30:00+01:00, 2025-05-04T17:00:00+01:00
0.004000, 0.11, 1.04, 2025-05-04T17:00:00+01:00, 2025-05-04T17:30:00+01:00
0.140000, 4.31, 1.04, 2025-05-04T17:30:00+01:00, 2025-05-04T18:00:00+01:00
0.012000, 0.35, 1.04, 2025-05-04T18:00:00+01:00, 2025-05-04T18:30:00+01:00
0.003000, 0.09, 1.04, 2025-05-04T18:30:00+01:00, 2025-05-04T19:00:00+01:00
0.003000, 0.07, 1.04, 2025-05-04T19:00:00+01:00, 2025-05-04T19:30:00+01:00
0.025000, 0.55, 1.04, 2025-05-04T19:30:00+01:00, 2025-05-04T20:00:00+01:00
0.019000, 0.42, 1.04, 2025-05-04T20:00:00+01:00, 2025-05-04T20:30:00+01:00
0.003000, 0.06, 1.04, 2025-05-04T20:30:00+01:00, 2025-05-04T21:00:00+01:00
0.003000, 0.07, 1.04, 2025-05-04T21:00:00+01:00, 2025-05-04T21:30:00+01:00
0.005000, 0.1, 1.04, 2025-05-04T21:30:00+01:00, 2025-05-04T22:00:00+01:00
0.002000, 0.04, 1.04, 2025-05-04T22:00:00+01:00, 2025-05-04T22:30:00+01:00
0.004000, 0.05, 1.04, 2025-05-04T22:30:00+01:00, 2025-05-04T23:00:00+01:00
0.003000, 0.05, 1.04, 2025-05-04T23:00:00+01:00, 2025-05-04T23:30:00+01:00
0.002000, 0.03, 1.04, 2025-05-04T23:30:00+01:00, 2025-05-05T00:00:00+01:00
1.275000, 21.09, 1.04, 2025-05-05T00:00:00+01:00, 2025-05-05T00:30:00+01:00
1.297000, 19.88, 1.04, 2025-05-05T00:30:00+01:00, 2025-05-05T01:00:00+01:00
1.296000, 18.81, 1.04, 2025-05-05T01:00:00+01:00, 2025-05-05T01:30:00+01:00
1.274000, 20.19, 1.04, 2025-05-05T01:30:00+01:00, 2025-05-05T02:00:00+01:00
1.255000, 22.24, 1.04, 2025-05-05T02:00:00+01:00, 2025-05-05T02:30:00+01:00
1.267000, 20.78, 1.04, 2025-05-05T02:30:00+01:00, 2025-05-05T03:00:00+01:00
1.214000, 18.5, 1.04, 2025-05-05T03:00:00+01:00, 2025-05-05T03:30:00+01:00
0.388000, 5.48, 1.04, 2025-05-05T03:30:00+01:00, 2025-05-05T04:00:00+01:00
0.166000, 3.07, 1.04, 2025-05-05T04:00:00+01:00, 2025-05-05T04:30:00+01:00
0.210000, 3.52, 1.04, 2025-05-05T04:30:00+01:00, 2025-05-05T05:00:00+01:00
0.202000, 4.23, 1.04, 2025-05-05T05:00:00+01:00, 2025-05-05T05:30:00+01:00
0.211000, 4.51, 1.04, 2025-05-05T05:30:00+01:00, 2025-05-05T06:00:00+01:00
0.189000, 3.92, 1.04, 2025-05-05T06:00:00+01:00, 2025-05-05T06:30:00+01:00
0.147000, 3.06, 1.04, 2025-05-05T06:30:00+01:00, 2025-05-05T07:00:00+01:00
0.042000, 0.77, 1.04, 2025-05-05T07:00:00+01:00, 2025-05-05T07:30:00+01:00
0.147000, 3.14, 1.04, 2025-05-05T07:30:00+01:00, 2025-05-05T08:00:00+01:00
0.048000, 0.72, 1.04, 2025-05-05T08:00:00+01:00, 2025-05-05T08:30:00+01:00
0.009000, 0.15, 1.04, 2025-05-05T08:30:00+01:00, 2025-05-05T09:00:00+01:00
0.028000, 0.45, 1.04, 2025-05-05T09:00:00+01:00, 2025-05-05T09:30:00+01:00
0.020000, 0.33, 1.04, 2025-05-05T09:30:00+01:00, 2025-05-05T10:00:00+01:00
0.004000, 0.07, 1.04, 2025-05-05T10:00:00+01:00, 2025-05-05T10:30:00+01:00
0.006000, 0.1, 1.04, 2025-05-05T10:30:00+01:00, 2025-05-05T11:00:00+01:00
0.008000, 0.13, 1.04, 2025-05-05T11:00:00+01:00, 2025-05-05T11:30:00+01:00
0.001000, 0.02, 1.04, 2025-05-05T11:30:00+01:00, 2025-05-05T12:00:00+01:00
0.010000, 0.17, 1.04, 2025-05-05T12:00:00+01:00, 2025-05-05T12:30:00+01:00
0.002000, 0.03, 1.04, 2025-05-05T12:30:00+01:00, 2025-05-05T13:00:00+01:00
0.002000, 0.03, 1.04, 2025-05-05T13:00:00+01:00, 2025-05-05T13:30:00+01:00
0.002000, 0.03, 1.04, 2025-05-05T13:30:00+01:00, 2025-05-05T14:00:00+01:00
0.005000, 0.08, 1.04, 2025-05-05T14:00:00+01:00, 2025-05-05T14:30:00+01:00
0.003000, 0.05, 1.04, 2025-05-05T14:30:00+01:00, 2025-05-05T15:00:00+01:00
0.001000, 0.02, 1.04, 2025-05-05T15:00:00+01:00, 2025-05-05T15:30:00+01:00
0.000000, 0, 1.04, 2025-05-05T15:30:00+01:00, 2025-05-05T16:00:00+01:00
0.003000, 0.09, 1.04, 2025-05-05T16:00:00+01:00, 2025-05-05T16:30:00+01:00
0.003000, 0.09, 1.04, 2025-05-05T16:30:00+01:00, 2025-05-05T17:00:00+01:00
0.005000, 0.15, 1.04, 2025-05-05T17:00:00+01:00, 2025-05-05T17:30:00+01:00
0.012000, 0.35, 1.04, 2025-05-05T17:30:00+01:00, 2025-05-05T18:00:00+01:00
0.003000, 0.09, 1.04, 2025-05-05T18:00:00+01:00, 2025-05-05T18:30:00+01:00
0.004000, 0.13, 1.04, 2025-05-05T18:30:00+01:00, 2025-05-05T19:00:00+01:00
0.002000, 0.04, 1.04, 2025-05-05T19:00:00+01:00, 2025-05-05T19:30:00+01:00
0.001000, 0.02, 1.04, 2025-05-05T19:30:00+01:00, 2025-05-05T20:00:00+01:00
0.007000, 0.15, 1.04, 2025-05-05T20:00:00+01:00, 2025-05-05T20:30:00+01:00
0.003000, 0.07, 1.04, 2025-05-05T20:30:00+01:00, 2025-05-05T21:00:00+01:00
0.003000, 0.06, 1.04, 2025-05-05T21:00:00+01:00, 2025-05-05T21:30:00+01:00
0.003000, 0.06, 1.04, 2025-05-05T21:30:00+01:00, 2025-05-05T22:00:00+01:00
0.007000, 0.14, 1.04, 2025-05-05T22:00:00+01:00, 2025-05-05T22:30:00+01:00
0.002000, 0.03, 1.04, 2025-05-05T22:30:00+01:00, 2025-05-05T23:00:00+01:00
0.002000, 0.04, 1.04, 2025-05-05T23:00:00+01:00, 2025-05-05T23:30:00+01:00
0.003000, 0.05, 1.04, 2025-05-05T23:30:00+01:00, 2025-05-06T00:00:00+01:00
1.273000, 18.95, 1.04, 2025-05-06T00:00:00+01:00, 2025-05-06T00:30:00+01:00
1.304000, 19.42, 1.04, 2025-05-06T00:30:00+01:00, 2025-05-06T01:00:00+01:00
1.322000, 20.7, 1.04, 2025-05-06T01:00:00+01:00, 2025-05-06T01:30:00+01:00
1.304000, 20.76, 1.04, 2025-05-06T01:30:00+01:00, 2025-05-06T02:00:00+01:00
1.263000, 21.34, 1.04, 2025-05-06T02:00:00+01:00, 2025-05-06T02:30:00+01:00
0.559000, 8.77, 1.04, 2025-05-06T02:30:00+01:00, 2025-05-06T03:00:00+01:00
0.214000, 3.42, 1.04, 2025-05-06T03:00:00+01:00, 2025-05-06T03:30:00+01:00
0.196000, 2.91, 1.04, 2025-05-06T03:30:00+01:00, 2025-05-06T04:00:00+01:00
0.223000, 3.37, 1.04, 2025-05-06T04:00:00+01:00, 2025-05-06T04:30:00+01:00
0.246000, 3.53, 1.04, 2025-05-06T04:30:00+01:00, 2025-05-06T05:00:00+01:00
0.224000, 4, 1.04, 2025-05-06T05:00:00+01:00, 2025-05-06T05:30:00+01:00
0.212000, 4.35, 1.04, 2025-05-06T05:30:00+01:00, 2025-05-06T06:00:00+01:00
0.187000, 3.79, 1.04, 2025-05-06T06:00:00+01:00, 2025-05-06T06:30:00+01:00
0.160000, 3.51, 1.04, 2025-05-06T06:30:00+01:00, 2025-05-06T07:00:00+01:00
0.200000, 4.04, 1.04, 2025-05-06T07:00:00+01:00, 2025-05-06T07:30:00+01:00
0.339000, 7.6, 1.04, 2025-05-06T07:30:00+01:00, 2025-05-06T08:00:00+01:00
0.020000, 0.44, 1.04, 2025-05-06T08:00:00+01:00, 2025-05-06T08:30:00+01:00
0.001000, 0.02, 1.04, 2025-05-06T08:30:00+01:00, 2025-05-06T09:00:00+01:00
0.002000, 0.04, 1.04, 2025-05-06T09:00:00+01:00, 2025-05-06T09:30:00+01:00
0.106000, 2.06, 1.04, 2025-05-06T09:30:00+01:00, 2025-05-06T10:00:00+01:00
0.009000, 0.16, 1.04, 2025-05-06T10:00:00+01:00, 2025-05-06T10:30:00+01:00
0.002000, 0.04, 1.04, 2025-05-06T10:30:00+01:00, 2025-05-06T11:00:00+01:00
0.000000, 0, 1.04, 2025-05-06T11:00:00+01:00, 2025-05-06T11:30:00+01:00
0.000000, 0, 1.04, 2025-05-06T11:30:00+01:00, 2025-05-06T12:00:00+01:00
0.001000, 0.02, 1.04, 2025-05-06T12:00:00+01:00, 2025-05-06T12:30:00+01:00
0.000000, 0, 1.04, 2025-05-06T12:30:00+01:00, 2025-05-06T13:00:00+01:00
0.000000, 0, 1.04, 2025-05-06T13:00:00+01:00, 2025-05-06T13:30:00+01:00
0.001000, 0.01, 1.04, 2025-05-06T13:30:00+01:00, 2025-05-06T14:00:00+01:00
0.000000, 0, 1.04, 2025-05-06T14:00:00+01:00, 2025-05-06T14:30:00+01:00
0.002000, 0.03, 1.04, 2025-05-06T14:30:00+01:00, 2025-05-06T15:00:00+01:00
0.001000, 0.01, 1.04, 2025-05-06T15:00:00+01:00, 2025-05-06T15:30:00+01:00
0.002000, 0.03, 1.04, 2025-05-06T15:30:00+01:00, 2025-05-06T16:00:00+01:00
0.001000, 0.03, 1.04, 2025-05-06T16:00:00+01:00, 2025-05-06T16:30:00+01:00
0.009000, 0.26, 1.04, 2025-05-06T16:30:00+01:00, 2025-05-06T17:00:00+01:00
0.010000, 0.31, 1.04, 2025-05-06T17:00:00+01:00, 2025-05-06T17:30:00+01:00
0.003000, 0.09, 1.04, 2025-05-06T17:30:00+01:00, 2025-05-06T18:00:00+01:00
0.002000, 0.07, 1.04, 2025-05-06T18:00:00+01:00, 2025-05-06T18:30:00+01:00
0.002000, 0.07, 1.04, 2025-05-06T18:30:00+01:00, 2025-05-06T19:00:00+01:00
0.001000, 0.02, 1.04, 2025-05-06T19:00:00+01:00, 2025-05-06T19:30:00+01:00
0.006000, 0.15, 1.04, 2025-05-06T19:30:00+01:00, 2025-05-06T20:00:00+01:00
0.004000, 0.1, 1.04, 2025-05-06T20:00:00+01:00, 2025-05-06T20:30:00+01:00
0.002000, 0.05, 1.04, 2025-05-06T20:30:00+01:00, 2025-05-06T21:00:00+01:00
0.003000, 0.07, 1.04, 2025-05-06T21:00:00+01:00, 2025-05-06T21:30:00+01:00
0.003000, 0.06, 1.04, 2025-05-06T21:30:00+01:00, 2025-05-06T22:00:00+01:00
0.003000, 0.05, 1.04, 2025-05-06T22:00:00+01:00, 2025-05-06T22:30:00+01:00
0.002000, 0.03, 1.04, 2025-05-06T22:30:00+01:00, 2025-05-06T23:00:00+01:00
0.002000, 0.03, 1.04, 2025-05-06T23:00:00+01:00, 2025-05-06T23:30:00+01:00
0.003000, 0.05, 1.04, 2025-05-06T23:30:00+01:00, 2025-05-07T00:00:00+01:00
1.339000, 22.44, 1.04, 2025-05-07T00:00:00+01:00, 2025-05-07T00:30:00+01:00
1.329000, 22.86, 1.04, 2025-05-07T00:30:00+01:00, 2025-05-07T01:00:00+01:00
1.300000, 20.93, 1.04, 2025-05-07T01:00:00+01:00, 2025-05-07T01:30:00+01:00
1.166000, 18.77, 1.04, 2025-05-07T01:30:00+01:00, 2025-05-07T02:00:00+01:00
0.349000, 5.62, 1.04, 2025-05-07T02:00:00+01:00, 2025-05-07T02:30:00+01:00
0.216000, 3.48, 1.04, 2025-05-07T02:30:00+01:00, 2025-05-07T03:00:00+01:00
0.200000, 3.72, 1.04, 2025-05-07T03:00:00+01:00, 2025-05-07T03:30:00+01:00
0.235000, 4.14, 1.04, 2025-05-07T03:30:00+01:00, 2025-05-07T04:00:00+01:00
0.236000, 4.4, 1.04, 2025-05-07T04:00:00+01:00, 2025-05-07T04:30:00+01:00
0.236000, 4.07, 1.04, 2025-05-07T04:30:00+01:00, 2025-05-07T05:00:00+01:00
0.185000, 3.59, 1.04, 2025-05-07T05:00:00+01:00, 2025-05-07T05:30:00+01:00
0.210000, 4.54, 1.04, 2025-05-07T05:30:00+01:00, 2025-05-07T06:00:00+01:00
0.191000, 4.41, 1.04, 2025-05-07T06:00:00+01:00, 2025-05-07T06:30:00+01:00
0.147000, 3.68, 1.04, 2025-05-07T06:30:00+01:00, 2025-05-07T07:00:00+01:00
0.115000, 2.66, 1.04, 2025-05-07T07:00:00+01:00, 2025-05-07T07:30:00+01:00
0.113000, 2.69, 1.04, 2025-05-07T07:30:00+01:00, 2025-05-07T08:00:00+01:00
0.005000, 0.11, 1.04, 2025-05-07T08:00:00+01:00, 2025-05-07T08:30:00+01:00
0.004000, 0.08, 1.04, 2025-05-07T08:30:00+01:00, 2025-05-07T09:00:00+01:00
0.006000, 0.12, 1.04, 2025-05-07T09:00:00+01:00, 2025-05-07T09:30:00+01:00
0.060000, 1.05, 1.04, 2025-05-07T09:30:00+01:00, 2025-05-07T10:00:00+01:00
0.004000, 0.07, 1.04, 2025-05-07T10:00:00+01:00, 2025-05-07T10:30:00+01:00
0.001000, 0.02, 1.04, 2025-05-07T10:30:00+01:00, 2025-05-07T11:00:00+01:00
0.000000, 0, 1.04, 2025-05-07T11:00:00+01:00, 2025-05-07T11:30:00+01:00
0.003000, 0.05, 1.04, 2025-05-07T11:30:00+01:00, 2025-05-07T12:00:00+01:00
0.025000, 0.42, 1.04, 2025-05-07T12:00:00+01:00, 2025-05-07T12:30:00+01:00
0.003000, 0.05, 1.04, 2025-05-07T12:30:00+01:00, 2025-05-07T13:00:00+01:00
0.002000, 0.03, 1.04, 2025-05-07T13:00:00+01:00, 2025-05-07T13:30:00+01:00
0.003000, 0.05, 1.04, 2025-05-07T13:30:00+01:00, 2025-05-07T14:00:00+01:00
0.005000, 0.08, 1.04, 2025-05-07T14:00:00+01:00, 2025-05-07T14:30:00+01:00
0.008000, 0.13, 1.04, 2025-05-07T14:30:00+01:00, 2025-05-07T15:00:00+01:00
0.002000, 0.03, 1.04, 2025-05-07T15:00:00+01:00, 2025-05-07T15:30:00+01:00
0.002000, 0.03, 1.04, 2025-05-07T15:30:00+01:00, 2025-05-07T16:00:00+01:00
0.002000, 0.06, 1.04, 2025-05-07T16:00:00+01:00, 2025-05-07T16:30:00+01:00
0.004000, 0.12, 1.04, 2025-05-07T16:30:00+01:00, 2025-05-07T17:00:00+01:00
0.004000, 0.13, 1.04, 2025-05-07T17:00:00+01:00, 2025-05-07T17:30:00+01:00
0.013000, 0.43, 1.04, 2025-05-07T17:30:00+01:00, 2025-05-07T18:00:00+01:00
0.005000, 0.18, 1.04, 2025-05-07T18:00:00+01:00, 2025-05-07T18:30:00+01:00
0.001000, 0.04, 1.04, 2025-05-07T18:30:00+01:00, 2025-05-07T19:00:00+01:00
0.004000, 0.1, 1.04, 2025-05-07T19:00:00+01:00, 2025-05-07T19:30:00+01:00
0.209000, 5.13, 1.04, 2025-05-07T19:30:00+01:00, 2025-05-07T20:00:00+01:00
0.101000, 2.45, 1.04, 2025-05-07T20:00:00+01:00, 2025-05-07T20:30:00+01:00
0.002000, 0.05, 1.04, 2025-05-07T20:30:00+01:00, 2025-05-07T21:00:00+01:00
0.005000, 0.1, 1.04, 2025-05-07T21:00:00+01:00, 2025-05-07T21:30:00+01:00
0.006000, 0.11, 1.04, 2025-05-07T21:30:00+01:00, 2025-05-07T22:00:00+01:00
0.003000, 0.05, 1.04, 2025-05-07T22:00:00+01:00, 2025-05-07T22:30:00+01:00
0.003000, 0.05, 1.04, 2025-05-07T22:30:00+01:00, 2025-05-07T23:00:00+01:00
0.002000, 0.04, 1.04, 2025-05-07T23:00:00+01:00, 2025-05-07T23:30:00+01:00
0.001000, 0.02, 1.04, 2025-05-07T23:30:00+01:00, 2025-05-08T00:00:00+01:00
1.307000, 21.46, 1.04, 2025-05-08T00:00:00+01:00, 2025-05-08T00:30:00+01:00
1.276000, 21.79, 1.04, 2025-05-08T00:30:00+01:00, 2025-05-08T01:00:00+01:00
1.332000, 22.38, 1.04, 2025-05-08T01:00:00+01:00, 2025-05-08T01:30:00+01:00
1.298000, 22.04, 1.04, 2025-05-08T01:30:00+01:00, 2025-05-08T02:00:00+01:00
1.309000, 21.92, 1.04, 2025-05-08T02:00:00+01:00, 2025-05-08T02:30:00+01:00
1.297000, 20.36, 1.04, 2025-05-08T02:30:00+01:00, 2025-05-08T03:00:00+01:00
1.176000, 19.71, 1.04, 2025-05-08T03:00:00+01:00, 2025-05-08T03:30:00+01:00
0.345000, 5.72, 1.04, 2025-05-08T03:30:00+01:00, 2025-05-08T04:00:00+01:00
0.244000, 4.51, 1.04, 2025-05-08T04:00:00+01:00, 2025-05-08T04:30:00+01:00
0.219000, 3.67, 1.04, 2025-05-08T04:30:00+01:00, 2025-05-08T05:00:00+01:00
0.239000, 4.85, 1.04, 2025-05-08T05:00:00+01:00, 2025-05-08T05:30:00+01:00
0.214000, 4.72, 1.04, 2025-05-08T05:30:00+01:00, 2025-05-08T06:00:00+01:00
0.193000, 4.54, 1.04, 2025-05-08T06:00:00+01:00, 2025-05-08T06:30:00+01:00
0.175000, 4.37, 1.04, 2025-05-08T06:30:00+01:00, 2025-05-08T07:00:00+01:00
0.164000, 3.62, 1.04, 2025-05-08T07:00:00+01:00, 2025-05-08T07:30:00+01:00
0.186000, 4.38, 1.04, 2025-05-08T07:30:00+01:00, 2025-05-08T08:00:00+01:00
0.017000, 0.36, 1.04, 2025-05-08T08:00:00+01:00, 2025-05-08T08:30:00+01:00
0.003000, 0.06, 1.04, 2025-05-08T08:30:00+01:00, 2025-05-08T09:00:00+01:00
0.004000, 0.08, 1.04, 2025-05-08T09:00:00+01:00, 2025-05-08T09:30:00+01:00
0.003000, 0.05, 1.04, 2025-05-08T09:30:00+01:00, 2025-05-08T10:00:00+01:00
0.002000, 0.03, 1.04, 2025-05-08T10:00:00+01:00, 2025-05-08T10:30:00+01:00
0.004000, 0.06, 1.04, 2025-05-08T10:30:00+01:00, 2025-05-08T11:00:00+01:00
0.007000, 0.11, 1.04, 2025-05-08T11:00:00+01:00, 2025-05-08T11:30:00+01:00
0.002000, 0.03, 1.04, 2025-05-08T11:30:00+01:00, 2025-05-08T12:00:00+01:00
0.002000, 0.03, 1.04, 2025-05-08T12:00:00+01:00, 2025-05-08T12:30:00+01:00
0.001000, 0.02, 1.04, 2025-05-08T12:30:00+01:00, 2025-05-08T13:00:00+01:00
0.001000, 0.02, 1.04, 2025-05-08T13:00:00+01:00, 2025-05-08T13:30:00+01:00
0.001000, 0.02, 1.04, 2025-05-08T13:30:00+01:00, 2025-05-08T14:00:00+01:00
0.005000, 0.08, 1.04, 2025-05-08T14:00:00+01:00, 2025-05-08T14:30:00+01:00
0.003000, 0.05, 1.04, 2025-05-08T14:30:00+01:00, 2025-05-08T15:00:00+01:00
0.004000, 0.06, 1.04, 2025-05-08T15:00:00+01:00, 2025-05-08T15:30:00+01:00
0.002000, 0.03, 1.04, 2025-05-08T15:30:00+01:00, 2025-05-08T16:00:00+01:00
0.004000, 0.12, 1.04, 2025-05-08T16:00:00+01:00, 2025-05-08T16:30:00+01:00
0.019000, 0.59, 1.04, 2025-05-08T16:30:00+01:00, 2025-05-08T17:00:00+01:00
0.013000, 0.41, 1.04, 2025-05-08T17:00:00+01:00, 2025-05-08T17:30:00+01:00
0.025000, 0.79, 1.04, 2025-05-08T17:30:00+01:00, 2025-05-08T18:00:00+01:00
0.010000, 0.35, 1.04, 2025-05-08T18:00:00+01:00, 2025-05-08T18:30:00+01:00
0.031000, 1.1, 1.04, 2025-05-08T18:30:00+01:00, 2025-05-08T19:00:00+01:00
0.026000, 0.65, 1.04, 2025-05-08T19:00:00+01:00, 2025-05-08T19:30:00+01:00
0.003000, 0.08, 1.04, 2025-05-08T19:30:00+01:00, 2025-05-08T20:00:00+01:00
0.003000, 0.08, 1.04, 2025-05-08T20:00:00+01:00, 2025-05-08T20:30:00+01:00
0.050000, 1.26, 1.04, 2025-05-08T20:30:00+01:00, 2025-05-08T21:00:00+01:00
0.172000, 3.76, 1.04, 2025-05-08T21:00:00+01:00, 2025-05-08T21:30:00+01:00
0.003000, 0.06, 1.04, 2025-05-08T21:30:00+01:00, 2025-05-08T22:00:00+01:00
0.003000, 0.06, 1.04, 2025-05-08T22:00:00+01:00, 2025-05-08T22:30:00+01:00
0.003000, 0.05, 1.04, 2025-05-08T22:30:00+01:00, 2025-05-08T23:00:00+01:00
0.002000, 0.04, 1.04, 2025-05-08T23:00:00+01:00, 2025-05-08T23:30:00+01:00
0.001000, 0.02, 1.04, 2025-05-08T23:30:00+01:00, 2025-05-09T00:00:00+01:00
1.314000, 22.89, 1.04, 2025-05-09T00:00:00+01:00, 2025-05-09T00:30:00+01:00
1.299000, 24.06, 1.04, 2025-05-09T00:30:00+01:00, 2025-05-09T01:00:00+01:00
1.293000, 23.61, 1.04, 2025-05-09T01:00:00+01:00, 2025-05-09T01:30:00+01:00
1.270000, 23.16, 1.04, 2025-05-09T01:30:00+01:00, 2025-05-09T02:00:00+01:00
1.325000, 24.25, 1.04, 2025-05-09T02:00:00+01:00, 2025-05-09T02:30:00+01:00
1.319000, 22.39, 1.04, 2025-05-09T02:30:00+01:00, 2025-05-09T03:00:00+01:00
1.300000, 24.65, 1.04, 2025-05-09T03:00:00+01:00, 2025-05-09T03:30:00+01:00
0.873000, 15.4, 1.04, 2025-05-09T03:30:00+01:00, 2025-05-09T04:00:00+01:00
0.240000, 4.28, 1.04, 2025-05-09T04:00:00+01:00, 2025-05-09T04:30:00+01:00
0.216000, 3.77, 1.04, 2025-05-09T04:30:00+01:00, 2025-05-09T05:00:00+01:00
0.224000, 4.45, 1.04, 2025-05-09T05:00:00+01:00, 2025-05-09T05:30:00+01:00
0.211000, 4.75, 1.04, 2025-05-09T05:30:00+01:00, 2025-05-09T06:00:00+01:00
0.231000, 5.27, 1.04, 2025-05-09T06:00:00+01:00, 2025-05-09T06:30:00+01:00
0.174000, 4.42, 1.04, 2025-05-09T06:30:00+01:00, 2025-05-09T07:00:00+01:00
0.146000, 2.94, 1.04, 2025-05-09T07:00:00+01:00, 2025-05-09T07:30:00+01:00
0.080000, 1.72, 1.04, 2025-05-09T07:30:00+01:00, 2025-05-09T08:00:00+01:00
0.034000, 0.64, 1.04, 2025-05-09T08:00:00+01:00, 2025-05-09T08:30:00+01:00
0.035000, 0.6, 1.04, 2025-05-09T08:30:00+01:00, 2025-05-09T09:00:00+01:00
0.004000, 0.08, 1.04, 2025-05-09T09:00:00+01:00, 2025-05-09T09:30:00+01:00
0.004000, 0.07, 1.04, 2025-05-09T09:30:00+01:00, 2025-05-09T10:00:00+01:00
0.001000, 0.02, 1.04, 2025-05-09T10:00:00+01:00, 2025-05-09T10:30:00+01:00
0.000000, 0, 1.04, 2025-05-09T10:30:00+01:00, 2025-05-09T11:00:00+01:00
0.000000, 0, 1.04, 2025-05-09T11:00:00+01:00, 2025-05-09T11:30:00+01:00
0.000000, 0, 1.04, 2025-05-09T11:30:00+01:00, 2025-05-09T12:00:00+01:00
0.000000, 0, 1.04, 2025-05-09T12:00:00+01:00, 2025-05-09T12:30:00+01:00
0.005000, 0.08, 1.04, 2025-05-09T12:30:00+01:00, 2025-05-09T13:00:00+01:00
0.000000, 0, 1.04, 2025-05-09T13:00:00+01:00, 2025-05-09T13:30:00+01:00
0.003000, 0.04, 1.04, 2025-05-09T13:30:00+01:00, 2025-05-09T14:00:00+01:00
0.000000, 0, 1.04, 2025-05-09T14:00:00+01:00, 2025-05-09T14:30:00+01:00
0.001000, 0.01, 1.04, 2025-05-09T14:30:00+01:00, 2025-05-09T15:00:00+01:00
0.000000, 0, 1.04, 2025-05-09T15:00:00+01:00, 2025-05-09T15:30:00+01:00
0.002000, 0.03, 1.04, 2025-05-09T15:30:00+01:00, 2025-05-09T16:00:00+01:00
0.001000, 0.03, 1.04, 2025-05-09T16:00:00+01:00, 2025-05-09T16:30:00+01:00
0.004000, 0.11, 1.04, 2025-05-09T16:30:00+01:00, 2025-05-09T17:00:00+01:00
0.002000, 0.06, 1.04, 2025-05-09T17:00:00+01:00, 2025-05-09T17:30:00+01:00
0.003000, 0.09, 1.04, 2025-05-09T17:30:00+01:00, 2025-05-09T18:00:00+01:00
0.009000, 0.29, 1.04, 2025-05-09T18:00:00+01:00, 2025-05-09T18:30:00+01:00
0.005000, 0.17, 1.04, 2025-05-09T18:30:00+01:00, 2025-05-09T19:00:00+01:00
0.007000, 0.17, 1.04, 2025-05-09T19:00:00+01:00, 2025-05-09T19:30:00+01:00
0.002000, 0.05, 1.04, 2025-05-09T19:30:00+01:00, 2025-05-09T20:00:00+01:00
0.003000, 0.07, 1.04, 2025-05-09T20:00:00+01:00, 2025-05-09T20:30:00+01:00
0.004000, 0.1, 1.04, 2025-05-09T20:30:00+01:00, 2025-05-09T21:00:00+01:00
0.003000, 0.06, 1.04, 2025-05-09T21:00:00+01:00, 2025-05-09T21:30:00+01:00
0.004000, 0.08, 1.04, 2025-05-09T21:30:00+01:00, 2025-05-09T22:00:00+01:00
0.015000, 0.28, 1.04, 2025-05-09T22:00:00+01:00, 2025-05-09T22:30:00+01:00
0.004000, 0.07, 1.04, 2025-05-09T22:30:00+01:00, 2025-05-09T23:00:00+01:00
0.002000, 0.04, 1.04, 2025-05-09T23:00:00+01:00, 2025-05-09T23:30:00+01:00
0.003000, 0.06, 1.04, 2025-05-09T23:30:00+01:00, 2025-05-10T00:00:00+01:00
1.310000, 23.4, 1.04, 2025-05-10T00:00:00+01:00, 2025-05-10T00:30:00+01:00
1.315000, 23.75, 1.04, 2025-05-10T00:30:00+01:00, 2025-05-10T01:00:00+01:00
1.284000, 21.95, 1.04, 2025-05-10T01:00:00+01:00, 2025-05-10T01:30:00+01:00
1.292000, 22.91, 1.04, 2025-05-10T01:30:00+01:00, 2025-05-10T02:00:00+01:00
1.301000, 23.09, 1.04, 2025-05-10T02:00:00+01:00, 2025-05-10T02:30:00+01:00
0.890000, 14.52, 1.04, 2025-05-10T02:30:00+01:00, 2025-05-10T03:00:00+01:00
0.218000, 3.65, 1.04, 2025-05-10T03:00:00+01:00, 2025-05-10T03:30:00+01:00
0.227000, 3.7, 1.04, 2025-05-10T03:30:00+01:00, 2025-05-10T04:00:00+01:00
0.238000, 4.52, 1.04, 2025-05-10T04:00:00+01:00, 2025-05-10T04:30:00+01:00
0.211000, 3.68, 1.04, 2025-05-10T04:30:00+01:00, 2025-05-10T05:00:00+01:00
0.214000, 3.69, 1.04, 2025-05-10T05:00:00+01:00, 2025-05-10T05:30:00+01:00
0.207000, 3.83, 1.04, 2025-05-10T05:30:00+01:00, 2025-05-10T06:00:00+01:00
0.202000, 3.71, 1.04, 2025-05-10T06:00:00+01:00, 2025-05-10T06:30:00+01:00
0.192000, 3.55, 1.04, 2025-05-10T06:30:00+01:00, 2025-05-10T07:00:00+01:00
0.186000, 3.05, 1.04, 2025-05-10T07:00:00+01:00, 2025-05-10T07:30:00+01:00
0.112000, 2.04, 1.04, 2025-05-10T07:30:00+01:00, 2025-05-10T08:00:00+01:00
0.009000, 0.16, 1.04, 2025-05-10T08:00:00+01:00, 2025-05-10T08:30:00+01:00
0.002000, 0.03, 1.04, 2025-05-10T08:30:00+01:00, 2025-05-10T09:00:00+01:00
0.005000, 0.08, 1.04, 2025-05-10T09:00:00+01:00, 2025-05-10T09:30:00+01:00
0.045000, 0.75, 1.04, 2025-05-10T09:30:00+01:00, 2025-05-10T10:00:00+01:00
0.011000, 0.18, 1.04, 2025-05-10T10:00:00+01:00, 2025-05-10T10:30:00+01:00
0.004000, 0.06, 1.04, 2025-05-10T10:30:00+01:00, 2025-05-10T11:00:00+01:00
0.000000, 0, 1.04, 2025-05-10T11:00:00+01:00, 2025-05-10T11:30:00+01:00
0.001000, 0.01, 1.04, 2025-05-10T11:30:00+01:00, 2025-05-10T12:00:00+01:00
0.001000, 0.01, 1.04, 2025-05-10T12:00:00+01:00, 2025-05-10T12:30:00+01:00
0.028000, 0.14, 1.04, 2025-05-10T12:30:00+01:00, 2025-05-10T13:00:00+01:00
0.002000, 0.01, 1.04, 2025-05-10T13:00:00+01:00, 2025-05-10T13:30:00+01:00
0.000000, 0, 1.04, 2025-05-10T13:30:00+01:00, 2025-05-10T14:00:00+01:00
0.001000, 0.01, 1.04, 2025-05-10T14:00:00+01:00, 2025-05-10T14:30:00+01:00
0.002000, 0.01, 1.04, 2025-05-10T14:30:00+01:00, 2025-05-10T15:00:00+01:00
0.001000, 0.01, 1.04, 2025-05-10T15:00:00+01:00, 2025-05-10T15:30:00+01:00
0.000000, 0, 1.04, 2025-05-10T15:30:00+01:00, 2025-05-10T16:00:00+01:00
0.003000, 0.06, 1.04, 2025-05-10T16:00:00+01:00, 2025-05-10T16:30:00+01:00
0.003000, 0.06, 1.04, 2025-05-10T16:30:00+01:00, 2025-05-10T17:00:00+01:00
0.004000, 0.12, 1.04, 2025-05-10T17:00:00+01:00, 2025-05-10T17:30:00+01:00
0.004000, 0.13, 1.04, 2025-05-10T17:30:00+01:00, 2025-05-10T18:00:00+01:00
0.039000, 1.25, 1.04, 2025-05-10T18:00:00+01:00, 2025-05-10T18:30:00+01:00
0.005000, 0.16, 1.04, 2025-05-10T18:30:00+01:00, 2025-05-10T19:00:00+01:00
0.003000, 0.07, 1.04, 2025-05-10T19:00:00+01:00, 2025-05-10T19:30:00+01:00
0.005000, 0.12, 1.04, 2025-05-10T19:30:00+01:00, 2025-05-10T20:00:00+01:00
0.003000, 0.07, 1.04, 2025-05-10T20:00:00+01:00, 2025-05-10T20:30:00+01:00
0.002000, 0.05, 1.04, 2025-05-10T20:30:00+01:00, 2025-05-10T21:00:00+01:00
0.002000, 0.04, 1.04, 2025-05-10T21:00:00+01:00, 2025-05-10T21:30:00+01:00
0.004000, 0.08, 1.04, 2025-05-10T21:30:00+01:00, 2025-05-10T22:00:00+01:00
0.001000, 0.02, 1.04, 2025-05-10T22:00:00+01:00, 2025-05-10T22:30:00+01:00
0.004000, 0.07, 1.04, 2025-05-10T22:30:00+01:00, 2025-05-10T23:00:00+01:00
0.002000, 0.04, 1.04, 2025-05-10T23:00:00+01:00, 2025-05-10T23:30:00+01:00
0.003000, 0.05, 1.04, 2025-05-10T23:30:00+01:00, 2025-05-11T00:00:00+01:00
1.301000, 23.24, 1.04, 2025-05-11T00:00:00+01:00, 2025-05-11T00:30:00+01:00
1.286000, 24.95, 1.04, 2025-05-11T00:30:00+01:00, 2025-05-11T01:00:00+01:00
1.264000, 20.9, 1.04, 2025-05-11T01:00:00+01:00, 2025-05-11T01:30:00+01:00
1.243000, 19.6, 1.04, 2025-05-11T01:30:00+01:00, 2025-05-11T02:00:00+01:00
0.922000, 15.45, 1.04, 2025-05-11T02:00:00+01:00, 2025-05-11T02:30:00+01:00
0.173000, 2.79, 1.04, 2025-05-11T02:30:00+01:00, 2025-05-11T03:00:00+01:00
0.152000, 2.49, 1.04, 2025-05-11T03:00:00+01:00, 2025-05-11T03:30:00+01:00
0.117000, 1.78, 1.04, 2025-05-11T03:30:00+01:00, 2025-05-11T04:00:00+01:00
0.171000, 3.05, 1.04, 2025-05-11T04:00:00+01:00, 2025-05-11T04:30:00+01:00
0.171000, 2.83, 1.04, 2025-05-11T04:30:00+01:00, 2025-05-11T05:00:00+01:00
0.162000, 2.72, 1.04, 2025-05-11T05:00:00+01:00, 2025-05-11T05:30:00+01:00
0.136000, 2.31, 1.04, 2025-05-11T05:30:00+01:00, 2025-05-11T06:00:00+01:00
0.169000, 2.23, 1.04, 2025-05-11T06:00:00+01:00, 2025-05-11T06:30:00+01:00
0.110000, 1.6, 1.04, 2025-05-11T06:30:00+01:00, 2025-05-11T07:00:00+01:00
0.144000, 1.27, 1.04, 2025-05-11T07:00:00+01:00, 2025-05-11T07:30:00+01:00
0.088000, 0.95, 1.04, 2025-05-11T07:30:00+01:00, 2025-05-11T08:00:00+01:00
0.002000, 0.01, 1.04, 2025-05-11T08:00:00+01:00, 2025-05-11T08:30:00+01:00
0.003000, 0.03, 1.04, 2025-05-11T08:30:00+01:00, 2025-05-11T09:00:00+01:00
0.002000, 0.02, 1.04, 2025-05-11T09:00:00+01:00, 2025-05-11T09:30:00+01:00
0.002000, 0.01, 1.04, 2025-05-11T09:30:00+01:00, 2025-05-11T10:00:00+01:00
0.000000, 0, 1.04, 2025-05-11T10:00:00+01:00, 2025-05-11T10:30:00+01:00
0.013000, 0.1, 1.04, 2025-05-11T10:30:00+01:00, 2025-05-11T11:00:00+01:00
0.001000, 0.01, 1.04, 2025-05-11T11:00:00+01:00, 2025-05-11T11:30:00+01:00
0.018000, 0.07, 1.04, 2025-05-11T11:30:00+01:00, 2025-05-11T12:00:00+01:00
0.001000, 0, 1.04, 2025-05-11T12:00:00+01:00, 2025-05-11T12:30:00+01:00
0.004000, 0.01, 1.04, 2025-05-11T12:30:00+01:00, 2025-05-11T13:00:00+01:00
0.004000, 0.02, 1.04, 2025-05-11T13:00:00+01:00, 2025-05-11T13:30:00+01:00
0.003000, 0.02, 1.04, 2025-05-11T13:30:00+01:00, 2025-05-11T14:00:00+01:00
0.000000, 0, 1.04, 2025-05-11T14:00:00+01:00, 2025-05-11T14:30:00+01:00
0.000000, 0, 1.04, 2025-05-11T14:30:00+01:00, 2025-05-11T15:00:00+01:00
0.001000, 0.01, 1.04, 2025-05-11T15:00:00+01:00, 2025-05-11T15:30:00+01:00
0.001000, 0.01, 1.04, 2025-05-11T15:30:00+01:00, 2025-05-11T16:00:00+01:00
0.003000, 0.07, 1.04, 2025-05-11T16:00:00+01:00, 2025-05-11T16:30:00+01:00
0.002000, 0.05, 1.04, 2025-05-11T16:30:00+01:00, 2025-05-11T17:00:00+01:00
0.005000, 0.15, 1.04, 2025-05-11T17:00:00+01:00, 2025-05-11T17:30:00+01:00
0.005000, 0.15, 1.04, 2025-05-11T17:30:00+01:00, 2025-05-11T18:00:00+01:00
0.002000, 0.07, 1.04, 2025-05-11T18:00:00+01:00, 2025-05-11T18:30:00+01:00
0.003000, 0.1, 1.04, 2025-05-11T18:30:00+01:00, 2025-05-11T19:00:00+01:00
0.004000, 0.09, 1.04, 2025-05-11T19:00:00+01:00, 2025-05-11T19:30:00+01:00
0.003000, 0.07, 1.04, 2025-05-11T19:30:00+01:00, 2025-05-11T20:00:00+01:00
0.004000, 0.08, 1.04, 2025-05-11T20:00:00+01:00, 2025-05-11T20:30:00+01:00
0.004000, 0.08, 1.04, 2025-05-11T20:30:00+01:00, 2025-05-11T21:00:00+01:00
0.003000, 0.06, 1.04, 2025-05-11T21:00:00+01:00, 2025-05-11T21:30:00+01:00
0.006000, 0.1, 1.04, 2025-05-11T21:30:00+01:00, 2025-05-11T22:00:00+01:00
0.003000, 0.05, 1.04, 2025-05-11T22:00:00+01:00, 2025-05-11T22:30:00+01:00
0.003000, 0.04, 1.04, 2025-05-11T22:30:00+01:00, 2025-05-11T23:00:00+01:00
0.003000, 0.04, 1.04, 2025-05-11T23:00:00+01:00, 2025-05-11T23:30:00+01:00
0.002000, 0.03, 1.04, 2025-05-11T23:30:00+01:00, 2025-05-12T00:00:00+01:00
1.407000, 20.45, 1.04, 2025-05-12T00:00:00+01:00, 2025-05-12T00:30:00+01:00
1.338000, 19.18, 1.04, 2025-05-12T00:30:00+01:00, 2025-05-12T01:00:00+01:00
1.384000, 19.89, 1.04, 2025-05-12T01:00:00+01:00, 2025-05-12T01:30:00+01:00
1.330000, 19.12, 1.04, 2025-05-12T01:30:00+01:00, 2025-05-12T02:00:00+01:00
1.254000, 18.8, 1.04, 2025-05-12T02:00:00+01:00, 2025-05-12T02:30:00+01:00
0.434000, 6.22, 1.04, 2025-05-12T02:30:00+01:00, 2025-05-12T03:00:00+01:00
0.264000, 3.86, 1.04, 2025-05-12T03:00:00+01:00, 2025-05-12T03:30:00+01:00
0.236000, 3.33, 1.04, 2025-05-12T03:30:00+01:00, 2025-05-12T04:00:00+01:00
0.211000, 3.34, 1.04, 2025-05-12T04:00:00+01:00, 2025-05-12T04:30:00+01:00
0.211000, 3.16, 1.04, 2025-05-12T04:30:00+01:00, 2025-05-12T05:00:00+01:00
0.255000, 4.29, 1.04, 2025-05-12T05:00:00+01:00, 2025-05-12T05:30:00+01:00
0.234000, 3.87, 1.04, 2025-05-12T05:30:00+01:00, 2025-05-12T06:00:00+01:00
0.231000, 3.82, 1.04, 2025-05-12T06:00:00+01:00, 2025-05-12T06:30:00+01:00
0.202000, 3.88, 1.04, 2025-05-12T06:30:00+01:00, 2025-05-12T07:00:00+01:00
0.171000, 3.39, 1.04, 2025-05-12T07:00:00+01:00, 2025-05-12T07:30:00+01:00
0.423000, 9.11, 1.04, 2025-05-12T07:30:00+01:00, 2025-05-12T08:00:00+01:00
0.028000, 0.58, 1.04, 2025-05-12T08:00:00+01:00, 2025-05-12T08:30:00+01:00
0.004000, 0.08, 1.04, 2025-05-12T08:30:00+01:00, 2025-05-12T09:00:00+01:00
0.003000, 0.06, 1.04, 2025-05-12T09:00:00+01:00, 2025-05-12T09:30:00+01:00
0.000000, 0, 1.04, 2025-05-12T09:30:00+01:00, 2025-05-12T10:00:00+01:00
0.001000, 0.02, 1.04, 2025-05-12T10:00:00+01:00, 2025-05-12T10:30:00+01:00
0.000000, 0, 1.04, 2025-05-12T10:30:00+01:00, 2025-05-12T11:00:00+01:00
0.001000, 0.02, 1.04, 2025-05-12T11:00:00+01:00, 2025-05-12T11:30:00+01:00
0.000000, 0, 1.04, 2025-05-12T11:30:00+01:00, 2025-05-12T12:00:00+01:00
0.001000, 0.02, 1.04, 2025-05-12T12:00:00+01:00, 2025-05-12T12:30:00+01:00
0.039000, 0.65, 1.04, 2025-05-12T12:30:00+01:00, 2025-05-12T13:00:00+01:00
0.002000, 0.03, 1.04, 2025-05-12T13:00:00+01:00, 2025-05-12T13:30:00+01:00
0.001000, 0.01, 1.04, 2025-05-12T13:30:00+01:00, 2025-05-12T14:00:00+01:00
0.000000, 0, 1.04, 2025-05-12T14:00:00+01:00, 2025-05-12T14:30:00+01:00
0.001000, 0.02, 1.04, 2025-05-12T14:30:00+01:00, 2025-05-12T15:00:00+01:00
0.001000, 0.01, 1.04, 2025-05-12T15:00:00+01:00, 2025-05-12T15:30:00+01:00
0.001000, 0.02, 1.04, 2025-05-12T15:30:00+01:00, 2025-05-12T16:00:00+01:00
0.012000, 0.34, 1.04, 2025-05-12T16:00:00+01:00, 2025-05-12T16:30:00+01:00
0.027000, 0.78, 1.04, 2025-05-12T16:30:00+01:00, 2025-05-12T17:00:00+01:00
0.004000, 0.12, 1.04, 2025-05-12T17:00:00+01:00, 2025-05-12T17:30:00+01:00
0.005000, 0.16, 1.04, 2025-05-12T17:30:00+01:00, 2025-05-12T18:00:00+01:00
0.005000, 0.17, 1.04, 2025-05-12T18:00:00+01:00, 2025-05-12T18:30:00+01:00
0.012000, 0.41, 1.04, 2025-05-12T18:30:00+01:00, 2025-05-12T19:00:00+01:00
0.002000, 0.04, 1.04, 2025-05-12T19:00:00+01:00, 2025-05-12T19:30:00+01:00
0.003000, 0.07, 1.04, 2025-05-12T19:30:00+01:00, 2025-05-12T20:00:00+01:00
0.002000, 0.04, 1.04, 2025-05-12T20:00:00+01:00, 2025-05-12T20:30:00+01:00
0.003000, 0.07, 1.04, 2025-05-12T20:30:00+01:00, 2025-05-12T21:00:00+01:00
0.003000, 0.06, 1.04, 2025-05-12T21:00:00+01:00, 2025-05-12T21:30:00+01:00
0.003000, 0.05, 1.04, 2025-05-12T21:30:00+01:00, 2025-05-12T22:00:00+01:00
0.005000, 0.08, 1.04, 2025-05-12T22:00:00+01:00, 2025-05-12T22:30:00+01:00
0.002000, 0.03, 1.04, 2025-05-12T22:30:00+01:00, 2025-05-12T23:00:00+01:00
0.001000, 0.02, 1.04, 2025-05-12T23:00:00+01:00, 2025-05-12T23:30:00+01:00
0.002000, 0.03, 1.04, 2025-05-12T23:30:00+01:00, 2025-05-13T00:00:00+01:00
1.279000, 19.41, 1.04, 2025-05-13T00:00:00+01:00, 2025-05-13T00:30:00+01:00
1.261000, 18.7, 1.04, 2025-05-13T00:30:00+01:00, 2025-05-13T01:00:00+01:00
1.229000, 17.89, 1.04, 2025-05-13T01:00:00+01:00, 2025-05-13T01:30:00+01:00
1.264000, 18.75, 1.04, 2025-05-13T01:30:00+01:00, 2025-05-13T02:00:00+01:00
1.224000, 18.76, 1.04, 2025-05-13T02:00:00+01:00, 2025-05-13T02:30:00+01:00
0.463000, 6.93, 1.04, 2025-05-13T02:30:00+01:00, 2025-05-13T03:00:00+01:00
0.166000, 2.54, 1.04, 2025-05-13T03:00:00+01:00, 2025-05-13T03:30:00+01:00
0.171000, 2.56, 1.04, 2025-05-13T03:30:00+01:00, 2025-05-13T04:00:00+01:00
0.180000, 2.9, 1.04, 2025-05-13T04:00:00+01:00, 2025-05-13T04:30:00+01:00
0.153000, 2.46, 1.04, 2025-05-13T04:30:00+01:00, 2025-05-13T05:00:00+01:00
0.166000, 2.99, 1.04, 2025-05-13T05:00:00+01:00, 2025-05-13T05:30:00+01:00
0.164000, 2.82, 1.04, 2025-05-13T05:30:00+01:00, 2025-05-13T06:00:00+01:00
0.137000, 2.93, 1.04, 2025-05-13T06:00:00+01:00, 2025-05-13T06:30:00+01:00
0.158000, 3.76, 1.04, 2025-05-13T06:30:00+01:00, 2025-05-13T07:00:00+01:00
0.107000, 2.35, 1.04, 2025-05-13T07:00:00+01:00, 2025-05-13T07:30:00+01:00
0.189000, 4.67, 1.04, 2025-05-13T07:30:00+01:00, 2025-05-13T08:00:00+01:00
0.002000, 0.05, 1.04, 2025-05-13T08:00:00+01:00, 2025-05-13T08:30:00+01:00
0.002000, 0.04, 1.04, 2025-05-13T08:30:00+01:00, 2025-05-13T09:00:00+01:00
0.001000, 0.02, 1.04, 2025-05-13T09:00:00+01:00, 2025-05-13T09:30:00+01:00
0.000000, 0, 1.04, 2025-05-13T09:30:00+01:00, 2025-05-13T10:00:00+01:00
0.000000, 0, 1.04, 2025-05-13T10:00:00+01:00, 2025-05-13T10:30:00+01:00
0.000000, 0, 1.04, 2025-05-13T10:30:00+01:00, 2025-05-13T11:00:00+01:00
0.000000, 0, 1.04, 2025-05-13T11:00:00+01:00, 2025-05-13T11:30:00+01:00
0.000000, 0, 1.04, 2025-05-13T11:30:00+01:00, 2025-05-13T12:00:00+01:00
0.000000, 0, 1.04, 2025-05-13T12:00:00+01:00, 2025-05-13T12:30:00+01:00
0.001000, 0.01, 1.04, 2025-05-13T12:30:00+01:00, 2025-05-13T13:00:00+01:00
0.002000, 0.03, 1.04, 2025-05-13T13:00:00+01:00, 2025-05-13T13:30:00+01:00
0.005000, 0.07, 1.04, 2025-05-13T13:30:00+01:00, 2025-05-13T14:00:00+01:00
0.001000, 0.02, 1.04, 2025-05-13T14:00:00+01:00, 2025-05-13T14:30:00+01:00
0.006000, 0.09, 1.04, 2025-05-13T14:30:00+01:00, 2025-05-13T15:00:00+01:00
0.004000, 0.06, 1.04, 2025-05-13T15:00:00+01:00, 2025-05-13T15:30:00+01:00
0.000000, 0, 1.04, 2025-05-13T15:30:00+01:00, 2025-05-13T16:00:00+01:00
0.000000, 0, 1.04, 2025-05-13T16:00:00+01:00, 2025-05-13T16:30:00+01:00
0.002000, 0.05, 1.04, 2025-05-13T16:30:00+01:00, 2025-05-13T17:00:00+01:00
0.001000, 0.03, 1.04, 2025-05-13T17:00:00+01:00, 2025-05-13T17:30:00+01:00
0.005000, 0.15, 1.04, 2025-05-13T17:30:00+01:00, 2025-05-13T18:00:00+01:00
0.002000, 0.07, 1.04, 2025-05-13T18:00:00+01:00, 2025-05-13T18:30:00+01:00
0.002000, 0.07, 1.04, 2025-05-13T18:30:00+01:00, 2025-05-13T19:00:00+01:00
0.001000, 0.02, 1.04, 2025-05-13T19:00:00+01:00, 2025-05-13T19:30:00+01:00
0.003000, 0.07, 1.04, 2025-05-13T19:30:00+01:00, 2025-05-13T20:00:00+01:00
0.026000, 0.61, 1.04, 2025-05-13T20:00:00+01:00, 2025-05-13T20:30:00+01:00
0.007000, 0.16, 1.04, 2025-05-13T20:30:00+01:00, 2025-05-13T21:00:00+01:00
0.002000, 0.04, 1.04, 2025-05-13T21:00:00+01:00, 2025-05-13T21:30:00+01:00
0.003000, 0.06, 1.04, 2025-05-13T21:30:00+01:00, 2025-05-13T22:00:00+01:00
0.002000, 0.04, 1.04, 2025-05-13T22:00:00+01:00, 2025-05-13T22:30:00+01:00
0.002000, 0.03, 1.04, 2025-05-13T22:30:00+01:00, 2025-05-13T23:00:00+01:00
0.002000, 0.04, 1.04, 2025-05-13T23:00:00+01:00, 2025-05-13T23:30:00+01:00
0.002000, 0.03, 1.04, 2025-05-13T23:30:00+01:00, 2025-05-14T00:00:00+01:00
1.249000, 19.99, 1.04, 2025-05-14T00:00:00+01:00, 2025-05-14T00:30:00+01:00
1.227000, 18.72, 1.04, 2025-05-14T00:30:00+01:00, 2025-05-14T01:00:00+01:00
1.236000, 18.71, 1.04, 2025-05-14T01:00:00+01:00, 2025-05-14T01:30:00+01:00
1.236000, 18.55, 1.04, 2025-05-14T01:30:00+01:00, 2025-05-14T02:00:00+01:00
0.723000, 11.01, 1.04, 2025-05-14T02:00:00+01:00, 2025-05-14T02:30:00+01:00
0.178000, 2.63, 1.04, 2025-05-14T02:30:00+01:00, 2025-05-14T03:00:00+01:00
0.250000, 3.69, 1.04, 2025-05-14T03:00:00+01:00, 2025-05-14T03:30:00+01:00
0.195000, 2.91, 1.04, 2025-05-14T03:30:00+01:00, 2025-05-14T04:00:00+01:00
0.177000, 2.73, 1.04, 2025-05-14T04:00:00+01:00, 2025-05-14T04:30:00+01:00
0.178000, 2.63, 1.04, 2025-05-14T04:30:00+01:00, 2025-05-14T05:00:00+01:00
0.180000, 2.77, 1.04, 2025-05-14T05:00:00+01:00, 2025-05-14T05:30:00+01:00
0.161000, 2.59, 1.04, 2025-05-14T05:30:00+01:00, 2025-05-14T06:00:00+01:00
0.134000, 2.36, 1.04, 2025-05-14T06:00:00+01:00, 2025-05-14T06:30:00+01:00
0.122000, 2.54, 1.04, 2025-05-14T06:30:00+01:00, 2025-05-14T07:00:00+01:00
0.099000, 1.86, 1.04, 2025-05-14T07:00:00+01:00, 2025-05-14T07:30:00+01:00
0.131000, 2.62, 1.04, 2025-05-14T07:30:00+01:00, 2025-05-14T08:00:00+01:00
0.002000, 0.04, 1.04, 2025-05-14T08:00:00+01:00, 2025-05-14T08:30:00+01:00
0.000000, 0, 1.04, 2025-05-14T08:30:00+01:00, 2025-05-14T09:00:00+01:00
0.000000, 0, 1.04, 2025-05-14T09:00:00+01:00, 2025-05-14T09:30:00+01:00
0.002000, 0.03, 1.04, 2025-05-14T09:30:00+01:00, 2025-05-14T10:00:00+01:00
0.007000, 0.11, 1.04, 2025-05-14T10:00:00+01:00, 2025-05-14T10:30:00+01:00
0.000000, 0, 1.04, 2025-05-14T10:30:00+01:00, 2025-05-14T11:00:00+01:00
0.002000, 0.03, 1.04, 2025-05-14T11:00:00+01:00, 2025-05-14T11:30:00+01:00
0.000000, 0, 1.04, 2025-05-14T11:30:00+01:00, 2025-05-14T12:00:00+01:00
0.000000, 0, 1.04, 2025-05-14T12:00:00+01:00, 2025-05-14T12:30:00+01:00
0.000000, 0, 1.04, 2025-05-14T12:30:00+01:00, 2025-05-14T13:00:00+01:00
0.000000, 0, 1.04, 2025-05-14T13:00:00+01:00, 2025-05-14T13:30:00+01:00
0.000000, 0, 1.04, 2025-05-14T13:30:00+01:00, 2025-05-14T14:00:00+01:00
0.000000, 0, 1.04, 2025-05-14T14:00:00+01:00, 2025-05-14T14:30:00+01:00
0.000000, 0, 1.04, 2025-05-14T14:30:00+01:00, 2025-05-14T15:00:00+01:00
0.000000, 0, 1.04, 2025-05-14T15:00:00+01:00, 2025-05-14T15:30:00+01:00
0.001000, 0.01, 1.04, 2025-05-14T15:30:00+01:00, 2025-05-14T16:00:00+01:00
0.000000, 0, 1.04, 2025-05-14T16:00:00+01:00, 2025-05-14T16:30:00+01:00
0.001000, 0.03, 1.04, 2025-05-14T16:30:00+01:00, 2025-05-14T17:00:00+01:00
0.000000, 0, 1.04, 2025-05-14T17:00:00+01:00, 2025-05-14T17:30:00+01:00
0.007000, 0.2, 1.04, 2025-05-14T17:30:00+01:00, 2025-05-14T18:00:00+01:00
0.002000, 0.06, 1.04, 2025-05-14T18:00:00+01:00, 2025-05-14T18:30:00+01:00
0.001000, 0.03, 1.04, 2025-05-14T18:30:00+01:00, 2025-05-14T19:00:00+01:00
0.023000, 0.5, 1.04, 2025-05-14T19:00:00+01:00, 2025-05-14T19:30:00+01:00
0.003000, 0.07, 1.04, 2025-05-14T19:30:00+01:00, 2025-05-14T20:00:00+01:00
0.004000, 0.09, 1.04, 2025-05-14T20:00:00+01:00, 2025-05-14T20:30:00+01:00
0.003000, 0.06, 1.04, 2025-05-14T20:30:00+01:00, 2025-05-14T21:00:00+01:00
0.003000, 0.06, 1.04, 2025-05-14T21:00:00+01:00, 2025-05-14T21:30:00+01:00
0.002000, 0.04, 1.04, 2025-05-14T21:30:00+01:00, 2025-05-14T22:00:00+01:00
0.002000, 0.03, 1.04, 2025-05-14T22:00:00+01:00, 2025-05-14T22:30:00+01:00
0.001000, 0.01, 1.04, 2025-05-14T22:30:00+01:00, 2025-05-14T23:00:00+01:00
0.002000, 0.04, 1.04, 2025-05-14T23:00:00+01:00, 2025-05-14T23:30:00+01:00
0.002000, 0.04, 1.04, 2025-05-14T23:30:00+01:00, 2025-05-15T00:00:00+01:00
1.234000, 20.68, 1.04, 2025-05-15T00:00:00+01:00, 2025-05-15T00:30:00+01:00
1.212000, 20.31, 1.04, 2025-05-15T00:30:00+01:00, 2025-05-15T01:00:00+01:00
1.242000, 19.8, 1.04, 2025-05-15T01:00:00+01:00, 2025-05-15T01:30:00+01:00
0.509000, 8.11, 1.04, 2025-05-15T01:30:00+01:00, 2025-05-15T02:00:00+01:00
0.154000, 2.54, 1.04, 2025-05-15T02:00:00+01:00, 2025-05-15T02:30:00+01:00
0.167000, 2.55, 1.04, 2025-05-15T02:30:00+01:00, 2025-05-15T03:00:00+01:00
0.184000, 2.81, 1.04, 2025-05-15T03:00:00+01:00, 2025-05-15T03:30:00+01:00
0.143000, 2.13, 1.04, 2025-05-15T03:30:00+01:00, 2025-05-15T04:00:00+01:00
0.152000, 2.63, 1.04, 2025-05-15T04:00:00+01:00, 2025-05-15T04:30:00+01:00
0.172000, 2.78, 1.04, 2025-05-15T04:30:00+01:00, 2025-05-15T05:00:00+01:00
0.276000, 4.56, 1.04, 2025-05-15T05:00:00+01:00, 2025-05-15T05:30:00+01:00
0.173000, 2.67, 1.04, 2025-05-15T05:30:00+01:00, 2025-05-15T06:00:00+01:00
0.113000, 1.66, 1.04, 2025-05-15T06:00:00+01:00, 2025-05-15T06:30:00+01:00
0.095000, 1.86, 1.04, 2025-05-15T06:30:00+01:00, 2025-05-15T07:00:00+01:00
0.075000, 1.59, 1.04, 2025-05-15T07:00:00+01:00, 2025-05-15T07:30:00+01:00
0.057000, 1.25, 1.04, 2025-05-15T07:30:00+01:00, 2025-05-15T08:00:00+01:00
0.009000, 0.2, 1.04, 2025-05-15T08:00:00+01:00, 2025-05-15T08:30:00+01:00
0.000000, 0, 1.04, 2025-05-15T08:30:00+01:00, 2025-05-15T09:00:00+01:00
0.003000, 0.06, 1.04, 2025-05-15T09:00:00+01:00, 2025-05-15T09:30:00+01:00
0.000000, 0, 1.04, 2025-05-15T09:30:00+01:00, 2025-05-15T10:00:00+01:00
0.000000, 0, 1.04, 2025-05-15T10:00:00+01:00, 2025-05-15T10:30:00+01:00
0.000000, 0, 1.04, 2025-05-15T10:30:00+01:00, 2025-05-15T11:00:00+01:00
0.000000, 0, 1.04, 2025-05-15T11:00:00+01:00, 2025-05-15T11:30:00+01:00
0.000000, 0, 1.04, 2025-05-15T11:30:00+01:00, 2025-05-15T12:00:00+01:00
0.000000, 0, 1.04, 2025-05-15T12:00:00+01:00, 2025-05-15T12:30:00+01:00
0.002000, 0.04, 1.04, 2025-05-15T12:30:00+01:00, 2025-05-15T13:00:00+01:00
0.001000, 0.02, 1.04, 2025-05-15T13:00:00+01:00, 2025-05-15T13:30:00+01:00
0.000000, 0, 1.04, 2025-05-15T13:30:00+01:00, 2025-05-15T14:00:00+01:00
0.000000, 0, 1.04, 2025-05-15T14:00:00+01:00, 2025-05-15T14:30:00+01:00
0.002000, 0.03, 1.04, 2025-05-15T14:30:00+01:00, 2025-05-15T15:00:00+01:00
0.000000, 0, 1.04, 2025-05-15T15:00:00+01:00, 2025-05-15T15:30:00+01:00
0.002000, 0.03, 1.04, 2025-05-15T15:30:00+01:00, 2025-05-15T16:00:00+01:00
0.000000, 0, 1.04, 2025-05-15T16:00:00+01:00, 2025-05-15T16:30:00+01:00
0.000000, 0, 1.04, 2025-05-15T16:30:00+01:00, 2025-05-15T17:00:00+01:00
0.002000, 0.06, 1.04, 2025-05-15T17:00:00+01:00, 2025-05-15T17:30:00+01:00
0.006000, 0.18, 1.04, 2025-05-15T17:30:00+01:00, 2025-05-15T18:00:00+01:00
0.003000, 0.09, 1.04, 2025-05-15T18:00:00+01:00, 2025-05-15T18:30:00+01:00
0.001000, 0.03, 1.04, 2025-05-15T18:30:00+01:00, 2025-05-15T19:00:00+01:00
0.002000, 0.04, 1.04, 2025-05-15T19:00:00+01:00, 2025-05-15T19:30:00+01:00
0.009000, 0.21, 1.04, 2025-05-15T19:30:00+01:00, 2025-05-15T20:00:00+01:00
0.002000, 0.05, 1.04, 2025-05-15T20:00:00+01:00, 2025-05-15T20:30:00+01:00
0.010000, 0.22, 1.04, 2025-05-15T20:30:00+01:00, 2025-05-15T21:00:00+01:00
0.004000, 0.09, 1.04, 2025-05-15T21:00:00+01:00, 2025-05-15T21:30:00+01:00
0.004000, 0.09, 1.04, 2025-05-15T21:30:00+01:00, 2025-05-15T22:00:00+01:00
0.004000, 0.07, 1.04, 2025-05-15T22:00:00+01:00, 2025-05-15T22:30:00+01:00
0.003000, 0.05, 1.04, 2025-05-15T22:30:00+01:00, 2025-05-15T23:00:00+01:00
0.001000, 0.02, 1.04, 2025-05-15T23:00:00+01:00, 2025-05-15T23:30:00+01:00
0.002000, 0.03, 1.04, 2025-05-15T23:30:00+01:00, 2025-05-16T00:00:00+01:00
1.264000, 21.16, 1.04, 2025-05-16T00:00:00+01:00, 2025-05-16T00:30:00+01:00
1.259000, 20.12, 1.04, 2025-05-16T00:30:00+01:00, 2025-05-16T01:00:00+01:00
1.243000, 19.97, 1.04, 2025-05-16T01:00:00+01:00, 2025-05-16T01:30:00+01:00
1.236000, 19.75, 1.04, 2025-05-16T01:30:00+01:00, 2025-05-16T02:00:00+01:00
0.586000, 9.5, 1.04, 2025-05-16T02:00:00+01:00, 2025-05-16T02:30:00+01:00
0.150000, 2.35, 1.04, 2025-05-16T02:30:00+01:00, 2025-05-16T03:00:00+01:00
0.129000, 1.93, 1.04, 2025-05-16T03:00:00+01:00, 2025-05-16T03:30:00+01:00
0.182000, 2.69, 1.04, 2025-05-16T03:30:00+01:00, 2025-05-16T04:00:00+01:00
0.163000, 2.55, 1.04, 2025-05-16T04:00:00+01:00, 2025-05-16T04:30:00+01:00
0.155000, 2.42, 1.04, 2025-05-16T04:30:00+01:00, 2025-05-16T05:00:00+01:00
0.132000, 1.98, 1.04, 2025-05-16T05:00:00+01:00, 2025-05-16T05:30:00+01:00
0.165000, 2.59, 1.04, 2025-05-16T05:30:00+01:00, 2025-05-16T06:00:00+01:00
0.141000, 2.38, 1.04, 2025-05-16T06:00:00+01:00, 2025-05-16T06:30:00+01:00
0.096000, 1.9, 1.04, 2025-05-16T06:30:00+01:00, 2025-05-16T07:00:00+01:00
0.142000, 2.94, 1.04, 2025-05-16T07:00:00+01:00, 2025-05-16T07:30:00+01:00
0.275000, 5.88, 1.04, 2025-05-16T07:30:00+01:00, 2025-05-16T08:00:00+01:00
0.019000, 0.39, 1.04, 2025-05-16T08:00:00+01:00, 2025-05-16T08:30:00+01:00
0.001000, 0.02, 1.04, 2025-05-16T08:30:00+01:00, 2025-05-16T09:00:00+01:00
0.009000, 0.16, 1.04, 2025-05-16T09:00:00+01:00, 2025-05-16T09:30:00+01:00
0.006000, 0.09, 1.04, 2025-05-16T09:30:00+01:00, 2025-05-16T10:00:00+01:00
0.001000, 0.02, 1.04, 2025-05-16T10:00:00+01:00, 2025-05-16T10:30:00+01:00
0.000000, 0, 1.04, 2025-05-16T10:30:00+01:00, 2025-05-16T11:00:00+01:00
0.000000, 0, 1.04, 2025-05-16T11:00:00+01:00, 2025-05-16T11:30:00+01:00
0.000000, 0, 1.04, 2025-05-16T11:30:00+01:00, 2025-05-16T12:00:00+01:00
0.025000, 0.37, 1.04, 2025-05-16T12:00:00+01:00, 2025-05-16T12:30:00+01:00
0.001000, 0.01, 1.04, 2025-05-16T12:30:00+01:00, 2025-05-16T13:00:00+01:00
0.001000, 0.01, 1.04, 2025-05-16T13:00:00+01:00, 2025-05-16T13:30:00+01:00
0.000000, 0, 1.04, 2025-05-16T13:30:00+01:00, 2025-05-16T14:00:00+01:00
0.001000, 0.01, 1.04, 2025-05-16T14:00:00+01:00, 2025-05-16T14:30:00+01:00
0.000000, 0, 1.04, 2025-05-16T14:30:00+01:00, 2025-05-16T15:00:00+01:00
0.000000, 0, 1.04, 2025-05-16T15:00:00+01:00, 2025-05-16T15:30:00+01:00
0.000000, 0, 1.04, 2025-05-16T15:30:00+01:00, 2025-05-16T16:00:00+01:00
0.001000, 0.03, 1.04, 2025-05-16T16:00:00+01:00, 2025-05-16T16:30:00+01:00
0.003000, 0.08, 1.04, 2025-05-16T16:30:00+01:00, 2025-05-16T17:00:00+01:00
0.011000, 0.32, 1.04, 2025-05-16T17:00:00+01:00, 2025-05-16T17:30:00+01:00
0.018000, 0.53, 1.04, 2025-05-16T17:30:00+01:00, 2025-05-16T18:00:00+01:00
0.003000, 0.09, 1.04, 2025-05-16T18:00:00+01:00, 2025-05-16T18:30:00+01:00
0.001000, 0.03, 1.04, 2025-05-16T18:30:00+01:00, 2025-05-16T19:00:00+01:00
0.008000, 0.14, 1.04, 2025-05-16T19:00:00+01:00, 2025-05-16T19:30:00+01:00
0.008000, 0.16, 1.04, 2025-05-16T19:30:00+01:00, 2025-05-16T20:00:00+01:00
0.004000, 0.08, 1.04, 2025-05-16T20:00:00+01:00, 2025-05-16T20:30:00+01:00
0.003000, 0.06, 1.04, 2025-05-16T20:30:00+01:00, 2025-05-16T21:00:00+01:00
0.042000, 0.94, 1.04, 2025-05-16T21:00:00+01:00, 2025-05-16T21:30:00+01:00
0.005000, 0.11, 1.04, 2025-05-16T21:30:00+01:00, 2025-05-16T22:00:00+01:00
0.003000, 0.06, 1.04, 2025-05-16T22:00:00+01:00, 2025-05-16T22:30:00+01:00
0.002000, 0.04, 1.04, 2025-05-16T22:30:00+01:00, 2025-05-16T23:00:00+01:00
0.004000, 0.07, 1.04, 2025-05-16T23:00:00+01:00, 2025-05-16T23:30:00+01:00
0.003000, 0.04, 1.04, 2025-05-16T23:30:00+01:00, 2025-05-17T00:00:00+01:00
1.244000, 19.32, 1.04, 2025-05-17T00:00:00+01:00, 2025-05-17T00:30:00+01:00
1.276000, 21.12, 1.04, 2025-05-17T00:30:00+01:00, 2025-05-17T01:00:00+01:00
1.245000, 20.59, 1.04, 2025-05-17T01:00:00+01:00, 2025-05-17T01:30:00+01:00
1.231000, 20.63, 1.04, 2025-05-17T01:30:00+01:00, 2025-05-17T02:00:00+01:00
1.234000, 20.68, 1.04, 2025-05-17T02:00:00+01:00, 2025-05-17T02:30:00+01:00
0.941000, 14.93, 1.04, 2025-05-17T02:30:00+01:00, 2025-05-17T03:00:00+01:00
0.139000, 2.26, 1.04, 2025-05-17T03:00:00+01:00, 2025-05-17T03:30:00+01:00
0.160000, 2.6, 1.04, 2025-05-17T03:30:00+01:00, 2025-05-17T04:00:00+01:00
0.151000, 2.53, 1.04, 2025-05-17T04:00:00+01:00, 2025-05-17T04:30:00+01:00
0.161000, 2.6, 1.04, 2025-05-17T04:30:00+01:00, 2025-05-17T05:00:00+01:00
0.131000, 2.14, 1.04, 2025-05-17T05:00:00+01:00, 2025-05-17T05:30:00+01:00
0.174000, 2.94, 1.04, 2025-05-17T05:30:00+01:00, 2025-05-17T06:00:00+01:00
0.162000, 2.73, 1.04, 2025-05-17T06:00:00+01:00, 2025-05-17T06:30:00+01:00
0.147000, 2.69, 1.04, 2025-05-17T06:30:00+01:00, 2025-05-17T07:00:00+01:00
0.143000, 2.35, 1.04, 2025-05-17T07:00:00+01:00, 2025-05-17T07:30:00+01:00
0.347000, 6.2, 1.04, 2025-05-17T07:30:00+01:00, 2025-05-17T08:00:00+01:00
0.050000, 0.92, 1.04, 2025-05-17T08:00:00+01:00, 2025-05-17T08:30:00+01:00
0.004000, 0.07, 1.04, 2025-05-17T08:30:00+01:00, 2025-05-17T09:00:00+01:00
0.002000, 0.04, 1.04, 2025-05-17T09:00:00+01:00, 2025-05-17T09:30:00+01:00
0.002000, 0.04, 1.04, 2025-05-17T09:30:00+01:00, 2025-05-17T10:00:00+01:00
0.007000, 0.12, 1.04, 2025-05-17T10:00:00+01:00, 2025-05-17T10:30:00+01:00
0.004000, 0.07, 1.04, 2025-05-17T10:30:00+01:00, 2025-05-17T11:00:00+01:00
0.012000, 0.18, 1.04, 2025-05-17T11:00:00+01:00, 2025-05-17T11:30:00+01:00
0.010000, 0.13, 1.04, 2025-05-17T11:30:00+01:00, 2025-05-17T12:00:00+01:00
0.010000, 0.12, 1.04, 2025-05-17T12:00:00+01:00, 2025-05-17T12:30:00+01:00
0.001000, 0.01, 1.04, 2025-05-17T12:30:00+01:00, 2025-05-17T13:00:00+01:00
0.001000, 0.01, 1.04, 2025-05-17T13:00:00+01:00, 2025-05-17T13:30:00+01:00
0.000000, 0, 1.04, 2025-05-17T13:30:00+01:00, 2025-05-17T14:00:00+01:00
0.000000, 0, 1.04, 2025-05-17T14:00:00+01:00, 2025-05-17T14:30:00+01:00
0.000000, 0, 1.04, 2025-05-17T14:30:00+01:00, 2025-05-17T15:00:00+01:00
0.000000, 0, 1.04, 2025-05-17T15:00:00+01:00, 2025-05-17T15:30:00+01:00
0.000000, 0, 1.04, 2025-05-17T15:30:00+01:00, 2025-05-17T16:00:00+01:00
0.000000, 0, 1.04, 2025-05-17T16:00:00+01:00, 2025-05-17T16:30:00+01:00
0.000000, 0, 1.04, 2025-05-17T16:30:00+01:00, 2025-05-17T17:00:00+01:00
0.001000, 0.03, 1.04, 2025-05-17T17:00:00+01:00, 2025-05-17T17:30:00+01:00
0.000000, 0, 1.04, 2025-05-17T17:30:00+01:00, 2025-05-17T18:00:00+01:00
0.001000, 0.03, 1.04, 2025-05-17T18:00:00+01:00, 2025-05-17T18:30:00+01:00
0.001000, 0.03, 1.04, 2025-05-17T18:30:00+01:00, 2025-05-17T19:00:00+01:00
0.002000, 0.04, 1.04, 2025-05-17T19:00:00+01:00, 2025-05-17T19:30:00+01:00
0.001000, 0.02, 1.04, 2025-05-17T19:30:00+01:00, 2025-05-17T20:00:00+01:00
0.001000, 0.02, 1.04, 2025-05-17T20:00:00+01:00, 2025-05-17T20:30:00+01:00
0.003000, 0.07, 1.04, 2025-05-17T20:30:00+01:00, 2025-05-17T21:00:00+01:00
0.002000, 0.04, 1.04, 2025-05-17T21:00:00+01:00, 2025-05-17T21:30:00+01:00
0.001000, 0.02, 1.04, 2025-05-17T21:30:00+01:00, 2025-05-17T22:00:00+01:00
0.002000, 0.04, 1.04, 2025-05-17T22:00:00+01:00, 2025-05-17T22:30:00+01:00
0.002000, 0.04, 1.04, 2025-05-17T22:30:00+01:00, 2025-05-17T23:00:00+01:00
0.002000, 0.04, 1.04, 2025-05-17T23:00:00+01:00, 2025-05-17T23:30:00+01:00
0.001000, 0.02, 1.04, 2025-05-17T23:30:00+01:00, 2025-05-18T00:00:00+01:00
1.235000, 23.42, 1.04, 2025-05-18T00:00:00+01:00, 2025-05-18T00:30:00+01:00
1.050000, 19.45, 1.04, 2025-05-18T00:30:00+01:00, 2025-05-18T01:00:00+01:00
0.174000, 3.09, 1.04, 2025-05-18T01:00:00+01:00, 2025-05-18T01:30:00+01:00
0.179000, 3.26, 1.04, 2025-05-18T01:30:00+01:00, 2025-05-18T02:00:00+01:00
0.146000, 2.67, 1.04, 2025-05-18T02:00:00+01:00, 2025-05-18T02:30:00+01:00
0.127000, 2.26, 1.04, 2025-05-18T02:30:00+01:00, 2025-05-18T03:00:00+01:00
0.142000, 2.57, 1.04, 2025-05-18T03:00:00+01:00, 2025-05-18T03:30:00+01:00
0.165000, 2.91, 1.04, 2025-05-18T03:30:00+01:00, 2025-05-18T04:00:00+01:00
0.170000, 3.04, 1.04, 2025-05-18T04:00:00+01:00, 2025-05-18T04:30:00+01:00
0.152000, 2.68, 1.04, 2025-05-18T04:30:00+01:00, 2025-05-18T05:00:00+01:00
0.125000, 2.18, 1.04, 2025-05-18T05:00:00+01:00, 2025-05-18T05:30:00+01:00
0.132000, 2.27, 1.04, 2025-05-18T05:30:00+01:00, 2025-05-18T06:00:00+01:00
0.133000, 2.25, 1.04, 2025-05-18T06:00:00+01:00, 2025-05-18T06:30:00+01:00
0.121000, 2.07, 1.04, 2025-05-18T06:30:00+01:00, 2025-05-18T07:00:00+01:00
0.082000, 1.42, 1.04, 2025-05-18T07:00:00+01:00, 2025-05-18T07:30:00+01:00
0.025000, 0.48, 1.04, 2025-05-18T07:30:00+01:00, 2025-05-18T08:00:00+01:00
0.001000, 0.02, 1.04, 2025-05-18T08:00:00+01:00, 2025-05-18T08:30:00+01:00
0.000000, 0, 1.04, 2025-05-18T08:30:00+01:00, 2025-05-18T09:00:00+01:00
0.000000, 0, 1.04, 2025-05-18T09:00:00+01:00, 2025-05-18T09:30:00+01:00
0.001000, 0.02, 1.04, 2025-05-18T09:30:00+01:00, 2025-05-18T10:00:00+01:00
0.000000, 0, 1.04, 2025-05-18T10:00:00+01:00, 2025-05-18T10:30:00+01:00
0.001000, 0.02, 1.04, 2025-05-18T10:30:00+01:00, 2025-05-18T11:00:00+01:00
0.000000, 0, 1.04, 2025-05-18T11:00:00+01:00, 2025-05-18T11:30:00+01:00
0.000000, 0, 1.04, 2025-05-18T11:30:00+01:00, 2025-05-18T12:00:00+01:00
0.000000, 0, 1.04, 2025-05-18T12:00:00+01:00, 2025-05-18T12:30:00+01:00
0.000000, 0, 1.04, 2025-05-18T12:30:00+01:00, 2025-05-18T13:00:00+01:00
0.000000, 0, 1.04, 2025-05-18T13:00:00+01:00, 2025-05-18T13:30:00+01:00
0.000000, 0, 1.04, 2025-05-18T13:30:00+01:00, 2025-05-18T14:00:00+01:00
0.000000, 0, 1.04, 2025-05-18T14:00:00+01:00, 2025-05-18T14:30:00+01:00
0.000000, 0, 1.04, 2025-05-18T14:30:00+01:00, 2025-05-18T15:00:00+01:00
0.000000, 0, 1.04, 2025-05-18T15:00:00+01:00, 2025-05-18T15:30:00+01:00
0.001000, 0.01, 1.04, 2025-05-18T15:30:00+01:00, 2025-05-18T16:00:00+01:00
0.000000, 0, 1.04, 2025-05-18T16:00:00+01:00, 2025-05-18T16:30:00+01:00
0.000000, 0, 1.04, 2025-05-18T16:30:00+01:00, 2025-05-18T17:00:00+01:00
0.001000, 0.03, 1.04, 2025-05-18T17:00:00+01:00, 2025-05-18T17:30:00+01:00
0.001000, 0.03, 1.04, 2025-05-18T17:30:00+01:00, 2025-05-18T18:00:00+01:00
0.001000, 0.03, 1.04, 2025-05-18T18:00:00+01:00, 2025-05-18T18:30:00+01:00
0.002000, 0.06, 1.04, 2025-05-18T18:30:00+01:00, 2025-05-18T19:00:00+01:00
0.001000, 0.02, 1.04, 2025-05-18T19:00:00+01:00, 2025-05-18T19:30:00+01:00
0.002000, 0.04, 1.04, 2025-05-18T19:30:00+01:00, 2025-05-18T20:00:00+01:00
0.002000, 0.04, 1.04, 2025-05-18T20:00:00+01:00, 2025-05-18T20:30:00+01:00
0.001000, 0.02, 1.04, 2025-05-18T20:30:00+01:00, 2025-05-18T21:00:00+01:00
0.002000, 0.05, 1.04, 2025-05-18T21:00:00+01:00, 2025-05-18T21:30:00+01:00
0.002000, 0.04, 1.04, 2025-05-18T21:30:00+01:00, 2025-05-18T22:00:00+01:00
0.002000, 0.04, 1.04, 2025-05-18T22:00:00+01:00, 2025-05-18T22:30:00+01:00
0.001000, 0.02, 1.04, 2025-05-18T22:30:00+01:00, 2025-05-18T23:00:00+01:00
0.002000, 0.04, 1.04, 2025-05-18T23:00:00+01:00, 2025-05-18T23:30:00+01:00
0.002000, 0.04, 1.04, 2025-05-18T23:30:00+01:00, 2025-05-19T00:00:00+01:00
1.298000, 25.47, 1.04, 2025-05-19T00:00:00+01:00, 2025-05-19T00:30:00+01:00
1.170000, 22.42, 1.04, 2025-05-19T00:30:00+01:00, 2025-05-19T01:00:00+01:00
0.357000, 6.46, 1.04, 2025-05-19T01:00:00+01:00, 2025-05-19T01:30:00+01:00
0.218000, 3.96, 1.04, 2025-05-19T01:30:00+01:00, 2025-05-19T02:00:00+01:00
0.210000, 3.84, 1.04, 2025-05-19T02:00:00+01:00, 2025-05-19T02:30:00+01:00
0.198000, 3.43, 1.04, 2025-05-19T02:30:00+01:00, 2025-05-19T03:00:00+01:00
0.222000, 3.93, 1.04, 2025-05-19T03:00:00+01:00, 2025-05-19T03:30:00+01:00
0.238000, 4.01, 1.04, 2025-05-19T03:30:00+01:00, 2025-05-19T04:00:00+01:00
0.202000, 3.48, 1.04, 2025-05-19T04:00:00+01:00, 2025-05-19T04:30:00+01:00
0.175000, 3.01, 1.04, 2025-05-19T04:30:00+01:00, 2025-05-19T05:00:00+01:00
0.212000, 4.15, 1.04, 2025-05-19T05:00:00+01:00, 2025-05-19T05:30:00+01:00
0.275000, 5.76, 1.04, 2025-05-19T05:30:00+01:00, 2025-05-19T06:00:00+01:00
0.274000, 5.79, 1.04, 2025-05-19T06:00:00+01:00, 2025-05-19T06:30:00+01:00
0.170000, 4.08, 1.04, 2025-05-19T06:30:00+01:00, 2025-05-19T07:00:00+01:00
0.108000, 2.49, 1.04, 2025-05-19T07:00:00+01:00, 2025-05-19T07:30:00+01:00
0.038000, 0.88, 1.04, 2025-05-19T07:30:00+01:00, 2025-05-19T08:00:00+01:00
0.002000, 0.04, 1.04, 2025-05-19T08:00:00+01:00, 2025-05-19T08:30:00+01:00
0.001000, 0.02, 1.04, 2025-05-19T08:30:00+01:00, 2025-05-19T09:00:00+01:00
0.001000, 0.02, 1.04, 2025-05-19T09:00:00+01:00, 2025-05-19T09:30:00+01:00
0.001000, 0.02, 1.04, 2025-05-19T09:30:00+01:00, 2025-05-19T10:00:00+01:00
0.000000, 0, 1.04, 2025-05-19T10:00:00+01:00, 2025-05-19T10:30:00+01:00
0.001000, 0.02, 1.04, 2025-05-19T10:30:00+01:00, 2025-05-19T11:00:00+01:00
0.000000, 0, 1.04, 2025-05-19T11:00:00+01:00, 2025-05-19T11:30:00+01:00
0.001000, 0.02, 1.04, 2025-05-19T11:30:00+01:00, 2025-05-19T12:00:00+01:00
0.000000, 0, 1.04, 2025-05-19T12:00:00+01:00, 2025-05-19T12:30:00+01:00
0.001000, 0.02, 1.04, 2025-05-19T12:30:00+01:00, 2025-05-19T13:00:00+01:00
0.000000, 0, 1.04, 2025-05-19T13:00:00+01:00, 2025-05-19T13:30:00+01:00
0.000000, 0, 1.04, 2025-05-19T13:30:00+01:00, 2025-05-19T14:00:00+01:00
0.001000, 0.02, 1.04, 2025-05-19T14:00:00+01:00, 2025-05-19T14:30:00+01:00
0.000000, 0, 1.04, 2025-05-19T14:30:00+01:00, 2025-05-19T15:00:00+01:00
0.000000, 0, 1.04, 2025-05-19T15:00:00+01:00, 2025-05-19T15:30:00+01:00
0.000000, 0, 1.04, 2025-05-19T15:30:00+01:00, 2025-05-19T16:00:00+01:00
0.001000, 0.03, 1.04, 2025-05-19T16:00:00+01:00, 2025-05-19T16:30:00+01:00
0.001000, 0.03, 1.04, 2025-05-19T16:30:00+01:00, 2025-05-19T17:00:00+01:00
0.000000, 0, 1.04, 2025-05-19T17:00:00+01:00, 2025-05-19T17:30:00+01:00
0.002000, 0.06, 1.04, 2025-05-19T17:30:00+01:00, 2025-05-19T18:00:00+01:00
0.002000, 0.07, 1.04, 2025-05-19T18:00:00+01:00, 2025-05-19T18:30:00+01:00
0.002000, 0.07, 1.04, 2025-05-19T18:30:00+01:00, 2025-05-19T19:00:00+01:00
0.001000, 0.02, 1.04, 2025-05-19T19:00:00+01:00, 2025-05-19T19:30:00+01:00
0.002000, 0.05, 1.04, 2025-05-19T19:30:00+01:00, 2025-05-19T20:00:00+01:00
0.002000, 0.05, 1.04, 2025-05-19T20:00:00+01:00, 2025-05-19T20:30:00+01:00
0.002000, 0.05, 1.04, 2025-05-19T20:30:00+01:00, 2025-05-19T21:00:00+01:00
0.001000, 0.02, 1.04, 2025-05-19T21:00:00+01:00, 2025-05-19T21:30:00+01:00
0.002000, 0.04, 1.04, 2025-05-19T21:30:00+01:00, 2025-05-19T22:00:00+01:00
0.002000, 0.04, 1.04, 2025-05-19T22:00:00+01:00, 2025-05-19T22:30:00+01:00
0.002000, 0.03, 1.04, 2025-05-19T22:30:00+01:00, 2025-05-19T23:00:00+01:00
0.001000, 0.02, 1.04, 2025-05-19T23:00:00+01:00, 2025-05-19T23:30:00+01:00
0.002000, 0.04, 1.04, 2025-05-19T23:30:00+01:00, 2025-05-20T00:00:00+01:00
1.220000, 20.71, 1.04, 2025-05-20T00:00:00+01:00, 2025-05-20T00:30:00+01:00
1.032000, 17.52, 1.04, 2025-05-20T00:30:00+01:00, 2025-05-20T01:00:00+01:00
0.211000, 3.61, 1.04, 2025-05-20T01:00:00+01:00, 2025-05-20T01:30:00+01:00
0.162000, 2.79, 1.04, 2025-05-20T01:30:00+01:00, 2025-05-20T02:00:00+01:00
0.166000, 2.84, 1.04, 2025-05-20T02:00:00+01:00, 2025-05-20T02:30:00+01:00
0.152000, 2.54, 1.04, 2025-05-20T02:30:00+01:00, 2025-05-20T03:00:00+01:00
0.120000, 2.01, 1.04, 2025-05-20T03:00:00+01:00, 2025-05-20T03:30:00+01:00
0.137000, 2.2, 1.04, 2025-05-20T03:30:00+01:00, 2025-05-20T04:00:00+01:00
0.167000, 2.79, 1.04, 2025-05-20T04:00:00+01:00, 2025-05-20T04:30:00+01:00
0.179000, 3.04, 1.04, 2025-05-20T04:30:00+01:00, 2025-05-20T05:00:00+01:00
0.120000, 2.11, 1.04, 2025-05-20T05:00:00+01:00, 2025-05-20T05:30:00+01:00
0.098000, 1.64, 1.04, 2025-05-20T05:30:00+01:00, 2025-05-20T06:00:00+01:00
0.080000, 1.43, 1.04, 2025-05-20T06:00:00+01:00, 2025-05-20T06:30:00+01:00
0.048000, 1.1, 1.04, 2025-05-20T06:30:00+01:00, 2025-05-20T07:00:00+01:00
0.062000, 1.16, 1.04, 2025-05-20T07:00:00+01:00, 2025-05-20T07:30:00+01:00
0.077000, 1.66, 1.04, 2025-05-20T07:30:00+01:00, 2025-05-20T08:00:00+01:00
0.002000, 0.03, 1.04, 2025-05-20T08:00:00+01:00, 2025-05-20T08:30:00+01:00
0.000000, 0, 1.04, 2025-05-20T08:30:00+01:00, 2025-05-20T09:00:00+01:00
0.000000, 0, 1.04, 2025-05-20T09:00:00+01:00, 2025-05-20T09:30:00+01:00
0.000000, 0, 1.04, 2025-05-20T09:30:00+01:00, 2025-05-20T10:00:00+01:00
0.000000, 0, 1.04, 2025-05-20T10:00:00+01:00, 2025-05-20T10:30:00+01:00
0.000000, 0, 1.04, 2025-05-20T10:30:00+01:00, 2025-05-20T11:00:00+01:00
0.000000, 0, 1.04, 2025-05-20T11:00:00+01:00, 2025-05-20T11:30:00+01:00
0.000000, 0, 1.04, 2025-05-20T11:30:00+01:00, 2025-05-20T12:00:00+01:00
0.000000, 0, 1.04, 2025-05-20T12:00:00+01:00, 2025-05-20T12:30:00+01:00
0.001000, 0.02, 1.04, 2025-05-20T12:30:00+01:00, 2025-05-20T13:00:00+01:00
0.000000, 0, 1.04, 2025-05-20T13:00:00+01:00, 2025-05-20T13:30:00+01:00
0.002000, 0.03, 1.04, 2025-05-20T13:30:00+01:00, 2025-05-20T14:00:00+01:00
0.000000, 0, 1.04, 2025-05-20T14:00:00+01:00, 2025-05-20T14:30:00+01:00
0.001000, 0.02, 1.04, 2025-05-20T14:30:00+01:00, 2025-05-20T15:00:00+01:00
0.000000, 0, 1.04, 2025-05-20T15:00:00+01:00, 2025-05-20T15:30:00+01:00
0.001000, 0.02, 1.04, 2025-05-20T15:30:00+01:00, 2025-05-20T16:00:00+01:00
0.001000, 0.03, 1.04, 2025-05-20T16:00:00+01:00, 2025-05-20T16:30:00+01:00
0.000000, 0, 1.04, 2025-05-20T16:30:00+01:00, 2025-05-20T17:00:00+01:00
0.000000, 0, 1.04, 2025-05-20T17:00:00+01:00, 2025-05-20T17:30:00+01:00
0.001000, 0.03, 1.04, 2025-05-20T17:30:00+01:00, 2025-05-20T18:00:00+01:00
0.001000, 0.03, 1.04, 2025-05-20T18:00:00+01:00, 2025-05-20T18:30:00+01:00
0.001000, 0.04, 1.04, 2025-05-20T18:30:00+01:00, 2025-05-20T19:00:00+01:00
0.002000, 0.05, 1.04, 2025-05-20T19:00:00+01:00, 2025-05-20T19:30:00+01:00
0.002000, 0.05, 1.04, 2025-05-20T19:30:00+01:00, 2025-05-20T20:00:00+01:00
0.003000, 0.08, 1.04, 2025-05-20T20:00:00+01:00, 2025-05-20T20:30:00+01:00
0.001000, 0.02, 1.04, 2025-05-20T20:30:00+01:00, 2025-05-20T21:00:00+01:00
0.001000, 0.02, 1.04, 2025-05-20T21:00:00+01:00, 2025-05-20T21:30:00+01:00
0.002000, 0.04, 1.04, 2025-05-20T21:30:00+01:00, 2025-05-20T22:00:00+01:00
0.001000, 0.02, 1.04, 2025-05-20T22:00:00+01:00, 2025-05-20T22:30:00+01:00
0.002000, 0.04, 1.04, 2025-05-20T22:30:00+01:00, 2025-05-20T23:00:00+01:00
0.002000, 0.05, 1.04, 2025-05-20T23:00:00+01:00, 2025-05-20T23:30:00+01:00
0.002000, 0.04, 1.04, 2025-05-20T23:30:00+01:00, 2025-05-21T00:00:00+01:00
1.254000, 25.19, 1.04, 2025-05-21T00:00:00+01:00, 2025-05-21T00:30:00+01:00
0.955000, 18.93, 1.04, 2025-05-21T00:30:00+01:00, 2025-05-21T01:00:00+01:00
0.182000, 3.45, 1.04, 2025-05-21T01:00:00+01:00, 2025-05-21T01:30:00+01:00
0.261000, 4.85, 1.04, 2025-05-21T01:30:00+01:00, 2025-05-21T02:00:00+01:00
0.183000, 3.36, 1.04, 2025-05-21T02:00:00+01:00, 2025-05-21T02:30:00+01:00
0.153000, 2.66, 1.04, 2025-05-21T02:30:00+01:00, 2025-05-21T03:00:00+01:00
0.171000, 3.01, 1.04, 2025-05-21T03:00:00+01:00, 2025-05-21T03:30:00+01:00
0.168000, 2.93, 1.04, 2025-05-21T03:30:00+01:00, 2025-05-21T04:00:00+01:00
0.176000, 2.96, 1.04, 2025-05-21T04:00:00+01:00, 2025-05-21T04:30:00+01:00
0.144000, 2.41, 1.04, 2025-05-21T04:30:00+01:00, 2025-05-21T05:00:00+01:00
0.164000, 2.81, 1.04, 2025-05-21T05:00:00+01:00, 2025-05-21T05:30:00+01:00
0.155000, 2.75, 1.04, 2025-05-21T05:30:00+01:00, 2025-05-21T06:00:00+01:00
0.083000, 1.7, 1.04, 2025-05-21T06:00:00+01:00, 2025-05-21T06:30:00+01:00
0.074000, 1.69, 1.04, 2025-05-21T06:30:00+01:00, 2025-05-21T07:00:00+01:00
0.074000, 1.73, 1.04, 2025-05-21T07:00:00+01:00, 2025-05-21T07:30:00+01:00
0.069000, 1.67, 1.04, 2025-05-21T07:30:00+01:00, 2025-05-21T08:00:00+01:00
0.001000, 0.02, 1.04, 2025-05-21T08:00:00+01:00, 2025-05-21T08:30:00+01:00
0.000000, 0, 1.04, 2025-05-21T08:30:00+01:00, 2025-05-21T09:00:00+01:00
0.001000, 0.02, 1.04, 2025-05-21T09:00:00+01:00, 2025-05-21T09:30:00+01:00
0.001000, 0.02, 1.04, 2025-05-21T09:30:00+01:00, 2025-05-21T10:00:00+01:00
0.000000, 0, 1.04, 2025-05-21T10:00:00+01:00, 2025-05-21T10:30:00+01:00
0.000000, 0, 1.04, 2025-05-21T10:30:00+01:00, 2025-05-21T11:00:00+01:00
0.000000, 0, 1.04, 2025-05-21T11:00:00+01:00, 2025-05-21T11:30:00+01:00
0.000000, 0, 1.04, 2025-05-21T11:30:00+01:00, 2025-05-21T12:00:00+01:00
0.001000, 0.02, 1.04, 2025-05-21T12:00:00+01:00, 2025-05-21T12:30:00+01:00
0.000000, 0, 1.04, 2025-05-21T12:30:00+01:00, 2025-05-21T13:00:00+01:00
0.000000, 0, 1.04, 2025-05-21T13:00:00+01:00, 2025-05-21T13:30:00+01:00
0.000000, 0, 1.04, 2025-05-21T13:30:00+01:00, 2025-05-21T14:00:00+01:00
0.001000, 0.02, 1.04, 2025-05-21T14:00:00+01:00, 2025-05-21T14:30:00+01:00
0.001000, 0.02, 1.04, 2025-05-21T14:30:00+01:00, 2025-05-21T15:00:00+01:00
0.000000, 0, 1.04, 2025-05-21T15:00:00+01:00, 2025-05-21T15:30:00+01:00
0.000000, 0, 1.04, 2025-05-21T15:30:00+01:00, 2025-05-21T16:00:00+01:00
0.001000, 0.03, 1.04, 2025-05-21T16:00:00+01:00, 2025-05-21T16:30:00+01:00
0.001000, 0.03, 1.04, 2025-05-21T16:30:00+01:00, 2025-05-21T17:00:00+01:00
0.000000, 0, 1.04, 2025-05-21T17:00:00+01:00, 2025-05-21T17:30:00+01:00
0.001000, 0.03, 1.04, 2025-05-21T17:30:00+01:00, 2025-05-21T18:00:00+01:00
0.002000, 0.07, 1.04, 2025-05-21T18:00:00+01:00, 2025-05-21T18:30:00+01:00
0.001000, 0.04, 1.04, 2025-05-21T18:30:00+01:00, 2025-05-21T19:00:00+01:00
0.001000, 0.02, 1.04, 2025-05-21T19:00:00+01:00, 2025-05-21T19:30:00+01:00
0.001000, 0.02, 1.04, 2025-05-21T19:30:00+01:00, 2025-05-21T20:00:00+01:00
0.003000, 0.07, 1.04, 2025-05-21T20:00:00+01:00, 2025-05-21T20:30:00+01:00
0.002000, 0.05, 1.04, 2025-05-21T20:30:00+01:00, 2025-05-21T21:00:00+01:00
0.001000, 0.02, 1.04, 2025-05-21T21:00:00+01:00, 2025-05-21T21:30:00+01:00
0.002000, 0.05, 1.04, 2025-05-21T21:30:00+01:00, 2025-05-21T22:00:00+01:00
0.001000, 0.02, 1.04, 2025-05-21T22:00:00+01:00, 2025-05-21T22:30:00+01:00
0.002000, 0.04, 1.04, 2025-05-21T22:30:00+01:00, 2025-05-21T23:00:00+01:00
0.001000, 0.02, 1.04, 2025-05-21T23:00:00+01:00, 2025-05-21T23:30:00+01:00
0.001000, 0.02, 1.04, 2025-05-21T23:30:00+01:00, 2025-05-22T00:00:00+01:00
1.215000, 21.84, 1.04, 2025-05-22T00:00:00+01:00, 2025-05-22T00:30:00+01:00
0.952000, 16.79, 1.04, 2025-05-22T00:30:00+01:00, 2025-05-22T01:00:00+01:00
0.206000, 3.56, 1.04, 2025-05-22T01:00:00+01:00, 2025-05-22T01:30:00+01:00
0.154000, 2.62, 1.04, 2025-05-22T01:30:00+01:00, 2025-05-22T02:00:00+01:00
0.163000, 2.65, 1.04, 2025-05-22T02:00:00+01:00, 2025-05-22T02:30:00+01:00
0.151000, 2.37, 1.04, 2025-05-22T02:30:00+01:00, 2025-05-22T03:00:00+01:00
0.148000, 2.29, 1.04, 2025-05-22T03:00:00+01:00, 2025-05-22T03:30:00+01:00
0.138000, 2.14, 1.04, 2025-05-22T03:30:00+01:00, 2025-05-22T04:00:00+01:00
0.156000, 2.41, 1.04, 2025-05-22T04:00:00+01:00, 2025-05-22T04:30:00+01:00
0.140000, 2.13, 1.04, 2025-05-22T04:30:00+01:00, 2025-05-22T05:00:00+01:00
0.150000, 2.44, 1.04, 2025-05-22T05:00:00+01:00, 2025-05-22T05:30:00+01:00
0.178000, 2.84, 1.04, 2025-05-22T05:30:00+01:00, 2025-05-22T06:00:00+01:00
0.136000, 2.49, 1.04, 2025-05-22T06:00:00+01:00, 2025-05-22T06:30:00+01:00
0.064000, 1.2, 1.04, 2025-05-22T06:30:00+01:00, 2025-05-22T07:00:00+01:00
0.085000, 1.69, 1.04, 2025-05-22T07:00:00+01:00, 2025-05-22T07:30:00+01:00
0.115000, 2.42, 1.04, 2025-05-22T07:30:00+01:00, 2025-05-22T08:00:00+01:00
0.004000, 0.09, 1.04, 2025-05-22T08:00:00+01:00, 2025-05-22T08:30:00+01:00
0.001000, 0.02, 1.04, 2025-05-22T08:30:00+01:00, 2025-05-22T09:00:00+01:00
0.000000, 0, 1.04, 2025-05-22T09:00:00+01:00, 2025-05-22T09:30:00+01:00
0.001000, 0.02, 1.04, 2025-05-22T09:30:00+01:00, 2025-05-22T10:00:00+01:00
0.000000, 0, 1.04, 2025-05-22T10:00:00+01:00, 2025-05-22T10:30:00+01:00
0.000000, 0, 1.04, 2025-05-22T10:30:00+01:00, 2025-05-22T11:00:00+01:00
0.001000, 0.02, 1.04, 2025-05-22T11:00:00+01:00, 2025-05-22T11:30:00+01:00
0.000000, 0, 1.04, 2025-05-22T11:30:00+01:00, 2025-05-22T12:00:00+01:00
0.001000, 0.02, 1.04, 2025-05-22T12:00:00+01:00, 2025-05-22T12:30:00+01:00
0.000000, 0, 1.04, 2025-05-22T12:30:00+01:00, 2025-05-22T13:00:00+01:00
0.000000, 0, 1.04, 2025-05-22T13:00:00+01:00, 2025-05-22T13:30:00+01:00
0.000000, 0, 1.04, 2025-05-22T13:30:00+01:00, 2025-05-22T14:00:00+01:00
0.001000, 0.02, 1.04, 2025-05-22T14:00:00+01:00, 2025-05-22T14:30:00+01:00
0.000000, 0, 1.04, 2025-05-22T14:30:00+01:00, 2025-05-22T15:00:00+01:00
0.000000, 0, 1.04, 2025-05-22T15:00:00+01:00, 2025-05-22T15:30:00+01:00
0.000000, 0, 1.04, 2025-05-22T15:30:00+01:00, 2025-05-22T16:00:00+01:00
0.001000, 0.03, 1.04, 2025-05-22T16:00:00+01:00, 2025-05-22T16:30:00+01:00
0.001000, 0.03, 1.04, 2025-05-22T16:30:00+01:00, 2025-05-22T17:00:00+01:00
0.001000, 0.03, 1.04, 2025-05-22T17:00:00+01:00, 2025-05-22T17:30:00+01:00
0.002000, 0.06, 1.04, 2025-05-22T17:30:00+01:00, 2025-05-22T18:00:00+01:00
0.001000, 0.03, 1.04, 2025-05-22T18:00:00+01:00, 2025-05-22T18:30:00+01:00
0.002000, 0.07, 1.04, 2025-05-22T18:30:00+01:00, 2025-05-22T19:00:00+01:00
0.001000, 0.02, 1.04, 2025-05-22T19:00:00+01:00, 2025-05-22T19:30:00+01:00
0.002000, 0.05, 1.04, 2025-05-22T19:30:00+01:00, 2025-05-22T20:00:00+01:00
0.001000, 0.02, 1.04, 2025-05-22T20:00:00+01:00, 2025-05-22T20:30:00+01:00
0.002000, 0.05, 1.04, 2025-05-22T20:30:00+01:00, 2025-05-22T21:00:00+01:00
0.002000, 0.05, 1.04, 2025-05-22T21:00:00+01:00, 2025-05-22T21:30:00+01:00
0.002000, 0.05, 1.04, 2025-05-22T21:30:00+01:00, 2025-05-22T22:00:00+01:00
0.001000, 0.02, 1.04, 2025-05-22T22:00:00+01:00, 2025-05-22T22:30:00+01:00
0.002000, 0.04, 1.04, 2025-05-22T22:30:00+01:00, 2025-05-22T23:00:00+01:00
0.002000, 0.04, 1.04, 2025-05-22T23:00:00+01:00, 2025-05-22T23:30:00+01:00
0.001000, 0.02, 1.04, 2025-05-22T23:30:00+01:00, 2025-05-23T00:00:00+01:00
1.216000, 22.52, 1.04, 2025-05-23T00:00:00+01:00, 2025-05-23T00:30:00+01:00
0.890000, 15.88, 1.04, 2025-05-23T00:30:00+01:00, 2025-05-23T01:00:00+01:00
0.176000, 2.87, 1.04, 2025-05-23T01:00:00+01:00, 2025-05-23T01:30:00+01:00
0.154000, 2.51, 1.04, 2025-05-23T01:30:00+01:00, 2025-05-23T02:00:00+01:00
0.144000, 2.36, 1.04, 2025-05-23T02:00:00+01:00, 2025-05-23T02:30:00+01:00
0.124000, 1.96, 1.04, 2025-05-23T02:30:00+01:00, 2025-05-23T03:00:00+01:00
0.164000, 2.64, 1.04, 2025-05-23T03:00:00+01:00, 2025-05-23T03:30:00+01:00
0.163000, 2.57, 1.04, 2025-05-23T03:30:00+01:00, 2025-05-23T04:00:00+01:00
0.144000, 2.34, 1.04, 2025-05-23T04:00:00+01:00, 2025-05-23T04:30:00+01:00
0.160000, 2.58, 1.04, 2025-05-23T04:30:00+01:00, 2025-05-23T05:00:00+01:00
0.127000, 2.26, 1.04, 2025-05-23T05:00:00+01:00, 2025-05-23T05:30:00+01:00
0.115000, 2.08, 1.04, 2025-05-23T05:30:00+01:00, 2025-05-23T06:00:00+01:00
0.156000, 2.93, 1.04, 2025-05-23T06:00:00+01:00, 2025-05-23T06:30:00+01:00
0.117000, 2.47, 1.04, 2025-05-23T06:30:00+01:00, 2025-05-23T07:00:00+01:00
0.088000, 1.92, 1.04, 2025-05-23T07:00:00+01:00, 2025-05-23T07:30:00+01:00
0.064000, 1.38, 1.04, 2025-05-23T07:30:00+01:00, 2025-05-23T08:00:00+01:00
0.003000, 0.07, 1.04, 2025-05-23T08:00:00+01:00, 2025-05-23T08:30:00+01:00
0.000000, 0, 1.04, 2025-05-23T08:30:00+01:00, 2025-05-23T09:00:00+01:00
0.000000, 0, 1.04, 2025-05-23T09:00:00+01:00, 2025-05-23T09:30:00+01:00
0.001000, 0.02, 1.04, 2025-05-23T09:30:00+01:00, 2025-05-23T10:00:00+01:00
0.000000, 0, 1.04, 2025-05-23T10:00:00+01:00, 2025-05-23T10:30:00+01:00
0.000000, 0, 1.04, 2025-05-23T10:30:00+01:00, 2025-05-23T11:00:00+01:00
0.000000, 0, 1.04, 2025-05-23T11:00:00+01:00, 2025-05-23T11:30:00+01:00
0.000000, 0, 1.04, 2025-05-23T11:30:00+01:00, 2025-05-23T12:00:00+01:00
0.001000, 0.02, 1.04, 2025-05-23T12:00:00+01:00, 2025-05-23T12:30:00+01:00
0.001000, 0.02, 1.04, 2025-05-23T12:30:00+01:00, 2025-05-23T13:00:00+01:00
0.000000, 0, 1.04, 2025-05-23T13:00:00+01:00, 2025-05-23T13:30:00+01:00
0.000000, 0, 1.04, 2025-05-23T13:30:00+01:00, 2025-05-23T14:00:00+01:00
0.000000, 0, 1.04, 2025-05-23T14:00:00+01:00, 2025-05-23T14:30:00+01:00
0.000000, 0, 1.04, 2025-05-23T14:30:00+01:00, 2025-05-23T15:00:00+01:00
0.000000, 0, 1.04, 2025-05-23T15:00:00+01:00, 2025-05-23T15:30:00+01:00
0.001000, 0.02, 1.04, 2025-05-23T15:30:00+01:00, 2025-05-23T16:00:00+01:00
0.000000, 0, 1.04, 2025-05-23T16:00:00+01:00, 2025-05-23T16:30:00+01:00
0.000000, 0, 1.04, 2025-05-23T16:30:00+01:00, 2025-05-23T17:00:00+01:00
0.000000, 0, 1.04, 2025-05-23T17:00:00+01:00, 2025-05-23T17:30:00+01:00
0.001000, 0.03, 1.04, 2025-05-23T17:30:00+01:00, 2025-05-23T18:00:00+01:00
0.001000, 0.03, 1.04, 2025-05-23T18:00:00+01:00, 2025-05-23T18:30:00+01:00
0.001000, 0.04, 1.04, 2025-05-23T18:30:00+01:00, 2025-05-23T19:00:00+01:00
0.002000, 0.04, 1.04, 2025-05-23T19:00:00+01:00, 2025-05-23T19:30:00+01:00
0.002000, 0.04, 1.04, 2025-05-23T19:30:00+01:00, 2025-05-23T20:00:00+01:00
0.002000, 0.05, 1.04, 2025-05-23T20:00:00+01:00, 2025-05-23T20:30:00+01:00
0.001000, 0.02, 1.04, 2025-05-23T20:30:00+01:00, 2025-05-23T21:00:00+01:00
0.002000, 0.04, 1.04, 2025-05-23T21:00:00+01:00, 2025-05-23T21:30:00+01:00
0.002000, 0.04, 1.04, 2025-05-23T21:30:00+01:00, 2025-05-23T22:00:00+01:00
0.001000, 0.02, 1.04, 2025-05-23T22:00:00+01:00, 2025-05-23T22:30:00+01:00
0.002000, 0.03, 1.04, 2025-05-23T22:30:00+01:00, 2025-05-23T23:00:00+01:00
0.001000, 0.02, 1.04, 2025-05-23T23:00:00+01:00, 2025-05-23T23:30:00+01:00
0.002000, 0.04, 1.04, 2025-05-23T23:30:00+01:00, 2025-05-24T00:00:00+01:00
1.223000, 21.48, 1.04, 2025-05-24T00:00:00+01:00, 2025-05-24T00:30:00+01:00
0.912000, 16.26, 1.04, 2025-05-24T00:30:00+01:00, 2025-05-24T01:00:00+01:00
0.170000, 2.9, 1.04, 2025-05-24T01:00:00+01:00, 2025-05-24T01:30:00+01:00
0.128000, 2.16, 1.04, 2025-05-24T01:30:00+01:00, 2025-05-24T02:00:00+01:00
0.144000, 2.43, 1.04, 2025-05-24T02:00:00+01:00, 2025-05-24T02:30:00+01:00
0.149000, 2.2, 1.04, 2025-05-24T02:30:00+01:00, 2025-05-24T03:00:00+01:00
0.141000, 1.95, 1.04, 2025-05-24T03:00:00+01:00, 2025-05-24T03:30:00+01:00
0.151000, 1.96, 1.04, 2025-05-24T03:30:00+01:00, 2025-05-24T04:00:00+01:00
0.165000, 2.14, 1.04, 2025-05-24T04:00:00+01:00, 2025-05-24T04:30:00+01:00
0.154000, 1.87, 1.04, 2025-05-24T04:30:00+01:00, 2025-05-24T05:00:00+01:00
0.140000, 1.77, 1.04, 2025-05-24T05:00:00+01:00, 2025-05-24T05:30:00+01:00
0.164000, 1.98, 1.04, 2025-05-24T05:30:00+01:00, 2025-05-24T06:00:00+01:00
0.126000, 1.55, 1.04, 2025-05-24T06:00:00+01:00, 2025-05-24T06:30:00+01:00
0.106000, 1.38, 1.04, 2025-05-24T06:30:00+01:00, 2025-05-24T07:00:00+01:00
0.109000, 1.2, 1.04, 2025-05-24T07:00:00+01:00, 2025-05-24T07:30:00+01:00
0.065000, 0.82, 1.04, 2025-05-24T07:30:00+01:00, 2025-05-24T08:00:00+01:00
0.003000, 0.04, 1.04, 2025-05-24T08:00:00+01:00, 2025-05-24T08:30:00+01:00
0.002000, 0.03, 1.04, 2025-05-24T08:30:00+01:00, 2025-05-24T09:00:00+01:00
0.001000, 0.01, 1.04, 2025-05-24T09:00:00+01:00, 2025-05-24T09:30:00+01:00
0.002000, 0.03, 1.04, 2025-05-24T09:30:00+01:00, 2025-05-24T10:00:00+01:00
0.001000, 0.01, 1.04, 2025-05-24T10:00:00+01:00, 2025-05-24T10:30:00+01:00
0.001000, 0.01, 1.04, 2025-05-24T10:30:00+01:00, 2025-05-24T11:00:00+01:00
0.000000, 0, 1.04, 2025-05-24T11:00:00+01:00, 2025-05-24T11:30:00+01:00
0.001000, 0.01, 1.04, 2025-05-24T11:30:00+01:00, 2025-05-24T12:00:00+01:00
0.002000, 0.01, 1.04, 2025-05-24T12:00:00+01:00, 2025-05-24T12:30:00+01:00
0.001000, 0.01, 1.04, 2025-05-24T12:30:00+01:00, 2025-05-24T13:00:00+01:00
0.001000, 0.01, 1.04, 2025-05-24T13:00:00+01:00, 2025-05-24T13:30:00+01:00
0.002000, 0.01, 1.04, 2025-05-24T13:30:00+01:00, 2025-05-24T14:00:00+01:00
0.001000, 0.01, 1.04, 2025-05-24T14:00:00+01:00, 2025-05-24T14:30:00+01:00
0.000000, 0, 1.04, 2025-05-24T14:30:00+01:00, 2025-05-24T15:00:00+01:00
0.002000, 0.01, 1.04, 2025-05-24T15:00:00+01:00, 2025-05-24T15:30:00+01:00
0.000000, 0, 1.04, 2025-05-24T15:30:00+01:00, 2025-05-24T16:00:00+01:00
0.002000, 0.05, 1.04, 2025-05-24T16:00:00+01:00, 2025-05-24T16:30:00+01:00
0.001000, 0.03, 1.04, 2025-05-24T16:30:00+01:00, 2025-05-24T17:00:00+01:00
0.002000, 0.06, 1.04, 2025-05-24T17:00:00+01:00, 2025-05-24T17:30:00+01:00
0.002000, 0.07, 1.04, 2025-05-24T17:30:00+01:00, 2025-05-24T18:00:00+01:00
0.001000, 0.03, 1.04, 2025-05-24T18:00:00+01:00, 2025-05-24T18:30:00+01:00
0.001000, 0.03, 1.04, 2025-05-24T18:30:00+01:00, 2025-05-24T19:00:00+01:00
0.002000, 0.04, 1.04, 2025-05-24T19:00:00+01:00, 2025-05-24T19:30:00+01:00
0.002000, 0.04, 1.04, 2025-05-24T19:30:00+01:00, 2025-05-24T20:00:00+01:00
0.002000, 0.04, 1.04, 2025-05-24T20:00:00+01:00, 2025-05-24T20:30:00+01:00
0.001000, 0.02, 1.04, 2025-05-24T20:30:00+01:00, 2025-05-24T21:00:00+01:00
0.002000, 0.04, 1.04, 2025-05-24T21:00:00+01:00, 2025-05-24T21:30:00+01:00
0.002000, 0.03, 1.04, 2025-05-24T21:30:00+01:00, 2025-05-24T22:00:00+01:00
0.002000, 0.03, 1.04, 2025-05-24T22:00:00+01:00, 2025-05-24T22:30:00+01:00
0.001000, 0.01, 1.04, 2025-05-24T22:30:00+01:00, 2025-05-24T23:00:00+01:00
0.002000, 0.01, 1.04, 2025-05-24T23:00:00+01:00, 2025-05-24T23:30:00+01:00
0.002000, 0, 1.04, 2025-05-24T23:30:00+01:00, 2025-05-25T00:00:00+01:00
1.216000, 0, 1.04, 2025-05-25T00:00:00+01:00, 2025-05-25T00:30:00+01:00
1.116000, -0.32, 1.04, 2025-05-25T00:30:00+01:00, 2025-05-25T01:00:00+01:00
0.304000, -0.47, 1.04, 2025-05-25T01:00:00+01:00, 2025-05-25T01:30:00+01:00
0.159000, -0.42, 1.04, 2025-05-25T01:30:00+01:00, 2025-05-25T02:00:00+01:00
0.107000, 0.01, 1.04, 2025-05-25T02:00:00+01:00, 2025-05-25T02:30:00+01:00
0.164000, -0.11, 1.04, 2025-05-25T02:30:00+01:00, 2025-05-25T03:00:00+01:00
0.172000, -0.08, 1.04, 2025-05-25T03:00:00+01:00, 2025-05-25T03:30:00+01:00
0.146000, 0, 1.04, 2025-05-25T03:30:00+01:00, 2025-05-25T04:00:00+01:00
0.141000, -0.07, 1.04, 2025-05-25T04:00:00+01:00, 2025-05-25T04:30:00+01:00
0.150000, -0.13, 1.04, 2025-05-25T04:30:00+01:00, 2025-05-25T05:00:00+01:00
0.131000, 0, 1.04, 2025-05-25T05:00:00+01:00, 2025-05-25T05:30:00+01:00
0.148000, -0.19, 1.04, 2025-05-25T05:30:00+01:00, 2025-05-25T06:00:00+01:00
0.132000, 0, 1.04, 2025-05-25T06:00:00+01:00, 2025-05-25T06:30:00+01:00
0.070000, -0.11, 1.04, 2025-05-25T06:30:00+01:00, 2025-05-25T07:00:00+01:00
0.028000, -0.01, 1.04, 2025-05-25T07:00:00+01:00, 2025-05-25T07:30:00+01:00
0.009000, -0.02, 1.04, 2025-05-25T07:30:00+01:00, 2025-05-25T08:00:00+01:00
0.015000, -0.03, 1.04, 2025-05-25T08:00:00+01:00, 2025-05-25T08:30:00+01:00
0.002000, 0, 1.04, 2025-05-25T08:30:00+01:00, 2025-05-25T09:00:00+01:00
0.001000, 0, 1.04, 2025-05-25T09:00:00+01:00, 2025-05-25T09:30:00+01:00
0.000000, 0, 1.04, 2025-05-25T09:30:00+01:00, 2025-05-25T10:00:00+01:00
0.001000, 0, 1.04, 2025-05-25T10:00:00+01:00, 2025-05-25T10:30:00+01:00
0.000000, 0, 1.04, 2025-05-25T10:30:00+01:00, 2025-05-25T11:00:00+01:00
0.001000, -0.01, 1.04, 2025-05-25T11:00:00+01:00, 2025-05-25T11:30:00+01:00
0.000000, 0, 1.04, 2025-05-25T11:30:00+01:00, 2025-05-25T12:00:00+01:00
0.001000, 0, 1.04, 2025-05-25T12:00:00+01:00, 2025-05-25T12:30:00+01:00
0.000000, 0, 1.04, 2025-05-25T12:30:00+01:00, 2025-05-25T13:00:00+01:00
0.000000, 0, 1.04, 2025-05-25T13:00:00+01:00, 2025-05-25T13:30:00+01:00
0.000000, 0, 1.04, 2025-05-25T13:30:00+01:00, 2025-05-25T14:00:00+01:00
0.002000, -0.01, 1.04, 2025-05-25T14:00:00+01:00, 2025-05-25T14:30:00+01:00
0.001000, -0.01, 1.04, 2025-05-25T14:30:00+01:00, 2025-05-25T15:00:00+01:00
0.000000, 0, 1.04, 2025-05-25T15:00:00+01:00, 2025-05-25T15:30:00+01:00
0.000000, 0, 1.04, 2025-05-25T15:30:00+01:00, 2025-05-25T16:00:00+01:00
0.001000, 0.01, 1.04, 2025-05-25T16:00:00+01:00, 2025-05-25T16:30:00+01:00
0.003000, 0.04, 1.04, 2025-05-25T16:30:00+01:00, 2025-05-25T17:00:00+01:00
0.001000, 0.01, 1.04, 2025-05-25T17:00:00+01:00, 2025-05-25T17:30:00+01:00
0.002000, 0.03, 1.04, 2025-05-25T17:30:00+01:00, 2025-05-25T18:00:00+01:00
0.003000, 0.05, 1.04, 2025-05-25T18:00:00+01:00, 2025-05-25T18:30:00+01:00
0.002000, 0.04, 1.04, 2025-05-25T18:30:00+01:00, 2025-05-25T19:00:00+01:00
0.002000, 0.02, 1.04, 2025-05-25T19:00:00+01:00, 2025-05-25T19:30:00+01:00
0.001000, 0.01, 1.04, 2025-05-25T19:30:00+01:00, 2025-05-25T20:00:00+01:00
0.003000, 0.03, 1.04, 2025-05-25T20:00:00+01:00, 2025-05-25T20:30:00+01:00
0.002000, 0.02, 1.04, 2025-05-25T20:30:00+01:00, 2025-05-25T21:00:00+01:00
0.002000, 0.02, 1.04, 2025-05-25T21:00:00+01:00, 2025-05-25T21:30:00+01:00
0.001000, 0.01, 1.04, 2025-05-25T21:30:00+01:00, 2025-05-25T22:00:00+01:00
0.002000, 0.02, 1.04, 2025-05-25T22:00:00+01:00, 2025-05-25T22:30:00+01:00
0.002000, 0.01, 1.04, 2025-05-25T22:30:00+01:00, 2025-05-25T23:00:00+01:00
0.002000, 0.02, 1.04, 2025-05-25T23:00:00+01:00, 2025-05-25T23:30:00+01:00
0.002000, 0.01, 1.04, 2025-05-25T23:30:00+01:00, 2025-05-26T00:00:00+01:00
1.304000, 6.33, 1.04, 2025-05-26T00:00:00+01:00, 2025-05-26T00:30:00+01:00
1.275000, 4.48, 1.04, 2025-05-26T00:30:00+01:00, 2025-05-26T01:00:00+01:00
0.554000, 1.54, 1.04, 2025-05-26T01:00:00+01:00, 2025-05-26T01:30:00+01:00
0.206000, 0.8, 1.04, 2025-05-26T01:30:00+01:00, 2025-05-26T02:00:00+01:00
0.205000, 0.9, 1.04, 2025-05-26T02:00:00+01:00, 2025-05-26T02:30:00+01:00
0.228000, 0.86, 1.04, 2025-05-26T02:30:00+01:00, 2025-05-26T03:00:00+01:00
0.212000, 0.3, 1.04, 2025-05-26T03:00:00+01:00, 2025-05-26T03:30:00+01:00
0.207000, 0.55, 1.04, 2025-05-26T03:30:00+01:00, 2025-05-26T04:00:00+01:00
0.206000, 0.91, 1.04, 2025-05-26T04:00:00+01:00, 2025-05-26T04:30:00+01:00
0.219000, 0.72, 1.04, 2025-05-26T04:30:00+01:00, 2025-05-26T05:00:00+01:00
0.168000, 0.69, 1.04, 2025-05-26T05:00:00+01:00, 2025-05-26T05:30:00+01:00
0.221000, 0.97, 1.04, 2025-05-26T05:30:00+01:00, 2025-05-26T06:00:00+01:00
0.188000, 1.13, 1.04, 2025-05-26T06:00:00+01:00, 2025-05-26T06:30:00+01:00
0.124000, 0.65, 1.04, 2025-05-26T06:30:00+01:00, 2025-05-26T07:00:00+01:00
0.056000, 0.18, 1.04, 2025-05-26T07:00:00+01:00, 2025-05-26T07:30:00+01:00
0.088000, 0.39, 1.04, 2025-05-26T07:30:00+01:00, 2025-05-26T08:00:00+01:00
0.003000, 0.01, 1.04, 2025-05-26T08:00:00+01:00, 2025-05-26T08:30:00+01:00
0.000000, 0, 1.04, 2025-05-26T08:30:00+01:00, 2025-05-26T09:00:00+01:00
0.000000, 0, 1.04, 2025-05-26T09:00:00+01:00, 2025-05-26T09:30:00+01:00
0.000000, 0, 1.04, 2025-05-26T09:30:00+01:00, 2025-05-26T10:00:00+01:00
0.001000, 0, 1.04, 2025-05-26T10:00:00+01:00, 2025-05-26T10:30:00+01:00
0.000000, 0, 1.04, 2025-05-26T10:30:00+01:00, 2025-05-26T11:00:00+01:00
0.000000, 0, 1.04, 2025-05-26T11:00:00+01:00, 2025-05-26T11:30:00+01:00
0.001000, 0, 1.04, 2025-05-26T11:30:00+01:00, 2025-05-26T12:00:00+01:00
0.002000, 0, 1.04, 2025-05-26T12:00:00+01:00, 2025-05-26T12:30:00+01:00
0.000000, 0, 1.04, 2025-05-26T12:30:00+01:00, 2025-05-26T13:00:00+01:00
0.000000, 0, 1.04, 2025-05-26T13:00:00+01:00, 2025-05-26T13:30:00+01:00
0.001000, 0, 1.04, 2025-05-26T13:30:00+01:00, 2025-05-26T14:00:00+01:00
0.001000, 0, 1.04, 2025-05-26T14:00:00+01:00, 2025-05-26T14:30:00+01:00
0.001000, 0, 1.04, 2025-05-26T14:30:00+01:00, 2025-05-26T15:00:00+01:00
0.000000, 0, 1.04, 2025-05-26T15:00:00+01:00, 2025-05-26T15:30:00+01:00
0.001000, 0, 1.04, 2025-05-26T15:30:00+01:00, 2025-05-26T16:00:00+01:00
0.001000, 0.01, 1.04, 2025-05-26T16:00:00+01:00, 2025-05-26T16:30:00+01:00
0.000000, 0, 1.04, 2025-05-26T16:30:00+01:00, 2025-05-26T17:00:00+01:00
0.001000, 0.02, 1.04, 2025-05-26T17:00:00+01:00, 2025-05-26T17:30:00+01:00
0.002000, 0.05, 1.04, 2025-05-26T17:30:00+01:00, 2025-05-26T18:00:00+01:00
0.002000, 0.06, 1.04, 2025-05-26T18:00:00+01:00, 2025-05-26T18:30:00+01:00
0.001000, 0.03, 1.04, 2025-05-26T18:30:00+01:00, 2025-05-26T19:00:00+01:00
0.002000, 0.04, 1.04, 2025-05-26T19:00:00+01:00, 2025-05-26T19:30:00+01:00
0.002000, 0.04, 1.04, 2025-05-26T19:30:00+01:00, 2025-05-26T20:00:00+01:00
0.003000, 0.06, 1.04, 2025-05-26T20:00:00+01:00, 2025-05-26T20:30:00+01:00
0.001000, 0.02, 1.04, 2025-05-26T20:30:00+01:00, 2025-05-26T21:00:00+01:00
0.002000, 0.04, 1.04, 2025-05-26T21:00:00+01:00, 2025-05-26T21:30:00+01:00
0.002000, 0.04, 1.04, 2025-05-26T21:30:00+01:00, 2025-05-26T22:00:00+01:00
0.003000, 0.05, 1.04, 2025-05-26T22:00:00+01:00, 2025-05-26T22:30:00+01:00
0.001000, 0.01, 1.04, 2025-05-26T22:30:00+01:00, 2025-05-26T23:00:00+01:00
0.002000, 0.02, 1.04, 2025-05-26T23:00:00+01:00, 2025-05-26T23:30:00+01:00
0.002000, 0.01, 1.04, 2025-05-26T23:30:00+01:00, 2025-05-27T00:00:00+01:00
1.213000, 8.18, 1.04, 2025-05-27T00:00:00+01:00, 2025-05-27T00:30:00+01:00
1.181000, 6.51, 1.04, 2025-05-27T00:30:00+01:00, 2025-05-27T01:00:00+01:00
0.534000, 2.51, 1.04, 2025-05-27T01:00:00+01:00, 2025-05-27T01:30:00+01:00
0.156000, 0.86, 1.04, 2025-05-27T01:30:00+01:00, 2025-05-27T02:00:00+01:00
0.155000, 1.09, 1.04, 2025-05-27T02:00:00+01:00, 2025-05-27T02:30:00+01:00
0.156000, 0.66, 1.04, 2025-05-27T02:30:00+01:00, 2025-05-27T03:00:00+01:00
0.132000, 0.7, 1.04, 2025-05-27T03:00:00+01:00, 2025-05-27T03:30:00+01:00
0.136000, 0.75, 1.04, 2025-05-27T03:30:00+01:00, 2025-05-27T04:00:00+01:00
0.160000, 0.51, 1.04, 2025-05-27T04:00:00+01:00, 2025-05-27T04:30:00+01:00
0.132000, 0.49, 1.04, 2025-05-27T04:30:00+01:00, 2025-05-27T05:00:00+01:00
0.167000, 0.55, 1.04, 2025-05-27T05:00:00+01:00, 2025-05-27T05:30:00+01:00
0.141000, 0.61, 1.04, 2025-05-27T05:30:00+01:00, 2025-05-27T06:00:00+01:00
0.072000, 0.49, 1.04, 2025-05-27T06:00:00+01:00, 2025-05-27T06:30:00+01:00
0.023000, 0.31, 1.04, 2025-05-27T06:30:00+01:00, 2025-05-27T07:00:00+01:00
0.041000, 0.33, 1.04, 2025-05-27T07:00:00+01:00, 2025-05-27T07:30:00+01:00
0.032000, 0.46, 1.04, 2025-05-27T07:30:00+01:00, 2025-05-27T08:00:00+01:00
0.003000, 0.03, 1.04, 2025-05-27T08:00:00+01:00, 2025-05-27T08:30:00+01:00
0.000000, 0, 1.04, 2025-05-27T08:30:00+01:00, 2025-05-27T09:00:00+01:00
0.001000, 0.01, 1.04, 2025-05-27T09:00:00+01:00, 2025-05-27T09:30:00+01:00
0.000000, 0, 1.04, 2025-05-27T09:30:00+01:00, 2025-05-27T10:00:00+01:00
0.001000, 0.01, 1.04, 2025-05-27T10:00:00+01:00, 2025-05-27T10:30:00+01:00
0.001000, 0.02, 1.04, 2025-05-27T10:30:00+01:00, 2025-05-27T11:00:00+01:00
0.001000, 0.02, 1.04, 2025-05-27T11:00:00+01:00, 2025-05-27T11:30:00+01:00
0.001000, 0.02, 1.04, 2025-05-27T11:30:00+01:00, 2025-05-27T12:00:00+01:00
0.001000, 0.02, 1.04, 2025-05-27T12:00:00+01:00, 2025-05-27T12:30:00+01:00
0.002000, 0.04, 1.04, 2025-05-27T12:30:00+01:00, 2025-05-27T13:00:00+01:00
0.001000, 0.02, 1.04, 2025-05-27T13:00:00+01:00, 2025-05-27T13:30:00+01:00
0.001000, 0.02, 1.04, 2025-05-27T13:30:00+01:00, 2025-05-27T14:00:00+01:00
0.001000, 0.02, 1.04, 2025-05-27T14:00:00+01:00, 2025-05-27T14:30:00+01:00
0.000000, 0, 1.04, 2025-05-27T14:30:00+01:00, 2025-05-27T15:00:00+01:00
0.001000, 0.02, 1.04, 2025-05-27T15:00:00+01:00, 2025-05-27T15:30:00+01:00
0.001000, 0.02, 1.04, 2025-05-27T15:30:00+01:00, 2025-05-27T16:00:00+01:00
0.001000, 0.03, 1.04, 2025-05-27T16:00:00+01:00, 2025-05-27T16:30:00+01:00
0.000000, 0, 1.04, 2025-05-27T16:30:00+01:00, 2025-05-27T17:00:00+01:00
0.001000, 0.03, 1.04, 2025-05-27T17:00:00+01:00, 2025-05-27T17:30:00+01:00
0.001000, 0.03, 1.04, 2025-05-27T17:30:00+01:00, 2025-05-27T18:00:00+01:00
0.001000, 0.04, 1.04, 2025-05-27T18:00:00+01:00, 2025-05-27T18:30:00+01:00
0.002000, 0.07, 1.04, 2025-05-27T18:30:00+01:00, 2025-05-27T19:00:00+01:00
0.002000, 0.05, 1.04, 2025-05-27T19:00:00+01:00, 2025-05-27T19:30:00+01:00
0.002000, 0.05, 1.04, 2025-05-27T19:30:00+01:00, 2025-05-27T20:00:00+01:00
0.003000, 0.07, 1.04, 2025-05-27T20:00:00+01:00, 2025-05-27T20:30:00+01:00
0.001000, 0.02, 1.04, 2025-05-27T20:30:00+01:00, 2025-05-27T21:00:00+01:00
0.002000, 0.04, 1.04, 2025-05-27T21:00:00+01:00, 2025-05-27T21:30:00+01:00
0.001000, 0.02, 1.04, 2025-05-27T21:30:00+01:00, 2025-05-27T22:00:00+01:00
0.002000, 0.04, 1.04, 2025-05-27T22:00:00+01:00, 2025-05-27T22:30:00+01:00
0.003000, 0.05, 1.04, 2025-05-27T22:30:00+01:00, 2025-05-27T23:00:00+01:00
0.001000, 0.02, 1.04, 2025-05-27T23:00:00+01:00, 2025-05-27T23:30:00+01:00
0.002000, 0.03, 1.04, 2025-05-27T23:30:00+01:00, 2025-05-28T00:00:00+01:00
1.234000, 17.16, 1.04, 2025-05-28T00:00:00+01:00, 2025-05-28T00:30:00+01:00
1.197000, 15.35, 1.04, 2025-05-28T00:30:00+01:00, 2025-05-28T01:00:00+01:00
0.267000, 3.43, 1.04, 2025-05-28T01:00:00+01:00, 2025-05-28T01:30:00+01:00
0.162000, 2.17, 1.04, 2025-05-28T01:30:00+01:00, 2025-05-28T02:00:00+01:00
0.168000, 2.29, 1.04, 2025-05-28T02:00:00+01:00, 2025-05-28T02:30:00+01:00
0.191000, 2.43, 1.04, 2025-05-28T02:30:00+01:00, 2025-05-28T03:00:00+01:00
0.162000, 2.13, 1.04, 2025-05-28T03:00:00+01:00, 2025-05-28T03:30:00+01:00
0.133000, 1.71, 1.04, 2025-05-28T03:30:00+01:00, 2025-05-28T04:00:00+01:00
0.153000, 2.29, 1.04, 2025-05-28T04:00:00+01:00, 2025-05-28T04:30:00+01:00
0.151000, 2.14, 1.04, 2025-05-28T04:30:00+01:00, 2025-05-28T05:00:00+01:00
0.111000, 1.92, 1.04, 2025-05-28T05:00:00+01:00, 2025-05-28T05:30:00+01:00
0.150000, 2.68, 1.04, 2025-05-28T05:30:00+01:00, 2025-05-28T06:00:00+01:00
0.105000, 2.14, 1.04, 2025-05-28T06:00:00+01:00, 2025-05-28T06:30:00+01:00
0.061000, 1.3, 1.04, 2025-05-28T06:30:00+01:00, 2025-05-28T07:00:00+01:00
0.013000, 0.31, 1.04, 2025-05-28T07:00:00+01:00, 2025-05-28T07:30:00+01:00
0.014000, 0.33, 1.04, 2025-05-28T07:30:00+01:00, 2025-05-28T08:00:00+01:00
0.001000, 0.02, 1.04, 2025-05-28T08:00:00+01:00, 2025-05-28T08:30:00+01:00
0.001000, 0.02, 1.04, 2025-05-28T08:30:00+01:00, 2025-05-28T09:00:00+01:00
0.000000, 0, 1.04, 2025-05-28T09:00:00+01:00, 2025-05-28T09:30:00+01:00
0.000000, 0, 1.04, 2025-05-28T09:30:00+01:00, 2025-05-28T10:00:00+01:00
0.001000, 0.02, 1.04, 2025-05-28T10:00:00+01:00, 2025-05-28T10:30:00+01:00
0.001000, 0.02, 1.04, 2025-05-28T10:30:00+01:00, 2025-05-28T11:00:00+01:00
0.001000, 0.02, 1.04, 2025-05-28T11:00:00+01:00, 2025-05-28T11:30:00+01:00
0.000000, 0, 1.04, 2025-05-28T11:30:00+01:00, 2025-05-28T12:00:00+01:00
0.000000, 0, 1.04, 2025-05-28T12:00:00+01:00, 2025-05-28T12:30:00+01:00
0.001000, 0.02, 1.04, 2025-05-28T12:30:00+01:00, 2025-05-28T13:00:00+01:00
0.001000, 0.02, 1.04, 2025-05-28T13:00:00+01:00, 2025-05-28T13:30:00+01:00
0.000000, 0, 1.04, 2025-05-28T13:30:00+01:00, 2025-05-28T14:00:00+01:00
0.000000, 0, 1.04, 2025-05-28T14:00:00+01:00, 2025-05-28T14:30:00+01:00
0.001000, 0.02, 1.04, 2025-05-28T14:30:00+01:00, 2025-05-28T15:00:00+01:00
0.000000, 0, 1.04, 2025-05-28T15:00:00+01:00, 2025-05-28T15:30:00+01:00
0.000000, 0, 1.04, 2025-05-28T15:30:00+01:00, 2025-05-28T16:00:00+01:00
0.001000, 0.03, 1.04, 2025-05-28T16:00:00+01:00, 2025-05-28T16:30:00+01:00
0.000000, 0, 1.04, 2025-05-28T16:30:00+01:00, 2025-05-28T17:00:00+01:00
0.001000, 0.03, 1.04, 2025-05-28T17:00:00+01:00, 2025-05-28T17:30:00+01:00
0.000000, 0, 1.04, 2025-05-28T17:30:00+01:00, 2025-05-28T18:00:00+01:00
0.001000, 0.03, 1.04, 2025-05-28T18:00:00+01:00, 2025-05-28T18:30:00+01:00
0.001000, 0.04, 1.04, 2025-05-28T18:30:00+01:00, 2025-05-28T19:00:00+01:00
0.002000, 0.05, 1.04, 2025-05-28T19:00:00+01:00, 2025-05-28T19:30:00+01:00
0.002000, 0.05, 1.04, 2025-05-28T19:30:00+01:00, 2025-05-28T20:00:00+01:00
0.002000, 0.05, 1.04, 2025-05-28T20:00:00+01:00, 2025-05-28T20:30:00+01:00
0.002000, 0.05, 1.04, 2025-05-28T20:30:00+01:00, 2025-05-28T21:00:00+01:00
0.002000, 0.05, 1.04, 2025-05-28T21:00:00+01:00, 2025-05-28T21:30:00+01:00
0.001000, 0.02, 1.04, 2025-05-28T21:30:00+01:00, 2025-05-28T22:00:00+01:00
0.002000, 0.04, 1.04, 2025-05-28T22:00:00+01:00, 2025-05-28T22:30:00+01:00
0.002000, 0.04, 1.04, 2025-05-28T22:30:00+01:00, 2025-05-28T23:00:00+01:00
0.002000, 0.04, 1.04, 2025-05-28T23:00:00+01:00, 2025-05-28T23:30:00+01:00
0.001000, 0.02, 1.04, 2025-05-28T23:30:00+01:00, 2025-05-29T00:00:00+01:00
1.229000, 20.91, 1.04, 2025-05-29T00:00:00+01:00, 2025-05-29T00:30:00+01:00
0.783000, 14.34, 1.04, 2025-05-29T00:30:00+01:00, 2025-05-29T01:00:00+01:00
0.158000, 2.58, 1.04, 2025-05-29T01:00:00+01:00, 2025-05-29T01:30:00+01:00
0.128000, 2.21, 1.04, 2025-05-29T01:30:00+01:00, 2025-05-29T02:00:00+01:00
0.135000, 2.38, 1.04, 2025-05-29T02:00:00+01:00, 2025-05-29T02:30:00+01:00
0.169000, 2.69, 1.04, 2025-05-29T02:30:00+01:00, 2025-05-29T03:00:00+01:00
0.158000, 2.47, 1.04, 2025-05-29T03:00:00+01:00, 2025-05-29T03:30:00+01:00
0.223000, 3.11, 1.04, 2025-05-29T03:30:00+01:00, 2025-05-29T04:00:00+01:00
0.170000, 2.32, 1.04, 2025-05-29T04:00:00+01:00, 2025-05-29T04:30:00+01:00
0.183000, 2.01, 1.04, 2025-05-29T04:30:00+01:00, 2025-05-29T05:00:00+01:00
0.176000, 2.15, 1.04, 2025-05-29T05:00:00+01:00, 2025-05-29T05:30:00+01:00
0.139000, 1.41, 1.04, 2025-05-29T05:30:00+01:00, 2025-05-29T06:00:00+01:00
0.136000, 1.43, 1.04, 2025-05-29T06:00:00+01:00, 2025-05-29T06:30:00+01:00
0.100000, 1.32, 1.04, 2025-05-29T06:30:00+01:00, 2025-05-29T07:00:00+01:00
0.103000, 1.04, 1.04, 2025-05-29T07:00:00+01:00, 2025-05-29T07:30:00+01:00
0.100000, 1.24, 1.04, 2025-05-29T07:30:00+01:00, 2025-05-29T08:00:00+01:00
0.005000, 0.05, 1.04, 2025-05-29T08:00:00+01:00, 2025-05-29T08:30:00+01:00
0.002000, 0.02, 1.04, 2025-05-29T08:30:00+01:00, 2025-05-29T09:00:00+01:00
0.002000, 0.01, 1.04, 2025-05-29T09:00:00+01:00, 2025-05-29T09:30:00+01:00
0.000000, 0, 1.04, 2025-05-29T09:30:00+01:00, 2025-05-29T10:00:00+01:00
0.001000, 0, 1.04, 2025-05-29T10:00:00+01:00, 2025-05-29T10:30:00+01:00
0.000000, 0, 1.04, 2025-05-29T10:30:00+01:00, 2025-05-29T11:00:00+01:00
0.001000, 0, 1.04, 2025-05-29T11:00:00+01:00, 2025-05-29T11:30:00+01:00
0.000000, 0, 1.04, 2025-05-29T11:30:00+01:00, 2025-05-29T12:00:00+01:00
0.001000, 0, 1.04, 2025-05-29T12:00:00+01:00, 2025-05-29T12:30:00+01:00
0.000000, 0, 1.04, 2025-05-29T12:30:00+01:00, 2025-05-29T13:00:00+01:00
0.001000, 0, 1.04, 2025-05-29T13:00:00+01:00, 2025-05-29T13:30:00+01:00
0.000000, 0, 1.04, 2025-05-29T13:30:00+01:00, 2025-05-29T14:00:00+01:00
0.000000, 0, 1.04, 2025-05-29T14:00:00+01:00, 2025-05-29T14:30:00+01:00
0.000000, 0, 1.04, 2025-05-29T14:30:00+01:00, 2025-05-29T15:00:00+01:00
0.000000, 0, 1.04, 2025-05-29T15:00:00+01:00, 2025-05-29T15:30:00+01:00
0.001000, 0, 1.04, 2025-05-29T15:30:00+01:00, 2025-05-29T16:00:00+01:00
0.000000, 0, 1.04, 2025-05-29T16:00:00+01:00, 2025-05-29T16:30:00+01:00
0.000000, 0, 1.04, 2025-05-29T16:30:00+01:00, 2025-05-29T17:00:00+01:00
0.001000, 0.02, 1.04, 2025-05-29T17:00:00+01:00, 2025-05-29T17:30:00+01:00
0.000000, 0, 1.04, 2025-05-29T17:30:00+01:00, 2025-05-29T18:00:00+01:00
0.001000, 0.02, 1.04, 2025-05-29T18:00:00+01:00, 2025-05-29T18:30:00+01:00
0.001000, 0.03, 1.04, 2025-05-29T18:30:00+01:00, 2025-05-29T19:00:00+01:00
0.001000, 0.01, 1.04, 2025-05-29T19:00:00+01:00, 2025-05-29T19:30:00+01:00
0.001000, 0.01, 1.04, 2025-05-29T19:30:00+01:00, 2025-05-29T20:00:00+01:00
0.002000, 0.03, 1.04, 2025-05-29T20:00:00+01:00, 2025-05-29T20:30:00+01:00
0.002000, 0.03, 1.04, 2025-05-29T20:30:00+01:00, 2025-05-29T21:00:00+01:00
0.002000, 0.03, 1.04, 2025-05-29T21:00:00+01:00, 2025-05-29T21:30:00+01:00
0.001000, 0.01, 1.04, 2025-05-29T21:30:00+01:00, 2025-05-29T22:00:00+01:00
0.001000, 0.01, 1.04, 2025-05-29T22:00:00+01:00, 2025-05-29T22:30:00+01:00
0.002000, 0.02, 1.04, 2025-05-29T22:30:00+01:00, 2025-05-29T23:00:00+01:00
0.002000, 0.02, 1.04, 2025-05-29T23:00:00+01:00, 2025-05-29T23:30:00+01:00
0.001000, 0.01, 1.04, 2025-05-29T23:30:00+01:00, 2025-05-30T00:00:00+01:00
1.238000, 8.49, 1.04, 2025-05-30T00:00:00+01:00, 2025-05-30T00:30:00+01:00
0.678000, 3.87, 1.04, 2025-05-30T00:30:00+01:00, 2025-05-30T01:00:00+01:00
0.136000, 0.78, 1.04, 2025-05-30T01:00:00+01:00, 2025-05-30T01:30:00+01:00
0.134000, 0.83, 1.04, 2025-05-30T01:30:00+01:00, 2025-05-30T02:00:00+01:00
0.145000, 0.92, 1.04, 2025-05-30T02:00:00+01:00, 2025-05-30T02:30:00+01:00
0.133000, 0.73, 1.04, 2025-05-30T02:30:00+01:00, 2025-05-30T03:00:00+01:00
0.183000, 1.17, 1.04, 2025-05-30T03:00:00+01:00, 2025-05-30T03:30:00+01:00
0.146000, 0.94, 1.04, 2025-05-30T03:30:00+01:00, 2025-05-30T04:00:00+01:00
0.131000, 1.06, 1.04, 2025-05-30T04:00:00+01:00, 2025-05-30T04:30:00+01:00
0.149000, 0.85, 1.04, 2025-05-30T04:30:00+01:00, 2025-05-30T05:00:00+01:00
0.132000, 1.4, 1.04, 2025-05-30T05:00:00+01:00, 2025-05-30T05:30:00+01:00
0.117000, 1.24, 1.04, 2025-05-30T05:30:00+01:00, 2025-05-30T06:00:00+01:00
0.105000, 1.27, 1.04, 2025-05-30T06:00:00+01:00, 2025-05-30T06:30:00+01:00
0.107000, 1.53, 1.04, 2025-05-30T06:30:00+01:00, 2025-05-30T07:00:00+01:00
0.056000, 0.64, 1.04, 2025-05-30T07:00:00+01:00, 2025-05-30T07:30:00+01:00
0.129000, 1.88, 1.04, 2025-05-30T07:30:00+01:00, 2025-05-30T08:00:00+01:00
0.006000, 0.07, 1.04, 2025-05-30T08:00:00+01:00, 2025-05-30T08:30:00+01:00
0.002000, 0.03, 1.04, 2025-05-30T08:30:00+01:00, 2025-05-30T09:00:00+01:00
0.001000, 0.01, 1.04, 2025-05-30T09:00:00+01:00, 2025-05-30T09:30:00+01:00
0.001000, 0.01, 1.04, 2025-05-30T09:30:00+01:00, 2025-05-30T10:00:00+01:00
0.001000, 0.01, 1.04, 2025-05-30T10:00:00+01:00, 2025-05-30T10:30:00+01:00
0.001000, 0.01, 1.04, 2025-05-30T10:30:00+01:00, 2025-05-30T11:00:00+01:00
0.000000, 0, 1.04, 2025-05-30T11:00:00+01:00, 2025-05-30T11:30:00+01:00
0.000000, 0, 1.04, 2025-05-30T11:30:00+01:00, 2025-05-30T12:00:00+01:00
0.001000, 0.01, 1.04, 2025-05-30T12:00:00+01:00, 2025-05-30T12:30:00+01:00
0.000000, 0, 1.04, 2025-05-30T12:30:00+01:00, 2025-05-30T13:00:00+01:00
0.001000, 0.01, 1.04, 2025-05-30T13:00:00+01:00, 2025-05-30T13:30:00+01:00
0.000000, 0, 1.04, 2025-05-30T13:30:00+01:00, 2025-05-30T14:00:00+01:00
0.001000, 0.01, 1.04, 2025-05-30T14:00:00+01:00, 2025-05-30T14:30:00+01:00
0.001000, 0.02, 1.04, 2025-05-30T14:30:00+01:00, 2025-05-30T15:00:00+01:00
0.000000, 0, 1.04, 2025-05-30T15:00:00+01:00, 2025-05-30T15:30:00+01:00
0.000000, 0, 1.04, 2025-05-30T15:30:00+01:00, 2025-05-30T16:00:00+01:00
0.001000, 0.03, 1.04, 2025-05-30T16:00:00+01:00, 2025-05-30T16:30:00+01:00
0.000000, 0, 1.04, 2025-05-30T16:30:00+01:00, 2025-05-30T17:00:00+01:00
0.000000, 0, 1.04, 2025-05-30T17:00:00+01:00, 2025-05-30T17:30:00+01:00
0.001000, 0.03, 1.04, 2025-05-30T17:30:00+01:00, 2025-05-30T18:00:00+01:00
0.002000, 0.06, 1.04, 2025-05-30T18:00:00+01:00, 2025-05-30T18:30:00+01:00
0.002000, 0.07, 1.04, 2025-05-30T18:30:00+01:00, 2025-05-30T19:00:00+01:00
0.001000, 0.02, 1.04, 2025-05-30T19:00:00+01:00, 2025-05-30T19:30:00+01:00
0.002000, 0.05, 1.04, 2025-05-30T19:30:00+01:00, 2025-05-30T20:00:00+01:00
0.002000, 0.05, 1.04, 2025-05-30T20:00:00+01:00, 2025-05-30T20:30:00+01:00
0.002000, 0.05, 1.04, 2025-05-30T20:30:00+01:00, 2025-05-30T21:00:00+01:00
0.001000, 0.02, 1.04, 2025-05-30T21:00:00+01:00, 2025-05-30T21:30:00+01:00
0.002000, 0.05, 1.04, 2025-05-30T21:30:00+01:00, 2025-05-30T22:00:00+01:00
0.002000, 0.04, 1.04, 2025-05-30T22:00:00+01:00, 2025-05-30T22:30:00+01:00
0.001000, 0.02, 1.04, 2025-05-30T22:30:00+01:00, 2025-05-30T23:00:00+01:00
0.001000, 0.02, 1.04, 2025-05-30T23:00:00+01:00, 2025-05-30T23:30:00+01:00
0.002000, 0.04, 1.04, 2025-05-30T23:30:00+01:00, 2025-05-31T00:00:00+01:00
1.260000, 21.96, 1.04, 2025-05-31T00:00:00+01:00, 2025-05-31T00:30:00+01:00
0.943000, 16.22, 1.04, 2025-05-31T00:30:00+01:00, 2025-05-31T01:00:00+01:00
0.202000, 3.34, 1.04, 2025-05-31T01:00:00+01:00, 2025-05-31T01:30:00+01:00
0.143000, 2.38, 1.04, 2025-05-31T01:30:00+01:00, 2025-05-31T02:00:00+01:00
0.162000, 2.79, 1.04, 2025-05-31T02:00:00+01:00, 2025-05-31T02:30:00+01:00
0.149000, 2.56, 1.04, 2025-05-31T02:30:00+01:00, 2025-05-31T03:00:00+01:00
0.170000, 2.92, 1.04, 2025-05-31T03:00:00+01:00, 2025-05-31T03:30:00+01:00
0.146000, 2.57, 1.04, 2025-05-31T03:30:00+01:00, 2025-05-31T04:00:00+01:00
0.121000, 2.29, 1.04, 2025-05-31T04:00:00+01:00, 2025-05-31T04:30:00+01:00
0.137000, 2.45, 1.04, 2025-05-31T04:30:00+01:00, 2025-05-31T05:00:00+01:00
0.163000, 2.82, 1.04, 2025-05-31T05:00:00+01:00, 2025-05-31T05:30:00+01:00
0.139000, 2.41, 1.04, 2025-05-31T05:30:00+01:00, 2025-05-31T06:00:00+01:00
0.129000, 2.09, 1.04, 2025-05-31T06:00:00+01:00, 2025-05-31T06:30:00+01:00
0.079000, 1.31, 1.04, 2025-05-31T06:30:00+01:00, 2025-05-31T07:00:00+01:00
0.062000, 0.84, 1.04, 2025-05-31T07:00:00+01:00, 2025-05-31T07:30:00+01:00
0.028000, 0.4, 1.04, 2025-05-31T07:30:00+01:00, 2025-05-31T08:00:00+01:00
0.004000, 0.06, 1.04, 2025-05-31T08:00:00+01:00, 2025-05-31T08:30:00+01:00
0.000000, 0, 1.04, 2025-05-31T08:30:00+01:00, 2025-05-31T09:00:00+01:00
0.001000, 0.01, 1.04, 2025-05-31T09:00:00+01:00, 2025-05-31T09:30:00+01:00
0.000000, 0, 1.04, 2025-05-31T09:30:00+01:00, 2025-05-31T10:00:00+01:00
0.001000, 0.01, 1.04, 2025-05-31T10:00:00+01:00, 2025-05-31T10:30:00+01:00
0.000000, 0, 1.04, 2025-05-31T10:30:00+01:00, 2025-05-31T11:00:00+01:00
0.000000, 0, 1.04, 2025-05-31T11:00:00+01:00, 2025-05-31T11:30:00+01:00
0.001000, 0, 1.04, 2025-05-31T11:30:00+01:00, 2025-05-31T12:00:00+01:00
0.000000, 0, 1.04, 2025-05-31T12:00:00+01:00, 2025-05-31T12:30:00+01:00
0.000000, 0, 1.04, 2025-05-31T12:30:00+01:00, 2025-05-31T13:00:00+01:00
0.000000, 0, 1.04, 2025-05-31T13:00:00+01:00, 2025-05-31T13:30:00+01:00
0.001000, 0, 1.04, 2025-05-31T13:30:00+01:00, 2025-05-31T14:00:00+01:00
0.000000, 0, 1.04, 2025-05-31T14:00:00+01:00, 2025-05-31T14:30:00+01:00
0.001000, 0, 1.04, 2025-05-31T14:30:00+01:00, 2025-05-31T15:00:00+01:00
0.000000, 0, 1.04, 2025-05-31T15:00:00+01:00, 2025-05-31T15:30:00+01:00
0.001000, 0, 1.04, 2025-05-31T15:30:00+01:00, 2025-05-31T16:00:00+01:00
0.000000, 0, 1.04, 2025-05-31T16:00:00+01:00, 2025-05-31T16:30:00+01:00
0.000000, 0, 1.04, 2025-05-31T16:30:00+01:00, 2025-05-31T17:00:00+01:00
0.001000, 0.03, 1.04, 2025-05-31T17:00:00+01:00, 2025-05-31T17:30:00+01:00
0.000000, 0, 1.04, 2025-05-31T17:30:00+01:00, 2025-05-31T18:00:00+01:00
0.001000, 0.03, 1.04, 2025-05-31T18:00:00+01:00, 2025-05-31T18:30:00+01:00
0.001000, 0.03, 1.04, 2025-05-31T18:30:00+01:00, 2025-05-31T19:00:00+01:00
0.002000, 0.04, 1.04, 2025-05-31T19:00:00+01:00, 2025-05-31T19:30:00+01:00
0.001000, 0.02, 1.04, 2025-05-31T19:30:00+01:00, 2025-05-31T20:00:00+01:00
0.002000, 0.04, 1.04, 2025-05-31T20:00:00+01:00, 2025-05-31T20:30:00+01:00
0.002000, 0.04, 1.04, 2025-05-31T20:30:00+01:00, 2025-05-31T21:00:00+01:00
0.001000, 0.02, 1.04, 2025-05-31T21:00:00+01:00, 2025-05-31T21:30:00+01:00
0.002000, 0.04, 1.04, 2025-05-31T21:30:00+01:00, 2025-05-31T22:00:00+01:00
0.002000, 0.04, 1.04, 2025-05-31T22:00:00+01:00, 2025-05-31T22:30:00+01:00
0.002000, 0.03, 1.04, 2025-05-31T22:30:00+01:00, 2025-05-31T23:00:00+01:00
0.001000, 0.02, 1.04, 2025-05-31T23:00:00+01:00, 2025-05-31T23:30:00+01:00
0.001000, 0.02, 1.04, 2025-05-31T23:30:00+01:00, 2025-05-31T23:59:59.999000+01:00
