Consumption (kwh), Estimated Cost Inc. Tax (p), Standing Charge Inc. Tax (p), Start, End
0.192000, 3.75, 1.04, 2025-03-01T00:00:00+00:00, 2025-03-01T00:30:00+00:00
0.187000, 3.93, 1.04, 2025-03-01T00:30:00+00:00, 2025-03-01T01:00:00+00:00
0.201000, 4.08, 1.04, 2025-03-01T01:00:00+00:00, 2025-03-01T01:30:00+00:00
0.229000, 4.24, 1.04, 2025-03-01T01:30:00+00:00, 2025-03-01T02:00:00+00:00
0.225000, 4.35, 1.04, 2025-03-01T02:00:00+00:00, 2025-03-01T02:30:00+00:00
0.208000, 3.85, 1.04, 2025-03-01T02:30:00+00:00, 2025-03-01T03:00:00+00:00
0.179000, 3.32, 1.04, 2025-03-01T03:00:00+00:00, 2025-03-01T03:30:00+00:00
0.237000, 4.38, 1.04, 2025-03-01T03:30:00+00:00, 2025-03-01T04:00:00+00:00
0.199000, 3.95, 1.04, 2025-03-01T04:00:00+00:00, 2025-03-01T04:30:00+00:00
0.212000, 4.05, 1.04, 2025-03-01T04:30:00+00:00, 2025-03-01T05:00:00+00:00
0.197000, 3.91, 1.04, 2025-03-01T05:00:00+00:00, 2025-03-01T05:30:00+00:00
0.248000, 4.97, 1.04, 2025-03-01T05:30:00+00:00, 2025-03-01T06:00:00+00:00
0.209000, 4.56, 1.04, 2025-03-01T06:00:00+00:00, 2025-03-01T06:30:00+00:00
0.204000, 4.99, 1.04, 2025-03-01T06:30:00+00:00, 2025-03-01T07:00:00+00:00
0.201000, 4.47, 1.04, 2025-03-01T07:00:00+00:00, 2025-03-01T07:30:00+00:00
0.174000, 4.45, 1.04, 2025-03-01T07:30:00+00:00, 2025-03-01T08:00:00+00:00
0.131000, 2.95, 1.04, 2025-03-01T08:00:00+00:00, 2025-03-01T08:30:00+00:00
0.169000, 4.12, 1.04, 2025-03-01T08:30:00+00:00, 2025-03-01T09:00:00+00:00
0.368000, 9.01, 1.04, 2025-03-01T09:00:00+00:00, 2025-03-01T09:30:00+00:00
0.232000, 5.63, 1.04, 2025-03-01T09:30:00+00:00, 2025-03-01T10:00:00+00:00
0.023000, 0.49, 1.04, 2025-03-01T10:00:00+00:00, 2025-03-01T10:30:00+00:00
0.010000, 0.19, 1.04, 2025-03-01T10:30:00+00:00, 2025-03-01T11:00:00+00:00
0.018000, 0.34, 1.04, 2025-03-01T11:00:00+00:00, 2025-03-01T11:30:00+00:00
0.010000, 0.19, 1.04, 2025-03-01T11:30:00+00:00, 2025-03-01T12:00:00+00:00
0.139000, 2.61, 1.04, 2025-03-01T12:00:00+00:00, 2025-03-01T12:30:00+00:00
0.159000, 2.98, 1.04, 2025-03-01T12:30:00+00:00, 2025-03-01T13:00:00+00:00
0.036000, 0.67, 1.04, 2025-03-01T13:00:00+00:00, 2025-03-01T13:30:00+00:00
0.039000, 0.73, 1.04, 2025-03-01T13:30:00+00:00, 2025-03-01T14:00:00+00:00
0.027000, 0.51, 1.04, 2025-03-01T14:00:00+00:00, 2025-03-01T14:30:00+00:00
0.027000, 0.51, 1.04, 2025-03-01T14:30:00+00:00, 2025-03-01T15:00:00+00:00
0.117000, 2.5, 1.04, 2025-03-01T15:00:00+00:00, 2025-03-01T15:30:00+00:00
0.114000, 2.36, 1.04, 2025-03-01T15:30:00+00:00, 2025-03-01T16:00:00+00:00
0.320000, 11.3, 1.04, 2025-03-01T16:00:00+00:00, 2025-03-01T16:30:00+00:00
0.247000, 9.3, 1.04, 2025-03-01T16:30:00+00:00, 2025-03-01T17:00:00+00:00
0.367000, 14.01, 1.04, 2025-03-01T17:00:00+00:00, 2025-03-01T17:30:00+00:00
0.761000, 31.4, 1.04, 2025-03-01T17:30:00+00:00, 2025-03-01T18:00:00+00:00
0.378000, 15.17, 1.04, 2025-03-01T18:00:00+00:00, 2025-03-01T18:30:00+00:00
0.300000, 11.88, 1.04, 2025-03-01T18:30:00+00:00, 2025-03-01T19:00:00+00:00
0.310000, 7.93, 1.04, 2025-03-01T19:00:00+00:00, 2025-03-01T19:30:00+00:00
0.315000, 7.16, 1.04, 2025-03-01T19:30:00+00:00, 2025-03-01T20:00:00+00:00
0.302000, 7.12, 1.04, 2025-03-01T20:00:00+00:00, 2025-03-01T20:30:00+00:00
0.381000, 8, 1.04, 2025-03-01T20:30:00+00:00, 2025-03-01T21:00:00+00:00
0.375000, 8.48, 1.04, 2025-03-01T21:00:00+00:00, 2025-03-01T21:30:00+00:00
0.367000, 7.61, 1.04, 2025-03-01T21:30:00+00:00, 2025-03-01T22:00:00+00:00
0.300000, 6.35, 1.04, 2025-03-01T22:00:00+00:00, 2025-03-01T22:30:00+00:00
0.216000, 4.52, 1.04, 2025-03-01T22:30:00+00:00, 2025-03-01T23:00:00+00:00
0.147000, 3.6, 1.04, 2025-03-01T23:00:00+00:00, 2025-03-01T23:30:00+00:00
0.148000, 3.17, 1.04, 2025-03-01T23:30:00+00:00, 2025-03-02T00:00:00+00:00
0.146000, 2.7, 1.04, 2025-03-02T00:00:00+00:00, 2025-03-02T00:30:00+00:00
0.138000, 3.07, 1.04, 2025-03-02T00:30:00+00:00, 2025-03-02T01:00:00+00:00
0.152000, 3.43, 1.04, 2025-03-02T01:00:00+00:00, 2025-03-02T01:30:00+00:00
0.122000, 2.31, 1.04, 2025-03-02T01:30:00+00:00, 2025-03-02T02:00:00+00:00
0.193000, 4.09, 1.04, 2025-03-02T02:00:00+00:00, 2025-03-02T02:30:00+00:00
0.205000, 3.86, 1.04, 2025-03-02T02:30:00+00:00, 2025-03-02T03:00:00+00:00
0.172000, 3.45, 1.04, 2025-03-02T03:00:00+00:00, 2025-03-02T03:30:00+00:00
0.137000, 2.48, 1.04, 2025-03-02T03:30:00+00:00, 2025-03-02T04:00:00+00:00
0.226000, 4.93, 1.04, 2025-03-02T04:00:00+00:00, 2025-03-02T04:30:00+00:00
0.224000, 4.49, 1.04, 2025-03-02T04:30:00+00:00, 2025-03-02T05:00:00+00:00
0.226000, 4.86, 1.04, 2025-03-02T05:00:00+00:00, 2025-03-02T05:30:00+00:00
0.221000, 4.45, 1.04, 2025-03-02T05:30:00+00:00, 2025-03-02T06:00:00+00:00
0.225000, 4.73, 1.04, 2025-03-02T06:00:00+00:00, 2025-03-02T06:30:00+00:00
0.212000, 4.58, 1.04, 2025-03-02T06:30:00+00:00, 2025-03-02T07:00:00+00:00
0.229000, 4.72, 1.04, 2025-03-02T07:00:00+00:00, 2025-03-02T07:30:00+00:00
0.199000, 4.1, 1.04, 2025-03-02T07:30:00+00:00, 2025-03-02T08:00:00+00:00
0.222000, 4.17, 1.04, 2025-03-02T08:00:00+00:00, 2025-03-02T08:30:00+00:00
0.591000, 12.31, 1.04, 2025-03-02T08:30:00+00:00, 2025-03-02T09:00:00+00:00
0.957000, 20.21, 1.04, 2025-03-02T09:00:00+00:00, 2025-03-02T09:30:00+00:00
0.108000, 2.19, 1.04, 2025-03-02T09:30:00+00:00, 2025-03-02T10:00:00+00:00
0.057000, 1.14, 1.04, 2025-03-02T10:00:00+00:00, 2025-03-02T10:30:00+00:00
0.113000, 2.02, 1.04, 2025-03-02T10:30:00+00:00, 2025-03-02T11:00:00+00:00
0.048000, 0.78, 1.04, 2025-03-02T11:00:00+00:00, 2025-03-02T11:30:00+00:00
0.068000, 1.05, 1.04, 2025-03-02T11:30:00+00:00, 2025-03-02T12:00:00+00:00
0.086000, 1.37, 1.04, 2025-03-02T12:00:00+00:00, 2025-03-02T12:30:00+00:00
0.840000, 13.19, 1.04, 2025-03-02T12:30:00+00:00, 2025-03-02T13:00:00+00:00
0.186000, 3.02, 1.04, 2025-03-02T13:00:00+00:00, 2025-03-02T13:30:00+00:00
0.097000, 1.54, 1.04, 2025-03-02T13:30:00+00:00, 2025-03-02T14:00:00+00:00
0.029000, 0.45, 1.04, 2025-03-02T14:00:00+00:00, 2025-03-02T14:30:00+00:00
0.034000, 0.55, 1.04, 2025-03-02T14:30:00+00:00, 2025-03-02T15:00:00+00:00
0.101000, 1.89, 1.04, 2025-03-02T15:00:00+00:00, 2025-03-02T15:30:00+00:00
0.167000, 3.09, 1.04, 2025-03-02T15:30:00+00:00, 2025-03-02T16:00:00+00:00
0.224000, 7.47, 1.04, 2025-03-02T16:00:00+00:00, 2025-03-02T16:30:00+00:00
0.212000, 7.51, 1.04, 2025-03-02T16:30:00+00:00, 2025-03-02T17:00:00+00:00
0.317000, 11.77, 1.04, 2025-03-02T17:00:00+00:00, 2025-03-02T17:30:00+00:00
0.306000, 11.9, 1.04, 2025-03-02T17:30:00+00:00, 2025-03-02T18:00:00+00:00
0.259000, 10.4, 1.04, 2025-03-02T18:00:00+00:00, 2025-03-02T18:30:00+00:00
0.233000, 9.06, 1.04, 2025-03-02T18:30:00+00:00, 2025-03-02T19:00:00+00:00
0.262000, 6.59, 1.04, 2025-03-02T19:00:00+00:00, 2025-03-02T19:30:00+00:00
0.269000, 6.17, 1.04, 2025-03-02T19:30:00+00:00, 2025-03-02T20:00:00+00:00
0.268000, 5.92, 1.04, 2025-03-02T20:00:00+00:00, 2025-03-02T20:30:00+00:00
0.239000, 4.74, 1.04, 2025-03-02T20:30:00+00:00, 2025-03-02T21:00:00+00:00
0.297000, 6.68, 1.04, 2025-03-02T21:00:00+00:00, 2025-03-02T21:30:00+00:00
1.097000, 22.98, 1.04, 2025-03-02T21:30:00+00:00, 2025-03-02T22:00:00+00:00
0.591000, 12.77, 1.04, 2025-03-02T22:00:00+00:00, 2025-03-02T22:30:00+00:00
0.251000, 4.98, 1.04, 2025-03-02T22:30:00+00:00, 2025-03-02T23:00:00+00:00
0.201000, 4.33, 1.04, 2025-03-02T23:00:00+00:00, 2025-03-02T23:30:00+00:00
0.222000, 4.31, 1.04, 2025-03-02T23:30:00+00:00, 2025-03-03T00:00:00+00:00
0.212000, 3.95, 1.04, 2025-03-03T00:00:00+00:00, 2025-03-03T00:30:00+00:00
0.213000, 4.6, 1.04, 2025-03-03T00:30:00+00:00, 2025-03-03T01:00:00+00:00
0.233000, 4.42, 1.04, 2025-03-03T01:00:00+00:00, 2025-03-03T01:30:00+00:00
0.272000, 4.92, 1.04, 2025-03-03T01:30:00+00:00, 2025-03-03T02:00:00+00:00
0.240000, 4.66, 1.04, 2025-03-03T02:00:00+00:00, 2025-03-03T02:30:00+00:00
0.231000, 4.29, 1.04, 2025-03-03T02:30:00+00:00, 2025-03-03T03:00:00+00:00
0.223000, 4.15, 1.04, 2025-03-03T03:00:00+00:00, 2025-03-03T03:30:00+00:00
0.218000, 3.94, 1.04, 2025-03-03T03:30:00+00:00, 2025-03-03T04:00:00+00:00
0.215000, 4.69, 1.04, 2025-03-03T04:00:00+00:00, 2025-03-03T04:30:00+00:00
0.188000, 3.77, 1.04, 2025-03-03T04:30:00+00:00, 2025-03-03T05:00:00+00:00
0.220000, 5.82, 1.04, 2025-03-03T05:00:00+00:00, 2025-03-03T05:30:00+00:00
0.207000, 4.84, 1.04, 2025-03-03T05:30:00+00:00, 2025-03-03T06:00:00+00:00
0.216000, 5.48, 1.04, 2025-03-03T06:00:00+00:00, 2025-03-03T06:30:00+00:00
0.203000, 5.94, 1.04, 2025-03-03T06:30:00+00:00, 2025-03-03T07:00:00+00:00
0.223000, 6, 1.04, 2025-03-03T07:00:00+00:00, 2025-03-03T07:30:00+00:00
0.294000, 8.38, 1.04, 2025-03-03T07:30:00+00:00, 2025-03-03T08:00:00+00:00
0.410000, 11.02, 1.04, 2025-03-03T08:00:00+00:00, 2025-03-03T08:30:00+00:00
0.234000, 5.73, 1.04, 2025-03-03T08:30:00+00:00, 2025-03-03T09:00:00+00:00
0.248000, 6.39, 1.04, 2025-03-03T09:00:00+00:00, 2025-03-03T09:30:00+00:00
0.613000, 13.41, 1.04, 2025-03-03T09:30:00+00:00, 2025-03-03T10:00:00+00:00
0.054000, 1.18, 1.04, 2025-03-03T10:00:00+00:00, 2025-03-03T10:30:00+00:00
0.846000, 15.3, 1.04, 2025-03-03T10:30:00+00:00, 2025-03-03T11:00:00+00:00
0.103000, 1.87, 1.04, 2025-03-03T11:00:00+00:00, 2025-03-03T11:30:00+00:00
0.222000, 4.07, 1.04, 2025-03-03T11:30:00+00:00, 2025-03-03T12:00:00+00:00
0.130000, 2.54, 1.04, 2025-03-03T12:00:00+00:00, 2025-03-03T12:30:00+00:00
0.039000, 0.74, 1.04, 2025-03-03T12:30:00+00:00, 2025-03-03T13:00:00+00:00
0.002000, 0.04, 1.04, 2025-03-03T13:00:00+00:00, 2025-03-03T13:30:00+00:00
0.264000, 4.77, 1.04, 2025-03-03T13:30:00+00:00, 2025-03-03T14:00:00+00:00
0.162000, 2.93, 1.04, 2025-03-03T14:00:00+00:00, 2025-03-03T14:30:00+00:00
0.064000, 1.12, 1.04, 2025-03-03T14:30:00+00:00, 2025-03-03T15:00:00+00:00
0.144000, 2.75, 1.04, 2025-03-03T15:00:00+00:00, 2025-03-03T15:30:00+00:00
0.264000, 5.53, 1.04, 2025-03-03T15:30:00+00:00, 2025-03-03T16:00:00+00:00
0.283000, 9.56, 1.04, 2025-03-03T16:00:00+00:00, 2025-03-03T16:30:00+00:00
0.245000, 9.12, 1.04, 2025-03-03T16:30:00+00:00, 2025-03-03T17:00:00+00:00
0.438000, 17.26, 1.04, 2025-03-03T17:00:00+00:00, 2025-03-03T17:30:00+00:00
1.139000, 49.42, 1.04, 2025-03-03T17:30:00+00:00, 2025-03-03T18:00:00+00:00
0.394000, 17.39, 1.04, 2025-03-03T18:00:00+00:00, 2025-03-03T18:30:00+00:00
0.366000, 15.91, 1.04, 2025-03-03T18:30:00+00:00, 2025-03-03T19:00:00+00:00
0.389000, 10.94, 1.04, 2025-03-03T19:00:00+00:00, 2025-03-03T19:30:00+00:00
0.439000, 11.27, 1.04, 2025-03-03T19:30:00+00:00, 2025-03-03T20:00:00+00:00
0.299000, 7.49, 1.04, 2025-03-03T20:00:00+00:00, 2025-03-03T20:30:00+00:00
0.082000, 1.83, 1.04, 2025-03-03T20:30:00+00:00, 2025-03-03T21:00:00+00:00
0.004000, 0.09, 1.04, 2025-03-03T21:00:00+00:00, 2025-03-03T21:30:00+00:00
0.004000, 0.08, 1.04, 2025-03-03T21:30:00+00:00, 2025-03-03T22:00:00+00:00
0.002000, 0.04, 1.04, 2025-03-03T22:00:00+00:00, 2025-03-03T22:30:00+00:00
0.005000, 0.1, 1.04, 2025-03-03T22:30:00+00:00, 2025-03-03T23:00:00+00:00
0.001000, 0.02, 1.04, 2025-03-03T23:00:00+00:00, 2025-03-03T23:30:00+00:00
0.003000, 0.06, 1.04, 2025-03-03T23:30:00+00:00, 2025-03-04T00:00:00+00:00
1.286000, 22.4, 1.04, 2025-03-04T00:00:00+00:00, 2025-03-04T00:30:00+00:00
1.278000, 24.8, 1.04, 2025-03-04T00:30:00+00:00, 2025-03-04T01:00:00+00:00
0.708000, 13.27, 1.04, 2025-03-04T01:00:00+00:00, 2025-03-04T01:30:00+00:00
0.216000, 3.57, 1.04, 2025-03-04T01:30:00+00:00, 2025-03-04T02:00:00+00:00
0.229000, 4.39, 1.04, 2025-03-04T02:00:00+00:00, 2025-03-04T02:30:00+00:00
0.204000, 3.68, 1.04, 2025-03-04T02:30:00+00:00, 2025-03-04T03:00:00+00:00
0.191000, 3.46, 1.04, 2025-03-04T03:00:00+00:00, 2025-03-04T03:30:00+00:00
0.252000, 4.39, 1.04, 2025-03-04T03:30:00+00:00, 2025-03-04T04:00:00+00:00
0.291000, 5.45, 1.04, 2025-03-04T04:00:00+00:00, 2025-03-04T04:30:00+00:00
0.239000, 3.89, 1.04, 2025-03-04T04:30:00+00:00, 2025-03-04T05:00:00+00:00
0.242000, 5.02, 1.04, 2025-03-04T05:00:00+00:00, 2025-03-04T05:30:00+00:00
0.197000, 4.35, 1.04, 2025-03-04T05:30:00+00:00, 2025-03-04T06:00:00+00:00
0.223000, 5.82, 1.04, 2025-03-04T06:00:00+00:00, 2025-03-04T06:30:00+00:00
0.234000, 7.22, 1.04, 2025-03-04T06:30:00+00:00, 2025-03-04T07:00:00+00:00
0.208000, 5.5, 1.04, 2025-03-04T07:00:00+00:00, 2025-03-04T07:30:00+00:00
0.240000, 6.62, 1.04, 2025-03-04T07:30:00+00:00, 2025-03-04T08:00:00+00:00
0.023000, 0.53, 1.04, 2025-03-04T08:00:00+00:00, 2025-03-04T08:30:00+00:00
0.004000, 0.08, 1.04, 2025-03-04T08:30:00+00:00, 2025-03-04T09:00:00+00:00
0.003000, 0.06, 1.04, 2025-03-04T09:00:00+00:00, 2025-03-04T09:30:00+00:00
0.004000, 0.09, 1.04, 2025-03-04T09:30:00+00:00, 2025-03-04T10:00:00+00:00
0.001000, 0.02, 1.04, 2025-03-04T10:00:00+00:00, 2025-03-04T10:30:00+00:00
0.001000, 0.02, 1.04, 2025-03-04T10:30:00+00:00, 2025-03-04T11:00:00+00:00
0.000000, 0, 1.04, 2025-03-04T11:00:00+00:00, 2025-03-04T11:30:00+00:00
0.000000, 0, 1.04, 2025-03-04T11:30:00+00:00, 2025-03-04T12:00:00+00:00
0.001000, 0.02, 1.04, 2025-03-04T12:00:00+00:00, 2025-03-04T12:30:00+00:00
0.001000, 0.02, 1.04, 2025-03-04T12:30:00+00:00, 2025-03-04T13:00:00+00:00
0.000000, 0, 1.04, 2025-03-04T13:00:00+00:00, 2025-03-04T13:30:00+00:00
0.000000, 0, 1.04, 2025-03-04T13:30:00+00:00, 2025-03-04T14:00:00+00:00
0.001000, 0.02, 1.04, 2025-03-04T14:00:00+00:00, 2025-03-04T14:30:00+00:00
0.001000, 0.01, 1.04, 2025-03-04T14:30:00+00:00, 2025-03-04T15:00:00+00:00
0.002000, 0.04, 1.04, 2025-03-04T15:00:00+00:00, 2025-03-04T15:30:00+00:00
0.003000, 0.05, 1.04, 2025-03-04T15:30:00+00:00, 2025-03-04T16:00:00+00:00
0.002000, 0.07, 1.04, 2025-03-04T16:00:00+00:00, 2025-03-04T16:30:00+00:00
0.003000, 0.1, 1.04, 2025-03-04T16:30:00+00:00, 2025-03-04T17:00:00+00:00
0.261000, 9.69, 1.04, 2025-03-04T17:00:00+00:00, 2025-03-04T17:30:00+00:00
0.013000, 0.52, 1.04, 2025-03-04T17:30:00+00:00, 2025-03-04T18:00:00+00:00
0.085000, 3.57, 1.04, 2025-03-04T18:00:00+00:00, 2025-03-04T18:30:00+00:00
0.003000, 0.12, 1.04, 2025-03-04T18:30:00+00:00, 2025-03-04T19:00:00+00:00
0.004000, 0.1, 1.04, 2025-03-04T19:00:00+00:00, 2025-03-04T19:30:00+00:00
0.003000, 0.07, 1.04, 2025-03-04T19:30:00+00:00, 2025-03-04T20:00:00+00:00
0.003000, 0.06, 1.04, 2025-03-04T20:00:00+00:00, 2025-03-04T20:30:00+00:00
0.004000, 0.08, 1.04, 2025-03-04T20:30:00+00:00, 2025-03-04T21:00:00+00:00
0.001000, 0.02, 1.04, 2025-03-04T21:00:00+00:00, 2025-03-04T21:30:00+00:00
0.003000, 0.06, 1.04, 2025-03-04T21:30:00+00:00, 2025-03-04T22:00:00+00:00
0.002000, 0.04, 1.04, 2025-03-04T22:00:00+00:00, 2025-03-04T22:30:00+00:00
0.005000, 0.09, 1.04, 2025-03-04T22:30:00+00:00, 2025-03-04T23:00:00+00:00
0.002000, 0.04, 1.04, 2025-03-04T23:00:00+00:00, 2025-03-04T23:30:00+00:00
0.002000, 0.03, 1.04, 2025-03-04T23:30:00+00:00, 2025-03-05T00:00:00+00:00
1.283000, 19.8, 1.04, 2025-03-05T00:00:00+00:00, 2025-03-05T00:30:00+00:00
1.307000, 23.52, 1.04, 2025-03-05T00:30:00+00:00, 2025-03-05T01:00:00+00:00
1.280000, 20.46, 1.04, 2025-03-05T01:00:00+00:00, 2025-03-05T01:30:00+00:00
1.262000, 19.48, 1.04, 2025-03-05T01:30:00+00:00, 2025-03-05T02:00:00+00:00
1.290000, 20.2, 1.04, 2025-03-05T02:00:00+00:00, 2025-03-05T02:30:00+00:00
1.283000, 19.8, 1.04, 2025-03-05T02:30:00+00:00, 2025-03-05T03:00:00+00:00
1.308000, 20.48, 1.04, 2025-03-05T03:00:00+00:00, 2025-03-05T03:30:00+00:00
1.257000, 19.07, 1.04, 2025-03-05T03:30:00+00:00, 2025-03-05T04:00:00+00:00
0.728000, 13.32, 1.04, 2025-03-05T04:00:00+00:00, 2025-03-05T04:30:00+00:00
0.186000, 3.02, 1.04, 2025-03-05T04:30:00+00:00, 2025-03-05T05:00:00+00:00
0.238000, 4.64, 1.04, 2025-03-05T05:00:00+00:00, 2025-03-05T05:30:00+00:00
0.182000, 3.92, 1.04, 2025-03-05T05:30:00+00:00, 2025-03-05T06:00:00+00:00
0.207000, 4.68, 1.04, 2025-03-05T06:00:00+00:00, 2025-03-05T06:30:00+00:00
0.189000, 4.89, 1.04, 2025-03-05T06:30:00+00:00, 2025-03-05T07:00:00+00:00
0.244000, 6.19, 1.04, 2025-03-05T07:00:00+00:00, 2025-03-05T07:30:00+00:00
0.270000, 7.08, 1.04, 2025-03-05T07:30:00+00:00, 2025-03-05T08:00:00+00:00
0.012000, 0.29, 1.04, 2025-03-05T08:00:00+00:00, 2025-03-05T08:30:00+00:00
0.004000, 0.08, 1.04, 2025-03-05T08:30:00+00:00, 2025-03-05T09:00:00+00:00
0.004000, 0.07, 1.04, 2025-03-05T09:00:00+00:00, 2025-03-05T09:30:00+00:00
0.019000, 0.27, 1.04, 2025-03-05T09:30:00+00:00, 2025-03-05T10:00:00+00:00
0.009000, 0.12, 1.04, 2025-03-05T10:00:00+00:00, 2025-03-05T10:30:00+00:00
0.000000, 0, 1.04, 2025-03-05T10:30:00+00:00, 2025-03-05T11:00:00+00:00
0.016000, 0.16, 1.04, 2025-03-05T11:00:00+00:00, 2025-03-05T11:30:00+00:00
0.001000, 0.01, 1.04, 2025-03-05T11:30:00+00:00, 2025-03-05T12:00:00+00:00
0.002000, 0.01, 1.04, 2025-03-05T12:00:00+00:00, 2025-03-05T12:30:00+00:00
0.001000, 0.01, 1.04, 2025-03-05T12:30:00+00:00, 2025-03-05T13:00:00+00:00
0.000000, 0, 1.04, 2025-03-05T13:00:00+00:00, 2025-03-05T13:30:00+00:00
0.001000, 0.01, 1.04, 2025-03-05T13:30:00+00:00, 2025-03-05T14:00:00+00:00
0.001000, 0.01, 1.04, 2025-03-05T14:00:00+00:00, 2025-03-05T14:30:00+00:00
0.001000, 0.01, 1.04, 2025-03-05T14:30:00+00:00, 2025-03-05T15:00:00+00:00
0.003000, 0.05, 1.04, 2025-03-05T15:00:00+00:00, 2025-03-05T15:30:00+00:00
0.003000, 0.05, 1.04, 2025-03-05T15:30:00+00:00, 2025-03-05T16:00:00+00:00
0.003000, 0.1, 1.04, 2025-03-05T16:00:00+00:00, 2025-03-05T16:30:00+00:00
0.007000, 0.23, 1.04, 2025-03-05T16:30:00+00:00, 2025-03-05T17:00:00+00:00
0.003000, 0.11, 1.04, 2025-03-05T17:00:00+00:00, 2025-03-05T17:30:00+00:00
0.054000, 2.09, 1.04, 2025-03-05T17:30:00+00:00, 2025-03-05T18:00:00+00:00
0.023000, 0.93, 1.04, 2025-03-05T18:00:00+00:00, 2025-03-05T18:30:00+00:00
0.002000, 0.08, 1.04, 2025-03-05T18:30:00+00:00, 2025-03-05T19:00:00+00:00
0.002000, 0.05, 1.04, 2025-03-05T19:00:00+00:00, 2025-03-05T19:30:00+00:00
0.004000, 0.09, 1.04, 2025-03-05T19:30:00+00:00, 2025-03-05T20:00:00+00:00
0.003000, 0.07, 1.04, 2025-03-05T20:00:00+00:00, 2025-03-05T20:30:00+00:00
0.012000, 0.24, 1.04, 2025-03-05T20:30:00+00:00, 2025-03-05T21:00:00+00:00
0.003000, 0.06, 1.04, 2025-03-05T21:00:00+00:00, 2025-03-05T21:30:00+00:00
0.003000, 0.06, 1.04, 2025-03-05T21:30:00+00:00, 2025-03-05T22:00:00+00:00
0.005000, 0.1, 1.04, 2025-03-05T22:00:00+00:00, 2025-03-05T22:30:00+00:00
0.003000, 0.06, 1.04, 2025-03-05T22:30:00+00:00, 2025-03-05T23:00:00+00:00
0.002000, 0.03, 1.04, 2025-03-05T23:00:00+00:00, 2025-03-05T23:30:00+00:00
0.002000, 0.03, 1.04, 2025-03-05T23:30:00+00:00, 2025-03-06T00:00:00+00:00
1.290000, 19.34, 1.04, 2025-03-06T00:00:00+00:00, 2025-03-06T00:30:00+00:00
1.251000, 22.07, 1.04, 2025-03-06T00:30:00+00:00, 2025-03-06T01:00:00+00:00
1.301000, 22.09, 1.04, 2025-03-06T01:00:00+00:00, 2025-03-06T01:30:00+00:00
1.301000, 21.57, 1.04, 2025-03-06T01:30:00+00:00, 2025-03-06T02:00:00+00:00
1.276000, 21.16, 1.04, 2025-03-06T02:00:00+00:00, 2025-03-06T02:30:00+00:00
1.253000, 20.72, 1.04, 2025-03-06T02:30:00+00:00, 2025-03-06T03:00:00+00:00
1.279000, 19.97, 1.04, 2025-03-06T03:00:00+00:00, 2025-03-06T03:30:00+00:00
0.862000, 13.36, 1.04, 2025-03-06T03:30:00+00:00, 2025-03-06T04:00:00+00:00
0.216000, 3.57, 1.04, 2025-03-06T04:00:00+00:00, 2025-03-06T04:30:00+00:00
0.173000, 2.86, 1.04, 2025-03-06T04:30:00+00:00, 2025-03-06T05:00:00+00:00
0.210000, 4.17, 1.04, 2025-03-06T05:00:00+00:00, 2025-03-06T05:30:00+00:00
0.210000, 4.45, 1.04, 2025-03-06T05:30:00+00:00, 2025-03-06T06:00:00+00:00
0.227000, 5.51, 1.04, 2025-03-06T06:00:00+00:00, 2025-03-06T06:30:00+00:00
0.213000, 5.86, 1.04, 2025-03-06T06:30:00+00:00, 2025-03-06T07:00:00+00:00
0.213000, 5.02, 1.04, 2025-03-06T07:00:00+00:00, 2025-03-06T07:30:00+00:00
0.205000, 5.06, 1.04, 2025-03-06T07:30:00+00:00, 2025-03-06T08:00:00+00:00
0.007000, 0.17, 1.04, 2025-03-06T08:00:00+00:00, 2025-03-06T08:30:00+00:00
0.003000, 0.07, 1.04, 2025-03-06T08:30:00+00:00, 2025-03-06T09:00:00+00:00
0.004000, 0.08, 1.04, 2025-03-06T09:00:00+00:00, 2025-03-06T09:30:00+00:00
0.060000, 1.16, 1.04, 2025-03-06T09:30:00+00:00, 2025-03-06T10:00:00+00:00
0.004000, 0.07, 1.04, 2025-03-06T10:00:00+00:00, 2025-03-06T10:30:00+00:00
0.002000, 0.03, 1.04, 2025-03-06T10:30:00+00:00, 2025-03-06T11:00:00+00:00
0.003000, 0.04, 1.04, 2025-03-06T11:00:00+00:00, 2025-03-06T11:30:00+00:00
0.002000, 0.02, 1.04, 2025-03-06T11:30:00+00:00, 2025-03-06T12:00:00+00:00
0.000000, 0, 1.04, 2025-03-06T12:00:00+00:00, 2025-03-06T12:30:00+00:00
0.002000, 0.02, 1.04, 2025-03-06T12:30:00+00:00, 2025-03-06T13:00:00+00:00
0.002000, 0.01, 1.04, 2025-03-06T13:00:00+00:00, 2025-03-06T13:30:00+00:00
0.002000, 0.01, 1.04, 2025-03-06T13:30:00+00:00, 2025-03-06T14:00:00+00:00
0.001000, 0.01, 1.04, 2025-03-06T14:00:00+00:00, 2025-03-06T14:30:00+00:00
0.001000, 0.01, 1.04, 2025-03-06T14:30:00+00:00, 2025-03-06T15:00:00+00:00
0.003000, 0.05, 1.04, 2025-03-06T15:00:00+00:00, 2025-03-06T15:30:00+00:00
0.003000, 0.06, 1.04, 2025-03-06T15:30:00+00:00, 2025-03-06T16:00:00+00:00
0.002000, 0.07, 1.04, 2025-03-06T16:00:00+00:00, 2025-03-06T16:30:00+00:00
0.002000, 0.07, 1.04, 2025-03-06T16:30:00+00:00, 2025-03-06T17:00:00+00:00
0.007000, 0.26, 1.04, 2025-03-06T17:00:00+00:00, 2025-03-06T17:30:00+00:00
0.015000, 0.61, 1.04, 2025-03-06T17:30:00+00:00, 2025-03-06T18:00:00+00:00
0.002000, 0.08, 1.04, 2025-03-06T18:00:00+00:00, 2025-03-06T18:30:00+00:00
0.003000, 0.12, 1.04, 2025-03-06T18:30:00+00:00, 2025-03-06T19:00:00+00:00
0.003000, 0.07, 1.04, 2025-03-06T19:00:00+00:00, 2025-03-06T19:30:00+00:00
0.003000, 0.06, 1.04, 2025-03-06T19:30:00+00:00, 2025-03-06T20:00:00+00:00
0.009000, 0.18, 1.04, 2025-03-06T20:00:00+00:00, 2025-03-06T20:30:00+00:00
0.007000, 0.13, 1.04, 2025-03-06T20:30:00+00:00, 2025-03-06T21:00:00+00:00
0.004000, 0.07, 1.04, 2025-03-06T21:00:00+00:00, 2025-03-06T21:30:00+00:00
0.002000, 0.04, 1.04, 2025-03-06T21:30:00+00:00, 2025-03-06T22:00:00+00:00
0.005000, 0.09, 1.04, 2025-03-06T22:00:00+00:00, 2025-03-06T22:30:00+00:00
0.003000, 0.04, 1.04, 2025-03-06T22:30:00+00:00, 2025-03-06T23:00:00+00:00
0.001000, 0.02, 1.04, 2025-03-06T23:00:00+00:00, 2025-03-06T23:30:00+00:00
0.002000, 0.03, 1.04, 2025-03-06T23:30:00+00:00, 2025-03-07T00:00:00+00:00
1.279000, 18.61, 1.04, 2025-03-07T00:00:00+00:00, 2025-03-07T00:30:00+00:00
1.289000, 22.74, 1.04, 2025-03-07T00:30:00+00:00, 2025-03-07T01:00:00+00:00
1.271000, 21.66, 1.04, 2025-03-07T01:00:00+00:00, 2025-03-07T01:30:00+00:00
1.301000, 22.17, 1.04, 2025-03-07T01:30:00+00:00, 2025-03-07T02:00:00+00:00
1.290000, 21.31, 1.04, 2025-03-07T02:00:00+00:00, 2025-03-07T02:30:00+00:00
1.288000, 20.65, 1.04, 2025-03-07T02:30:00+00:00, 2025-03-07T03:00:00+00:00
1.267000, 23.69, 1.04, 2025-03-07T03:00:00+00:00, 2025-03-07T03:30:00+00:00
0.858000, 15.19, 1.04, 2025-03-07T03:30:00+00:00, 2025-03-07T04:00:00+00:00
0.214000, 4.48, 1.04, 2025-03-07T04:00:00+00:00, 2025-03-07T04:30:00+00:00
0.218000, 4.45, 1.04, 2025-03-07T04:30:00+00:00, 2025-03-07T05:00:00+00:00
0.181000, 4.02, 1.04, 2025-03-07T05:00:00+00:00, 2025-03-07T05:30:00+00:00
0.217000, 4.31, 1.04, 2025-03-07T05:30:00+00:00, 2025-03-07T06:00:00+00:00
0.215000, 4.63, 1.04, 2025-03-07T06:00:00+00:00, 2025-03-07T06:30:00+00:00
0.252000, 5.69, 1.04, 2025-03-07T06:30:00+00:00, 2025-03-07T07:00:00+00:00
0.200000, 3.92, 1.04, 2025-03-07T07:00:00+00:00, 2025-03-07T07:30:00+00:00
0.325000, 7.11, 1.04, 2025-03-07T07:30:00+00:00, 2025-03-07T08:00:00+00:00
0.040000, 0.86, 1.04, 2025-03-07T08:00:00+00:00, 2025-03-07T08:30:00+00:00
0.029000, 0.59, 1.04, 2025-03-07T08:30:00+00:00, 2025-03-07T09:00:00+00:00
0.002000, 0.04, 1.04, 2025-03-07T09:00:00+00:00, 2025-03-07T09:30:00+00:00
0.017000, 0.34, 1.04, 2025-03-07T09:30:00+00:00, 2025-03-07T10:00:00+00:00
0.004000, 0.08, 1.04, 2025-03-07T10:00:00+00:00, 2025-03-07T10:30:00+00:00
0.009000, 0.18, 1.04, 2025-03-07T10:30:00+00:00, 2025-03-07T11:00:00+00:00
0.007000, 0.14, 1.04, 2025-03-07T11:00:00+00:00, 2025-03-07T11:30:00+00:00
0.003000, 0.06, 1.04, 2025-03-07T11:30:00+00:00, 2025-03-07T12:00:00+00:00
0.005000, 0.09, 1.04, 2025-03-07T12:00:00+00:00, 2025-03-07T12:30:00+00:00
0.003000, 0.06, 1.04, 2025-03-07T12:30:00+00:00, 2025-03-07T13:00:00+00:00
0.004000, 0.08, 1.04, 2025-03-07T13:00:00+00:00, 2025-03-07T13:30:00+00:00
0.002000, 0.04, 1.04, 2025-03-07T13:30:00+00:00, 2025-03-07T14:00:00+00:00
0.003000, 0.05, 1.04, 2025-03-07T14:00:00+00:00, 2025-03-07T14:30:00+00:00
0.019000, 0.34, 1.04, 2025-03-07T14:30:00+00:00, 2025-03-07T15:00:00+00:00
0.015000, 0.32, 1.04, 2025-03-07T15:00:00+00:00, 2025-03-07T15:30:00+00:00
0.002000, 0.04, 1.04, 2025-03-07T15:30:00+00:00, 2025-03-07T16:00:00+00:00
0.004000, 0.14, 1.04, 2025-03-07T16:00:00+00:00, 2025-03-07T16:30:00+00:00
0.012000, 0.46, 1.04, 2025-03-07T16:30:00+00:00, 2025-03-07T17:00:00+00:00
0.001000, 0.04, 1.04, 2025-03-07T17:00:00+00:00, 2025-03-07T17:30:00+00:00
0.002000, 0.08, 1.04, 2025-03-07T17:30:00+00:00, 2025-03-07T18:00:00+00:00
0.029000, 1.13, 1.04, 2025-03-07T18:00:00+00:00, 2025-03-07T18:30:00+00:00
0.065000, 2.5, 1.04, 2025-03-07T18:30:00+00:00, 2025-03-07T19:00:00+00:00
0.003000, 0.07, 1.04, 2025-03-07T19:00:00+00:00, 2025-03-07T19:30:00+00:00
0.021000, 0.42, 1.04, 2025-03-07T19:30:00+00:00, 2025-03-07T20:00:00+00:00
0.475000, 9.19, 1.04, 2025-03-07T20:00:00+00:00, 2025-03-07T20:30:00+00:00
0.459000, 8.7, 1.04, 2025-03-07T20:30:00+00:00, 2025-03-07T21:00:00+00:00
0.433000, 8.31, 1.04, 2025-03-07T21:00:00+00:00, 2025-03-07T21:30:00+00:00
0.402000, 7.36, 1.04, 2025-03-07T21:30:00+00:00, 2025-03-07T22:00:00+00:00
0.375000, 6.98, 1.04, 2025-03-07T22:00:00+00:00, 2025-03-07T22:30:00+00:00
0.258000, 4.42, 1.04, 2025-03-07T22:30:00+00:00, 2025-03-07T23:00:00+00:00
0.253000, 4.9, 1.04, 2025-03-07T23:00:00+00:00, 2025-03-07T23:30:00+00:00
0.217000, 4.75, 1.04, 2025-03-07T23:30:00+00:00, 2025-03-08T00:00:00+00:00
1.282000, 25.44, 1.04, 2025-03-08T00:00:00+00:00, 2025-03-08T00:30:00+00:00
1.320000, 29.8, 1.04, 2025-03-08T00:30:00+00:00, 2025-03-08T01:00:00+00:00
1.295000, 24.84, 1.04, 2025-03-08T01:00:00+00:00, 2025-03-08T01:30:00+00:00
1.316000, 25.19, 1.04, 2025-03-08T01:30:00+00:00, 2025-03-08T02:00:00+00:00
1.256000, 25.35, 1.04, 2025-03-08T02:00:00+00:00, 2025-03-08T02:30:00+00:00
1.304000, 26.03, 1.04, 2025-03-08T02:30:00+00:00, 2025-03-08T03:00:00+00:00
1.289000, 25.31, 1.04, 2025-03-08T03:00:00+00:00, 2025-03-08T03:30:00+00:00
1.310000, 23.96, 1.04, 2025-03-08T03:30:00+00:00, 2025-03-08T04:00:00+00:00
1.131000, 21.03, 1.04, 2025-03-08T04:00:00+00:00, 2025-03-08T04:30:00+00:00
0.293000, 5.27, 1.04, 2025-03-08T04:30:00+00:00, 2025-03-08T05:00:00+00:00
0.294000, 6, 1.04, 2025-03-08T05:00:00+00:00, 2025-03-08T05:30:00+00:00
0.291000, 5.77, 1.04, 2025-03-08T05:30:00+00:00, 2025-03-08T06:00:00+00:00
0.236000, 4.81, 1.04, 2025-03-08T06:00:00+00:00, 2025-03-08T06:30:00+00:00
0.236000, 5.52, 1.04, 2025-03-08T06:30:00+00:00, 2025-03-08T07:00:00+00:00
0.207000, 3.88, 1.04, 2025-03-08T07:00:00+00:00, 2025-03-08T07:30:00+00:00
0.303000, 5.61, 1.04, 2025-03-08T07:30:00+00:00, 2025-03-08T08:00:00+00:00
0.007000, 0.12, 1.04, 2025-03-08T08:00:00+00:00, 2025-03-08T08:30:00+00:00
0.003000, 0.06, 1.04, 2025-03-08T08:30:00+00:00, 2025-03-08T09:00:00+00:00
0.010000, 0.19, 1.04, 2025-03-08T09:00:00+00:00, 2025-03-08T09:30:00+00:00
0.039000, 0.72, 1.04, 2025-03-08T09:30:00+00:00, 2025-03-08T10:00:00+00:00
0.003000, 0.05, 1.04, 2025-03-08T10:00:00+00:00, 2025-03-08T10:30:00+00:00
0.001000, 0.02, 1.04, 2025-03-08T10:30:00+00:00, 2025-03-08T11:00:00+00:00
0.020000, 0.33, 1.04, 2025-03-08T11:00:00+00:00, 2025-03-08T11:30:00+00:00
0.001000, 0.02, 1.04, 2025-03-08T11:30:00+00:00, 2025-03-08T12:00:00+00:00
0.001000, 0.02, 1.04, 2025-03-08T12:00:00+00:00, 2025-03-08T12:30:00+00:00
0.000000, 0, 1.04, 2025-03-08T12:30:00+00:00, 2025-03-08T13:00:00+00:00
0.001000, 0.02, 1.04, 2025-03-08T13:00:00+00:00, 2025-03-08T13:30:00+00:00
0.000000, 0, 1.04, 2025-03-08T13:30:00+00:00, 2025-03-08T14:00:00+00:00
0.001000, 0.02, 1.04, 2025-03-08T14:00:00+00:00, 2025-03-08T14:30:00+00:00
0.001000, 0.02, 1.04, 2025-03-08T14:30:00+00:00, 2025-03-08T15:00:00+00:00
0.001000, 0.02, 1.04, 2025-03-08T15:00:00+00:00, 2025-03-08T15:30:00+00:00
0.005000, 0.09, 1.04, 2025-03-08T15:30:00+00:00, 2025-03-08T16:00:00+00:00
0.002000, 0.07, 1.04, 2025-03-08T16:00:00+00:00, 2025-03-08T16:30:00+00:00
0.002000, 0.07, 1.04, 2025-03-08T16:30:00+00:00, 2025-03-08T17:00:00+00:00
0.002000, 0.07, 1.04, 2025-03-08T17:00:00+00:00, 2025-03-08T17:30:00+00:00
0.018000, 0.7, 1.04, 2025-03-08T17:30:00+00:00, 2025-03-08T18:00:00+00:00
0.003000, 0.11, 1.04, 2025-03-08T18:00:00+00:00, 2025-03-08T18:30:00+00:00
0.002000, 0.07, 1.04, 2025-03-08T18:30:00+00:00, 2025-03-08T19:00:00+00:00
0.005000, 0.11, 1.04, 2025-03-08T19:00:00+00:00, 2025-03-08T19:30:00+00:00
0.002000, 0.04, 1.04, 2025-03-08T19:30:00+00:00, 2025-03-08T20:00:00+00:00
0.002000, 0.04, 1.04, 2025-03-08T20:00:00+00:00, 2025-03-08T20:30:00+00:00
0.003000, 0.05, 1.04, 2025-03-08T20:30:00+00:00, 2025-03-08T21:00:00+00:00
0.003000, 0.06, 1.04, 2025-03-08T21:00:00+00:00, 2025-03-08T21:30:00+00:00
0.001000, 0.02, 1.04, 2025-03-08T21:30:00+00:00, 2025-03-08T22:00:00+00:00
0.004000, 0.07, 1.04, 2025-03-08T22:00:00+00:00, 2025-03-08T22:30:00+00:00
0.002000, 0.03, 1.04, 2025-03-08T22:30:00+00:00, 2025-03-08T23:00:00+00:00
0.002000, 0.04, 1.04, 2025-03-08T23:00:00+00:00, 2025-03-08T23:30:00+00:00
0.001000, 0.02, 1.04, 2025-03-08T23:30:00+00:00, 2025-03-09T00:00:00+00:00
1.197000, 23.49, 1.04, 2025-03-09T00:00:00+00:00, 2025-03-09T00:30:00+00:00
1.226000, 26.79, 1.04, 2025-03-09T00:30:00+00:00, 2025-03-09T01:00:00+00:00
1.210000, 26.68, 1.04, 2025-03-09T01:00:00+00:00, 2025-03-09T01:30:00+00:00
1.240000, 24.33, 1.04, 2025-03-09T01:30:00+00:00, 2025-03-09T02:00:00+00:00
1.189000, 25.38, 1.04, 2025-03-09T02:00:00+00:00, 2025-03-09T02:30:00+00:00
1.208000, 24.24, 1.04, 2025-03-09T02:30:00+00:00, 2025-03-09T03:00:00+00:00
0.470000, 8.91, 1.04, 2025-03-09T03:00:00+00:00, 2025-03-09T03:30:00+00:00
0.158000, 2.94, 1.04, 2025-03-09T03:30:00+00:00, 2025-03-09T04:00:00+00:00
0.122000, 2.28, 1.04, 2025-03-09T04:00:00+00:00, 2025-03-09T04:30:00+00:00
0.154000, 2.87, 1.04, 2025-03-09T04:30:00+00:00, 2025-03-09T05:00:00+00:00
0.114000, 2.14, 1.04, 2025-03-09T05:00:00+00:00, 2025-03-09T05:30:00+00:00
0.241000, 4.52, 1.04, 2025-03-09T05:30:00+00:00, 2025-03-09T06:00:00+00:00
0.203000, 3.76, 1.04, 2025-03-09T06:00:00+00:00, 2025-03-09T06:30:00+00:00
0.239000, 4.49, 1.04, 2025-03-09T06:30:00+00:00, 2025-03-09T07:00:00+00:00
0.191000, 3.85, 1.04, 2025-03-09T07:00:00+00:00, 2025-03-09T07:30:00+00:00
0.166000, 3.18, 1.04, 2025-03-09T07:30:00+00:00, 2025-03-09T08:00:00+00:00
0.012000, 0.22, 1.04, 2025-03-09T08:00:00+00:00, 2025-03-09T08:30:00+00:00
0.003000, 0.06, 1.04, 2025-03-09T08:30:00+00:00, 2025-03-09T09:00:00+00:00
0.003000, 0.06, 1.04, 2025-03-09T09:00:00+00:00, 2025-03-09T09:30:00+00:00
0.003000, 0.06, 1.04, 2025-03-09T09:30:00+00:00, 2025-03-09T10:00:00+00:00
0.001000, 0.02, 1.04, 2025-03-09T10:00:00+00:00, 2025-03-09T10:30:00+00:00
0.000000, 0, 1.04, 2025-03-09T10:30:00+00:00, 2025-03-09T11:00:00+00:00
0.001000, 0.02, 1.04, 2025-03-09T11:00:00+00:00, 2025-03-09T11:30:00+00:00
0.000000, 0, 1.04, 2025-03-09T11:30:00+00:00, 2025-03-09T12:00:00+00:00
0.001000, 0.02, 1.04, 2025-03-09T12:00:00+00:00, 2025-03-09T12:30:00+00:00
0.001000, 0.02, 1.04, 2025-03-09T12:30:00+00:00, 2025-03-09T13:00:00+00:00
0.004000, 0.08, 1.04, 2025-03-09T13:00:00+00:00, 2025-03-09T13:30:00+00:00
0.000000, 0, 1.04, 2025-03-09T13:30:00+00:00, 2025-03-09T14:00:00+00:00
0.004000, 0.07, 1.04, 2025-03-09T14:00:00+00:00, 2025-03-09T14:30:00+00:00
0.003000, 0.05, 1.04, 2025-03-09T14:30:00+00:00, 2025-03-09T15:00:00+00:00
0.003000, 0.06, 1.04, 2025-03-09T15:00:00+00:00, 2025-03-09T15:30:00+00:00
0.002000, 0.04, 1.04, 2025-03-09T15:30:00+00:00, 2025-03-09T16:00:00+00:00
0.001000, 0.03, 1.04, 2025-03-09T16:00:00+00:00, 2025-03-09T16:30:00+00:00
0.001000, 0.04, 1.04, 2025-03-09T16:30:00+00:00, 2025-03-09T17:00:00+00:00
0.001000, 0.04, 1.04, 2025-03-09T17:00:00+00:00, 2025-03-09T17:30:00+00:00
0.002000, 0.08, 1.04, 2025-03-09T17:30:00+00:00, 2025-03-09T18:00:00+00:00
0.002000, 0.08, 1.04, 2025-03-09T18:00:00+00:00, 2025-03-09T18:30:00+00:00
0.001000, 0.04, 1.04, 2025-03-09T18:30:00+00:00, 2025-03-09T19:00:00+00:00
0.002000, 0.05, 1.04, 2025-03-09T19:00:00+00:00, 2025-03-09T19:30:00+00:00
0.003000, 0.07, 1.04, 2025-03-09T19:30:00+00:00, 2025-03-09T20:00:00+00:00
0.002000, 0.05, 1.04, 2025-03-09T20:00:00+00:00, 2025-03-09T20:30:00+00:00
0.004000, 0.08, 1.04, 2025-03-09T20:30:00+00:00, 2025-03-09T21:00:00+00:00
0.002000, 0.04, 1.04, 2025-03-09T21:00:00+00:00, 2025-03-09T21:30:00+00:00
0.002000, 0.04, 1.04, 2025-03-09T21:30:00+00:00, 2025-03-09T22:00:00+00:00
0.001000, 0.02, 1.04, 2025-03-09T22:00:00+00:00, 2025-03-09T22:30:00+00:00
0.002000, 0.04, 1.04, 2025-03-09T22:30:00+00:00, 2025-03-09T23:00:00+00:00
0.002000, 0.04, 1.04, 2025-03-09T23:00:00+00:00, 2025-03-09T23:30:00+00:00
0.002000, 0.04, 1.04, 2025-03-09T23:30:00+00:00, 2025-03-10T00:00:00+00:00
1.263000, 23.39, 1.04, 2025-03-10T00:00:00+00:00, 2025-03-10T00:30:00+00:00
1.292000, 24.5, 1.04, 2025-03-10T00:30:00+00:00, 2025-03-10T01:00:00+00:00
1.267000, 23.02, 1.04, 2025-03-10T01:00:00+00:00, 2025-03-10T01:30:00+00:00
1.286000, 21.85, 1.04, 2025-03-10T01:30:00+00:00, 2025-03-10T02:00:00+00:00
0.968000, 16.63, 1.04, 2025-03-10T02:00:00+00:00, 2025-03-10T02:30:00+00:00
0.212000, 3.59, 1.04, 2025-03-10T02:30:00+00:00, 2025-03-10T03:00:00+00:00
0.195000, 3.18, 1.04, 2025-03-10T03:00:00+00:00, 2025-03-10T03:30:00+00:00
0.195000, 3.11, 1.04, 2025-03-10T03:30:00+00:00, 2025-03-10T04:00:00+00:00
0.205000, 3.42, 1.04, 2025-03-10T04:00:00+00:00, 2025-03-10T04:30:00+00:00
0.219000, 3.43, 1.04, 2025-03-10T04:30:00+00:00, 2025-03-10T05:00:00+00:00
0.194000, 3.54, 1.04, 2025-03-10T05:00:00+00:00, 2025-03-10T05:30:00+00:00
0.196000, 3.8, 1.04, 2025-03-10T05:30:00+00:00, 2025-03-10T06:00:00+00:00
0.179000, 4.36, 1.04, 2025-03-10T06:00:00+00:00, 2025-03-10T06:30:00+00:00
0.244000, 6.09, 1.04, 2025-03-10T06:30:00+00:00, 2025-03-10T07:00:00+00:00
0.230000, 5.65, 1.04, 2025-03-10T07:00:00+00:00, 2025-03-10T07:30:00+00:00
0.196000, 4.91, 1.04, 2025-03-10T07:30:00+00:00, 2025-03-10T08:00:00+00:00
0.084000, 1.64, 1.04, 2025-03-10T08:00:00+00:00, 2025-03-10T08:30:00+00:00
0.009000, 0.15, 1.04, 2025-03-10T08:30:00+00:00, 2025-03-10T09:00:00+00:00
0.003000, 0.05, 1.04, 2025-03-10T09:00:00+00:00, 2025-03-10T09:30:00+00:00
0.001000, 0.02, 1.04, 2025-03-10T09:30:00+00:00, 2025-03-10T10:00:00+00:00
0.015000, 0.23, 1.04, 2025-03-10T10:00:00+00:00, 2025-03-10T10:30:00+00:00
0.003000, 0.04, 1.04, 2025-03-10T10:30:00+00:00, 2025-03-10T11:00:00+00:00
0.001000, 0.01, 1.04, 2025-03-10T11:00:00+00:00, 2025-03-10T11:30:00+00:00
0.002000, 0.03, 1.04, 2025-03-10T11:30:00+00:00, 2025-03-10T12:00:00+00:00
0.001000, 0.01, 1.04, 2025-03-10T12:00:00+00:00, 2025-03-10T12:30:00+00:00
0.006000, 0.08, 1.04, 2025-03-10T12:30:00+00:00, 2025-03-10T13:00:00+00:00
0.000000, 0, 1.04, 2025-03-10T13:00:00+00:00, 2025-03-10T13:30:00+00:00
0.001000, 0.02, 1.04, 2025-03-10T13:30:00+00:00, 2025-03-10T14:00:00+00:00
0.017000, 0.26, 1.04, 2025-03-10T14:00:00+00:00, 2025-03-10T14:30:00+00:00
0.008000, 0.12, 1.04, 2025-03-10T14:30:00+00:00, 2025-03-10T15:00:00+00:00
0.017000, 0.28, 1.04, 2025-03-10T15:00:00+00:00, 2025-03-10T15:30:00+00:00
0.017000, 0.32, 1.04, 2025-03-10T15:30:00+00:00, 2025-03-10T16:00:00+00:00
0.016000, 0.47, 1.04, 2025-03-10T16:00:00+00:00, 2025-03-10T16:30:00+00:00
0.017000, 0.58, 1.04, 2025-03-10T16:30:00+00:00, 2025-03-10T17:00:00+00:00
0.013000, 0.42, 1.04, 2025-03-10T17:00:00+00:00, 2025-03-10T17:30:00+00:00
0.002000, 0.07, 1.04, 2025-03-10T17:30:00+00:00, 2025-03-10T18:00:00+00:00
0.005000, 0.2, 1.04, 2025-03-10T18:00:00+00:00, 2025-03-10T18:30:00+00:00
0.002000, 0.08, 1.04, 2025-03-10T18:30:00+00:00, 2025-03-10T19:00:00+00:00
0.003000, 0.08, 1.04, 2025-03-10T19:00:00+00:00, 2025-03-10T19:30:00+00:00
0.010000, 0.24, 1.04, 2025-03-10T19:30:00+00:00, 2025-03-10T20:00:00+00:00
0.006000, 0.14, 1.04, 2025-03-10T20:00:00+00:00, 2025-03-10T20:30:00+00:00
0.002000, 0.04, 1.04, 2025-03-10T20:30:00+00:00, 2025-03-10T21:00:00+00:00
0.003000, 0.07, 1.04, 2025-03-10T21:00:00+00:00, 2025-03-10T21:30:00+00:00
0.003000, 0.06, 1.04, 2025-03-10T21:30:00+00:00, 2025-03-10T22:00:00+00:00
0.003000, 0.06, 1.04, 2025-03-10T22:00:00+00:00, 2025-03-10T22:30:00+00:00
0.002000, 0.04, 1.04, 2025-03-10T22:30:00+00:00, 2025-03-10T23:00:00+00:00
0.003000, 0.05, 1.04, 2025-03-10T23:00:00+00:00, 2025-03-10T23:30:00+00:00
0.001000, 0.02, 1.04, 2025-03-10T23:30:00+00:00, 2025-03-11T00:00:00+00:00
1.255000, 20.75, 1.04, 2025-03-11T00:00:00+00:00, 2025-03-11T00:30:00+00:00
1.306000, 23.98, 1.04, 2025-03-11T00:30:00+00:00, 2025-03-11T01:00:00+00:00
1.275000, 23.01, 1.04, 2025-03-11T01:00:00+00:00, 2025-03-11T01:30:00+00:00
1.309000, 23.35, 1.04, 2025-03-11T01:30:00+00:00, 2025-03-11T02:00:00+00:00
1.298000, 23.18, 1.04, 2025-03-11T02:00:00+00:00, 2025-03-11T02:30:00+00:00
1.258000, 22.44, 1.04, 2025-03-11T02:30:00+00:00, 2025-03-11T03:00:00+00:00
1.303000, 23.24, 1.04, 2025-03-11T03:00:00+00:00, 2025-03-11T03:30:00+00:00
1.240000, 21.08, 1.04, 2025-03-11T03:30:00+00:00, 2025-03-11T04:00:00+00:00
0.510000, 9.27, 1.04, 2025-03-11T04:00:00+00:00, 2025-03-11T04:30:00+00:00
0.184000, 3.04, 1.04, 2025-03-11T04:30:00+00:00, 2025-03-11T05:00:00+00:00
0.230000, 4.3, 1.04, 2025-03-11T05:00:00+00:00, 2025-03-11T05:30:00+00:00
0.295000, 5.07, 1.04, 2025-03-11T05:30:00+00:00, 2025-03-11T06:00:00+00:00
0.263000, 4.93, 1.04, 2025-03-11T06:00:00+00:00, 2025-03-11T06:30:00+00:00
0.248000, 5.87, 1.04, 2025-03-11T06:30:00+00:00, 2025-03-11T07:00:00+00:00
0.223000, 5.31, 1.04, 2025-03-11T07:00:00+00:00, 2025-03-11T07:30:00+00:00
0.195000, 4.9, 1.04, 2025-03-11T07:30:00+00:00, 2025-03-11T08:00:00+00:00
0.011000, 0.26, 1.04, 2025-03-11T08:00:00+00:00, 2025-03-11T08:30:00+00:00
0.006000, 0.14, 1.04, 2025-03-11T08:30:00+00:00, 2025-03-11T09:00:00+00:00
0.003000, 0.06, 1.04, 2025-03-11T09:00:00+00:00, 2025-03-11T09:30:00+00:00
0.004000, 0.08, 1.04, 2025-03-11T09:30:00+00:00, 2025-03-11T10:00:00+00:00
0.000000, 0, 1.04, 2025-03-11T10:00:00+00:00, 2025-03-11T10:30:00+00:00
0.001000, 0.02, 1.04, 2025-03-11T10:30:00+00:00, 2025-03-11T11:00:00+00:00
0.001000, 0.02, 1.04, 2025-03-11T11:00:00+00:00, 2025-03-11T11:30:00+00:00
0.001000, 0.02, 1.04, 2025-03-11T11:30:00+00:00, 2025-03-11T12:00:00+00:00
0.001000, 0.02, 1.04, 2025-03-11T12:00:00+00:00, 2025-03-11T12:30:00+00:00
0.002000, 0.04, 1.04, 2025-03-11T12:30:00+00:00, 2025-03-11T13:00:00+00:00
0.002000, 0.04, 1.04, 2025-03-11T13:00:00+00:00, 2025-03-11T13:30:00+00:00
0.003000, 0.06, 1.04, 2025-03-11T13:30:00+00:00, 2025-03-11T14:00:00+00:00
0.001000, 0.02, 1.04, 2025-03-11T14:00:00+00:00, 2025-03-11T14:30:00+00:00
0.003000, 0.05, 1.04, 2025-03-11T14:30:00+00:00, 2025-03-11T15:00:00+00:00
0.003000, 0.06, 1.04, 2025-03-11T15:00:00+00:00, 2025-03-11T15:30:00+00:00
0.005000, 0.1, 1.04, 2025-03-11T15:30:00+00:00, 2025-03-11T16:00:00+00:00
0.003000, 0.1, 1.04, 2025-03-11T16:00:00+00:00, 2025-03-11T16:30:00+00:00
0.002000, 0.07, 1.04, 2025-03-11T16:30:00+00:00, 2025-03-11T17:00:00+00:00
0.002000, 0.07, 1.04, 2025-03-11T17:00:00+00:00, 2025-03-11T17:30:00+00:00
0.088000, 3.42, 1.04, 2025-03-11T17:30:00+00:00, 2025-03-11T18:00:00+00:00
0.003000, 0.12, 1.04, 2025-03-11T18:00:00+00:00, 2025-03-11T18:30:00+00:00
0.006000, 0.24, 1.04, 2025-03-11T18:30:00+00:00, 2025-03-11T19:00:00+00:00
0.003000, 0.08, 1.04, 2025-03-11T19:00:00+00:00, 2025-03-11T19:30:00+00:00
0.003000, 0.08, 1.04, 2025-03-11T19:30:00+00:00, 2025-03-11T20:00:00+00:00
0.003000, 0.07, 1.04, 2025-03-11T20:00:00+00:00, 2025-03-11T20:30:00+00:00
0.003000, 0.06, 1.04, 2025-03-11T20:30:00+00:00, 2025-03-11T21:00:00+00:00
0.003000, 0.06, 1.04, 2025-03-11T21:00:00+00:00, 2025-03-11T21:30:00+00:00
0.003000, 0.06, 1.04, 2025-03-11T21:30:00+00:00, 2025-03-11T22:00:00+00:00
0.003000, 0.06, 1.04, 2025-03-11T22:00:00+00:00, 2025-03-11T22:30:00+00:00
0.003000, 0.05, 1.04, 2025-03-11T22:30:00+00:00, 2025-03-11T23:00:00+00:00
0.002000, 0.04, 1.04, 2025-03-11T23:00:00+00:00, 2025-03-11T23:30:00+00:00
0.003000, 0.06, 1.04, 2025-03-11T23:30:00+00:00, 2025-03-12T00:00:00+00:00
1.257000, 23.57, 1.04, 2025-03-12T00:00:00+00:00, 2025-03-12T00:30:00+00:00
1.354000, 26.87, 1.04, 2025-03-12T00:30:00+00:00, 2025-03-12T01:00:00+00:00
1.383000, 29.52, 1.04, 2025-03-12T01:00:00+00:00, 2025-03-12T01:30:00+00:00
1.332000, 25.23, 1.04, 2025-03-12T01:30:00+00:00, 2025-03-12T02:00:00+00:00
1.317000, 26.72, 1.04, 2025-03-12T02:00:00+00:00, 2025-03-12T02:30:00+00:00
1.279000, 24.25, 1.04, 2025-03-12T02:30:00+00:00, 2025-03-12T03:00:00+00:00
0.773000, 15.01, 1.04, 2025-03-12T03:00:00+00:00, 2025-03-12T03:30:00+00:00
0.241000, 4.36, 1.04, 2025-03-12T03:30:00+00:00, 2025-03-12T04:00:00+00:00
0.210000, 3.93, 1.04, 2025-03-12T04:00:00+00:00, 2025-03-12T04:30:00+00:00
0.207000, 3.51, 1.04, 2025-03-12T04:30:00+00:00, 2025-03-12T05:00:00+00:00
0.213000, 3.99, 1.04, 2025-03-12T05:00:00+00:00, 2025-03-12T05:30:00+00:00
0.233000, 4.34, 1.04, 2025-03-12T05:30:00+00:00, 2025-03-12T06:00:00+00:00
0.229000, 4.8, 1.04, 2025-03-12T06:00:00+00:00, 2025-03-12T06:30:00+00:00
0.203000, 4.81, 1.04, 2025-03-12T06:30:00+00:00, 2025-03-12T07:00:00+00:00
0.228000, 5.33, 1.04, 2025-03-12T07:00:00+00:00, 2025-03-12T07:30:00+00:00
0.056000, 1.4, 1.04, 2025-03-12T07:30:00+00:00, 2025-03-12T08:00:00+00:00
0.007000, 0.17, 1.04, 2025-03-12T08:00:00+00:00, 2025-03-12T08:30:00+00:00
0.003000, 0.07, 1.04, 2025-03-12T08:30:00+00:00, 2025-03-12T09:00:00+00:00
0.009000, 0.19, 1.04, 2025-03-12T09:00:00+00:00, 2025-03-12T09:30:00+00:00
0.022000, 0.42, 1.04, 2025-03-12T09:30:00+00:00, 2025-03-12T10:00:00+00:00
0.004000, 0.08, 1.04, 2025-03-12T10:00:00+00:00, 2025-03-12T10:30:00+00:00
0.002000, 0.04, 1.04, 2025-03-12T10:30:00+00:00, 2025-03-12T11:00:00+00:00
0.002000, 0.04, 1.04, 2025-03-12T11:00:00+00:00, 2025-03-12T11:30:00+00:00
0.002000, 0.04, 1.04, 2025-03-12T11:30:00+00:00, 2025-03-12T12:00:00+00:00
0.002000, 0.04, 1.04, 2025-03-12T12:00:00+00:00, 2025-03-12T12:30:00+00:00
0.003000, 0.06, 1.04, 2025-03-12T12:30:00+00:00, 2025-03-12T13:00:00+00:00
0.004000, 0.08, 1.04, 2025-03-12T13:00:00+00:00, 2025-03-12T13:30:00+00:00
0.006000, 0.11, 1.04, 2025-03-12T13:30:00+00:00, 2025-03-12T14:00:00+00:00
0.005000, 0.1, 1.04, 2025-03-12T14:00:00+00:00, 2025-03-12T14:30:00+00:00
0.003000, 0.05, 1.04, 2025-03-12T14:30:00+00:00, 2025-03-12T15:00:00+00:00
0.002000, 0.04, 1.04, 2025-03-12T15:00:00+00:00, 2025-03-12T15:30:00+00:00
0.004000, 0.08, 1.04, 2025-03-12T15:30:00+00:00, 2025-03-12T16:00:00+00:00
0.004000, 0.13, 1.04, 2025-03-12T16:00:00+00:00, 2025-03-12T16:30:00+00:00
0.003000, 0.1, 1.04, 2025-03-12T16:30:00+00:00, 2025-03-12T17:00:00+00:00
0.003000, 0.12, 1.04, 2025-03-12T17:00:00+00:00, 2025-03-12T17:30:00+00:00
0.003000, 0.13, 1.04, 2025-03-12T17:30:00+00:00, 2025-03-12T18:00:00+00:00
0.003000, 0.13, 1.04, 2025-03-12T18:00:00+00:00, 2025-03-12T18:30:00+00:00
0.002000, 0.09, 1.04, 2025-03-12T18:30:00+00:00, 2025-03-12T19:00:00+00:00
0.010000, 0.28, 1.04, 2025-03-12T19:00:00+00:00, 2025-03-12T19:30:00+00:00
0.003000, 0.08, 1.04, 2025-03-12T19:30:00+00:00, 2025-03-12T20:00:00+00:00
0.004000, 0.1, 1.04, 2025-03-12T20:00:00+00:00, 2025-03-12T20:30:00+00:00
0.002000, 0.05, 1.04, 2025-03-12T20:30:00+00:00, 2025-03-12T21:00:00+00:00
0.004000, 0.09, 1.04, 2025-03-12T21:00:00+00:00, 2025-03-12T21:30:00+00:00
0.004000, 0.08, 1.04, 2025-03-12T21:30:00+00:00, 2025-03-12T22:00:00+00:00
0.004000, 0.08, 1.04, 2025-03-12T22:00:00+00:00, 2025-03-12T22:30:00+00:00
0.003000, 0.06, 1.04, 2025-03-12T22:30:00+00:00, 2025-03-12T23:00:00+00:00
0.001000, 0.02, 1.04, 2025-03-12T23:00:00+00:00, 2025-03-12T23:30:00+00:00
0.003000, 0.06, 1.04, 2025-03-12T23:30:00+00:00, 2025-03-13T00:00:00+00:00
1.282000, 24.27, 1.04, 2025-03-13T00:00:00+00:00, 2025-03-13T00:30:00+00:00
1.273000, 26.41, 1.04, 2025-03-13T00:30:00+00:00, 2025-03-13T01:00:00+00:00
1.373000, 26.53, 1.04, 2025-03-13T01:00:00+00:00, 2025-03-13T01:30:00+00:00
1.341000, 25.54, 1.04, 2025-03-13T01:30:00+00:00, 2025-03-13T02:00:00+00:00
1.312000, 24.84, 1.04, 2025-03-13T02:00:00+00:00, 2025-03-13T02:30:00+00:00
1.270000, 23.64, 1.04, 2025-03-13T02:30:00+00:00, 2025-03-13T03:00:00+00:00
0.965000, 17.45, 1.04, 2025-03-13T03:00:00+00:00, 2025-03-13T03:30:00+00:00
0.241000, 4.29, 1.04, 2025-03-13T03:30:00+00:00, 2025-03-13T04:00:00+00:00
0.254000, 4.81, 1.04, 2025-03-13T04:00:00+00:00, 2025-03-13T04:30:00+00:00
0.217000, 4.06, 1.04, 2025-03-13T04:30:00+00:00, 2025-03-13T05:00:00+00:00
0.186000, 3.84, 1.04, 2025-03-13T05:00:00+00:00, 2025-03-13T05:30:00+00:00
0.202000, 4.17, 1.04, 2025-03-13T05:30:00+00:00, 2025-03-13T06:00:00+00:00
0.198000, 4.96, 1.04, 2025-03-13T06:00:00+00:00, 2025-03-13T06:30:00+00:00
0.239000, 6.56, 1.04, 2025-03-13T06:30:00+00:00, 2025-03-13T07:00:00+00:00
0.220000, 6.04, 1.04, 2025-03-13T07:00:00+00:00, 2025-03-13T07:30:00+00:00
0.165000, 4.94, 1.04, 2025-03-13T07:30:00+00:00, 2025-03-13T08:00:00+00:00
0.223000, 6.06, 1.04, 2025-03-13T08:00:00+00:00, 2025-03-13T08:30:00+00:00
0.006000, 0.15, 1.04, 2025-03-13T08:30:00+00:00, 2025-03-13T09:00:00+00:00
0.004000, 0.09, 1.04, 2025-03-13T09:00:00+00:00, 2025-03-13T09:30:00+00:00
0.011000, 0.24, 1.04, 2025-03-13T09:30:00+00:00, 2025-03-13T10:00:00+00:00
0.004000, 0.09, 1.04, 2025-03-13T10:00:00+00:00, 2025-03-13T10:30:00+00:00
0.005000, 0.11, 1.04, 2025-03-13T10:30:00+00:00, 2025-03-13T11:00:00+00:00
0.003000, 0.07, 1.04, 2025-03-13T11:00:00+00:00, 2025-03-13T11:30:00+00:00
0.003000, 0.07, 1.04, 2025-03-13T11:30:00+00:00, 2025-03-13T12:00:00+00:00
0.004000, 0.09, 1.04, 2025-03-13T12:00:00+00:00, 2025-03-13T12:30:00+00:00
0.006000, 0.13, 1.04, 2025-03-13T12:30:00+00:00, 2025-03-13T13:00:00+00:00
0.005000, 0.1, 1.04, 2025-03-13T13:00:00+00:00, 2025-03-13T13:30:00+00:00
0.004000, 0.08, 1.04, 2025-03-13T13:30:00+00:00, 2025-03-13T14:00:00+00:00
0.003000, 0.06, 1.04, 2025-03-13T14:00:00+00:00, 2025-03-13T14:30:00+00:00
0.003000, 0.07, 1.04, 2025-03-13T14:30:00+00:00, 2025-03-13T15:00:00+00:00
0.004000, 0.09, 1.04, 2025-03-13T15:00:00+00:00, 2025-03-13T15:30:00+00:00
0.003000, 0.07, 1.04, 2025-03-13T15:30:00+00:00, 2025-03-13T16:00:00+00:00
0.002000, 0.07, 1.04, 2025-03-13T16:00:00+00:00, 2025-03-13T16:30:00+00:00
0.003000, 0.12, 1.04, 2025-03-13T16:30:00+00:00, 2025-03-13T17:00:00+00:00
0.003000, 0.12, 1.04, 2025-03-13T17:00:00+00:00, 2025-03-13T17:30:00+00:00
0.003000, 0.13, 1.04, 2025-03-13T17:30:00+00:00, 2025-03-13T18:00:00+00:00
0.005000, 0.22, 1.04, 2025-03-13T18:00:00+00:00, 2025-03-13T18:30:00+00:00
0.002000, 0.09, 1.04, 2025-03-13T18:30:00+00:00, 2025-03-13T19:00:00+00:00
0.014000, 0.41, 1.04, 2025-03-13T19:00:00+00:00, 2025-03-13T19:30:00+00:00
0.002000, 0.06, 1.04, 2025-03-13T19:30:00+00:00, 2025-03-13T20:00:00+00:00
0.003000, 0.09, 1.04, 2025-03-13T20:00:00+00:00, 2025-03-13T20:30:00+00:00
0.004000, 0.1, 1.04, 2025-03-13T20:30:00+00:00, 2025-03-13T21:00:00+00:00
0.003000, 0.08, 1.04, 2025-03-13T21:00:00+00:00, 2025-03-13T21:30:00+00:00
0.120000, 2.85, 1.04, 2025-03-13T21:30:00+00:00, 2025-03-13T22:00:00+00:00
0.208000, 4.26, 1.04, 2025-03-13T22:00:00+00:00, 2025-03-13T22:30:00+00:00
0.205000, 4.12, 1.04, 2025-03-13T22:30:00+00:00, 2025-03-13T23:00:00+00:00
0.233000, 5.39, 1.04, 2025-03-13T23:00:00+00:00, 2025-03-13T23:30:00+00:00
0.225000, 4.81, 1.04, 2025-03-13T23:30:00+00:00, 2025-03-14T00:00:00+00:00
1.298000, 26.05, 1.04, 2025-03-14T00:00:00+00:00, 2025-03-14T00:30:00+00:00
1.284000, 26.72, 1.04, 2025-03-14T00:30:00+00:00, 2025-03-14T01:00:00+00:00
1.281000, 27.12, 1.04, 2025-03-14T01:00:00+00:00, 2025-03-14T01:30:00+00:00
1.294000, 26.18, 1.04, 2025-03-14T01:30:00+00:00, 2025-03-14T02:00:00+00:00
1.290000, 25.69, 1.04, 2025-03-14T02:00:00+00:00, 2025-03-14T02:30:00+00:00
1.288000, 25.05, 1.04, 2025-03-14T02:30:00+00:00, 2025-03-14T03:00:00+00:00
1.294000, 25.16, 1.04, 2025-03-14T03:00:00+00:00, 2025-03-14T03:30:00+00:00
1.285000, 24.93, 1.04, 2025-03-14T03:30:00+00:00, 2025-03-14T04:00:00+00:00
1.361000, 27.01, 1.04, 2025-03-14T04:00:00+00:00, 2025-03-14T04:30:00+00:00
0.549000, 10.68, 1.04, 2025-03-14T04:30:00+00:00, 2025-03-14T05:00:00+00:00
0.259000, 6.05, 1.04, 2025-03-14T05:00:00+00:00, 2025-03-14T05:30:00+00:00
0.220000, 5.12, 1.04, 2025-03-14T05:30:00+00:00, 2025-03-14T06:00:00+00:00
0.214000, 5.71, 1.04, 2025-03-14T06:00:00+00:00, 2025-03-14T06:30:00+00:00
0.245000, 6.99, 1.04, 2025-03-14T06:30:00+00:00, 2025-03-14T07:00:00+00:00
0.226000, 6.44, 1.04, 2025-03-14T07:00:00+00:00, 2025-03-14T07:30:00+00:00
0.203000, 5.75, 1.04, 2025-03-14T07:30:00+00:00, 2025-03-14T08:00:00+00:00
0.009000, 0.23, 1.04, 2025-03-14T08:00:00+00:00, 2025-03-14T08:30:00+00:00
0.003000, 0.07, 1.04, 2025-03-14T08:30:00+00:00, 2025-03-14T09:00:00+00:00
0.006000, 0.14, 1.04, 2025-03-14T09:00:00+00:00, 2025-03-14T09:30:00+00:00
0.006000, 0.12, 1.04, 2025-03-14T09:30:00+00:00, 2025-03-14T10:00:00+00:00
0.000000, 0, 1.04, 2025-03-14T10:00:00+00:00, 2025-03-14T10:30:00+00:00
0.001000, 0.02, 1.04, 2025-03-14T10:30:00+00:00, 2025-03-14T11:00:00+00:00
0.002000, 0.04, 1.04, 2025-03-14T11:00:00+00:00, 2025-03-14T11:30:00+00:00
0.002000, 0.04, 1.04, 2025-03-14T11:30:00+00:00, 2025-03-14T12:00:00+00:00
0.003000, 0.06, 1.04, 2025-03-14T12:00:00+00:00, 2025-03-14T12:30:00+00:00
0.006000, 0.12, 1.04, 2025-03-14T12:30:00+00:00, 2025-03-14T13:00:00+00:00
0.004000, 0.08, 1.04, 2025-03-14T13:00:00+00:00, 2025-03-14T13:30:00+00:00
0.006000, 0.12, 1.04, 2025-03-14T13:30:00+00:00, 2025-03-14T14:00:00+00:00
0.004000, 0.08, 1.04, 2025-03-14T14:00:00+00:00, 2025-03-14T14:30:00+00:00
0.004000, 0.08, 1.04, 2025-03-14T14:30:00+00:00, 2025-03-14T15:00:00+00:00
0.002000, 0.04, 1.04, 2025-03-14T15:00:00+00:00, 2025-03-14T15:30:00+00:00
0.005000, 0.1, 1.04, 2025-03-14T15:30:00+00:00, 2025-03-14T16:00:00+00:00
0.002000, 0.07, 1.04, 2025-03-14T16:00:00+00:00, 2025-03-14T16:30:00+00:00
0.003000, 0.11, 1.04, 2025-03-14T16:30:00+00:00, 2025-03-14T17:00:00+00:00
0.050000, 1.89, 1.04, 2025-03-14T17:00:00+00:00, 2025-03-14T17:30:00+00:00
0.032000, 1.33, 1.04, 2025-03-14T17:30:00+00:00, 2025-03-14T18:00:00+00:00
0.025000, 1.03, 1.04, 2025-03-14T18:00:00+00:00, 2025-03-14T18:30:00+00:00
0.115000, 4.72, 1.04, 2025-03-14T18:30:00+00:00, 2025-03-14T19:00:00+00:00
0.012000, 0.32, 1.04, 2025-03-14T19:00:00+00:00, 2025-03-14T19:30:00+00:00
0.007000, 0.18, 1.04, 2025-03-14T19:30:00+00:00, 2025-03-14T20:00:00+00:00
0.003000, 0.07, 1.04, 2025-03-14T20:00:00+00:00, 2025-03-14T20:30:00+00:00
0.002000, 0.04, 1.04, 2025-03-14T20:30:00+00:00, 2025-03-14T21:00:00+00:00
0.003000, 0.07, 1.04, 2025-03-14T21:00:00+00:00, 2025-03-14T21:30:00+00:00
0.004000, 0.09, 1.04, 2025-03-14T21:30:00+00:00, 2025-03-14T22:00:00+00:00
0.004000, 0.08, 1.04, 2025-03-14T22:00:00+00:00, 2025-03-14T22:30:00+00:00
0.201000, 3.79, 1.04, 2025-03-14T22:30:00+00:00, 2025-03-14T23:00:00+00:00
0.238000, 5.21, 1.04, 2025-03-14T23:00:00+00:00, 2025-03-14T23:30:00+00:00
0.251000, 5.25, 1.04, 2025-03-14T23:30:00+00:00, 2025-03-15T00:00:00+00:00
1.313000, 26.37, 1.04, 2025-03-15T00:00:00+00:00, 2025-03-15T00:30:00+00:00
1.270000, 28.51, 1.04, 2025-03-15T00:30:00+00:00, 2025-03-15T01:00:00+00:00
1.278000, 27, 1.04, 2025-03-15T01:00:00+00:00, 2025-03-15T01:30:00+00:00
1.296000, 23.87, 1.04, 2025-03-15T01:30:00+00:00, 2025-03-15T02:00:00+00:00
1.374000, 26.95, 1.04, 2025-03-15T02:00:00+00:00, 2025-03-15T02:30:00+00:00
1.338000, 24.64, 1.04, 2025-03-15T02:30:00+00:00, 2025-03-15T03:00:00+00:00
1.306000, 24.05, 1.04, 2025-03-15T03:00:00+00:00, 2025-03-15T03:30:00+00:00
1.305000, 24.03, 1.04, 2025-03-15T03:30:00+00:00, 2025-03-15T04:00:00+00:00
1.171000, 21.57, 1.04, 2025-03-15T04:00:00+00:00, 2025-03-15T04:30:00+00:00
0.347000, 6.39, 1.04, 2025-03-15T04:30:00+00:00, 2025-03-15T05:00:00+00:00
0.208000, 3.88, 1.04, 2025-03-15T05:00:00+00:00, 2025-03-15T05:30:00+00:00
0.230000, 4.28, 1.04, 2025-03-15T05:30:00+00:00, 2025-03-15T06:00:00+00:00
0.225000, 4.14, 1.04, 2025-03-15T06:00:00+00:00, 2025-03-15T06:30:00+00:00
0.233000, 4.54, 1.04, 2025-03-15T06:30:00+00:00, 2025-03-15T07:00:00+00:00
0.192000, 3.54, 1.04, 2025-03-15T07:00:00+00:00, 2025-03-15T07:30:00+00:00
0.039000, 0.77, 1.04, 2025-03-15T07:30:00+00:00, 2025-03-15T08:00:00+00:00
0.005000, 0.1, 1.04, 2025-03-15T08:00:00+00:00, 2025-03-15T08:30:00+00:00
0.050000, 1.1, 1.04, 2025-03-15T08:30:00+00:00, 2025-03-15T09:00:00+00:00
0.012000, 0.29, 1.04, 2025-03-15T09:00:00+00:00, 2025-03-15T09:30:00+00:00
0.006000, 0.14, 1.04, 2025-03-15T09:30:00+00:00, 2025-03-15T10:00:00+00:00
0.010000, 0.24, 1.04, 2025-03-15T10:00:00+00:00, 2025-03-15T10:30:00+00:00
0.006000, 0.14, 1.04, 2025-03-15T10:30:00+00:00, 2025-03-15T11:00:00+00:00
0.006000, 0.13, 1.04, 2025-03-15T11:00:00+00:00, 2025-03-15T11:30:00+00:00
0.002000, 0.04, 1.04, 2025-03-15T11:30:00+00:00, 2025-03-15T12:00:00+00:00
0.003000, 0.07, 1.04, 2025-03-15T12:00:00+00:00, 2025-03-15T12:30:00+00:00
0.003000, 0.07, 1.04, 2025-03-15T12:30:00+00:00, 2025-03-15T13:00:00+00:00
0.001000, 0.02, 1.04, 2025-03-15T13:00:00+00:00, 2025-03-15T13:30:00+00:00
0.002000, 0.04, 1.04, 2025-03-15T13:30:00+00:00, 2025-03-15T14:00:00+00:00
0.003000, 0.06, 1.04, 2025-03-15T14:00:00+00:00, 2025-03-15T14:30:00+00:00
0.004000, 0.08, 1.04, 2025-03-15T14:30:00+00:00, 2025-03-15T15:00:00+00:00
0.003000, 0.06, 1.04, 2025-03-15T15:00:00+00:00, 2025-03-15T15:30:00+00:00
0.002000, 0.04, 1.04, 2025-03-15T15:30:00+00:00, 2025-03-15T16:00:00+00:00
0.003000, 0.1, 1.04, 2025-03-15T16:00:00+00:00, 2025-03-15T16:30:00+00:00
0.004000, 0.14, 1.04, 2025-03-15T16:30:00+00:00, 2025-03-15T17:00:00+00:00
0.005000, 0.17, 1.04, 2025-03-15T17:00:00+00:00, 2025-03-15T17:30:00+00:00
0.003000, 0.12, 1.04, 2025-03-15T17:30:00+00:00, 2025-03-15T18:00:00+00:00
0.003000, 0.12, 1.04, 2025-03-15T18:00:00+00:00, 2025-03-15T18:30:00+00:00
0.004000, 0.16, 1.04, 2025-03-15T18:30:00+00:00, 2025-03-15T19:00:00+00:00
0.002000, 0.05, 1.04, 2025-03-15T19:00:00+00:00, 2025-03-15T19:30:00+00:00
0.003000, 0.08, 1.04, 2025-03-15T19:30:00+00:00, 2025-03-15T20:00:00+00:00
0.003000, 0.07, 1.04, 2025-03-15T20:00:00+00:00, 2025-03-15T20:30:00+00:00
0.002000, 0.04, 1.04, 2025-03-15T20:30:00+00:00, 2025-03-15T21:00:00+00:00
0.017000, 0.36, 1.04, 2025-03-15T21:00:00+00:00, 2025-03-15T21:30:00+00:00
0.004000, 0.08, 1.04, 2025-03-15T21:30:00+00:00, 2025-03-15T22:00:00+00:00
0.004000, 0.08, 1.04, 2025-03-15T22:00:00+00:00, 2025-03-15T22:30:00+00:00
0.003000, 0.06, 1.04, 2025-03-15T22:30:00+00:00, 2025-03-15T23:00:00+00:00
0.002000, 0.04, 1.04, 2025-03-15T23:00:00+00:00, 2025-03-15T23:30:00+00:00
0.003000, 0.06, 1.04, 2025-03-15T23:30:00+00:00, 2025-03-16T00:00:00+00:00
1.237000, 22.64, 1.04, 2025-03-16T00:00:00+00:00, 2025-03-16T00:30:00+00:00
1.208000, 26.37, 1.04, 2025-03-16T00:30:00+00:00, 2025-03-16T01:00:00+00:00
1.226000, 25.72, 1.04, 2025-03-16T01:00:00+00:00, 2025-03-16T01:30:00+00:00
1.198000, 21.93, 1.04, 2025-03-16T01:30:00+00:00, 2025-03-16T02:00:00+00:00
1.227000, 25.7, 1.04, 2025-03-16T02:00:00+00:00, 2025-03-16T02:30:00+00:00
1.298000, 26.1, 1.04, 2025-03-16T02:30:00+00:00, 2025-03-16T03:00:00+00:00
1.206000, 22.07, 1.04, 2025-03-16T03:00:00+00:00, 2025-03-16T03:30:00+00:00
0.391000, 7.11, 1.04, 2025-03-16T03:30:00+00:00, 2025-03-16T04:00:00+00:00
0.216000, 3.99, 1.04, 2025-03-16T04:00:00+00:00, 2025-03-16T04:30:00+00:00
0.211000, 3.84, 1.04, 2025-03-16T04:30:00+00:00, 2025-03-16T05:00:00+00:00
0.238000, 4.34, 1.04, 2025-03-16T05:00:00+00:00, 2025-03-16T05:30:00+00:00
0.218000, 3.96, 1.04, 2025-03-16T05:30:00+00:00, 2025-03-16T06:00:00+00:00
0.225000, 4.12, 1.04, 2025-03-16T06:00:00+00:00, 2025-03-16T06:30:00+00:00
0.170000, 3.26, 1.04, 2025-03-16T06:30:00+00:00, 2025-03-16T07:00:00+00:00
0.193000, 3.88, 1.04, 2025-03-16T07:00:00+00:00, 2025-03-16T07:30:00+00:00
0.056000, 1.02, 1.04, 2025-03-16T07:30:00+00:00, 2025-03-16T08:00:00+00:00
0.002000, 0.04, 1.04, 2025-03-16T08:00:00+00:00, 2025-03-16T08:30:00+00:00
0.004000, 0.08, 1.04, 2025-03-16T08:30:00+00:00, 2025-03-16T09:00:00+00:00
0.006000, 0.13, 1.04, 2025-03-16T09:00:00+00:00, 2025-03-16T09:30:00+00:00
0.000000, 0, 1.04, 2025-03-16T09:30:00+00:00, 2025-03-16T10:00:00+00:00
0.007000, 0.14, 1.04, 2025-03-16T10:00:00+00:00, 2025-03-16T10:30:00+00:00
0.133000, 2.49, 1.04, 2025-03-16T10:30:00+00:00, 2025-03-16T11:00:00+00:00
0.176000, 3.22, 1.04, 2025-03-16T11:00:00+00:00, 2025-03-16T11:30:00+00:00
0.163000, 3.32, 1.04, 2025-03-16T11:30:00+00:00, 2025-03-16T12:00:00+00:00
0.323000, 6.04, 1.04, 2025-03-16T12:00:00+00:00, 2025-03-16T12:30:00+00:00
0.386000, 7.8, 1.04, 2025-03-16T12:30:00+00:00, 2025-03-16T13:00:00+00:00
0.215000, 4.51, 1.04, 2025-03-16T13:00:00+00:00, 2025-03-16T13:30:00+00:00
0.003000, 0.06, 1.04, 2025-03-16T13:30:00+00:00, 2025-03-16T14:00:00+00:00
0.010000, 0.19, 1.04, 2025-03-16T14:00:00+00:00, 2025-03-16T14:30:00+00:00
0.003000, 0.06, 1.04, 2025-03-16T14:30:00+00:00, 2025-03-16T15:00:00+00:00
0.002000, 0.04, 1.04, 2025-03-16T15:00:00+00:00, 2025-03-16T15:30:00+00:00
0.002000, 0.04, 1.04, 2025-03-16T15:30:00+00:00, 2025-03-16T16:00:00+00:00
0.003000, 0.1, 1.04, 2025-03-16T16:00:00+00:00, 2025-03-16T16:30:00+00:00
0.002000, 0.07, 1.04, 2025-03-16T16:30:00+00:00, 2025-03-16T17:00:00+00:00
0.025000, 0.95, 1.04, 2025-03-16T17:00:00+00:00, 2025-03-16T17:30:00+00:00
0.021000, 0.84, 1.04, 2025-03-16T17:30:00+00:00, 2025-03-16T18:00:00+00:00
0.625000, 25.41, 1.04, 2025-03-16T18:00:00+00:00, 2025-03-16T18:30:00+00:00
0.493000, 20.03, 1.04, 2025-03-16T18:30:00+00:00, 2025-03-16T19:00:00+00:00
0.556000, 15.06, 1.04, 2025-03-16T19:00:00+00:00, 2025-03-16T19:30:00+00:00
0.368000, 9.25, 1.04, 2025-03-16T19:30:00+00:00, 2025-03-16T20:00:00+00:00
0.371000, 8.51, 1.04, 2025-03-16T20:00:00+00:00, 2025-03-16T20:30:00+00:00
0.383000, 7.94, 1.04, 2025-03-16T20:30:00+00:00, 2025-03-16T21:00:00+00:00
0.397000, 9.1, 1.04, 2025-03-16T21:00:00+00:00, 2025-03-16T21:30:00+00:00
0.452000, 9.25, 1.04, 2025-03-16T21:30:00+00:00, 2025-03-16T22:00:00+00:00
0.314000, 6.53, 1.04, 2025-03-16T22:00:00+00:00, 2025-03-16T22:30:00+00:00
0.243000, 4.42, 1.04, 2025-03-16T22:30:00+00:00, 2025-03-16T23:00:00+00:00
0.210000, 4.35, 1.04, 2025-03-16T23:00:00+00:00, 2025-03-16T23:30:00+00:00
0.193000, 3.83, 1.04, 2025-03-16T23:30:00+00:00, 2025-03-17T00:00:00+00:00
1.318000, 26.03, 1.04, 2025-03-17T00:00:00+00:00, 2025-03-17T00:30:00+00:00
1.370000, 29.6, 1.04, 2025-03-17T00:30:00+00:00, 2025-03-17T01:00:00+00:00
1.301000, 28.4, 1.04, 2025-03-17T01:00:00+00:00, 2025-03-17T01:30:00+00:00
1.283000, 26.23, 1.04, 2025-03-17T01:30:00+00:00, 2025-03-17T02:00:00+00:00
1.256000, 26.31, 1.04, 2025-03-17T02:00:00+00:00, 2025-03-17T02:30:00+00:00
1.304000, 25.88, 1.04, 2025-03-17T02:30:00+00:00, 2025-03-17T03:00:00+00:00
1.307000, 25.75, 1.04, 2025-03-17T03:00:00+00:00, 2025-03-17T03:30:00+00:00
1.273000, 24.42, 1.04, 2025-03-17T03:30:00+00:00, 2025-03-17T04:00:00+00:00
1.114000, 23.21, 1.04, 2025-03-17T04:00:00+00:00, 2025-03-17T04:30:00+00:00
0.340000, 6.36, 1.04, 2025-03-17T04:30:00+00:00, 2025-03-17T05:00:00+00:00
0.200000, 4.9, 1.04, 2025-03-17T05:00:00+00:00, 2025-03-17T05:30:00+00:00
0.215000, 4.98, 1.04, 2025-03-17T05:30:00+00:00, 2025-03-17T06:00:00+00:00
0.168000, 4.45, 1.04, 2025-03-17T06:00:00+00:00, 2025-03-17T06:30:00+00:00
0.202000, 5.42, 1.04, 2025-03-17T06:30:00+00:00, 2025-03-17T07:00:00+00:00
0.220000, 5.69, 1.04, 2025-03-17T07:00:00+00:00, 2025-03-17T07:30:00+00:00
0.184000, 4.87, 1.04, 2025-03-17T07:30:00+00:00, 2025-03-17T08:00:00+00:00
0.010000, 0.27, 1.04, 2025-03-17T08:00:00+00:00, 2025-03-17T08:30:00+00:00
0.013000, 0.33, 1.04, 2025-03-17T08:30:00+00:00, 2025-03-17T09:00:00+00:00
0.003000, 0.08, 1.04, 2025-03-17T09:00:00+00:00, 2025-03-17T09:30:00+00:00
0.002000, 0.05, 1.04, 2025-03-17T09:30:00+00:00, 2025-03-17T10:00:00+00:00
0.002000, 0.05, 1.04, 2025-03-17T10:00:00+00:00, 2025-03-17T10:30:00+00:00
0.003000, 0.07, 1.04, 2025-03-17T10:30:00+00:00, 2025-03-17T11:00:00+00:00
0.003000, 0.06, 1.04, 2025-03-17T11:00:00+00:00, 2025-03-17T11:30:00+00:00
0.002000, 0.04, 1.04, 2025-03-17T11:30:00+00:00, 2025-03-17T12:00:00+00:00
0.002000, 0.04, 1.04, 2025-03-17T12:00:00+00:00, 2025-03-17T12:30:00+00:00
0.008000, 0.16, 1.04, 2025-03-17T12:30:00+00:00, 2025-03-17T13:00:00+00:00
0.002000, 0.04, 1.04, 2025-03-17T13:00:00+00:00, 2025-03-17T13:30:00+00:00
0.003000, 0.06, 1.04, 2025-03-17T13:30:00+00:00, 2025-03-17T14:00:00+00:00
0.002000, 0.04, 1.04, 2025-03-17T14:00:00+00:00, 2025-03-17T14:30:00+00:00
0.003000, 0.06, 1.04, 2025-03-17T14:30:00+00:00, 2025-03-17T15:00:00+00:00
0.059000, 1.12, 1.04, 2025-03-17T15:00:00+00:00, 2025-03-17T15:30:00+00:00
0.009000, 0.18, 1.04, 2025-03-17T15:30:00+00:00, 2025-03-17T16:00:00+00:00
0.003000, 0.11, 1.04, 2025-03-17T16:00:00+00:00, 2025-03-17T16:30:00+00:00
0.004000, 0.16, 1.04, 2025-03-17T16:30:00+00:00, 2025-03-17T17:00:00+00:00
0.003000, 0.13, 1.04, 2025-03-17T17:00:00+00:00, 2025-03-17T17:30:00+00:00
0.002000, 0.09, 1.04, 2025-03-17T17:30:00+00:00, 2025-03-17T18:00:00+00:00
0.011000, 0.47, 1.04, 2025-03-17T18:00:00+00:00, 2025-03-17T18:30:00+00:00
0.004000, 0.17, 1.04, 2025-03-17T18:30:00+00:00, 2025-03-17T19:00:00+00:00
0.003000, 0.08, 1.04, 2025-03-17T19:00:00+00:00, 2025-03-17T19:30:00+00:00
0.008000, 0.21, 1.04, 2025-03-17T19:30:00+00:00, 2025-03-17T20:00:00+00:00
0.004000, 0.09, 1.04, 2025-03-17T20:00:00+00:00, 2025-03-17T20:30:00+00:00
0.004000, 0.09, 1.04, 2025-03-17T20:30:00+00:00, 2025-03-17T21:00:00+00:00
0.003000, 0.07, 1.04, 2025-03-17T21:00:00+00:00, 2025-03-17T21:30:00+00:00
0.003000, 0.06, 1.04, 2025-03-17T21:30:00+00:00, 2025-03-17T22:00:00+00:00
0.002000, 0.04, 1.04, 2025-03-17T22:00:00+00:00, 2025-03-17T22:30:00+00:00
0.002000, 0.04, 1.04, 2025-03-17T22:30:00+00:00, 2025-03-17T23:00:00+00:00
0.003000, 0.05, 1.04, 2025-03-17T23:00:00+00:00, 2025-03-17T23:30:00+00:00
0.120000, 2.28, 1.04, 2025-03-17T23:30:00+00:00, 2025-03-18T00:00:00+00:00
1.314000, 23.08, 1.04, 2025-03-18T00:00:00+00:00, 2025-03-18T00:30:00+00:00
1.259000, 23.87, 1.04, 2025-03-18T00:30:00+00:00, 2025-03-18T01:00:00+00:00
1.289000, 23.87, 1.04, 2025-03-18T01:00:00+00:00, 2025-03-18T01:30:00+00:00
1.286000, 22.4, 1.04, 2025-03-18T01:30:00+00:00, 2025-03-18T02:00:00+00:00
1.310000, 23.97, 1.04, 2025-03-18T02:00:00+00:00, 2025-03-18T02:30:00+00:00
1.386000, 24.42, 1.04, 2025-03-18T02:30:00+00:00, 2025-03-18T03:00:00+00:00
1.317000, 26.27, 1.04, 2025-03-18T03:00:00+00:00, 2025-03-18T03:30:00+00:00
1.321000, 24.76, 1.04, 2025-03-18T03:30:00+00:00, 2025-03-18T04:00:00+00:00
1.149000, 24.27, 1.04, 2025-03-18T04:00:00+00:00, 2025-03-18T04:30:00+00:00
0.310000, 5.81, 1.04, 2025-03-18T04:30:00+00:00, 2025-03-18T05:00:00+00:00
0.240000, 5.3, 1.04, 2025-03-18T05:00:00+00:00, 2025-03-18T05:30:00+00:00
0.197000, 3.85, 1.04, 2025-03-18T05:30:00+00:00, 2025-03-18T06:00:00+00:00
0.218000, 4.7, 1.04, 2025-03-18T06:00:00+00:00, 2025-03-18T06:30:00+00:00
0.204000, 5.08, 1.04, 2025-03-18T06:30:00+00:00, 2025-03-18T07:00:00+00:00
0.130000, 2.95, 1.04, 2025-03-18T07:00:00+00:00, 2025-03-18T07:30:00+00:00
0.069000, 1.6, 1.04, 2025-03-18T07:30:00+00:00, 2025-03-18T08:00:00+00:00
0.007000, 0.16, 1.04, 2025-03-18T08:00:00+00:00, 2025-03-18T08:30:00+00:00
0.003000, 0.06, 1.04, 2025-03-18T08:30:00+00:00, 2025-03-18T09:00:00+00:00
0.003000, 0.06, 1.04, 2025-03-18T09:00:00+00:00, 2025-03-18T09:30:00+00:00
0.000000, 0, 1.04, 2025-03-18T09:30:00+00:00, 2025-03-18T10:00:00+00:00
0.000000, 0, 1.04, 2025-03-18T10:00:00+00:00, 2025-03-18T10:30:00+00:00
0.001000, 0.02, 1.04, 2025-03-18T10:30:00+00:00, 2025-03-18T11:00:00+00:00
0.020000, 0.39, 1.04, 2025-03-18T11:00:00+00:00, 2025-03-18T11:30:00+00:00
0.002000, 0.04, 1.04, 2025-03-18T11:30:00+00:00, 2025-03-18T12:00:00+00:00
0.001000, 0.02, 1.04, 2025-03-18T12:00:00+00:00, 2025-03-18T12:30:00+00:00
0.005000, 0.09, 1.04, 2025-03-18T12:30:00+00:00, 2025-03-18T13:00:00+00:00
0.030000, 0.53, 1.04, 2025-03-18T13:00:00+00:00, 2025-03-18T13:30:00+00:00
0.018000, 0.31, 1.04, 2025-03-18T13:30:00+00:00, 2025-03-18T14:00:00+00:00
0.032000, 0.59, 1.04, 2025-03-18T14:00:00+00:00, 2025-03-18T14:30:00+00:00
0.030000, 0.53, 1.04, 2025-03-18T14:30:00+00:00, 2025-03-18T15:00:00+00:00
0.023000, 0.39, 1.04, 2025-03-18T15:00:00+00:00, 2025-03-18T15:30:00+00:00
0.002000, 0.03, 1.04, 2025-03-18T15:30:00+00:00, 2025-03-18T16:00:00+00:00
0.002000, 0.06, 1.04, 2025-03-18T16:00:00+00:00, 2025-03-18T16:30:00+00:00
0.003000, 0.1, 1.04, 2025-03-18T16:30:00+00:00, 2025-03-18T17:00:00+00:00
0.019000, 0.69, 1.04, 2025-03-18T17:00:00+00:00, 2025-03-18T17:30:00+00:00
0.121000, 4.86, 1.04, 2025-03-18T17:30:00+00:00, 2025-03-18T18:00:00+00:00
0.032000, 1.31, 1.04, 2025-03-18T18:00:00+00:00, 2025-03-18T18:30:00+00:00
0.005000, 0.21, 1.04, 2025-03-18T18:30:00+00:00, 2025-03-18T19:00:00+00:00
0.005000, 0.13, 1.04, 2025-03-18T19:00:00+00:00, 2025-03-18T19:30:00+00:00
0.003000, 0.08, 1.04, 2025-03-18T19:30:00+00:00, 2025-03-18T20:00:00+00:00
0.003000, 0.07, 1.04, 2025-03-18T20:00:00+00:00, 2025-03-18T20:30:00+00:00
0.004000, 0.08, 1.04, 2025-03-18T20:30:00+00:00, 2025-03-18T21:00:00+00:00
0.003000, 0.06, 1.04, 2025-03-18T21:00:00+00:00, 2025-03-18T21:30:00+00:00
0.003000, 0.06, 1.04, 2025-03-18T21:30:00+00:00, 2025-03-18T22:00:00+00:00
0.002000, 0.04, 1.04, 2025-03-18T22:00:00+00:00, 2025-03-18T22:30:00+00:00
0.002000, 0.03, 1.04, 2025-03-18T22:30:00+00:00, 2025-03-18T23:00:00+00:00
0.003000, 0.06, 1.04, 2025-03-18T23:00:00+00:00, 2025-03-18T23:30:00+00:00
0.002000, 0.04, 1.04, 2025-03-18T23:30:00+00:00, 2025-03-19T00:00:00+00:00
1.323000, 24.49, 1.04, 2025-03-19T00:00:00+00:00, 2025-03-19T00:30:00+00:00
1.333000, 26.64, 1.04, 2025-03-19T00:30:00+00:00, 2025-03-19T01:00:00+00:00
1.301000, 24.88, 1.04, 2025-03-19T01:00:00+00:00, 2025-03-19T01:30:00+00:00
1.263000, 23.11, 1.04, 2025-03-19T01:30:00+00:00, 2025-03-19T02:00:00+00:00
1.296000, 23.99, 1.04, 2025-03-19T02:00:00+00:00, 2025-03-19T02:30:00+00:00
1.293000, 23.72, 1.04, 2025-03-19T02:30:00+00:00, 2025-03-19T03:00:00+00:00
1.291000, 23.06, 1.04, 2025-03-19T03:00:00+00:00, 2025-03-19T03:30:00+00:00
0.775000, 13.33, 1.04, 2025-03-19T03:30:00+00:00, 2025-03-19T04:00:00+00:00
0.212000, 4.07, 1.04, 2025-03-19T04:00:00+00:00, 2025-03-19T04:30:00+00:00
0.190000, 3.6, 1.04, 2025-03-19T04:30:00+00:00, 2025-03-19T05:00:00+00:00
0.215000, 5.31, 1.04, 2025-03-19T05:00:00+00:00, 2025-03-19T05:30:00+00:00
0.186000, 4.92, 1.04, 2025-03-19T05:30:00+00:00, 2025-03-19T06:00:00+00:00
0.229000, 5.9, 1.04, 2025-03-19T06:00:00+00:00, 2025-03-19T06:30:00+00:00
0.197000, 5.79, 1.04, 2025-03-19T06:30:00+00:00, 2025-03-19T07:00:00+00:00
0.131000, 3.36, 1.04, 2025-03-19T07:00:00+00:00, 2025-03-19T07:30:00+00:00
0.016000, 0.41, 1.04, 2025-03-19T07:30:00+00:00, 2025-03-19T08:00:00+00:00
0.005000, 0.14, 1.04, 2025-03-19T08:00:00+00:00, 2025-03-19T08:30:00+00:00
0.005000, 0.12, 1.04, 2025-03-19T08:30:00+00:00, 2025-03-19T09:00:00+00:00
0.002000, 0.05, 1.04, 2025-03-19T09:00:00+00:00, 2025-03-19T09:30:00+00:00
0.000000, 0, 1.04, 2025-03-19T09:30:00+00:00, 2025-03-19T10:00:00+00:00
0.000000, 0, 1.04, 2025-03-19T10:00:00+00:00, 2025-03-19T10:30:00+00:00
0.001000, 0.02, 1.04, 2025-03-19T10:30:00+00:00, 2025-03-19T11:00:00+00:00
0.000000, 0, 1.04, 2025-03-19T11:00:00+00:00, 2025-03-19T11:30:00+00:00
0.000000, 0, 1.04, 2025-03-19T11:30:00+00:00, 2025-03-19T12:00:00+00:00
0.000000, 0, 1.04, 2025-03-19T12:00:00+00:00, 2025-03-19T12:30:00+00:00
0.001000, 0.02, 1.04, 2025-03-19T12:30:00+00:00, 2025-03-19T13:00:00+00:00
0.000000, 0, 1.04, 2025-03-19T13:00:00+00:00, 2025-03-19T13:30:00+00:00
0.007000, 0.13, 1.04, 2025-03-19T13:30:00+00:00, 2025-03-19T14:00:00+00:00
0.002000, 0.04, 1.04, 2025-03-19T14:00:00+00:00, 2025-03-19T14:30:00+00:00
0.003000, 0.06, 1.04, 2025-03-19T14:30:00+00:00, 2025-03-19T15:00:00+00:00
0.003000, 0.06, 1.04, 2025-03-19T15:00:00+00:00, 2025-03-19T15:30:00+00:00
0.002000, 0.04, 1.04, 2025-03-19T15:30:00+00:00, 2025-03-19T16:00:00+00:00
0.003000, 0.11, 1.04, 2025-03-19T16:00:00+00:00, 2025-03-19T16:30:00+00:00
0.001000, 0.04, 1.04, 2025-03-19T16:30:00+00:00, 2025-03-19T17:00:00+00:00
0.003000, 0.13, 1.04, 2025-03-19T17:00:00+00:00, 2025-03-19T17:30:00+00:00
0.003000, 0.14, 1.04, 2025-03-19T17:30:00+00:00, 2025-03-19T18:00:00+00:00
0.002000, 0.09, 1.04, 2025-03-19T18:00:00+00:00, 2025-03-19T18:30:00+00:00
0.003000, 0.14, 1.04, 2025-03-19T18:30:00+00:00, 2025-03-19T19:00:00+00:00
0.002000, 0.06, 1.04, 2025-03-19T19:00:00+00:00, 2025-03-19T19:30:00+00:00
0.002000, 0.06, 1.04, 2025-03-19T19:30:00+00:00, 2025-03-19T20:00:00+00:00
0.003000, 0.08, 1.04, 2025-03-19T20:00:00+00:00, 2025-03-19T20:30:00+00:00
0.003000, 0.07, 1.04, 2025-03-19T20:30:00+00:00, 2025-03-19T21:00:00+00:00
0.003000, 0.07, 1.04, 2025-03-19T21:00:00+00:00, 2025-03-19T21:30:00+00:00
0.003000, 0.07, 1.04, 2025-03-19T21:30:00+00:00, 2025-03-19T22:00:00+00:00
0.017000, 0.36, 1.04, 2025-03-19T22:00:00+00:00, 2025-03-19T22:30:00+00:00
0.003000, 0.06, 1.04, 2025-03-19T22:30:00+00:00, 2025-03-19T23:00:00+00:00
0.003000, 0.07, 1.04, 2025-03-19T23:00:00+00:00, 2025-03-19T23:30:00+00:00
0.002000, 0.04, 1.04, 2025-03-19T23:30:00+00:00, 2025-03-20T00:00:00+00:00
1.276000, 25.6, 1.04, 2025-03-20T00:00:00+00:00, 2025-03-20T00:30:00+00:00
1.290000, 27.54, 1.04, 2025-03-20T00:30:00+00:00, 2025-03-20T01:00:00+00:00
1.268000, 26.84, 1.04, 2025-03-20T01:00:00+00:00, 2025-03-20T01:30:00+00:00
1.292000, 25.15, 1.04, 2025-03-20T01:30:00+00:00, 2025-03-20T02:00:00+00:00
1.032000, 20.94, 1.04, 2025-03-20T02:00:00+00:00, 2025-03-20T02:30:00+00:00
0.245000, 4.59, 1.04, 2025-03-20T02:30:00+00:00, 2025-03-20T03:00:00+00:00
0.201000, 3.99, 1.04, 2025-03-20T03:00:00+00:00, 2025-03-20T03:30:00+00:00
0.199000, 3.73, 1.04, 2025-03-20T03:30:00+00:00, 2025-03-20T04:00:00+00:00
0.207000, 4.15, 1.04, 2025-03-20T04:00:00+00:00, 2025-03-20T04:30:00+00:00
0.260000, 4.98, 1.04, 2025-03-20T04:30:00+00:00, 2025-03-20T05:00:00+00:00
0.301000, 7.59, 1.04, 2025-03-20T05:00:00+00:00, 2025-03-20T05:30:00+00:00
0.228000, 5.93, 1.04, 2025-03-20T05:30:00+00:00, 2025-03-20T06:00:00+00:00
0.227000, 5.56, 1.04, 2025-03-20T06:00:00+00:00, 2025-03-20T06:30:00+00:00
0.232000, 6.46, 1.04, 2025-03-20T06:30:00+00:00, 2025-03-20T07:00:00+00:00
0.155000, 4.05, 1.04, 2025-03-20T07:00:00+00:00, 2025-03-20T07:30:00+00:00
0.039000, 1.02, 1.04, 2025-03-20T07:30:00+00:00, 2025-03-20T08:00:00+00:00
0.040000, 1.15, 1.04, 2025-03-20T08:00:00+00:00, 2025-03-20T08:30:00+00:00
0.006000, 0.16, 1.04, 2025-03-20T08:30:00+00:00, 2025-03-20T09:00:00+00:00
0.004000, 0.1, 1.04, 2025-03-20T09:00:00+00:00, 2025-03-20T09:30:00+00:00
0.002000, 0.05, 1.04, 2025-03-20T09:30:00+00:00, 2025-03-20T10:00:00+00:00
0.003000, 0.06, 1.04, 2025-03-20T10:00:00+00:00, 2025-03-20T10:30:00+00:00
0.001000, 0.02, 1.04, 2025-03-20T10:30:00+00:00, 2025-03-20T11:00:00+00:00
0.000000, 0, 1.04, 2025-03-20T11:00:00+00:00, 2025-03-20T11:30:00+00:00
0.000000, 0, 1.04, 2025-03-20T11:30:00+00:00, 2025-03-20T12:00:00+00:00
0.001000, 0.02, 1.04, 2025-03-20T12:00:00+00:00, 2025-03-20T12:30:00+00:00
0.013000, 0.24, 1.04, 2025-03-20T12:30:00+00:00, 2025-03-20T13:00:00+00:00
0.005000, 0.09, 1.04, 2025-03-20T13:00:00+00:00, 2025-03-20T13:30:00+00:00
0.002000, 0.04, 1.04, 2025-03-20T13:30:00+00:00, 2025-03-20T14:00:00+00:00
0.000000, 0, 1.04, 2025-03-20T14:00:00+00:00, 2025-03-20T14:30:00+00:00
0.003000, 0.05, 1.04, 2025-03-20T14:30:00+00:00, 2025-03-20T15:00:00+00:00
0.002000, 0.04, 1.04, 2025-03-20T15:00:00+00:00, 2025-03-20T15:30:00+00:00
0.003000, 0.06, 1.04, 2025-03-20T15:30:00+00:00, 2025-03-20T16:00:00+00:00
0.002000, 0.07, 1.04, 2025-03-20T16:00:00+00:00, 2025-03-20T16:30:00+00:00
0.002000, 0.07, 1.04, 2025-03-20T16:30:00+00:00, 2025-03-20T17:00:00+00:00
0.004000, 0.16, 1.04, 2025-03-20T17:00:00+00:00, 2025-03-20T17:30:00+00:00
0.003000, 0.12, 1.04, 2025-03-20T17:30:00+00:00, 2025-03-20T18:00:00+00:00
0.068000, 2.81, 1.04, 2025-03-20T18:00:00+00:00, 2025-03-20T18:30:00+00:00
0.002000, 0.08, 1.04, 2025-03-20T18:30:00+00:00, 2025-03-20T19:00:00+00:00
0.002000, 0.05, 1.04, 2025-03-20T19:00:00+00:00, 2025-03-20T19:30:00+00:00
0.002000, 0.05, 1.04, 2025-03-20T19:30:00+00:00, 2025-03-20T20:00:00+00:00
0.004000, 0.09, 1.04, 2025-03-20T20:00:00+00:00, 2025-03-20T20:30:00+00:00
0.020000, 0.42, 1.04, 2025-03-20T20:30:00+00:00, 2025-03-20T21:00:00+00:00
0.003000, 0.06, 1.04, 2025-03-20T21:00:00+00:00, 2025-03-20T21:30:00+00:00
0.002000, 0.04, 1.04, 2025-03-20T21:30:00+00:00, 2025-03-20T22:00:00+00:00
0.003000, 0.06, 1.04, 2025-03-20T22:00:00+00:00, 2025-03-20T22:30:00+00:00
0.003000, 0.06, 1.04, 2025-03-20T22:30:00+00:00, 2025-03-20T23:00:00+00:00
0.003000, 0.06, 1.04, 2025-03-20T23:00:00+00:00, 2025-03-20T23:30:00+00:00
0.001000, 0.02, 1.04, 2025-03-20T23:30:00+00:00, 2025-03-21T00:00:00+00:00
1.337000, 26.88, 1.04, 2025-03-21T00:00:00+00:00, 2025-03-21T00:30:00+00:00
1.317000, 27.3, 1.04, 2025-03-21T00:30:00+00:00, 2025-03-21T01:00:00+00:00
1.304000, 26.89, 1.04, 2025-03-21T01:00:00+00:00, 2025-03-21T01:30:00+00:00
1.309000, 22.86, 1.04, 2025-03-21T01:30:00+00:00, 2025-03-21T02:00:00+00:00
1.347000, 24.13, 1.04, 2025-03-21T02:00:00+00:00, 2025-03-21T02:30:00+00:00
1.331000, 23.48, 1.04, 2025-03-21T02:30:00+00:00, 2025-03-21T03:00:00+00:00
1.247000, 21.64, 1.04, 2025-03-21T03:00:00+00:00, 2025-03-21T03:30:00+00:00
0.447000, 7.59, 1.04, 2025-03-21T03:30:00+00:00, 2025-03-21T04:00:00+00:00
0.253000, 4.54, 1.04, 2025-03-21T04:00:00+00:00, 2025-03-21T04:30:00+00:00
0.252000, 4.56, 1.04, 2025-03-21T04:30:00+00:00, 2025-03-21T05:00:00+00:00
0.250000, 4.52, 1.04, 2025-03-21T05:00:00+00:00, 2025-03-21T05:30:00+00:00
0.251000, 4.54, 1.04, 2025-03-21T05:30:00+00:00, 2025-03-21T06:00:00+00:00
0.242000, 4.98, 1.04, 2025-03-21T06:00:00+00:00, 2025-03-21T06:30:00+00:00
0.234000, 5.78, 1.04, 2025-03-21T06:30:00+00:00, 2025-03-21T07:00:00+00:00
0.238000, 4.93, 1.04, 2025-03-21T07:00:00+00:00, 2025-03-21T07:30:00+00:00
0.180000, 3.89, 1.04, 2025-03-21T07:30:00+00:00, 2025-03-21T08:00:00+00:00
0.009000, 0.21, 1.04, 2025-03-21T08:00:00+00:00, 2025-03-21T08:30:00+00:00
0.004000, 0.08, 1.04, 2025-03-21T08:30:00+00:00, 2025-03-21T09:00:00+00:00
0.003000, 0.06, 1.04, 2025-03-21T09:00:00+00:00, 2025-03-21T09:30:00+00:00
0.002000, 0.04, 1.04, 2025-03-21T09:30:00+00:00, 2025-03-21T10:00:00+00:00
0.001000, 0.02, 1.04, 2025-03-21T10:00:00+00:00, 2025-03-21T10:30:00+00:00
0.001000, 0.01, 1.04, 2025-03-21T10:30:00+00:00, 2025-03-21T11:00:00+00:00
0.002000, 0.01, 1.04, 2025-03-21T11:00:00+00:00, 2025-03-21T11:30:00+00:00
0.002000, 0.01, 1.04, 2025-03-21T11:30:00+00:00, 2025-03-21T12:00:00+00:00
0.007000, 0.03, 1.04, 2025-03-21T12:00:00+00:00, 2025-03-21T12:30:00+00:00
0.003000, 0.01, 1.04, 2025-03-21T12:30:00+00:00, 2025-03-21T13:00:00+00:00
0.003000, 0.01, 1.04, 2025-03-21T13:00:00+00:00, 2025-03-21T13:30:00+00:00
0.002000, 0.01, 1.04, 2025-03-21T13:30:00+00:00, 2025-03-21T14:00:00+00:00
0.002000, 0.01, 1.04, 2025-03-21T14:00:00+00:00, 2025-03-21T14:30:00+00:00
0.002000, 0.01, 1.04, 2025-03-21T14:30:00+00:00, 2025-03-21T15:00:00+00:00
0.003000, 0.03, 1.04, 2025-03-21T15:00:00+00:00, 2025-03-21T15:30:00+00:00
0.004000, 0.04, 1.04, 2025-03-21T15:30:00+00:00, 2025-03-21T16:00:00+00:00
0.004000, 0.11, 1.04, 2025-03-21T16:00:00+00:00, 2025-03-21T16:30:00+00:00
0.001000, 0.03, 1.04, 2025-03-21T16:30:00+00:00, 2025-03-21T17:00:00+00:00
0.003000, 0.1, 1.04, 2025-03-21T17:00:00+00:00, 2025-03-21T17:30:00+00:00
0.003000, 0.11, 1.04, 2025-03-21T17:30:00+00:00, 2025-03-21T18:00:00+00:00
0.010000, 0.35, 1.04, 2025-03-21T18:00:00+00:00, 2025-03-21T18:30:00+00:00
0.008000, 0.28, 1.04, 2025-03-21T18:30:00+00:00, 2025-03-21T19:00:00+00:00
0.004000, 0.09, 1.04, 2025-03-21T19:00:00+00:00, 2025-03-21T19:30:00+00:00
0.001000, 0.02, 1.04, 2025-03-21T19:30:00+00:00, 2025-03-21T20:00:00+00:00
0.004000, 0.09, 1.04, 2025-03-21T20:00:00+00:00, 2025-03-21T20:30:00+00:00
0.008000, 0.14, 1.04, 2025-03-21T20:30:00+00:00, 2025-03-21T21:00:00+00:00
0.003000, 0.04, 1.04, 2025-03-21T21:00:00+00:00, 2025-03-21T21:30:00+00:00
0.002000, 0.02, 1.04, 2025-03-21T21:30:00+00:00, 2025-03-21T22:00:00+00:00
0.013000, 0.13, 1.04, 2025-03-21T22:00:00+00:00, 2025-03-21T22:30:00+00:00
0.002000, 0.01, 1.04, 2025-03-21T22:30:00+00:00, 2025-03-21T23:00:00+00:00
0.002000, 0.02, 1.04, 2025-03-21T23:00:00+00:00, 2025-03-21T23:30:00+00:00
0.002000, 0.02, 1.04, 2025-03-21T23:30:00+00:00, 2025-03-22T00:00:00+00:00
1.277000, 5.07, 1.04, 2025-03-22T00:00:00+00:00, 2025-03-22T00:30:00+00:00
1.287000, 12.49, 1.04, 2025-03-22T00:30:00+00:00, 2025-03-22T01:00:00+00:00
1.321000, 9.32, 1.04, 2025-03-22T01:00:00+00:00, 2025-03-22T01:30:00+00:00
1.299000, 3, 1.04, 2025-03-22T01:30:00+00:00, 2025-03-22T02:00:00+00:00
1.278000, 10.14, 1.04, 2025-03-22T02:00:00+00:00, 2025-03-22T02:30:00+00:00
1.283000, 4.3, 1.04, 2025-03-22T02:30:00+00:00, 2025-03-22T03:00:00+00:00
1.279000, 10.03, 1.04, 2025-03-22T03:00:00+00:00, 2025-03-22T03:30:00+00:00
1.321000, 8.45, 1.04, 2025-03-22T03:30:00+00:00, 2025-03-22T04:00:00+00:00
0.829000, 5.12, 1.04, 2025-03-22T04:00:00+00:00, 2025-03-22T04:30:00+00:00
0.219000, 1.11, 1.04, 2025-03-22T04:30:00+00:00, 2025-03-22T05:00:00+00:00
0.191000, 0.44, 1.04, 2025-03-22T05:00:00+00:00, 2025-03-22T05:30:00+00:00
0.229000, 1.14, 1.04, 2025-03-22T05:30:00+00:00, 2025-03-22T06:00:00+00:00
0.191000, 1.33, 1.04, 2025-03-22T06:00:00+00:00, 2025-03-22T06:30:00+00:00
0.212000, 2.42, 1.04, 2025-03-22T06:30:00+00:00, 2025-03-22T07:00:00+00:00
0.186000, 3.48, 1.04, 2025-03-22T07:00:00+00:00, 2025-03-22T07:30:00+00:00
0.179000, 3.58, 1.04, 2025-03-22T07:30:00+00:00, 2025-03-22T08:00:00+00:00
0.006000, 0.12, 1.04, 2025-03-22T08:00:00+00:00, 2025-03-22T08:30:00+00:00
0.135000, 2.7, 1.04, 2025-03-22T08:30:00+00:00, 2025-03-22T09:00:00+00:00
0.009000, 0.2, 1.04, 2025-03-22T09:00:00+00:00, 2025-03-22T09:30:00+00:00
0.004000, 0.09, 1.04, 2025-03-22T09:30:00+00:00, 2025-03-22T10:00:00+00:00
0.002000, 0.04, 1.04, 2025-03-22T10:00:00+00:00, 2025-03-22T10:30:00+00:00
0.001000, 0.02, 1.04, 2025-03-22T10:30:00+00:00, 2025-03-22T11:00:00+00:00
0.001000, 0.02, 1.04, 2025-03-22T11:00:00+00:00, 2025-03-22T11:30:00+00:00
0.005000, 0.1, 1.04, 2025-03-22T11:30:00+00:00, 2025-03-22T12:00:00+00:00
0.014000, 0.29, 1.04, 2025-03-22T12:00:00+00:00, 2025-03-22T12:30:00+00:00
0.001000, 0.02, 1.04, 2025-03-22T12:30:00+00:00, 2025-03-22T13:00:00+00:00
0.001000, 0.02, 1.04, 2025-03-22T13:00:00+00:00, 2025-03-22T13:30:00+00:00
0.001000, 0.02, 1.04, 2025-03-22T13:30:00+00:00, 2025-03-22T14:00:00+00:00
0.001000, 0.02, 1.04, 2025-03-22T14:00:00+00:00, 2025-03-22T14:30:00+00:00
0.002000, 0.04, 1.04, 2025-03-22T14:30:00+00:00, 2025-03-22T15:00:00+00:00
0.003000, 0.06, 1.04, 2025-03-22T15:00:00+00:00, 2025-03-22T15:30:00+00:00
0.002000, 0.04, 1.04, 2025-03-22T15:30:00+00:00, 2025-03-22T16:00:00+00:00
0.006000, 0.2, 1.04, 2025-03-22T16:00:00+00:00, 2025-03-22T16:30:00+00:00
0.003000, 0.1, 1.04, 2025-03-22T16:30:00+00:00, 2025-03-22T17:00:00+00:00
0.002000, 0.08, 1.04, 2025-03-22T17:00:00+00:00, 2025-03-22T17:30:00+00:00
0.002000, 0.08, 1.04, 2025-03-22T17:30:00+00:00, 2025-03-22T18:00:00+00:00
0.002000, 0.08, 1.04, 2025-03-22T18:00:00+00:00, 2025-03-22T18:30:00+00:00
0.002000, 0.08, 1.04, 2025-03-22T18:30:00+00:00, 2025-03-22T19:00:00+00:00
0.002000, 0.05, 1.04, 2025-03-22T19:00:00+00:00, 2025-03-22T19:30:00+00:00
0.003000, 0.08, 1.04, 2025-03-22T19:30:00+00:00, 2025-03-22T20:00:00+00:00
0.001000, 0.02, 1.04, 2025-03-22T20:00:00+00:00, 2025-03-22T20:30:00+00:00
0.003000, 0.07, 1.04, 2025-03-22T20:30:00+00:00, 2025-03-22T21:00:00+00:00
0.163000, 3.59, 1.04, 2025-03-22T21:00:00+00:00, 2025-03-22T21:30:00+00:00
0.089000, 1.94, 1.04, 2025-03-22T21:30:00+00:00, 2025-03-22T22:00:00+00:00
0.002000, 0.04, 1.04, 2025-03-22T22:00:00+00:00, 2025-03-22T22:30:00+00:00
0.002000, 0.04, 1.04, 2025-03-22T22:30:00+00:00, 2025-03-22T23:00:00+00:00
0.001000, 0.02, 1.04, 2025-03-22T23:00:00+00:00, 2025-03-22T23:30:00+00:00
0.002000, 0.04, 1.04, 2025-03-22T23:30:00+00:00, 2025-03-23T00:00:00+00:00
1.201000, 23.83, 1.04, 2025-03-23T00:00:00+00:00, 2025-03-23T00:30:00+00:00
1.228000, 26.19, 1.04, 2025-03-23T00:30:00+00:00, 2025-03-23T01:00:00+00:00
1.225000, 26.39, 1.04, 2025-03-23T01:00:00+00:00, 2025-03-23T01:30:00+00:00
1.224000, 24.19, 1.04, 2025-03-23T01:30:00+00:00, 2025-03-23T02:00:00+00:00
1.213000, 24.44, 1.04, 2025-03-23T02:00:00+00:00, 2025-03-23T02:30:00+00:00
0.791000, 15.51, 1.04, 2025-03-23T02:30:00+00:00, 2025-03-23T03:00:00+00:00
0.140000, 2.47, 1.04, 2025-03-23T03:00:00+00:00, 2025-03-23T03:30:00+00:00
0.145000, 2.44, 1.04, 2025-03-23T03:30:00+00:00, 2025-03-23T04:00:00+00:00
0.144000, 2.57, 1.04, 2025-03-23T04:00:00+00:00, 2025-03-23T04:30:00+00:00
0.161000, 2.7, 1.04, 2025-03-23T04:30:00+00:00, 2025-03-23T05:00:00+00:00
0.125000, 2.18, 1.04, 2025-03-23T05:00:00+00:00, 2025-03-23T05:30:00+00:00
0.138000, 2.56, 1.04, 2025-03-23T05:30:00+00:00, 2025-03-23T06:00:00+00:00
0.208000, 3.76, 1.04, 2025-03-23T06:00:00+00:00, 2025-03-23T06:30:00+00:00
0.236000, 4.27, 1.04, 2025-03-23T06:30:00+00:00, 2025-03-23T07:00:00+00:00
0.540000, 11.01, 1.04, 2025-03-23T07:00:00+00:00, 2025-03-23T07:30:00+00:00
1.007000, 20.15, 1.04, 2025-03-23T07:30:00+00:00, 2025-03-23T08:00:00+00:00
0.025000, 0.52, 1.04, 2025-03-23T08:00:00+00:00, 2025-03-23T08:30:00+00:00
0.006000, 0.13, 1.04, 2025-03-23T08:30:00+00:00, 2025-03-23T09:00:00+00:00
0.030000, 0.65, 1.04, 2025-03-23T09:00:00+00:00, 2025-03-23T09:30:00+00:00
0.003000, 0.06, 1.04, 2025-03-23T09:30:00+00:00, 2025-03-23T10:00:00+00:00
0.004000, 0.09, 1.04, 2025-03-23T10:00:00+00:00, 2025-03-23T10:30:00+00:00
0.002000, 0.04, 1.04, 2025-03-23T10:30:00+00:00, 2025-03-23T11:00:00+00:00
0.003000, 0.06, 1.04, 2025-03-23T11:00:00+00:00, 2025-03-23T11:30:00+00:00
0.002000, 0.04, 1.04, 2025-03-23T11:30:00+00:00, 2025-03-23T12:00:00+00:00
0.019000, 0.4, 1.04, 2025-03-23T12:00:00+00:00, 2025-03-23T12:30:00+00:00
0.009000, 0.19, 1.04, 2025-03-23T12:30:00+00:00, 2025-03-23T13:00:00+00:00
0.014000, 0.31, 1.04, 2025-03-23T13:00:00+00:00, 2025-03-23T13:30:00+00:00
0.013000, 0.27, 1.04, 2025-03-23T13:30:00+00:00, 2025-03-23T14:00:00+00:00
0.005000, 0.1, 1.04, 2025-03-23T14:00:00+00:00, 2025-03-23T14:30:00+00:00
0.004000, 0.08, 1.04, 2025-03-23T14:30:00+00:00, 2025-03-23T15:00:00+00:00
0.003000, 0.06, 1.04, 2025-03-23T15:00:00+00:00, 2025-03-23T15:30:00+00:00
0.019000, 0.39, 1.04, 2025-03-23T15:30:00+00:00, 2025-03-23T16:00:00+00:00
0.005000, 0.17, 1.04, 2025-03-23T16:00:00+00:00, 2025-03-23T16:30:00+00:00
0.002000, 0.07, 1.04, 2025-03-23T16:30:00+00:00, 2025-03-23T17:00:00+00:00
0.004000, 0.15, 1.04, 2025-03-23T17:00:00+00:00, 2025-03-23T17:30:00+00:00
0.028000, 1.11, 1.04, 2025-03-23T17:30:00+00:00, 2025-03-23T18:00:00+00:00
0.003000, 0.12, 1.04, 2025-03-23T18:00:00+00:00, 2025-03-23T18:30:00+00:00
0.002000, 0.08, 1.04, 2025-03-23T18:30:00+00:00, 2025-03-23T19:00:00+00:00
0.004000, 0.11, 1.04, 2025-03-23T19:00:00+00:00, 2025-03-23T19:30:00+00:00
0.003000, 0.07, 1.04, 2025-03-23T19:30:00+00:00, 2025-03-23T20:00:00+00:00
0.003000, 0.08, 1.04, 2025-03-23T20:00:00+00:00, 2025-03-23T20:30:00+00:00
0.005000, 0.12, 1.04, 2025-03-23T20:30:00+00:00, 2025-03-23T21:00:00+00:00
0.004000, 0.1, 1.04, 2025-03-23T21:00:00+00:00, 2025-03-23T21:30:00+00:00
0.028000, 0.61, 1.04, 2025-03-23T21:30:00+00:00, 2025-03-23T22:00:00+00:00
0.002000, 0.04, 1.04, 2025-03-23T22:00:00+00:00, 2025-03-23T22:30:00+00:00
0.040000, 0.91, 1.04, 2025-03-23T22:30:00+00:00, 2025-03-23T23:00:00+00:00
0.235000, 4.6, 1.04, 2025-03-23T23:00:00+00:00, 2025-03-23T23:30:00+00:00
0.225000, 4.37, 1.04, 2025-03-23T23:30:00+00:00, 2025-03-24T00:00:00+00:00
1.311000, 24.02, 1.04, 2025-03-24T00:00:00+00:00, 2025-03-24T00:30:00+00:00
1.291000, 27.04, 1.04, 2025-03-24T00:30:00+00:00, 2025-03-24T01:00:00+00:00
1.296000, 26.69, 1.04, 2025-03-24T01:00:00+00:00, 2025-03-24T01:30:00+00:00
1.284000, 23.78, 1.04, 2025-03-24T01:30:00+00:00, 2025-03-24T02:00:00+00:00
1.284000, 25.37, 1.04, 2025-03-24T02:00:00+00:00, 2025-03-24T02:30:00+00:00
1.283000, 24.69, 1.04, 2025-03-24T02:30:00+00:00, 2025-03-24T03:00:00+00:00
1.284000, 24.83, 1.04, 2025-03-24T03:00:00+00:00, 2025-03-24T03:30:00+00:00
1.276000, 23.63, 1.04, 2025-03-24T03:30:00+00:00, 2025-03-24T04:00:00+00:00
1.269000, 25.01, 1.04, 2025-03-24T04:00:00+00:00, 2025-03-24T04:30:00+00:00
0.512000, 9.85, 1.04, 2025-03-24T04:30:00+00:00, 2025-03-24T05:00:00+00:00
0.208000, 4.59, 1.04, 2025-03-24T05:00:00+00:00, 2025-03-24T05:30:00+00:00
0.182000, 4.01, 1.04, 2025-03-24T05:30:00+00:00, 2025-03-24T06:00:00+00:00
0.214000, 5.43, 1.04, 2025-03-24T06:00:00+00:00, 2025-03-24T06:30:00+00:00
0.211000, 6.1, 1.04, 2025-03-24T06:30:00+00:00, 2025-03-24T07:00:00+00:00
0.135000, 3.34, 1.04, 2025-03-24T07:00:00+00:00, 2025-03-24T07:30:00+00:00
0.067000, 1.75, 1.04, 2025-03-24T07:30:00+00:00, 2025-03-24T08:00:00+00:00
0.005000, 0.12, 1.04, 2025-03-24T08:00:00+00:00, 2025-03-24T08:30:00+00:00
0.002000, 0.04, 1.04, 2025-03-24T08:30:00+00:00, 2025-03-24T09:00:00+00:00
0.005000, 0.11, 1.04, 2025-03-24T09:00:00+00:00, 2025-03-24T09:30:00+00:00
0.016000, 0.36, 1.04, 2025-03-24T09:30:00+00:00, 2025-03-24T10:00:00+00:00
0.006000, 0.12, 1.04, 2025-03-24T10:00:00+00:00, 2025-03-24T10:30:00+00:00
0.009000, 0.17, 1.04, 2025-03-24T10:30:00+00:00, 2025-03-24T11:00:00+00:00
0.007000, 0.13, 1.04, 2025-03-24T11:00:00+00:00, 2025-03-24T11:30:00+00:00
0.003000, 0.05, 1.04, 2025-03-24T11:30:00+00:00, 2025-03-24T12:00:00+00:00
0.004000, 0.07, 1.04, 2025-03-24T12:00:00+00:00, 2025-03-24T12:30:00+00:00
0.003000, 0.05, 1.04, 2025-03-24T12:30:00+00:00, 2025-03-24T13:00:00+00:00
0.032000, 0.6, 1.04, 2025-03-24T13:00:00+00:00, 2025-03-24T13:30:00+00:00
0.002000, 0.04, 1.04, 2025-03-24T13:30:00+00:00, 2025-03-24T14:00:00+00:00
0.000000, 0, 1.04, 2025-03-24T14:00:00+00:00, 2025-03-24T14:30:00+00:00
0.001000, 0.02, 1.04, 2025-03-24T14:30:00+00:00, 2025-03-24T15:00:00+00:00
0.001000, 0.02, 1.04, 2025-03-24T15:00:00+00:00, 2025-03-24T15:30:00+00:00
0.003000, 0.06, 1.04, 2025-03-24T15:30:00+00:00, 2025-03-24T16:00:00+00:00
0.005000, 0.17, 1.04, 2025-03-24T16:00:00+00:00, 2025-03-24T16:30:00+00:00
0.004000, 0.14, 1.04, 2025-03-24T16:30:00+00:00, 2025-03-24T17:00:00+00:00
0.002000, 0.08, 1.04, 2025-03-24T17:00:00+00:00, 2025-03-24T17:30:00+00:00
0.004000, 0.17, 1.04, 2025-03-24T17:30:00+00:00, 2025-03-24T18:00:00+00:00
0.061000, 2.65, 1.04, 2025-03-24T18:00:00+00:00, 2025-03-24T18:30:00+00:00
0.004000, 0.18, 1.04, 2025-03-24T18:30:00+00:00, 2025-03-24T19:00:00+00:00
0.002000, 0.06, 1.04, 2025-03-24T19:00:00+00:00, 2025-03-24T19:30:00+00:00
0.003000, 0.09, 1.04, 2025-03-24T19:30:00+00:00, 2025-03-24T20:00:00+00:00
0.002000, 0.05, 1.04, 2025-03-24T20:00:00+00:00, 2025-03-24T20:30:00+00:00
0.003000, 0.06, 1.04, 2025-03-24T20:30:00+00:00, 2025-03-24T21:00:00+00:00
0.004000, 0.08, 1.04, 2025-03-24T21:00:00+00:00, 2025-03-24T21:30:00+00:00
0.007000, 0.13, 1.04, 2025-03-24T21:30:00+00:00, 2025-03-24T22:00:00+00:00
0.002000, 0.04, 1.04, 2025-03-24T22:00:00+00:00, 2025-03-24T22:30:00+00:00
0.002000, 0.04, 1.04, 2025-03-24T22:30:00+00:00, 2025-03-24T23:00:00+00:00
0.003000, 0.06, 1.04, 2025-03-24T23:00:00+00:00, 2025-03-24T23:30:00+00:00
0.003000, 0.06, 1.04, 2025-03-24T23:30:00+00:00, 2025-03-25T00:00:00+00:00
1.299000, 23.2, 1.04, 2025-03-25T00:00:00+00:00, 2025-03-25T00:30:00+00:00
1.292000, 24.79, 1.04, 2025-03-25T00:30:00+00:00, 2025-03-25T01:00:00+00:00
1.280000, 23.87, 1.04, 2025-03-25T01:00:00+00:00, 2025-03-25T01:30:00+00:00
1.255000, 23.13, 1.04, 2025-03-25T01:30:00+00:00, 2025-03-25T02:00:00+00:00
1.279000, 23.38, 1.04, 2025-03-25T02:00:00+00:00, 2025-03-25T02:30:00+00:00
1.116000, 20.04, 1.04, 2025-03-25T02:30:00+00:00, 2025-03-25T03:00:00+00:00
0.329000, 5.95, 1.04, 2025-03-25T03:00:00+00:00, 2025-03-25T03:30:00+00:00
0.214000, 3.86, 1.04, 2025-03-25T03:30:00+00:00, 2025-03-25T04:00:00+00:00
0.191000, 3.64, 1.04, 2025-03-25T04:00:00+00:00, 2025-03-25T04:30:00+00:00
0.310000, 5.67, 1.04, 2025-03-25T04:30:00+00:00, 2025-03-25T05:00:00+00:00
0.244000, 4.84, 1.04, 2025-03-25T05:00:00+00:00, 2025-03-25T05:30:00+00:00
0.250000, 4.87, 1.04, 2025-03-25T05:30:00+00:00, 2025-03-25T06:00:00+00:00
0.187000, 4.11, 1.04, 2025-03-25T06:00:00+00:00, 2025-03-25T06:30:00+00:00
0.218000, 5.31, 1.04, 2025-03-25T06:30:00+00:00, 2025-03-25T07:00:00+00:00
0.238000, 5.12, 1.04, 2025-03-25T07:00:00+00:00, 2025-03-25T07:30:00+00:00
0.368000, 8.44, 1.04, 2025-03-25T07:30:00+00:00, 2025-03-25T08:00:00+00:00
0.015000, 0.3, 1.04, 2025-03-25T08:00:00+00:00, 2025-03-25T08:30:00+00:00
0.003000, 0.06, 1.04, 2025-03-25T08:30:00+00:00, 2025-03-25T09:00:00+00:00
0.003000, 0.06, 1.04, 2025-03-25T09:00:00+00:00, 2025-03-25T09:30:00+00:00
0.003000, 0.06, 1.04, 2025-03-25T09:30:00+00:00, 2025-03-25T10:00:00+00:00
0.004000, 0.08, 1.04, 2025-03-25T10:00:00+00:00, 2025-03-25T10:30:00+00:00
0.003000, 0.06, 1.04, 2025-03-25T10:30:00+00:00, 2025-03-25T11:00:00+00:00
0.026000, 0.55, 1.04, 2025-03-25T11:00:00+00:00, 2025-03-25T11:30:00+00:00
0.002000, 0.04, 1.04, 2025-03-25T11:30:00+00:00, 2025-03-25T12:00:00+00:00
0.017000, 0.38, 1.04, 2025-03-25T12:00:00+00:00, 2025-03-25T12:30:00+00:00
0.006000, 0.13, 1.04, 2025-03-25T12:30:00+00:00, 2025-03-25T13:00:00+00:00
0.002000, 0.04, 1.04, 2025-03-25T13:00:00+00:00, 2025-03-25T13:30:00+00:00
0.004000, 0.08, 1.04, 2025-03-25T13:30:00+00:00, 2025-03-25T14:00:00+00:00
0.003000, 0.06, 1.04, 2025-03-25T14:00:00+00:00, 2025-03-25T14:30:00+00:00
0.126000, 2.54, 1.04, 2025-03-25T14:30:00+00:00, 2025-03-25T15:00:00+00:00
0.033000, 0.7, 1.04, 2025-03-25T15:00:00+00:00, 2025-03-25T15:30:00+00:00
0.003000, 0.06, 1.04, 2025-03-25T15:30:00+00:00, 2025-03-25T16:00:00+00:00
0.004000, 0.14, 1.04, 2025-03-25T16:00:00+00:00, 2025-03-25T16:30:00+00:00
0.005000, 0.18, 1.04, 2025-03-25T16:30:00+00:00, 2025-03-25T17:00:00+00:00
0.118000, 4.51, 1.04, 2025-03-25T17:00:00+00:00, 2025-03-25T17:30:00+00:00
0.407000, 16.62, 1.04, 2025-03-25T17:30:00+00:00, 2025-03-25T18:00:00+00:00
0.071000, 2.99, 1.04, 2025-03-25T18:00:00+00:00, 2025-03-25T18:30:00+00:00
0.005000, 0.22, 1.04, 2025-03-25T18:30:00+00:00, 2025-03-25T19:00:00+00:00
0.328000, 9.32, 1.04, 2025-03-25T19:00:00+00:00, 2025-03-25T19:30:00+00:00
0.418000, 11.21, 1.04, 2025-03-25T19:30:00+00:00, 2025-03-25T20:00:00+00:00
0.514000, 12.69, 1.04, 2025-03-25T20:00:00+00:00, 2025-03-25T20:30:00+00:00
0.377000, 8.18, 1.04, 2025-03-25T20:30:00+00:00, 2025-03-25T21:00:00+00:00
0.330000, 7.13, 1.04, 2025-03-25T21:00:00+00:00, 2025-03-25T21:30:00+00:00
0.567000, 11.42, 1.04, 2025-03-25T21:30:00+00:00, 2025-03-25T22:00:00+00:00
0.419000, 8.32, 1.04, 2025-03-25T22:00:00+00:00, 2025-03-25T22:30:00+00:00
0.261000, 5.41, 1.04, 2025-03-25T22:30:00+00:00, 2025-03-25T23:00:00+00:00
0.324000, 7.07, 1.04, 2025-03-25T23:00:00+00:00, 2025-03-25T23:30:00+00:00
0.532000, 10.27, 1.04, 2025-03-25T23:30:00+00:00, 2025-03-26T00:00:00+00:00
1.364000, 24.69, 1.04, 2025-03-26T00:00:00+00:00, 2025-03-26T00:30:00+00:00
1.340000, 25.71, 1.04, 2025-03-26T00:30:00+00:00, 2025-03-26T01:00:00+00:00
1.294000, 24.31, 1.04, 2025-03-26T01:00:00+00:00, 2025-03-26T01:30:00+00:00
1.267000, 22.35, 1.04, 2025-03-26T01:30:00+00:00, 2025-03-26T02:00:00+00:00
1.283000, 23.82, 1.04, 2025-03-26T02:00:00+00:00, 2025-03-26T02:30:00+00:00
1.314000, 23.69, 1.04, 2025-03-26T02:30:00+00:00, 2025-03-26T03:00:00+00:00
1.276000, 23.92, 1.04, 2025-03-26T03:00:00+00:00, 2025-03-26T03:30:00+00:00
1.273000, 23.86, 1.04, 2025-03-26T03:30:00+00:00, 2025-03-26T04:00:00+00:00
1.163000, 21.08, 1.04, 2025-03-26T04:00:00+00:00, 2025-03-26T04:30:00+00:00
0.335000, 5.91, 1.04, 2025-03-26T04:30:00+00:00, 2025-03-26T05:00:00+00:00
0.212000, 4.22, 1.04, 2025-03-26T05:00:00+00:00, 2025-03-26T05:30:00+00:00
0.204000, 4.38, 1.04, 2025-03-26T05:30:00+00:00, 2025-03-26T06:00:00+00:00
0.210000, 4.92, 1.04, 2025-03-26T06:00:00+00:00, 2025-03-26T06:30:00+00:00
0.705000, 19.28, 1.04, 2025-03-26T06:30:00+00:00, 2025-03-26T07:00:00+00:00
0.504000, 13.22, 1.04, 2025-03-26T07:00:00+00:00, 2025-03-26T07:30:00+00:00
0.315000, 8.03, 1.04, 2025-03-26T07:30:00+00:00, 2025-03-26T08:00:00+00:00
0.009000, 0.24, 1.04, 2025-03-26T08:00:00+00:00, 2025-03-26T08:30:00+00:00
0.061000, 1.39, 1.04, 2025-03-26T08:30:00+00:00, 2025-03-26T09:00:00+00:00
0.004000, 0.09, 1.04, 2025-03-26T09:00:00+00:00, 2025-03-26T09:30:00+00:00
0.003000, 0.06, 1.04, 2025-03-26T09:30:00+00:00, 2025-03-26T10:00:00+00:00
0.002000, 0.04, 1.04, 2025-03-26T10:00:00+00:00, 2025-03-26T10:30:00+00:00
0.004000, 0.08, 1.04, 2025-03-26T10:30:00+00:00, 2025-03-26T11:00:00+00:00
0.009000, 0.18, 1.04, 2025-03-26T11:00:00+00:00, 2025-03-26T11:30:00+00:00
0.005000, 0.1, 1.04, 2025-03-26T11:30:00+00:00, 2025-03-26T12:00:00+00:00
0.003000, 0.05, 1.04, 2025-03-26T12:00:00+00:00, 2025-03-26T12:30:00+00:00
0.000000, 0, 1.04, 2025-03-26T12:30:00+00:00, 2025-03-26T13:00:00+00:00
0.001000, 0.02, 1.04, 2025-03-26T13:00:00+00:00, 2025-03-26T13:30:00+00:00
0.000000, 0, 1.04, 2025-03-26T13:30:00+00:00, 2025-03-26T14:00:00+00:00
0.001000, 0.02, 1.04, 2025-03-26T14:00:00+00:00, 2025-03-26T14:30:00+00:00
0.000000, 0, 1.04, 2025-03-26T14:30:00+00:00, 2025-03-26T15:00:00+00:00
0.001000, 0.02, 1.04, 2025-03-26T15:00:00+00:00, 2025-03-26T15:30:00+00:00
0.010000, 0.19, 1.04, 2025-03-26T15:30:00+00:00, 2025-03-26T16:00:00+00:00
0.010000, 0.32, 1.04, 2025-03-26T16:00:00+00:00, 2025-03-26T16:30:00+00:00
0.002000, 0.06, 1.04, 2025-03-26T16:30:00+00:00, 2025-03-26T17:00:00+00:00
0.003000, 0.1, 1.04, 2025-03-26T17:00:00+00:00, 2025-03-26T17:30:00+00:00
0.002000, 0.07, 1.04, 2025-03-26T17:30:00+00:00, 2025-03-26T18:00:00+00:00
0.004000, 0.16, 1.04, 2025-03-26T18:00:00+00:00, 2025-03-26T18:30:00+00:00
0.002000, 0.08, 1.04, 2025-03-26T18:30:00+00:00, 2025-03-26T19:00:00+00:00
0.003000, 0.08, 1.04, 2025-03-26T19:00:00+00:00, 2025-03-26T19:30:00+00:00
0.003000, 0.07, 1.04, 2025-03-26T19:30:00+00:00, 2025-03-26T20:00:00+00:00
0.002000, 0.04, 1.04, 2025-03-26T20:00:00+00:00, 2025-03-26T20:30:00+00:00
0.004000, 0.07, 1.04, 2025-03-26T20:30:00+00:00, 2025-03-26T21:00:00+00:00
0.002000, 0.04, 1.04, 2025-03-26T21:00:00+00:00, 2025-03-26T21:30:00+00:00
0.003000, 0.06, 1.04, 2025-03-26T21:30:00+00:00, 2025-03-26T22:00:00+00:00
0.003000, 0.06, 1.04, 2025-03-26T22:00:00+00:00, 2025-03-26T22:30:00+00:00
0.002000, 0.04, 1.04, 2025-03-26T22:30:00+00:00, 2025-03-26T23:00:00+00:00
0.001000, 0.02, 1.04, 2025-03-26T23:00:00+00:00, 2025-03-26T23:30:00+00:00
0.002000, 0.04, 1.04, 2025-03-26T23:30:00+00:00, 2025-03-27T00:00:00+00:00
1.305000, 23.02, 1.04, 2025-03-27T00:00:00+00:00, 2025-03-27T00:30:00+00:00
1.284000, 24.32, 1.04, 2025-03-27T00:30:00+00:00, 2025-03-27T01:00:00+00:00
1.284000, 24.93, 1.04, 2025-03-27T01:00:00+00:00, 2025-03-27T01:30:00+00:00
1.271000, 22.65, 1.04, 2025-03-27T01:30:00+00:00, 2025-03-27T02:00:00+00:00
1.262000, 23.03, 1.04, 2025-03-27T02:00:00+00:00, 2025-03-27T02:30:00+00:00
0.536000, 9.81, 1.04, 2025-03-27T02:30:00+00:00, 2025-03-27T03:00:00+00:00
0.197000, 3.51, 1.04, 2025-03-27T03:00:00+00:00, 2025-03-27T03:30:00+00:00
0.221000, 3.79, 1.04, 2025-03-27T03:30:00+00:00, 2025-03-27T04:00:00+00:00
0.192000, 3.76, 1.04, 2025-03-27T04:00:00+00:00, 2025-03-27T04:30:00+00:00
0.213000, 3.99, 1.04, 2025-03-27T04:30:00+00:00, 2025-03-27T05:00:00+00:00
0.198000, 3.98, 1.04, 2025-03-27T05:00:00+00:00, 2025-03-27T05:30:00+00:00
0.222000, 4.61, 1.04, 2025-03-27T05:30:00+00:00, 2025-03-27T06:00:00+00:00
0.304000, 6.81, 1.04, 2025-03-27T06:00:00+00:00, 2025-03-27T06:30:00+00:00
0.212000, 5.52, 1.04, 2025-03-27T06:30:00+00:00, 2025-03-27T07:00:00+00:00
0.125000, 2.88, 1.04, 2025-03-27T07:00:00+00:00, 2025-03-27T07:30:00+00:00
0.058000, 1.41, 1.04, 2025-03-27T07:30:00+00:00, 2025-03-27T08:00:00+00:00
0.001000, 0.02, 1.04, 2025-03-27T08:00:00+00:00, 2025-03-27T08:30:00+00:00
0.046000, 0.95, 1.04, 2025-03-27T08:30:00+00:00, 2025-03-27T09:00:00+00:00
0.005000, 0.1, 1.04, 2025-03-27T09:00:00+00:00, 2025-03-27T09:30:00+00:00
0.008000, 0.14, 1.04, 2025-03-27T09:30:00+00:00, 2025-03-27T10:00:00+00:00
0.005000, 0.09, 1.04, 2025-03-27T10:00:00+00:00, 2025-03-27T10:30:00+00:00
0.001000, 0.02, 1.04, 2025-03-27T10:30:00+00:00, 2025-03-27T11:00:00+00:00
0.001000, 0.02, 1.04, 2025-03-27T11:00:00+00:00, 2025-03-27T11:30:00+00:00
0.002000, 0.04, 1.04, 2025-03-27T11:30:00+00:00, 2025-03-27T12:00:00+00:00
0.013000, 0.22, 1.04, 2025-03-27T12:00:00+00:00, 2025-03-27T12:30:00+00:00
0.007000, 0.1, 1.04, 2025-03-27T12:30:00+00:00, 2025-03-27T13:00:00+00:00
0.002000, 0.03, 1.04, 2025-03-27T13:00:00+00:00, 2025-03-27T13:30:00+00:00
0.002000, 0.03, 1.04, 2025-03-27T13:30:00+00:00, 2025-03-27T14:00:00+00:00
0.003000, 0.04, 1.04, 2025-03-27T14:00:00+00:00, 2025-03-27T14:30:00+00:00
0.011000, 0.15, 1.04, 2025-03-27T14:30:00+00:00, 2025-03-27T15:00:00+00:00
0.005000, 0.08, 1.04, 2025-03-27T15:00:00+00:00, 2025-03-27T15:30:00+00:00
0.004000, 0.07, 1.04, 2025-03-27T15:30:00+00:00, 2025-03-27T16:00:00+00:00
0.002000, 0.06, 1.04, 2025-03-27T16:00:00+00:00, 2025-03-27T16:30:00+00:00
0.003000, 0.1, 1.04, 2025-03-27T16:30:00+00:00, 2025-03-27T17:00:00+00:00
0.058000, 2.03, 1.04, 2025-03-27T17:00:00+00:00, 2025-03-27T17:30:00+00:00
0.003000, 0.11, 1.04, 2025-03-27T17:30:00+00:00, 2025-03-27T18:00:00+00:00
0.002000, 0.08, 1.04, 2025-03-27T18:00:00+00:00, 2025-03-27T18:30:00+00:00
0.003000, 0.12, 1.04, 2025-03-27T18:30:00+00:00, 2025-03-27T19:00:00+00:00
0.005000, 0.13, 1.04, 2025-03-27T19:00:00+00:00, 2025-03-27T19:30:00+00:00
0.004000, 0.1, 1.04, 2025-03-27T19:30:00+00:00, 2025-03-27T20:00:00+00:00
0.010000, 0.22, 1.04, 2025-03-27T20:00:00+00:00, 2025-03-27T20:30:00+00:00
0.010000, 0.19, 1.04, 2025-03-27T20:30:00+00:00, 2025-03-27T21:00:00+00:00
0.002000, 0.04, 1.04, 2025-03-27T21:00:00+00:00, 2025-03-27T21:30:00+00:00
0.020000, 0.41, 1.04, 2025-03-27T21:30:00+00:00, 2025-03-27T22:00:00+00:00
0.002000, 0.04, 1.04, 2025-03-27T22:00:00+00:00, 2025-03-27T22:30:00+00:00
0.002000, 0.03, 1.04, 2025-03-27T22:30:00+00:00, 2025-03-27T23:00:00+00:00
0.002000, 0.03, 1.04, 2025-03-27T23:00:00+00:00, 2025-03-27T23:30:00+00:00
0.002000, 0.02, 1.04, 2025-03-27T23:30:00+00:00, 2025-03-28T00:00:00+00:00
1.286000, 12.48, 1.04, 2025-03-28T00:00:00+00:00, 2025-03-28T00:30:00+00:00
1.274000, 17.7, 1.04, 2025-03-28T00:30:00+00:00, 2025-03-28T01:00:00+00:00
1.314000, 17.01, 1.04, 2025-03-28T01:00:00+00:00, 2025-03-28T01:30:00+00:00
1.311000, 15.9, 1.04, 2025-03-28T01:30:00+00:00, 2025-03-28T02:00:00+00:00
1.257000, 14.97, 1.04, 2025-03-28T02:00:00+00:00, 2025-03-28T02:30:00+00:00
1.322000, 14.46, 1.04, 2025-03-28T02:30:00+00:00, 2025-03-28T03:00:00+00:00
0.681000, 7.63, 1.04, 2025-03-28T03:00:00+00:00, 2025-03-28T03:30:00+00:00
0.266000, 2.88, 1.04, 2025-03-28T03:30:00+00:00, 2025-03-28T04:00:00+00:00
0.232000, 2.66, 1.04, 2025-03-28T04:00:00+00:00, 2025-03-28T04:30:00+00:00
0.226000, 2.38, 1.04, 2025-03-28T04:30:00+00:00, 2025-03-28T05:00:00+00:00
0.207000, 3.06, 1.04, 2025-03-28T05:00:00+00:00, 2025-03-28T05:30:00+00:00
0.223000, 3.79, 1.04, 2025-03-28T05:30:00+00:00, 2025-03-28T06:00:00+00:00
0.196000, 3.48, 1.04, 2025-03-28T06:00:00+00:00, 2025-03-28T06:30:00+00:00
0.174000, 4.36, 1.04, 2025-03-28T06:30:00+00:00, 2025-03-28T07:00:00+00:00
0.203000, 3.14, 1.04, 2025-03-28T07:00:00+00:00, 2025-03-28T07:30:00+00:00
0.213000, 3.48, 1.04, 2025-03-28T07:30:00+00:00, 2025-03-28T08:00:00+00:00
0.037000, 0.61, 1.04, 2025-03-28T08:00:00+00:00, 2025-03-28T08:30:00+00:00
0.024000, 0.32, 1.04, 2025-03-28T08:30:00+00:00, 2025-03-28T09:00:00+00:00
0.009000, 0.12, 1.04, 2025-03-28T09:00:00+00:00, 2025-03-28T09:30:00+00:00
0.011000, 0.13, 1.04, 2025-03-28T09:30:00+00:00, 2025-03-28T10:00:00+00:00
0.011000, 0.1, 1.04, 2025-03-28T10:00:00+00:00, 2025-03-28T10:30:00+00:00
0.016000, 0.13, 1.04, 2025-03-28T10:30:00+00:00, 2025-03-28T11:00:00+00:00
0.015000, 0.08, 1.04, 2025-03-28T11:00:00+00:00, 2025-03-28T11:30:00+00:00
0.002000, 0.01, 1.04, 2025-03-28T11:30:00+00:00, 2025-03-28T12:00:00+00:00
0.004000, 0.02, 1.04, 2025-03-28T12:00:00+00:00, 2025-03-28T12:30:00+00:00
0.014000, 0.07, 1.04, 2025-03-28T12:30:00+00:00, 2025-03-28T13:00:00+00:00
0.010000, 0.05, 1.04, 2025-03-28T13:00:00+00:00, 2025-03-28T13:30:00+00:00
0.003000, 0.02, 1.04, 2025-03-28T13:30:00+00:00, 2025-03-28T14:00:00+00:00
0.004000, 0.04, 1.04, 2025-03-28T14:00:00+00:00, 2025-03-28T14:30:00+00:00
0.003000, 0.04, 1.04, 2025-03-28T14:30:00+00:00, 2025-03-28T15:00:00+00:00
0.004000, 0.06, 1.04, 2025-03-28T15:00:00+00:00, 2025-03-28T15:30:00+00:00
0.002000, 0.03, 1.04, 2025-03-28T15:30:00+00:00, 2025-03-28T16:00:00+00:00
0.004000, 0.13, 1.04, 2025-03-28T16:00:00+00:00, 2025-03-28T16:30:00+00:00
0.003000, 0.1, 1.04, 2025-03-28T16:30:00+00:00, 2025-03-28T17:00:00+00:00
0.004000, 0.14, 1.04, 2025-03-28T17:00:00+00:00, 2025-03-28T17:30:00+00:00
0.002000, 0.07, 1.04, 2025-03-28T17:30:00+00:00, 2025-03-28T18:00:00+00:00
0.059000, 2.18, 1.04, 2025-03-28T18:00:00+00:00, 2025-03-28T18:30:00+00:00
0.006000, 0.23, 1.04, 2025-03-28T18:30:00+00:00, 2025-03-28T19:00:00+00:00
0.003000, 0.08, 1.04, 2025-03-28T19:00:00+00:00, 2025-03-28T19:30:00+00:00
0.002000, 0.05, 1.04, 2025-03-28T19:30:00+00:00, 2025-03-28T20:00:00+00:00
0.004000, 0.09, 1.04, 2025-03-28T20:00:00+00:00, 2025-03-28T20:30:00+00:00
0.005000, 0.1, 1.04, 2025-03-28T20:30:00+00:00, 2025-03-28T21:00:00+00:00
0.002000, 0.04, 1.04, 2025-03-28T21:00:00+00:00, 2025-03-28T21:30:00+00:00
0.005000, 0.1, 1.04, 2025-03-28T21:30:00+00:00, 2025-03-28T22:00:00+00:00
0.022000, 0.43, 1.04, 2025-03-28T22:00:00+00:00, 2025-03-28T22:30:00+00:00
0.002000, 0.04, 1.04, 2025-03-28T22:30:00+00:00, 2025-03-28T23:00:00+00:00
0.002000, 0.04, 1.04, 2025-03-28T23:00:00+00:00, 2025-03-28T23:30:00+00:00
0.003000, 0.06, 1.04, 2025-03-28T23:30:00+00:00, 2025-03-29T00:00:00+00:00
1.288000, 23.91, 1.04, 2025-03-29T00:00:00+00:00, 2025-03-29T00:30:00+00:00
1.303000, 26.43, 1.04, 2025-03-29T00:30:00+00:00, 2025-03-29T01:00:00+00:00
1.296000, 24.86, 1.04, 2025-03-29T01:00:00+00:00, 2025-03-29T01:30:00+00:00
1.293000, 22.89, 1.04, 2025-03-29T01:30:00+00:00, 2025-03-29T02:00:00+00:00
1.260000, 22.78, 1.04, 2025-03-29T02:00:00+00:00, 2025-03-29T02:30:00+00:00
1.289000, 20.98, 1.04, 2025-03-29T02:30:00+00:00, 2025-03-29T03:00:00+00:00
1.159000, 21.24, 1.04, 2025-03-29T03:00:00+00:00, 2025-03-29T03:30:00+00:00
0.321000, 5.85, 1.04, 2025-03-29T03:30:00+00:00, 2025-03-29T04:00:00+00:00
0.227000, 4.2, 1.04, 2025-03-29T04:00:00+00:00, 2025-03-29T04:30:00+00:00
0.215000, 3.89, 1.04, 2025-03-29T04:30:00+00:00, 2025-03-29T05:00:00+00:00
0.215000, 4.18, 1.04, 2025-03-29T05:00:00+00:00, 2025-03-29T05:30:00+00:00
0.235000, 4.66, 1.04, 2025-03-29T05:30:00+00:00, 2025-03-29T06:00:00+00:00
0.184000, 3.94, 1.04, 2025-03-29T06:00:00+00:00, 2025-03-29T06:30:00+00:00
0.123000, 2.78, 1.04, 2025-03-29T06:30:00+00:00, 2025-03-29T07:00:00+00:00
0.105000, 2.42, 1.04, 2025-03-29T07:00:00+00:00, 2025-03-29T07:30:00+00:00
0.211000, 4.63, 1.04, 2025-03-29T07:30:00+00:00, 2025-03-29T08:00:00+00:00
0.007000, 0.15, 1.04, 2025-03-29T08:00:00+00:00, 2025-03-29T08:30:00+00:00
0.005000, 0.09, 1.04, 2025-03-29T08:30:00+00:00, 2025-03-29T09:00:00+00:00
0.004000, 0.08, 1.04, 2025-03-29T09:00:00+00:00, 2025-03-29T09:30:00+00:00
0.019000, 0.34, 1.04, 2025-03-29T09:30:00+00:00, 2025-03-29T10:00:00+00:00
0.029000, 0.53, 1.04, 2025-03-29T10:00:00+00:00, 2025-03-29T10:30:00+00:00
0.002000, 0.03, 1.04, 2025-03-29T10:30:00+00:00, 2025-03-29T11:00:00+00:00
0.003000, 0.05, 1.04, 2025-03-29T11:00:00+00:00, 2025-03-29T11:30:00+00:00
0.006000, 0.06, 1.04, 2025-03-29T11:30:00+00:00, 2025-03-29T12:00:00+00:00
0.014000, 0.03, 1.04, 2025-03-29T12:00:00+00:00, 2025-03-29T12:30:00+00:00
0.008000, 0, 1.04, 2025-03-29T12:30:00+00:00, 2025-03-29T13:00:00+00:00
0.020000, 0.1, 1.04, 2025-03-29T13:00:00+00:00, 2025-03-29T13:30:00+00:00
0.005000, 0.01, 1.04, 2025-03-29T13:30:00+00:00, 2025-03-29T14:00:00+00:00
0.002000, 0.01, 1.04, 2025-03-29T14:00:00+00:00, 2025-03-29T14:30:00+00:00
0.003000, 0.02, 1.04, 2025-03-29T14:30:00+00:00, 2025-03-29T15:00:00+00:00
0.003000, 0.02, 1.04, 2025-03-29T15:00:00+00:00, 2025-03-29T15:30:00+00:00
0.002000, 0.02, 1.04, 2025-03-29T15:30:00+00:00, 2025-03-29T16:00:00+00:00
0.003000, 0.07, 1.04, 2025-03-29T16:00:00+00:00, 2025-03-29T16:30:00+00:00
0.005000, 0.14, 1.04, 2025-03-29T16:30:00+00:00, 2025-03-29T17:00:00+00:00
0.006000, 0.19, 1.04, 2025-03-29T17:00:00+00:00, 2025-03-29T17:30:00+00:00
0.156000, 4.88, 1.04, 2025-03-29T17:30:00+00:00, 2025-03-29T18:00:00+00:00
0.003000, 0.09, 1.04, 2025-03-29T18:00:00+00:00, 2025-03-29T18:30:00+00:00
0.002000, 0.06, 1.04, 2025-03-29T18:30:00+00:00, 2025-03-29T19:00:00+00:00
0.012000, 0.24, 1.04, 2025-03-29T19:00:00+00:00, 2025-03-29T19:30:00+00:00
0.004000, 0.07, 1.04, 2025-03-29T19:30:00+00:00, 2025-03-29T20:00:00+00:00
0.003000, 0.05, 1.04, 2025-03-29T20:00:00+00:00, 2025-03-29T20:30:00+00:00
0.005000, 0.07, 1.04, 2025-03-29T20:30:00+00:00, 2025-03-29T21:00:00+00:00
0.004000, 0.06, 1.04, 2025-03-29T21:00:00+00:00, 2025-03-29T21:30:00+00:00
0.003000, 0.03, 1.04, 2025-03-29T21:30:00+00:00, 2025-03-29T22:00:00+00:00
0.003000, 0.03, 1.04, 2025-03-29T22:00:00+00:00, 2025-03-29T22:30:00+00:00
0.005000, 0.03, 1.04, 2025-03-29T22:30:00+00:00, 2025-03-29T23:00:00+00:00
0.002000, 0.01, 1.04, 2025-03-29T23:00:00+00:00, 2025-03-29T23:30:00+00:00
0.002000, 0, 1.04, 2025-03-29T23:30:00+00:00, 2025-03-30T00:00:00+00:00
1.205000, -2.66, 1.04, 2025-03-30T00:00:00+00:00, 2025-03-30T00:30:00+00:00
1.237000, 3.47, 1.04, 2025-03-30T00:30:00+00:00, 2025-03-30T02:00:00+01:00
1.218000, 0.29, 1.04, 2025-03-30T02:00:00+01:00, 2025-03-30T02:30:00+01:00
1.205000, -2.95, 1.04, 2025-03-30T02:30:00+01:00, 2025-03-30T03:00:00+01:00
1.302000, -2.87, 1.04, 2025-03-30T03:00:00+01:00, 2025-03-30T03:30:00+01:00
1.253000, -5.53, 1.04, 2025-03-30T03:30:00+01:00, 2025-03-30T04:00:00+01:00
1.259000, -5.55, 1.04, 2025-03-30T04:00:00+01:00, 2025-03-30T04:30:00+01:00
1.214000, -6.48, 1.04, 2025-03-30T04:30:00+01:00, 2025-03-30T05:00:00+01:00
1.078000, -3.35, 1.04, 2025-03-30T05:00:00+01:00, 2025-03-30T05:30:00+01:00
0.277000, -0.61, 1.04, 2025-03-30T05:30:00+01:00, 2025-03-30T06:00:00+01:00
0.220000, 0.49, 1.04, 2025-03-30T06:00:00+01:00, 2025-03-30T06:30:00+01:00
0.246000, 0.54, 1.04, 2025-03-30T06:30:00+01:00, 2025-03-30T07:00:00+01:00
0.194000, -0.16, 1.04, 2025-03-30T07:00:00+01:00, 2025-03-30T07:30:00+01:00
0.186000, 0.07, 1.04, 2025-03-30T07:30:00+01:00, 2025-03-30T08:00:00+01:00
0.008000, 0, 1.04, 2025-03-30T08:00:00+01:00, 2025-03-30T08:30:00+01:00
0.003000, 0.01, 1.04, 2025-03-30T08:30:00+01:00, 2025-03-30T09:00:00+01:00
0.010000, 0, 1.04, 2025-03-30T09:00:00+01:00, 2025-03-30T09:30:00+01:00
0.008000, -0.02, 1.04, 2025-03-30T09:30:00+01:00, 2025-03-30T10:00:00+01:00
0.005000, -0.01, 1.04, 2025-03-30T10:00:00+01:00, 2025-03-30T10:30:00+01:00
0.021000, -0.03, 1.04, 2025-03-30T10:30:00+01:00, 2025-03-30T11:00:00+01:00
0.022000, -0.08, 1.04, 2025-03-30T11:00:00+01:00, 2025-03-30T11:30:00+01:00
0.012000, -0.02, 1.04, 2025-03-30T11:30:00+01:00, 2025-03-30T12:00:00+01:00
0.003000, 0, 1.04, 2025-03-30T12:00:00+01:00, 2025-03-30T12:30:00+01:00
0.000000, 0, 1.04, 2025-03-30T12:30:00+01:00, 2025-03-30T13:00:00+01:00
0.000000, 0, 1.04, 2025-03-30T13:00:00+01:00, 2025-03-30T13:30:00+01:00
0.001000, 0, 1.04, 2025-03-30T13:30:00+01:00, 2025-03-30T14:00:00+01:00
0.000000, 0, 1.04, 2025-03-30T14:00:00+01:00, 2025-03-30T14:30:00+01:00
0.001000, 0, 1.04, 2025-03-30T14:30:00+01:00, 2025-03-30T15:00:00+01:00
0.000000, 0, 1.04, 2025-03-30T15:00:00+01:00, 2025-03-30T15:30:00+01:00
0.000000, 0, 1.04, 2025-03-30T15:30:00+01:00, 2025-03-30T16:00:00+01:00
0.002000, 0.04, 1.04, 2025-03-30T16:00:00+01:00, 2025-03-30T16:30:00+01:00
0.003000, 0.08, 1.04, 2025-03-30T16:30:00+01:00, 2025-03-30T17:00:00+01:00
0.002000, 0.06, 1.04, 2025-03-30T17:00:00+01:00, 2025-03-30T17:30:00+01:00
0.002000, 0.07, 1.04, 2025-03-30T17:30:00+01:00, 2025-03-30T18:00:00+01:00
0.002000, 0.06, 1.04, 2025-03-30T18:00:00+01:00, 2025-03-30T18:30:00+01:00
0.001000, 0.03, 1.04, 2025-03-30T18:30:00+01:00, 2025-03-30T19:00:00+01:00
0.003000, 0.06, 1.04, 2025-03-30T19:00:00+01:00, 2025-03-30T19:30:00+01:00
0.050000, 1.18, 1.04, 2025-03-30T19:30:00+01:00, 2025-03-30T20:00:00+01:00
0.017000, 0.43, 1.04, 2025-03-30T20:00:00+01:00, 2025-03-30T20:30:00+01:00
0.003000, 0.07, 1.04, 2025-03-30T20:30:00+01:00, 2025-03-30T21:00:00+01:00
0.002000, 0.05, 1.04, 2025-03-30T21:00:00+01:00, 2025-03-30T21:30:00+01:00
0.003000, 0.07, 1.04, 2025-03-30T21:30:00+01:00, 2025-03-30T22:00:00+01:00
0.002000, 0.04, 1.04, 2025-03-30T22:00:00+01:00, 2025-03-30T22:30:00+01:00
0.002000, 0.03, 1.04, 2025-03-30T22:30:00+01:00, 2025-03-30T23:00:00+01:00
0.001000, 0.02, 1.04, 2025-03-30T23:00:00+01:00, 2025-03-30T23:30:00+01:00
0.002000, 0.04, 1.04, 2025-03-30T23:30:00+01:00, 2025-03-31T00:00:00+01:00
1.263000, 25.4, 1.04, 2025-03-31T00:00:00+01:00, 2025-03-31T00:30:00+01:00
1.286000, 25.41, 1.04, 2025-03-31T00:30:00+01:00, 2025-03-31T01:00:00+01:00
1.262000, 27.16, 1.04, 2025-03-31T01:00:00+01:00, 2025-03-31T01:30:00+01:00
1.223000, 29.23, 1.04, 2025-03-31T01:30:00+01:00, 2025-03-31T02:00:00+01:00
0.429000, 9.5, 1.04, 2025-03-31T02:00:00+01:00, 2025-03-31T02:30:00+01:00
0.194000, 4.12, 1.04, 2025-03-31T02:30:00+01:00, 2025-03-31T03:00:00+01:00
0.190000, 3.98, 1.04, 2025-03-31T03:00:00+01:00, 2025-03-31T03:30:00+01:00
0.197000, 3.87, 1.04, 2025-03-31T03:30:00+01:00, 2025-03-31T04:00:00+01:00
0.230000, 4.37, 1.04, 2025-03-31T04:00:00+01:00, 2025-03-31T04:30:00+01:00
0.191000, 3.16, 1.04, 2025-03-31T04:30:00+01:00, 2025-03-31T05:00:00+01:00
0.198000, 3.6, 1.04, 2025-03-31T05:00:00+01:00, 2025-03-31T05:30:00+01:00
0.211000, 3.54, 1.04, 2025-03-31T05:30:00+01:00, 2025-03-31T06:00:00+01:00
0.233000, 5.97, 1.04, 2025-03-31T06:00:00+01:00, 2025-03-31T06:30:00+01:00
0.275000, 7.66, 1.04, 2025-03-31T06:30:00+01:00, 2025-03-31T07:00:00+01:00
0.222000, 6.55, 1.04, 2025-03-31T07:00:00+01:00, 2025-03-31T07:30:00+01:00
0.266000, 8.11, 1.04, 2025-03-31T07:30:00+01:00, 2025-03-31T08:00:00+01:00
0.009000, 0.27, 1.04, 2025-03-31T08:00:00+01:00, 2025-03-31T08:30:00+01:00
0.003000, 0.08, 1.04, 2025-03-31T08:30:00+01:00, 2025-03-31T09:00:00+01:00
0.002000, 0.05, 1.04, 2025-03-31T09:00:00+01:00, 2025-03-31T09:30:00+01:00
0.003000, 0.07, 1.04, 2025-03-31T09:30:00+01:00, 2025-03-31T10:00:00+01:00
0.002000, 0.04, 1.04, 2025-03-31T10:00:00+01:00, 2025-03-31T10:30:00+01:00
0.003000, 0.06, 1.04, 2025-03-31T10:30:00+01:00, 2025-03-31T11:00:00+01:00
0.005000, 0.09, 1.04, 2025-03-31T11:00:00+01:00, 2025-03-31T11:30:00+01:00
0.002000, 0.04, 1.04, 2025-03-31T11:30:00+01:00, 2025-03-31T12:00:00+01:00
0.009000, 0.17, 1.04, 2025-03-31T12:00:00+01:00, 2025-03-31T12:30:00+01:00
0.005000, 0.09, 1.04, 2025-03-31T12:30:00+01:00, 2025-03-31T13:00:00+01:00
0.003000, 0.05, 1.04, 2025-03-31T13:00:00+01:00, 2025-03-31T13:30:00+01:00
0.005000, 0.08, 1.04, 2025-03-31T13:30:00+01:00, 2025-03-31T14:00:00+01:00
0.005000, 0.08, 1.04, 2025-03-31T14:00:00+01:00, 2025-03-31T14:30:00+01:00
0.002000, 0.03, 1.04, 2025-03-31T14:30:00+01:00, 2025-03-31T15:00:00+01:00
0.004000, 0.07, 1.04, 2025-03-31T15:00:00+01:00, 2025-03-31T15:30:00+01:00
0.004000, 0.07, 1.04, 2025-03-31T15:30:00+01:00, 2025-03-31T16:00:00+01:00
0.003000, 0.09, 1.04, 2025-03-31T16:00:00+01:00, 2025-03-31T16:30:00+01:00
0.002000, 0.06, 1.04, 2025-03-31T16:30:00+01:00, 2025-03-31T17:00:00+01:00
0.003000, 0.1, 1.04, 2025-03-31T17:00:00+01:00, 2025-03-31T17:30:00+01:00
0.003000, 0.11, 1.04, 2025-03-31T17:30:00+01:00, 2025-03-31T18:00:00+01:00
0.004000, 0.17, 1.04, 2025-03-31T18:00:00+01:00, 2025-03-31T18:30:00+01:00
0.002000, 0.08, 1.04, 2025-03-31T18:30:00+01:00, 2025-03-31T19:00:00+01:00
0.003000, 0.09, 1.04, 2025-03-31T19:00:00+01:00, 2025-03-31T19:30:00+01:00
0.002000, 0.06, 1.04, 2025-03-31T19:30:00+01:00, 2025-03-31T20:00:00+01:00
0.011000, 0.31, 1.04, 2025-03-31T20:00:00+01:00, 2025-03-31T20:30:00+01:00
0.004000, 0.1, 1.04, 2025-03-31T20:30:00+01:00, 2025-03-31T21:00:00+01:00
0.002000, 0.05, 1.04, 2025-03-31T21:00:00+01:00, 2025-03-31T21:30:00+01:00
0.025000, 0.47, 1.04, 2025-03-31T21:30:00+01:00, 2025-03-31T22:00:00+01:00
0.002000, 0.04, 1.04, 2025-03-31T22:00:00+01:00, 2025-03-31T22:30:00+01:00
0.002000, 0.03, 1.04, 2025-03-31T22:30:00+01:00, 2025-03-31T23:00:00+01:00
0.001000, 0.02, 1.04, 2025-03-31T23:00:00+01:00, 2025-03-31T23:30:00+01:00
0.002000, 0.04, 1.04, 2025-03-31T23:30:00+01:00, 2025-03-31T23:59:59.999000+01:00
