Consumption (kwh), Estimated Cost Inc. Tax (p), Standing Charge Inc. Tax (p), Start, End
1.312000, 14.46, 1.04, 2025-12-01T00:00:00+00:00, 2025-12-01T00:30:00+00:00
1.301000, 16.65, 1.04, 2025-12-01T00:30:00+00:00, 2025-12-01T01:00:00+00:00
1.292000, 17.3, 1.04, 2025-12-01T01:00:00+00:00, 2025-12-01T01:30:00+00:00
1.333000, 14.84, 1.04, 2025-12-01T01:30:00+00:00, 2025-12-01T02:00:00+00:00
1.289000, 15.2, 1.04, 2025-12-01T02:00:00+00:00, 2025-12-01T02:30:00+00:00
1.273000, 15.72, 1.04, 2025-12-01T02:30:00+00:00, 2025-12-01T03:00:00+00:00
1.295000, 13.99, 1.04, 2025-12-01T03:00:00+00:00, 2025-12-01T03:30:00+00:00
1.268000, 14.1, 1.04, 2025-12-01T03:30:00+00:00, 2025-12-01T04:00:00+00:00
1.124000, 13.89, 1.04, 2025-12-01T04:00:00+00:00, 2025-12-01T04:30:00+00:00
0.306000, 3.28, 1.04, 2025-12-01T04:30:00+00:00, 2025-12-01T05:00:00+00:00
0.223000, 2.95, 1.04, 2025-12-01T05:00:00+00:00, 2025-12-01T05:30:00+00:00
0.208000, 3.14, 1.04, 2025-12-01T05:30:00+00:00, 2025-12-01T06:00:00+00:00
0.190000, 3.27, 1.04, 2025-12-01T06:00:00+00:00, 2025-12-01T06:30:00+00:00
0.209000, 3.59, 1.04, 2025-12-01T06:30:00+00:00, 2025-12-01T07:00:00+00:00
0.208000, 3.51, 1.04, 2025-12-01T07:00:00+00:00, 2025-12-01T07:30:00+00:00
0.403000, 8, 1.04, 2025-12-01T07:30:00+00:00, 2025-12-01T08:00:00+00:00
0.655000, 11.7, 1.04, 2025-12-01T08:00:00+00:00, 2025-12-01T08:30:00+00:00
0.921000, 17.79, 1.04, 2025-12-01T08:30:00+00:00, 2025-12-01T09:00:00+00:00
0.845000, 14.9, 1.04, 2025-12-01T09:00:00+00:00, 2025-12-01T09:30:00+00:00
0.367000, 6.7, 1.04, 2025-12-01T09:30:00+00:00, 2025-12-01T10:00:00+00:00
0.541000, 9.74, 1.04, 2025-12-01T10:00:00+00:00, 2025-12-01T10:30:00+00:00
0.022000, 0.41, 1.04, 2025-12-01T10:30:00+00:00, 2025-12-01T11:00:00+00:00
0.003000, 0.06, 1.04, 2025-12-01T11:00:00+00:00, 2025-12-01T11:30:00+00:00
0.005000, 0.09, 1.04, 2025-12-01T11:30:00+00:00, 2025-12-01T12:00:00+00:00
0.003000, 0.06, 1.04, 2025-12-01T12:00:00+00:00, 2025-12-01T12:30:00+00:00
0.008000, 0.15, 1.04, 2025-12-01T12:30:00+00:00, 2025-12-01T13:00:00+00:00
0.014000, 0.28, 1.04, 2025-12-01T13:00:00+00:00, 2025-12-01T13:30:00+00:00
0.003000, 0.06, 1.04, 2025-12-01T13:30:00+00:00, 2025-12-01T14:00:00+00:00
0.003000, 0.06, 1.04, 2025-12-01T14:00:00+00:00, 2025-12-01T14:30:00+00:00
0.003000, 0.06, 1.04, 2025-12-01T14:30:00+00:00, 2025-12-01T15:00:00+00:00
0.003000, 0.06, 1.04, 2025-12-01T15:00:00+00:00, 2025-12-01T15:30:00+00:00
0.003000, 0.06, 1.04, 2025-12-01T15:30:00+00:00, 2025-12-01T16:00:00+00:00
0.002000, 0.06, 1.04, 2025-12-01T16:00:00+00:00, 2025-12-01T16:30:00+00:00
0.004000, 0.14, 1.04, 2025-12-01T16:30:00+00:00, 2025-12-01T17:00:00+00:00
0.005000, 0.16, 1.04, 2025-12-01T17:00:00+00:00, 2025-12-01T17:30:00+00:00
0.058000, 1.91, 1.04, 2025-12-01T17:30:00+00:00, 2025-12-01T18:00:00+00:00
0.005000, 0.17, 1.04, 2025-12-01T18:00:00+00:00, 2025-12-01T18:30:00+00:00
0.003000, 0.09, 1.04, 2025-12-01T18:30:00+00:00, 2025-12-01T19:00:00+00:00
0.004000, 0.07, 1.04, 2025-12-01T19:00:00+00:00, 2025-12-01T19:30:00+00:00
0.002000, 0.04, 1.04, 2025-12-01T19:30:00+00:00, 2025-12-01T20:00:00+00:00
0.037000, 0.67, 1.04, 2025-12-01T20:00:00+00:00, 2025-12-01T20:30:00+00:00
0.555000, 9.74, 1.04, 2025-12-01T20:30:00+00:00, 2025-12-01T21:00:00+00:00
0.368000, 6.82, 1.04, 2025-12-01T21:00:00+00:00, 2025-12-01T21:30:00+00:00
0.393000, 6.24, 1.04, 2025-12-01T21:30:00+00:00, 2025-12-01T22:00:00+00:00
0.342000, 5.13, 1.04, 2025-12-01T22:00:00+00:00, 2025-12-01T22:30:00+00:00
0.247000, 2.98, 1.04, 2025-12-01T22:30:00+00:00, 2025-12-01T23:00:00+00:00
0.232000, 3.66, 1.04, 2025-12-01T23:00:00+00:00, 2025-12-01T23:30:00+00:00
0.327000, 4, 1.04, 2025-12-01T23:30:00+00:00, 2025-12-02T00:00:00+00:00
1.334000, 16.02, 1.04, 2025-12-02T00:00:00+00:00, 2025-12-02T00:30:00+00:00
1.284000, 16.16, 1.04, 2025-12-02T00:30:00+00:00, 2025-12-02T01:00:00+00:00
1.306000, 16.7, 1.04, 2025-12-02T01:00:00+00:00, 2025-12-02T01:30:00+00:00
1.288000, 14.74, 1.04, 2025-12-02T01:30:00+00:00, 2025-12-02T02:00:00+00:00
1.318000, 15.86, 1.04, 2025-12-02T02:00:00+00:00, 2025-12-02T02:30:00+00:00
1.304000, 14.83, 1.04, 2025-12-02T02:30:00+00:00, 2025-12-02T03:00:00+00:00
1.312000, 15.79, 1.04, 2025-12-02T03:00:00+00:00, 2025-12-02T03:30:00+00:00
1.288000, 13.52, 1.04, 2025-12-02T03:30:00+00:00, 2025-12-02T04:00:00+00:00
1.095000, 12.68, 1.04, 2025-12-02T04:00:00+00:00, 2025-12-02T04:30:00+00:00
0.302000, 3.46, 1.04, 2025-12-02T04:30:00+00:00, 2025-12-02T05:00:00+00:00
0.193000, 2.58, 1.04, 2025-12-02T05:00:00+00:00, 2025-12-02T05:30:00+00:00
0.227000, 3.09, 1.04, 2025-12-02T05:30:00+00:00, 2025-12-02T06:00:00+00:00
0.215000, 3.53, 1.04, 2025-12-02T06:00:00+00:00, 2025-12-02T06:30:00+00:00
0.249000, 4.06, 1.04, 2025-12-02T06:30:00+00:00, 2025-12-02T07:00:00+00:00
0.227000, 3.8, 1.04, 2025-12-02T07:00:00+00:00, 2025-12-02T07:30:00+00:00
0.393000, 7.37, 1.04, 2025-12-02T07:30:00+00:00, 2025-12-02T08:00:00+00:00
0.729000, 12.93, 1.04, 2025-12-02T08:00:00+00:00, 2025-12-02T08:30:00+00:00
0.367000, 6.72, 1.04, 2025-12-02T08:30:00+00:00, 2025-12-02T09:00:00+00:00
0.338000, 5.97, 1.04, 2025-12-02T09:00:00+00:00, 2025-12-02T09:30:00+00:00
0.271000, 4.64, 1.04, 2025-12-02T09:30:00+00:00, 2025-12-02T10:00:00+00:00
0.260000, 4.22, 1.04, 2025-12-02T10:00:00+00:00, 2025-12-02T10:30:00+00:00
0.012000, 0.19, 1.04, 2025-12-02T10:30:00+00:00, 2025-12-02T11:00:00+00:00
0.003000, 0.05, 1.04, 2025-12-02T11:00:00+00:00, 2025-12-02T11:30:00+00:00
0.003000, 0.05, 1.04, 2025-12-02T11:30:00+00:00, 2025-12-02T12:00:00+00:00
0.004000, 0.07, 1.04, 2025-12-02T12:00:00+00:00, 2025-12-02T12:30:00+00:00
0.022000, 0.37, 1.04, 2025-12-02T12:30:00+00:00, 2025-12-02T13:00:00+00:00
0.004000, 0.07, 1.04, 2025-12-02T13:00:00+00:00, 2025-12-02T13:30:00+00:00
0.003000, 0.05, 1.04, 2025-12-02T13:30:00+00:00, 2025-12-02T14:00:00+00:00
0.004000, 0.07, 1.04, 2025-12-02T14:00:00+00:00, 2025-12-02T14:30:00+00:00
0.015000, 0.27, 1.04, 2025-12-02T14:30:00+00:00, 2025-12-02T15:00:00+00:00
0.009000, 0.17, 1.04, 2025-12-02T15:00:00+00:00, 2025-12-02T15:30:00+00:00
0.008000, 0.16, 1.04, 2025-12-02T15:30:00+00:00, 2025-12-02T16:00:00+00:00
0.003000, 0.1, 1.04, 2025-12-02T16:00:00+00:00, 2025-12-02T16:30:00+00:00
0.002000, 0.08, 1.04, 2025-12-02T16:30:00+00:00, 2025-12-02T17:00:00+00:00
0.009000, 0.33, 1.04, 2025-12-02T17:00:00+00:00, 2025-12-02T17:30:00+00:00
0.013000, 0.48, 1.04, 2025-12-02T17:30:00+00:00, 2025-12-02T18:00:00+00:00
0.004000, 0.14, 1.04, 2025-12-02T18:00:00+00:00, 2025-12-02T18:30:00+00:00
0.005000, 0.18, 1.04, 2025-12-02T18:30:00+00:00, 2025-12-02T19:00:00+00:00
0.003000, 0.07, 1.04, 2025-12-02T19:00:00+00:00, 2025-12-02T19:30:00+00:00
0.005000, 0.1, 1.04, 2025-12-02T19:30:00+00:00, 2025-12-02T20:00:00+00:00
0.004000, 0.07, 1.04, 2025-12-02T20:00:00+00:00, 2025-12-02T20:30:00+00:00
0.010000, 0.18, 1.04, 2025-12-02T20:30:00+00:00, 2025-12-02T21:00:00+00:00
0.212000, 3.74, 1.04, 2025-12-02T21:00:00+00:00, 2025-12-02T21:30:00+00:00
0.390000, 6.9, 1.04, 2025-12-02T21:30:00+00:00, 2025-12-02T22:00:00+00:00
1.038000, 17.86, 1.04, 2025-12-02T22:00:00+00:00, 2025-12-02T22:30:00+00:00
0.775000, 12.47, 1.04, 2025-12-02T22:30:00+00:00, 2025-12-02T23:00:00+00:00
0.423000, 6.53, 1.04, 2025-12-02T23:00:00+00:00, 2025-12-02T23:30:00+00:00
0.318000, 5, 1.04, 2025-12-02T23:30:00+00:00, 2025-12-03T00:00:00+00:00
1.358000, 21.12, 1.04, 2025-12-03T00:00:00+00:00, 2025-12-03T00:30:00+00:00
1.345000, 21.42, 1.04, 2025-12-03T00:30:00+00:00, 2025-12-03T01:00:00+00:00
1.293000, 20.53, 1.04, 2025-12-03T01:00:00+00:00, 2025-12-03T01:30:00+00:00
1.311000, 20.59, 1.04, 2025-12-03T01:30:00+00:00, 2025-12-03T02:00:00+00:00
1.294000, 20.54, 1.04, 2025-12-03T02:00:00+00:00, 2025-12-03T02:30:00+00:00
1.268000, 19.92, 1.04, 2025-12-03T02:30:00+00:00, 2025-12-03T03:00:00+00:00
1.341000, 21.67, 1.04, 2025-12-03T03:00:00+00:00, 2025-12-03T03:30:00+00:00
1.286000, 20.42, 1.04, 2025-12-03T03:30:00+00:00, 2025-12-03T04:00:00+00:00
1.123000, 17.83, 1.04, 2025-12-03T04:00:00+00:00, 2025-12-03T04:30:00+00:00
0.298000, 4.6, 1.04, 2025-12-03T04:30:00+00:00, 2025-12-03T05:00:00+00:00
0.221000, 3.42, 1.04, 2025-12-03T05:00:00+00:00, 2025-12-03T05:30:00+00:00
0.253000, 4.02, 1.04, 2025-12-03T05:30:00+00:00, 2025-12-03T06:00:00+00:00
0.198000, 3.5, 1.04, 2025-12-03T06:00:00+00:00, 2025-12-03T06:30:00+00:00
0.231000, 4.18, 1.04, 2025-12-03T06:30:00+00:00, 2025-12-03T07:00:00+00:00
0.343000, 7.33, 1.04, 2025-12-03T07:00:00+00:00, 2025-12-03T07:30:00+00:00
0.615000, 13.69, 1.04, 2025-12-03T07:30:00+00:00, 2025-12-03T08:00:00+00:00
0.494000, 10.63, 1.04, 2025-12-03T08:00:00+00:00, 2025-12-03T08:30:00+00:00
0.327000, 6.82, 1.04, 2025-12-03T08:30:00+00:00, 2025-12-03T09:00:00+00:00
0.643000, 13.33, 1.04, 2025-12-03T09:00:00+00:00, 2025-12-03T09:30:00+00:00
0.872000, 16.62, 1.04, 2025-12-03T09:30:00+00:00, 2025-12-03T10:00:00+00:00
0.217000, 4.04, 1.04, 2025-12-03T10:00:00+00:00, 2025-12-03T10:30:00+00:00
0.011000, 0.19, 1.04, 2025-12-03T10:30:00+00:00, 2025-12-03T11:00:00+00:00
0.004000, 0.07, 1.04, 2025-12-03T11:00:00+00:00, 2025-12-03T11:30:00+00:00
0.005000, 0.09, 1.04, 2025-12-03T11:30:00+00:00, 2025-12-03T12:00:00+00:00
0.005000, 0.09, 1.04, 2025-12-03T12:00:00+00:00, 2025-12-03T12:30:00+00:00
0.005000, 0.09, 1.04, 2025-12-03T12:30:00+00:00, 2025-12-03T13:00:00+00:00
0.007000, 0.13, 1.04, 2025-12-03T13:00:00+00:00, 2025-12-03T13:30:00+00:00
0.020000, 0.36, 1.04, 2025-12-03T13:30:00+00:00, 2025-12-03T14:00:00+00:00
0.008000, 0.16, 1.04, 2025-12-03T14:00:00+00:00, 2025-12-03T14:30:00+00:00
0.004000, 0.08, 1.04, 2025-12-03T14:30:00+00:00, 2025-12-03T15:00:00+00:00
0.002000, 0.05, 1.04, 2025-12-03T15:00:00+00:00, 2025-12-03T15:30:00+00:00
0.005000, 0.13, 1.04, 2025-12-03T15:30:00+00:00, 2025-12-03T16:00:00+00:00
0.024000, 0.92, 1.04, 2025-12-03T16:00:00+00:00, 2025-12-03T16:30:00+00:00
0.055000, 2.13, 1.04, 2025-12-03T16:30:00+00:00, 2025-12-03T17:00:00+00:00
0.078000, 3.02, 1.04, 2025-12-03T17:00:00+00:00, 2025-12-03T17:30:00+00:00
0.003000, 0.12, 1.04, 2025-12-03T17:30:00+00:00, 2025-12-03T18:00:00+00:00
0.003000, 0.11, 1.04, 2025-12-03T18:00:00+00:00, 2025-12-03T18:30:00+00:00
0.011000, 0.39, 1.04, 2025-12-03T18:30:00+00:00, 2025-12-03T19:00:00+00:00
0.015000, 0.32, 1.04, 2025-12-03T19:00:00+00:00, 2025-12-03T19:30:00+00:00
0.011000, 0.21, 1.04, 2025-12-03T19:30:00+00:00, 2025-12-03T20:00:00+00:00
0.006000, 0.11, 1.04, 2025-12-03T20:00:00+00:00, 2025-12-03T20:30:00+00:00
0.353000, 6.38, 1.04, 2025-12-03T20:30:00+00:00, 2025-12-03T21:00:00+00:00
0.401000, 6.83, 1.04, 2025-12-03T21:00:00+00:00, 2025-12-03T21:30:00+00:00
0.610000, 9.59, 1.04, 2025-12-03T21:30:00+00:00, 2025-12-03T22:00:00+00:00
0.790000, 12.13, 1.04, 2025-12-03T22:00:00+00:00, 2025-12-03T22:30:00+00:00
0.691000, 9.9, 1.04, 2025-12-03T22:30:00+00:00, 2025-12-03T23:00:00+00:00
0.471000, 8.21, 1.04, 2025-12-03T23:00:00+00:00, 2025-12-03T23:30:00+00:00
0.352000, 6.05, 1.04, 2025-12-03T23:30:00+00:00, 2025-12-04T00:00:00+00:00
1.392000, 23.63, 1.04, 2025-12-04T00:00:00+00:00, 2025-12-04T00:30:00+00:00
1.404000, 24.62, 1.04, 2025-12-04T00:30:00+00:00, 2025-12-04T01:00:00+00:00
1.392000, 23.41, 1.04, 2025-12-04T01:00:00+00:00, 2025-12-04T01:30:00+00:00
1.387000, 22.02, 1.04, 2025-12-04T01:30:00+00:00, 2025-12-04T02:00:00+00:00
1.455000, 22.61, 1.04, 2025-12-04T02:00:00+00:00, 2025-12-04T02:30:00+00:00
1.440000, 21.41, 1.04, 2025-12-04T02:30:00+00:00, 2025-12-04T03:00:00+00:00
1.366000, 20.84, 1.04, 2025-12-04T03:00:00+00:00, 2025-12-04T03:30:00+00:00
1.369000, 20.83, 1.04, 2025-12-04T03:30:00+00:00, 2025-12-04T04:00:00+00:00
1.299000, 20.08, 1.04, 2025-12-04T04:00:00+00:00, 2025-12-04T04:30:00+00:00
0.509000, 7.74, 1.04, 2025-12-04T04:30:00+00:00, 2025-12-04T05:00:00+00:00
0.213000, 3.32, 1.04, 2025-12-04T05:00:00+00:00, 2025-12-04T05:30:00+00:00
0.207000, 2.97, 1.04, 2025-12-04T05:30:00+00:00, 2025-12-04T06:00:00+00:00
0.211000, 3.58, 1.04, 2025-12-04T06:00:00+00:00, 2025-12-04T06:30:00+00:00
0.203000, 3.36, 1.04, 2025-12-04T06:30:00+00:00, 2025-12-04T07:00:00+00:00
0.286000, 4.85, 1.04, 2025-12-04T07:00:00+00:00, 2025-12-04T07:30:00+00:00
0.384000, 6.78, 1.04, 2025-12-04T07:30:00+00:00, 2025-12-04T08:00:00+00:00
0.512000, 8.58, 1.04, 2025-12-04T08:00:00+00:00, 2025-12-04T08:30:00+00:00
0.465000, 8.2, 1.04, 2025-12-04T08:30:00+00:00, 2025-12-04T09:00:00+00:00
0.441000, 8.13, 1.04, 2025-12-04T09:00:00+00:00, 2025-12-04T09:30:00+00:00
0.623000, 11.41, 1.04, 2025-12-04T09:30:00+00:00, 2025-12-04T10:00:00+00:00
0.944000, 17.52, 1.04, 2025-12-04T10:00:00+00:00, 2025-12-04T10:30:00+00:00
0.016000, 0.3, 1.04, 2025-12-04T10:30:00+00:00, 2025-12-04T11:00:00+00:00
0.013000, 0.23, 1.04, 2025-12-04T11:00:00+00:00, 2025-12-04T11:30:00+00:00
0.007000, 0.13, 1.04, 2025-12-04T11:30:00+00:00, 2025-12-04T12:00:00+00:00
0.012000, 0.23, 1.04, 2025-12-04T12:00:00+00:00, 2025-12-04T12:30:00+00:00
0.007000, 0.13, 1.04, 2025-12-04T12:30:00+00:00, 2025-12-04T13:00:00+00:00
0.003000, 0.06, 1.04, 2025-12-04T13:00:00+00:00, 2025-12-04T13:30:00+00:00
0.003000, 0.06, 1.04, 2025-12-04T13:30:00+00:00, 2025-12-04T14:00:00+00:00
0.004000, 0.08, 1.04, 2025-12-04T14:00:00+00:00, 2025-12-04T14:30:00+00:00
0.003000, 0.06, 1.04, 2025-12-04T14:30:00+00:00, 2025-12-04T15:00:00+00:00
0.003000, 0.06, 1.04, 2025-12-04T15:00:00+00:00, 2025-12-04T15:30:00+00:00
0.005000, 0.11, 1.04, 2025-12-04T15:30:00+00:00, 2025-12-04T16:00:00+00:00
0.005000, 0.18, 1.04, 2025-12-04T16:00:00+00:00, 2025-12-04T16:30:00+00:00
0.006000, 0.23, 1.04, 2025-12-04T16:30:00+00:00, 2025-12-04T17:00:00+00:00
0.004000, 0.14, 1.04, 2025-12-04T17:00:00+00:00, 2025-12-04T17:30:00+00:00
0.003000, 0.11, 1.04, 2025-12-04T17:30:00+00:00, 2025-12-04T18:00:00+00:00
0.605000, 21.73, 1.04, 2025-12-04T18:00:00+00:00, 2025-12-04T18:30:00+00:00
0.844000, 30.32, 1.04, 2025-12-04T18:30:00+00:00, 2025-12-04T19:00:00+00:00
0.471000, 11.22, 1.04, 2025-12-04T19:00:00+00:00, 2025-12-04T19:30:00+00:00
0.419000, 9.02, 1.04, 2025-12-04T19:30:00+00:00, 2025-12-04T20:00:00+00:00
1.178000, 22.86, 1.04, 2025-12-04T20:00:00+00:00, 2025-12-04T20:30:00+00:00
0.933000, 17.18, 1.04, 2025-12-04T20:30:00+00:00, 2025-12-04T21:00:00+00:00
0.442000, 7.97, 1.04, 2025-12-04T21:00:00+00:00, 2025-12-04T21:30:00+00:00
0.810000, 14.82, 1.04, 2025-12-04T21:30:00+00:00, 2025-12-04T22:00:00+00:00
1.020000, 17.46, 1.04, 2025-12-04T22:00:00+00:00, 2025-12-04T22:30:00+00:00
1.215000, 17.95, 1.04, 2025-12-04T22:30:00+00:00, 2025-12-04T23:00:00+00:00
0.535000, 8.58, 1.04, 2025-12-04T23:00:00+00:00, 2025-12-04T23:30:00+00:00
0.344000, 5.55, 1.04, 2025-12-04T23:30:00+00:00, 2025-12-05T00:00:00+00:00
1.385000, 21.8, 1.04, 2025-12-05T00:00:00+00:00, 2025-12-05T00:30:00+00:00
1.358000, 22.54, 1.04, 2025-12-05T00:30:00+00:00, 2025-12-05T01:00:00+00:00
1.319000, 21.07, 1.04, 2025-12-05T01:00:00+00:00, 2025-12-05T01:30:00+00:00
1.341000, 20.11, 1.04, 2025-12-05T01:30:00+00:00, 2025-12-05T02:00:00+00:00
1.313000, 19.69, 1.04, 2025-12-05T02:00:00+00:00, 2025-12-05T02:30:00+00:00
1.365000, 20.47, 1.04, 2025-12-05T02:30:00+00:00, 2025-12-05T03:00:00+00:00
1.331000, 20.25, 1.04, 2025-12-05T03:00:00+00:00, 2025-12-05T03:30:00+00:00
1.323000, 19.55, 1.04, 2025-12-05T03:30:00+00:00, 2025-12-05T04:00:00+00:00
1.134000, 17.25, 1.04, 2025-12-05T04:00:00+00:00, 2025-12-05T04:30:00+00:00
0.311000, 4.66, 1.04, 2025-12-05T04:30:00+00:00, 2025-12-05T05:00:00+00:00
0.186000, 3.12, 1.04, 2025-12-05T05:00:00+00:00, 2025-12-05T05:30:00+00:00
0.214000, 3.4, 1.04, 2025-12-05T05:30:00+00:00, 2025-12-05T06:00:00+00:00
0.204000, 3.72, 1.04, 2025-12-05T06:00:00+00:00, 2025-12-05T06:30:00+00:00
0.212000, 4.14, 1.04, 2025-12-05T06:30:00+00:00, 2025-12-05T07:00:00+00:00
0.248000, 5.03, 1.04, 2025-12-05T07:00:00+00:00, 2025-12-05T07:30:00+00:00
0.779000, 16.34, 1.04, 2025-12-05T07:30:00+00:00, 2025-12-05T08:00:00+00:00
0.399000, 8.19, 1.04, 2025-12-05T08:00:00+00:00, 2025-12-05T08:30:00+00:00
0.309000, 6.75, 1.04, 2025-12-05T08:30:00+00:00, 2025-12-05T09:00:00+00:00
0.687000, 14.86, 1.04, 2025-12-05T09:00:00+00:00, 2025-12-05T09:30:00+00:00
0.976000, 19.9, 1.04, 2025-12-05T09:30:00+00:00, 2025-12-05T10:00:00+00:00
0.402000, 8.1, 1.04, 2025-12-05T10:00:00+00:00, 2025-12-05T10:30:00+00:00
0.136000, 2.58, 1.04, 2025-12-05T10:30:00+00:00, 2025-12-05T11:00:00+00:00
0.007000, 0.13, 1.04, 2025-12-05T11:00:00+00:00, 2025-12-05T11:30:00+00:00
0.003000, 0.05, 1.04, 2025-12-05T11:30:00+00:00, 2025-12-05T12:00:00+00:00
0.004000, 0.07, 1.04, 2025-12-05T12:00:00+00:00, 2025-12-05T12:30:00+00:00
0.013000, 0.23, 1.04, 2025-12-05T12:30:00+00:00, 2025-12-05T13:00:00+00:00
0.003000, 0.05, 1.04, 2025-12-05T13:00:00+00:00, 2025-12-05T13:30:00+00:00
0.003000, 0.05, 1.04, 2025-12-05T13:30:00+00:00, 2025-12-05T14:00:00+00:00
0.003000, 0.05, 1.04, 2025-12-05T14:00:00+00:00, 2025-12-05T14:30:00+00:00
0.004000, 0.07, 1.04, 2025-12-05T14:30:00+00:00, 2025-12-05T15:00:00+00:00
0.003000, 0.05, 1.04, 2025-12-05T15:00:00+00:00, 2025-12-05T15:30:00+00:00
0.005000, 0.08, 1.04, 2025-12-05T15:30:00+00:00, 2025-12-05T16:00:00+00:00
0.044000, 1.27, 1.04, 2025-12-05T16:00:00+00:00, 2025-12-05T16:30:00+00:00
0.005000, 0.15, 1.04, 2025-12-05T16:30:00+00:00, 2025-12-05T17:00:00+00:00
0.013000, 0.4, 1.04, 2025-12-05T17:00:00+00:00, 2025-12-05T17:30:00+00:00
0.005000, 0.15, 1.04, 2025-12-05T17:30:00+00:00, 2025-12-05T18:00:00+00:00
0.149000, 4.31, 1.04, 2025-12-05T18:00:00+00:00, 2025-12-05T18:30:00+00:00
0.498000, 14.38, 1.04, 2025-12-05T18:30:00+00:00, 2025-12-05T19:00:00+00:00
0.450000, 7.14, 1.04, 2025-12-05T19:00:00+00:00, 2025-12-05T19:30:00+00:00
0.463000, 7.91, 1.04, 2025-12-05T19:30:00+00:00, 2025-12-05T20:00:00+00:00
0.469000, 7.65, 1.04, 2025-12-05T20:00:00+00:00, 2025-12-05T20:30:00+00:00
0.632000, 9.97, 1.04, 2025-12-05T20:30:00+00:00, 2025-12-05T21:00:00+00:00
0.729000, 11.97, 1.04, 2025-12-05T21:00:00+00:00, 2025-12-05T21:30:00+00:00
0.715000, 11.28, 1.04, 2025-12-05T21:30:00+00:00, 2025-12-05T22:00:00+00:00
1.243000, 19.46, 1.04, 2025-12-05T22:00:00+00:00, 2025-12-05T22:30:00+00:00
0.673000, 9.35, 1.04, 2025-12-05T22:30:00+00:00, 2025-12-05T23:00:00+00:00
0.313000, 4.67, 1.04, 2025-12-05T23:00:00+00:00, 2025-12-05T23:30:00+00:00
0.321000, 4.25, 1.04, 2025-12-05T23:30:00+00:00, 2025-12-06T00:00:00+00:00
1.417000, 17.65, 1.04, 2025-12-06T00:00:00+00:00, 2025-12-06T00:30:00+00:00
1.407000, 20.48, 1.04, 2025-12-06T00:30:00+00:00, 2025-12-06T01:00:00+00:00
1.470000, 18.31, 1.04, 2025-12-06T01:00:00+00:00, 2025-12-06T01:30:00+00:00
1.433000, 16.73, 1.04, 2025-12-06T01:30:00+00:00, 2025-12-06T02:00:00+00:00
1.399000, 17.25, 1.04, 2025-12-06T02:00:00+00:00, 2025-12-06T02:30:00+00:00
1.401000, 16.53, 1.04, 2025-12-06T02:30:00+00:00, 2025-12-06T03:00:00+00:00
1.411000, 17.17, 1.04, 2025-12-06T03:00:00+00:00, 2025-12-06T03:30:00+00:00
1.330000, 15.49, 1.04, 2025-12-06T03:30:00+00:00, 2025-12-06T04:00:00+00:00
1.094000, 13.47, 1.04, 2025-12-06T04:00:00+00:00, 2025-12-06T04:30:00+00:00
0.275000, 3.41, 1.04, 2025-12-06T04:30:00+00:00, 2025-12-06T05:00:00+00:00
0.236000, 2.91, 1.04, 2025-12-06T05:00:00+00:00, 2025-12-06T05:30:00+00:00
0.215000, 2.54, 1.04, 2025-12-06T05:30:00+00:00, 2025-12-06T06:00:00+00:00
0.210000, 2.41, 1.04, 2025-12-06T06:00:00+00:00, 2025-12-06T06:30:00+00:00
0.269000, 3.8, 1.04, 2025-12-06T06:30:00+00:00, 2025-12-06T07:00:00+00:00
0.247000, 3.34, 1.04, 2025-12-06T07:00:00+00:00, 2025-12-06T07:30:00+00:00
0.248000, 3.62, 1.04, 2025-12-06T07:30:00+00:00, 2025-12-06T08:00:00+00:00
0.482000, 7.55, 1.04, 2025-12-06T08:00:00+00:00, 2025-12-06T08:30:00+00:00
0.532000, 9.27, 1.04, 2025-12-06T08:30:00+00:00, 2025-12-06T09:00:00+00:00
0.490000, 8.24, 1.04, 2025-12-06T09:00:00+00:00, 2025-12-06T09:30:00+00:00
0.559000, 9.61, 1.04, 2025-12-06T09:30:00+00:00, 2025-12-06T10:00:00+00:00
0.513000, 9.14, 1.04, 2025-12-06T10:00:00+00:00, 2025-12-06T10:30:00+00:00
0.072000, 1.24, 1.04, 2025-12-06T10:30:00+00:00, 2025-12-06T11:00:00+00:00
0.026000, 0.45, 1.04, 2025-12-06T11:00:00+00:00, 2025-12-06T11:30:00+00:00
0.013000, 0.22, 1.04, 2025-12-06T11:30:00+00:00, 2025-12-06T12:00:00+00:00
0.003000, 0.06, 1.04, 2025-12-06T12:00:00+00:00, 2025-12-06T12:30:00+00:00
0.004000, 0.08, 1.04, 2025-12-06T12:30:00+00:00, 2025-12-06T13:00:00+00:00
0.003000, 0.06, 1.04, 2025-12-06T13:00:00+00:00, 2025-12-06T13:30:00+00:00
0.004000, 0.07, 1.04, 2025-12-06T13:30:00+00:00, 2025-12-06T14:00:00+00:00
0.004000, 0.07, 1.04, 2025-12-06T14:00:00+00:00, 2025-12-06T14:30:00+00:00
0.004000, 0.07, 1.04, 2025-12-06T14:30:00+00:00, 2025-12-06T15:00:00+00:00
0.004000, 0.07, 1.04, 2025-12-06T15:00:00+00:00, 2025-12-06T15:30:00+00:00
0.003000, 0.05, 1.04, 2025-12-06T15:30:00+00:00, 2025-12-06T16:00:00+00:00
0.008000, 0.25, 1.04, 2025-12-06T16:00:00+00:00, 2025-12-06T16:30:00+00:00
0.005000, 0.16, 1.04, 2025-12-06T16:30:00+00:00, 2025-12-06T17:00:00+00:00
0.014000, 0.44, 1.04, 2025-12-06T17:00:00+00:00, 2025-12-06T17:30:00+00:00
0.050000, 1.59, 1.04, 2025-12-06T17:30:00+00:00, 2025-12-06T18:00:00+00:00
0.007000, 0.23, 1.04, 2025-12-06T18:00:00+00:00, 2025-12-06T18:30:00+00:00
0.003000, 0.1, 1.04, 2025-12-06T18:30:00+00:00, 2025-12-06T19:00:00+00:00
0.003000, 0.06, 1.04, 2025-12-06T19:00:00+00:00, 2025-12-06T19:30:00+00:00
0.396000, 6.37, 1.04, 2025-12-06T19:30:00+00:00, 2025-12-06T20:00:00+00:00
0.457000, 7.36, 1.04, 2025-12-06T20:00:00+00:00, 2025-12-06T20:30:00+00:00
0.811000, 12.89, 1.04, 2025-12-06T20:30:00+00:00, 2025-12-06T21:00:00+00:00
0.823000, 13.6, 1.04, 2025-12-06T21:00:00+00:00, 2025-12-06T21:30:00+00:00
0.940000, 15.96, 1.04, 2025-12-06T21:30:00+00:00, 2025-12-06T22:00:00+00:00
0.798000, 13.85, 1.04, 2025-12-06T22:00:00+00:00, 2025-12-06T22:30:00+00:00
0.626000, 9.93, 1.04, 2025-12-06T22:30:00+00:00, 2025-12-06T23:00:00+00:00
0.385000, 6.11, 1.04, 2025-12-06T23:00:00+00:00, 2025-12-06T23:30:00+00:00
0.264000, 3.84, 1.04, 2025-12-06T23:30:00+00:00, 2025-12-07T00:00:00+00:00
1.332000, 18.48, 1.04, 2025-12-07T00:00:00+00:00, 2025-12-07T00:30:00+00:00
1.354000, 21.68, 1.04, 2025-12-07T00:30:00+00:00, 2025-12-07T01:00:00+00:00
1.303000, 20.69, 1.04, 2025-12-07T01:00:00+00:00, 2025-12-07T01:30:00+00:00
1.327000, 20.25, 1.04, 2025-12-07T01:30:00+00:00, 2025-12-07T02:00:00+00:00
1.285000, 19.04, 1.04, 2025-12-07T02:00:00+00:00, 2025-12-07T02:30:00+00:00
1.280000, 18.72, 1.04, 2025-12-07T02:30:00+00:00, 2025-12-07T03:00:00+00:00
1.425000, 21.37, 1.04, 2025-12-07T03:00:00+00:00, 2025-12-07T03:30:00+00:00
1.446000, 21.83, 1.04, 2025-12-07T03:30:00+00:00, 2025-12-07T04:00:00+00:00
1.175000, 18.19, 1.04, 2025-12-07T04:00:00+00:00, 2025-12-07T04:30:00+00:00
0.337000, 5.17, 1.04, 2025-12-07T04:30:00+00:00, 2025-12-07T05:00:00+00:00
0.255000, 3.94, 1.04, 2025-12-07T05:00:00+00:00, 2025-12-07T05:30:00+00:00
0.276000, 4.09, 1.04, 2025-12-07T05:30:00+00:00, 2025-12-07T06:00:00+00:00
0.263000, 4.26, 1.04, 2025-12-07T06:00:00+00:00, 2025-12-07T06:30:00+00:00
0.300000, 5.09, 1.04, 2025-12-07T06:30:00+00:00, 2025-12-07T07:00:00+00:00
0.333000, 5.22, 1.04, 2025-12-07T07:00:00+00:00, 2025-12-07T07:30:00+00:00
0.253000, 4.11, 1.04, 2025-12-07T07:30:00+00:00, 2025-12-07T08:00:00+00:00
0.279000, 4.53, 1.04, 2025-12-07T08:00:00+00:00, 2025-12-07T08:30:00+00:00
0.477000, 8.48, 1.04, 2025-12-07T08:30:00+00:00, 2025-12-07T09:00:00+00:00
0.525000, 9.94, 1.04, 2025-12-07T09:00:00+00:00, 2025-12-07T09:30:00+00:00
0.325000, 6.22, 1.04, 2025-12-07T09:30:00+00:00, 2025-12-07T10:00:00+00:00
0.246000, 4.52, 1.04, 2025-12-07T10:00:00+00:00, 2025-12-07T10:30:00+00:00
0.013000, 0.24, 1.04, 2025-12-07T10:30:00+00:00, 2025-12-07T11:00:00+00:00
0.003000, 0.05, 1.04, 2025-12-07T11:00:00+00:00, 2025-12-07T11:30:00+00:00
0.002000, 0.04, 1.04, 2025-12-07T11:30:00+00:00, 2025-12-07T12:00:00+00:00
0.023000, 0.41, 1.04, 2025-12-07T12:00:00+00:00, 2025-12-07T12:30:00+00:00
0.004000, 0.07, 1.04, 2025-12-07T12:30:00+00:00, 2025-12-07T13:00:00+00:00
0.003000, 0.05, 1.04, 2025-12-07T13:00:00+00:00, 2025-12-07T13:30:00+00:00
0.003000, 0.06, 1.04, 2025-12-07T13:30:00+00:00, 2025-12-07T14:00:00+00:00
0.003000, 0.06, 1.04, 2025-12-07T14:00:00+00:00, 2025-12-07T14:30:00+00:00
0.007000, 0.13, 1.04, 2025-12-07T14:30:00+00:00, 2025-12-07T15:00:00+00:00
0.003000, 0.05, 1.04, 2025-12-07T15:00:00+00:00, 2025-12-07T15:30:00+00:00
0.003000, 0.05, 1.04, 2025-12-07T15:30:00+00:00, 2025-12-07T16:00:00+00:00
0.004000, 0.13, 1.04, 2025-12-07T16:00:00+00:00, 2025-12-07T16:30:00+00:00
0.003000, 0.1, 1.04, 2025-12-07T16:30:00+00:00, 2025-12-07T17:00:00+00:00
0.034000, 1.02, 1.04, 2025-12-07T17:00:00+00:00, 2025-12-07T17:30:00+00:00
0.005000, 0.15, 1.04, 2025-12-07T17:30:00+00:00, 2025-12-07T18:00:00+00:00
0.209000, 6.3, 1.04, 2025-12-07T18:00:00+00:00, 2025-12-07T18:30:00+00:00
0.011000, 0.32, 1.04, 2025-12-07T18:30:00+00:00, 2025-12-07T19:00:00+00:00
0.173000, 2.96, 1.04, 2025-12-07T19:00:00+00:00, 2025-12-07T19:30:00+00:00
1.304000, 21.28, 1.04, 2025-12-07T19:30:00+00:00, 2025-12-07T20:00:00+00:00
0.980000, 16.38, 1.04, 2025-12-07T20:00:00+00:00, 2025-12-07T20:30:00+00:00
0.612000, 9.45, 1.04, 2025-12-07T20:30:00+00:00, 2025-12-07T21:00:00+00:00
1.123000, 18.82, 1.04, 2025-12-07T21:00:00+00:00, 2025-12-07T21:30:00+00:00
0.477000, 6.52, 1.04, 2025-12-07T21:30:00+00:00, 2025-12-07T22:00:00+00:00
0.628000, 8.31, 1.04, 2025-12-07T22:00:00+00:00, 2025-12-07T22:30:00+00:00
0.465000, 4.35, 1.04, 2025-12-07T22:30:00+00:00, 2025-12-07T23:00:00+00:00
0.488000, 2.75, 1.04, 2025-12-07T23:00:00+00:00, 2025-12-07T23:30:00+00:00
0.745000, 3.35, 1.04, 2025-12-07T23:30:00+00:00, 2025-12-08T00:00:00+00:00
1.419000, 4.32, 1.04, 2025-12-08T00:00:00+00:00, 2025-12-08T00:30:00+00:00
1.429000, 4.62, 1.04, 2025-12-08T00:30:00+00:00, 2025-12-08T01:00:00+00:00
1.400000, 4.54, 1.04, 2025-12-08T01:00:00+00:00, 2025-12-08T01:30:00+00:00
1.395000, 4.56, 1.04, 2025-12-08T01:30:00+00:00, 2025-12-08T02:00:00+00:00
1.406000, 4.19, 1.04, 2025-12-08T02:00:00+00:00, 2025-12-08T02:30:00+00:00
1.397000, 3.62, 1.04, 2025-12-08T02:30:00+00:00, 2025-12-08T03:00:00+00:00
1.392000, 3.99, 1.04, 2025-12-08T03:00:00+00:00, 2025-12-08T03:30:00+00:00
1.350000, 2.68, 1.04, 2025-12-08T03:30:00+00:00, 2025-12-08T04:00:00+00:00
1.299000, 4.68, 1.04, 2025-12-08T04:00:00+00:00, 2025-12-08T04:30:00+00:00
0.475000, 1.8, 1.04, 2025-12-08T04:30:00+00:00, 2025-12-08T05:00:00+00:00
0.238000, 2, 1.04, 2025-12-08T05:00:00+00:00, 2025-12-08T05:30:00+00:00
0.248000, 2.35, 1.04, 2025-12-08T05:30:00+00:00, 2025-12-08T06:00:00+00:00
0.238000, 2.91, 1.04, 2025-12-08T06:00:00+00:00, 2025-12-08T06:30:00+00:00
0.234000, 3.35, 1.04, 2025-12-08T06:30:00+00:00, 2025-12-08T07:00:00+00:00
0.271000, 4.54, 1.04, 2025-12-08T07:00:00+00:00, 2025-12-08T07:30:00+00:00
0.370000, 6.69, 1.04, 2025-12-08T07:30:00+00:00, 2025-12-08T08:00:00+00:00
0.481000, 8.06, 1.04, 2025-12-08T08:00:00+00:00, 2025-12-08T08:30:00+00:00
0.690000, 11.87, 1.04, 2025-12-08T08:30:00+00:00, 2025-12-08T09:00:00+00:00
0.541000, 9.3, 1.04, 2025-12-08T09:00:00+00:00, 2025-12-08T09:30:00+00:00
0.389000, 6.37, 1.04, 2025-12-08T09:30:00+00:00, 2025-12-08T10:00:00+00:00
0.335000, 5.32, 1.04, 2025-12-08T10:00:00+00:00, 2025-12-08T10:30:00+00:00
0.012000, 0.18, 1.04, 2025-12-08T10:30:00+00:00, 2025-12-08T11:00:00+00:00
0.003000, 0.05, 1.04, 2025-12-08T11:00:00+00:00, 2025-12-08T11:30:00+00:00
0.003000, 0.04, 1.04, 2025-12-08T11:30:00+00:00, 2025-12-08T12:00:00+00:00
0.006000, 0.09, 1.04, 2025-12-08T12:00:00+00:00, 2025-12-08T12:30:00+00:00
0.004000, 0.06, 1.04, 2025-12-08T12:30:00+00:00, 2025-12-08T13:00:00+00:00
0.030000, 0.48, 1.04, 2025-12-08T13:00:00+00:00, 2025-12-08T13:30:00+00:00
0.042000, 0.68, 1.04, 2025-12-08T13:30:00+00:00, 2025-12-08T14:00:00+00:00
0.020000, 0.33, 1.04, 2025-12-08T14:00:00+00:00, 2025-12-08T14:30:00+00:00
0.008000, 0.13, 1.04, 2025-12-08T14:30:00+00:00, 2025-12-08T15:00:00+00:00
0.003000, 0.05, 1.04, 2025-12-08T15:00:00+00:00, 2025-12-08T15:30:00+00:00
0.003000, 0.05, 1.04, 2025-12-08T15:30:00+00:00, 2025-12-08T16:00:00+00:00
0.003000, 0.09, 1.04, 2025-12-08T16:00:00+00:00, 2025-12-08T16:30:00+00:00
0.003000, 0.1, 1.04, 2025-12-08T16:30:00+00:00, 2025-12-08T17:00:00+00:00
0.004000, 0.13, 1.04, 2025-12-08T17:00:00+00:00, 2025-12-08T17:30:00+00:00
0.004000, 0.13, 1.04, 2025-12-08T17:30:00+00:00, 2025-12-08T18:00:00+00:00
0.171000, 5.43, 1.04, 2025-12-08T18:00:00+00:00, 2025-12-08T18:30:00+00:00
0.287000, 9.3, 1.04, 2025-12-08T18:30:00+00:00, 2025-12-08T19:00:00+00:00
0.365000, 7.16, 1.04, 2025-12-08T19:00:00+00:00, 2025-12-08T19:30:00+00:00
1.061000, 20.23, 1.04, 2025-12-08T19:30:00+00:00, 2025-12-08T20:00:00+00:00
0.949000, 18.73, 1.04, 2025-12-08T20:00:00+00:00, 2025-12-08T20:30:00+00:00
0.981000, 17.33, 1.04, 2025-12-08T20:30:00+00:00, 2025-12-08T21:00:00+00:00
0.849000, 14.73, 1.04, 2025-12-08T21:00:00+00:00, 2025-12-08T21:30:00+00:00
1.351000, 21.22, 1.04, 2025-12-08T21:30:00+00:00, 2025-12-08T22:00:00+00:00
0.695000, 10.57, 1.04, 2025-12-08T22:00:00+00:00, 2025-12-08T22:30:00+00:00
0.653000, 9.46, 1.04, 2025-12-08T22:30:00+00:00, 2025-12-08T23:00:00+00:00
0.470000, 7.62, 1.04, 2025-12-08T23:00:00+00:00, 2025-12-08T23:30:00+00:00
0.358000, 5.39, 1.04, 2025-12-08T23:30:00+00:00, 2025-12-09T00:00:00+00:00
1.375000, 19.85, 1.04, 2025-12-09T00:00:00+00:00, 2025-12-09T00:30:00+00:00
1.280000, 18.56, 1.04, 2025-12-09T00:30:00+00:00, 2025-12-09T01:00:00+00:00
1.334000, 18.71, 1.04, 2025-12-09T01:00:00+00:00, 2025-12-09T01:30:00+00:00
1.381000, 17.05, 1.04, 2025-12-09T01:30:00+00:00, 2025-12-09T02:00:00+00:00
1.408000, 18.15, 1.04, 2025-12-09T02:00:00+00:00, 2025-12-09T02:30:00+00:00
1.342000, 16.28, 1.04, 2025-12-09T02:30:00+00:00, 2025-12-09T03:00:00+00:00
1.325000, 16.07, 1.04, 2025-12-09T03:00:00+00:00, 2025-12-09T03:30:00+00:00
1.336000, 15.61, 1.04, 2025-12-09T03:30:00+00:00, 2025-12-09T04:00:00+00:00
1.138000, 13.8, 1.04, 2025-12-09T04:00:00+00:00, 2025-12-09T04:30:00+00:00
0.315000, 3.75, 1.04, 2025-12-09T04:30:00+00:00, 2025-12-09T05:00:00+00:00
0.225000, 2.71, 1.04, 2025-12-09T05:00:00+00:00, 2025-12-09T05:30:00+00:00
0.218000, 2.49, 1.04, 2025-12-09T05:30:00+00:00, 2025-12-09T06:00:00+00:00
0.207000, 2.92, 1.04, 2025-12-09T06:00:00+00:00, 2025-12-09T06:30:00+00:00
0.239000, 3.79, 1.04, 2025-12-09T06:30:00+00:00, 2025-12-09T07:00:00+00:00
0.224000, 3.7, 1.04, 2025-12-09T07:00:00+00:00, 2025-12-09T07:30:00+00:00
0.428000, 8.07, 1.04, 2025-12-09T07:30:00+00:00, 2025-12-09T08:00:00+00:00
0.445000, 7.46, 1.04, 2025-12-09T08:00:00+00:00, 2025-12-09T08:30:00+00:00
0.353000, 6, 1.04, 2025-12-09T08:30:00+00:00, 2025-12-09T09:00:00+00:00
0.339000, 5.98, 1.04, 2025-12-09T09:00:00+00:00, 2025-12-09T09:30:00+00:00
0.500000, 8.7, 1.04, 2025-12-09T09:30:00+00:00, 2025-12-09T10:00:00+00:00
0.890000, 15.25, 1.04, 2025-12-09T10:00:00+00:00, 2025-12-09T10:30:00+00:00
0.019000, 0.32, 1.04, 2025-12-09T10:30:00+00:00, 2025-12-09T11:00:00+00:00
0.019000, 0.31, 1.04, 2025-12-09T11:00:00+00:00, 2025-12-09T11:30:00+00:00
0.004000, 0.06, 1.04, 2025-12-09T11:30:00+00:00, 2025-12-09T12:00:00+00:00
0.004000, 0.06, 1.04, 2025-12-09T12:00:00+00:00, 2025-12-09T12:30:00+00:00
0.008000, 0.13, 1.04, 2025-12-09T12:30:00+00:00, 2025-12-09T13:00:00+00:00
0.003000, 0.05, 1.04, 2025-12-09T13:00:00+00:00, 2025-12-09T13:30:00+00:00
0.003000, 0.05, 1.04, 2025-12-09T13:30:00+00:00, 2025-12-09T14:00:00+00:00
0.003000, 0.05, 1.04, 2025-12-09T14:00:00+00:00, 2025-12-09T14:30:00+00:00
0.004000, 0.07, 1.04, 2025-12-09T14:30:00+00:00, 2025-12-09T15:00:00+00:00
0.004000, 0.07, 1.04, 2025-12-09T15:00:00+00:00, 2025-12-09T15:30:00+00:00
0.003000, 0.06, 1.04, 2025-12-09T15:30:00+00:00, 2025-12-09T16:00:00+00:00
0.003000, 0.09, 1.04, 2025-12-09T16:00:00+00:00, 2025-12-09T16:30:00+00:00
0.003000, 0.09, 1.04, 2025-12-09T16:30:00+00:00, 2025-12-09T17:00:00+00:00
0.005000, 0.15, 1.04, 2025-12-09T17:00:00+00:00, 2025-12-09T17:30:00+00:00
0.027000, 0.84, 1.04, 2025-12-09T17:30:00+00:00, 2025-12-09T18:00:00+00:00
0.004000, 0.12, 1.04, 2025-12-09T18:00:00+00:00, 2025-12-09T18:30:00+00:00
0.006000, 0.18, 1.04, 2025-12-09T18:30:00+00:00, 2025-12-09T19:00:00+00:00
0.545000, 9.2, 1.04, 2025-12-09T19:00:00+00:00, 2025-12-09T19:30:00+00:00
0.482000, 7.44, 1.04, 2025-12-09T19:30:00+00:00, 2025-12-09T20:00:00+00:00
0.515000, 7.84, 1.04, 2025-12-09T20:00:00+00:00, 2025-12-09T20:30:00+00:00
0.581000, 8.2, 1.04, 2025-12-09T20:30:00+00:00, 2025-12-09T21:00:00+00:00
0.579000, 8.55, 1.04, 2025-12-09T21:00:00+00:00, 2025-12-09T21:30:00+00:00
0.475000, 5.24, 1.04, 2025-12-09T21:30:00+00:00, 2025-12-09T22:00:00+00:00
0.505000, 5.79, 1.04, 2025-12-09T22:00:00+00:00, 2025-12-09T22:30:00+00:00
1.001000, 7.95, 1.04, 2025-12-09T22:30:00+00:00, 2025-12-09T23:00:00+00:00
0.425000, 3.35, 1.04, 2025-12-09T23:00:00+00:00, 2025-12-09T23:30:00+00:00
0.666000, 3.8, 1.04, 2025-12-09T23:30:00+00:00, 2025-12-10T00:00:00+00:00
1.540000, 8.47, 1.04, 2025-12-10T00:00:00+00:00, 2025-12-10T00:30:00+00:00
1.388000, 9.68, 1.04, 2025-12-10T00:30:00+00:00, 2025-12-10T01:00:00+00:00
1.322000, 7.98, 1.04, 2025-12-10T01:00:00+00:00, 2025-12-10T01:30:00+00:00
1.321000, 4.83, 1.04, 2025-12-10T01:30:00+00:00, 2025-12-10T02:00:00+00:00
1.282000, 5.65, 1.04, 2025-12-10T02:00:00+00:00, 2025-12-10T02:30:00+00:00
1.288000, 5.09, 1.04, 2025-12-10T02:30:00+00:00, 2025-12-10T03:00:00+00:00
1.326000, 5.56, 1.04, 2025-12-10T03:00:00+00:00, 2025-12-10T03:30:00+00:00
1.306000, 5.53, 1.04, 2025-12-10T03:30:00+00:00, 2025-12-10T04:00:00+00:00
1.097000, 5.4, 1.04, 2025-12-10T04:00:00+00:00, 2025-12-10T04:30:00+00:00
0.275000, 1.26, 1.04, 2025-12-10T04:30:00+00:00, 2025-12-10T05:00:00+00:00
0.209000, 1.44, 1.04, 2025-12-10T05:00:00+00:00, 2025-12-10T05:30:00+00:00
0.223000, 1.57, 1.04, 2025-12-10T05:30:00+00:00, 2025-12-10T06:00:00+00:00
0.228000, 2.97, 1.04, 2025-12-10T06:00:00+00:00, 2025-12-10T06:30:00+00:00
0.211000, 3.55, 1.04, 2025-12-10T06:30:00+00:00, 2025-12-10T07:00:00+00:00
0.327000, 5.48, 1.04, 2025-12-10T07:00:00+00:00, 2025-12-10T07:30:00+00:00
0.445000, 7.62, 1.04, 2025-12-10T07:30:00+00:00, 2025-12-10T08:00:00+00:00
0.526000, 8.59, 1.04, 2025-12-10T08:00:00+00:00, 2025-12-10T08:30:00+00:00
0.622000, 10.18, 1.04, 2025-12-10T08:30:00+00:00, 2025-12-10T09:00:00+00:00
0.662000, 10.8, 1.04, 2025-12-10T09:00:00+00:00, 2025-12-10T09:30:00+00:00
0.863000, 13.32, 1.04, 2025-12-10T09:30:00+00:00, 2025-12-10T10:00:00+00:00
0.303000, 4.5, 1.04, 2025-12-10T10:00:00+00:00, 2025-12-10T10:30:00+00:00
0.012000, 0.17, 1.04, 2025-12-10T10:30:00+00:00, 2025-12-10T11:00:00+00:00
0.006000, 0.08, 1.04, 2025-12-10T11:00:00+00:00, 2025-12-10T11:30:00+00:00
0.008000, 0.11, 1.04, 2025-12-10T11:30:00+00:00, 2025-12-10T12:00:00+00:00
0.023000, 0.32, 1.04, 2025-12-10T12:00:00+00:00, 2025-12-10T12:30:00+00:00
0.013000, 0.18, 1.04, 2025-12-10T12:30:00+00:00, 2025-12-10T13:00:00+00:00
0.005000, 0.07, 1.04, 2025-12-10T13:00:00+00:00, 2025-12-10T13:30:00+00:00
0.003000, 0.04, 1.04, 2025-12-10T13:30:00+00:00, 2025-12-10T14:00:00+00:00
0.008000, 0.12, 1.04, 2025-12-10T14:00:00+00:00, 2025-12-10T14:30:00+00:00
0.005000, 0.08, 1.04, 2025-12-10T14:30:00+00:00, 2025-12-10T15:00:00+00:00
0.030000, 0.45, 1.04, 2025-12-10T15:00:00+00:00, 2025-12-10T15:30:00+00:00
0.003000, 0.05, 1.04, 2025-12-10T15:30:00+00:00, 2025-12-10T16:00:00+00:00
0.005000, 0.15, 1.04, 2025-12-10T16:00:00+00:00, 2025-12-10T16:30:00+00:00
0.003000, 0.1, 1.04, 2025-12-10T16:30:00+00:00, 2025-12-10T17:00:00+00:00
0.004000, 0.13, 1.04, 2025-12-10T17:00:00+00:00, 2025-12-10T17:30:00+00:00
0.028000, 0.9, 1.04, 2025-12-10T17:30:00+00:00, 2025-12-10T18:00:00+00:00
0.651000, 20.67, 1.04, 2025-12-10T18:00:00+00:00, 2025-12-10T18:30:00+00:00
0.362000, 11.43, 1.04, 2025-12-10T18:30:00+00:00, 2025-12-10T19:00:00+00:00
0.347000, 6.04, 1.04, 2025-12-10T19:00:00+00:00, 2025-12-10T19:30:00+00:00
0.377000, 6.15, 1.04, 2025-12-10T19:30:00+00:00, 2025-12-10T20:00:00+00:00
1.073000, 18.91, 1.04, 2025-12-10T20:00:00+00:00, 2025-12-10T20:30:00+00:00
1.393000, 22.71, 1.04, 2025-12-10T20:30:00+00:00, 2025-12-10T21:00:00+00:00
0.896000, 15.81, 1.04, 2025-12-10T21:00:00+00:00, 2025-12-10T21:30:00+00:00
1.026000, 15.16, 1.04, 2025-12-10T21:30:00+00:00, 2025-12-10T22:00:00+00:00
0.637000, 9.64, 1.04, 2025-12-10T22:00:00+00:00, 2025-12-10T22:30:00+00:00
0.711000, 8.85, 1.04, 2025-12-10T22:30:00+00:00, 2025-12-10T23:00:00+00:00
0.429000, 5.62, 1.04, 2025-12-10T23:00:00+00:00, 2025-12-10T23:30:00+00:00
0.258000, 3.13, 1.04, 2025-12-10T23:30:00+00:00, 2025-12-11T00:00:00+00:00
1.344000, 12.8, 1.04, 2025-12-11T00:00:00+00:00, 2025-12-11T00:30:00+00:00
1.350000, 15.68, 1.04, 2025-12-11T00:30:00+00:00, 2025-12-11T01:00:00+00:00
1.333000, 15.44, 1.04, 2025-12-11T01:00:00+00:00, 2025-12-11T01:30:00+00:00
1.404000, 13.68, 1.04, 2025-12-11T01:30:00+00:00, 2025-12-11T02:00:00+00:00
1.373000, 14.03, 1.04, 2025-12-11T02:00:00+00:00, 2025-12-11T02:30:00+00:00
1.324000, 13.28, 1.04, 2025-12-11T02:30:00+00:00, 2025-12-11T03:00:00+00:00
1.307000, 13.65, 1.04, 2025-12-11T03:00:00+00:00, 2025-12-11T03:30:00+00:00
1.316000, 12.77, 1.04, 2025-12-11T03:30:00+00:00, 2025-12-11T04:00:00+00:00
1.273000, 14.24, 1.04, 2025-12-11T04:00:00+00:00, 2025-12-11T04:30:00+00:00
0.484000, 4.51, 1.04, 2025-12-11T04:30:00+00:00, 2025-12-11T05:00:00+00:00
0.245000, 2.85, 1.04, 2025-12-11T05:00:00+00:00, 2025-12-11T05:30:00+00:00
0.231000, 2.65, 1.04, 2025-12-11T05:30:00+00:00, 2025-12-11T06:00:00+00:00
0.208000, 2.93, 1.04, 2025-12-11T06:00:00+00:00, 2025-12-11T06:30:00+00:00
0.228000, 3.62, 1.04, 2025-12-11T06:30:00+00:00, 2025-12-11T07:00:00+00:00
0.248000, 4.05, 1.04, 2025-12-11T07:00:00+00:00, 2025-12-11T07:30:00+00:00
0.351000, 6.47, 1.04, 2025-12-11T07:30:00+00:00, 2025-12-11T08:00:00+00:00
0.442000, 7.5, 1.04, 2025-12-11T08:00:00+00:00, 2025-12-11T08:30:00+00:00
0.375000, 6.8, 1.04, 2025-12-11T08:30:00+00:00, 2025-12-11T09:00:00+00:00
0.365000, 6.18, 1.04, 2025-12-11T09:00:00+00:00, 2025-12-11T09:30:00+00:00
0.278000, 4.57, 1.04, 2025-12-11T09:30:00+00:00, 2025-12-11T10:00:00+00:00
0.314000, 4.7, 1.04, 2025-12-11T10:00:00+00:00, 2025-12-11T10:30:00+00:00
0.118000, 1.79, 1.04, 2025-12-11T10:30:00+00:00, 2025-12-11T11:00:00+00:00
0.004000, 0.06, 1.04, 2025-12-11T11:00:00+00:00, 2025-12-11T11:30:00+00:00
0.003000, 0.04, 1.04, 2025-12-11T11:30:00+00:00, 2025-12-11T12:00:00+00:00
0.015000, 0.23, 1.04, 2025-12-11T12:00:00+00:00, 2025-12-11T12:30:00+00:00
0.003000, 0.04, 1.04, 2025-12-11T12:30:00+00:00, 2025-12-11T13:00:00+00:00
0.003000, 0.05, 1.04, 2025-12-11T13:00:00+00:00, 2025-12-11T13:30:00+00:00
0.007000, 0.11, 1.04, 2025-12-11T13:30:00+00:00, 2025-12-11T14:00:00+00:00
0.003000, 0.05, 1.04, 2025-12-11T14:00:00+00:00, 2025-12-11T14:30:00+00:00
0.003000, 0.05, 1.04, 2025-12-11T14:30:00+00:00, 2025-12-11T15:00:00+00:00
0.003000, 0.05, 1.04, 2025-12-11T15:00:00+00:00, 2025-12-11T15:30:00+00:00
0.004000, 0.07, 1.04, 2025-12-11T15:30:00+00:00, 2025-12-11T16:00:00+00:00
0.004000, 0.13, 1.04, 2025-12-11T16:00:00+00:00, 2025-12-11T16:30:00+00:00
0.004000, 0.13, 1.04, 2025-12-11T16:30:00+00:00, 2025-12-11T17:00:00+00:00
0.005000, 0.16, 1.04, 2025-12-11T17:00:00+00:00, 2025-12-11T17:30:00+00:00
0.012000, 0.39, 1.04, 2025-12-11T17:30:00+00:00, 2025-12-11T18:00:00+00:00
0.007000, 0.23, 1.04, 2025-12-11T18:00:00+00:00, 2025-12-11T18:30:00+00:00
0.007000, 0.22, 1.04, 2025-12-11T18:30:00+00:00, 2025-12-11T19:00:00+00:00
0.003000, 0.06, 1.04, 2025-12-11T19:00:00+00:00, 2025-12-11T19:30:00+00:00
0.005000, 0.09, 1.04, 2025-12-11T19:30:00+00:00, 2025-12-11T20:00:00+00:00
0.004000, 0.07, 1.04, 2025-12-11T20:00:00+00:00, 2025-12-11T20:30:00+00:00
0.018000, 0.3, 1.04, 2025-12-11T20:30:00+00:00, 2025-12-11T21:00:00+00:00
0.112000, 1.95, 1.04, 2025-12-11T21:00:00+00:00, 2025-12-11T21:30:00+00:00
1.031000, 16.39, 1.04, 2025-12-11T21:30:00+00:00, 2025-12-11T22:00:00+00:00
0.587000, 9.73, 1.04, 2025-12-11T22:00:00+00:00, 2025-12-11T22:30:00+00:00
0.791000, 12.47, 1.04, 2025-12-11T22:30:00+00:00, 2025-12-11T23:00:00+00:00
0.662000, 9.34, 1.04, 2025-12-11T23:00:00+00:00, 2025-12-11T23:30:00+00:00
0.509000, 7.18, 1.04, 2025-12-11T23:30:00+00:00, 2025-12-12T00:00:00+00:00
1.467000, 20.7, 1.04, 2025-12-12T00:00:00+00:00, 2025-12-12T00:30:00+00:00
1.445000, 21.33, 1.04, 2025-12-12T00:30:00+00:00, 2025-12-12T01:00:00+00:00
1.383000, 20.66, 1.04, 2025-12-12T01:00:00+00:00, 2025-12-12T01:30:00+00:00
1.360000, 20.01, 1.04, 2025-12-12T01:30:00+00:00, 2025-12-12T02:00:00+00:00
1.299000, 19.18, 1.04, 2025-12-12T02:00:00+00:00, 2025-12-12T02:30:00+00:00
1.335000, 19.19, 1.04, 2025-12-12T02:30:00+00:00, 2025-12-12T03:00:00+00:00
1.347000, 20.2, 1.04, 2025-12-12T03:00:00+00:00, 2025-12-12T03:30:00+00:00
1.351000, 19.96, 1.04, 2025-12-12T03:30:00+00:00, 2025-12-12T04:00:00+00:00
1.198000, 17.9, 1.04, 2025-12-12T04:00:00+00:00, 2025-12-12T04:30:00+00:00
0.353000, 5.14, 1.04, 2025-12-12T04:30:00+00:00, 2025-12-12T05:00:00+00:00
0.206000, 3.32, 1.04, 2025-12-12T05:00:00+00:00, 2025-12-12T05:30:00+00:00
0.205000, 3.2, 1.04, 2025-12-12T05:30:00+00:00, 2025-12-12T06:00:00+00:00
0.219000, 3.76, 1.04, 2025-12-12T06:00:00+00:00, 2025-12-12T06:30:00+00:00
0.236000, 4.16, 1.04, 2025-12-12T06:30:00+00:00, 2025-12-12T07:00:00+00:00
0.275000, 5.4, 1.04, 2025-12-12T07:00:00+00:00, 2025-12-12T07:30:00+00:00
0.414000, 8.95, 1.04, 2025-12-12T07:30:00+00:00, 2025-12-12T08:00:00+00:00
0.523000, 10.63, 1.04, 2025-12-12T08:00:00+00:00, 2025-12-12T08:30:00+00:00
0.411000, 8.54, 1.04, 2025-12-12T08:30:00+00:00, 2025-12-12T09:00:00+00:00
0.725000, 15.3, 1.04, 2025-12-12T09:00:00+00:00, 2025-12-12T09:30:00+00:00
0.862000, 17.54, 1.04, 2025-12-12T09:30:00+00:00, 2025-12-12T10:00:00+00:00
0.406000, 8.05, 1.04, 2025-12-12T10:00:00+00:00, 2025-12-12T10:30:00+00:00
0.012000, 0.22, 1.04, 2025-12-12T10:30:00+00:00, 2025-12-12T11:00:00+00:00
0.010000, 0.18, 1.04, 2025-12-12T11:00:00+00:00, 2025-12-12T11:30:00+00:00
0.003000, 0.05, 1.04, 2025-12-12T11:30:00+00:00, 2025-12-12T12:00:00+00:00
0.006000, 0.1, 1.04, 2025-12-12T12:00:00+00:00, 2025-12-12T12:30:00+00:00
0.011000, 0.18, 1.04, 2025-12-12T12:30:00+00:00, 2025-12-12T13:00:00+00:00
0.002000, 0.03, 1.04, 2025-12-12T13:00:00+00:00, 2025-12-12T13:30:00+00:00
0.012000, 0.21, 1.04, 2025-12-12T13:30:00+00:00, 2025-12-12T14:00:00+00:00
0.004000, 0.07, 1.04, 2025-12-12T14:00:00+00:00, 2025-12-12T14:30:00+00:00
0.003000, 0.05, 1.04, 2025-12-12T14:30:00+00:00, 2025-12-12T15:00:00+00:00
0.003000, 0.05, 1.04, 2025-12-12T15:00:00+00:00, 2025-12-12T15:30:00+00:00
0.003000, 0.06, 1.04, 2025-12-12T15:30:00+00:00, 2025-12-12T16:00:00+00:00
0.004000, 0.13, 1.04, 2025-12-12T16:00:00+00:00, 2025-12-12T16:30:00+00:00
0.004000, 0.14, 1.04, 2025-12-12T16:30:00+00:00, 2025-12-12T17:00:00+00:00
0.003000, 0.1, 1.04, 2025-12-12T17:00:00+00:00, 2025-12-12T17:30:00+00:00
0.003000, 0.1, 1.04, 2025-12-12T17:30:00+00:00, 2025-12-12T18:00:00+00:00
0.004000, 0.14, 1.04, 2025-12-12T18:00:00+00:00, 2025-12-12T18:30:00+00:00
0.002000, 0.07, 1.04, 2025-12-12T18:30:00+00:00, 2025-12-12T19:00:00+00:00
0.003000, 0.06, 1.04, 2025-12-12T19:00:00+00:00, 2025-12-12T19:30:00+00:00
0.002000, 0.04, 1.04, 2025-12-12T19:30:00+00:00, 2025-12-12T20:00:00+00:00
0.003000, 0.05, 1.04, 2025-12-12T20:00:00+00:00, 2025-12-12T20:30:00+00:00
0.004000, 0.06, 1.04, 2025-12-12T20:30:00+00:00, 2025-12-12T21:00:00+00:00
0.003000, 0.05, 1.04, 2025-12-12T21:00:00+00:00, 2025-12-12T21:30:00+00:00
0.022000, 0.37, 1.04, 2025-12-12T21:30:00+00:00, 2025-12-12T22:00:00+00:00
0.006000, 0.1, 1.04, 2025-12-12T22:00:00+00:00, 2025-12-12T22:30:00+00:00
0.005000, 0.08, 1.04, 2025-12-12T22:30:00+00:00, 2025-12-12T23:00:00+00:00
0.004000, 0.07, 1.04, 2025-12-12T23:00:00+00:00, 2025-12-12T23:30:00+00:00
0.004000, 0.07, 1.04, 2025-12-12T23:30:00+00:00, 2025-12-13T00:00:00+00:00
1.361000, 22.22, 1.04, 2025-12-13T00:00:00+00:00, 2025-12-13T00:30:00+00:00
1.439000, 26.21, 1.04, 2025-12-13T00:30:00+00:00, 2025-12-13T01:00:00+00:00
1.480000, 25.78, 1.04, 2025-12-13T01:00:00+00:00, 2025-12-13T01:30:00+00:00
1.405000, 23.04, 1.04, 2025-12-13T01:30:00+00:00, 2025-12-13T02:00:00+00:00
1.322000, 22.71, 1.04, 2025-12-13T02:00:00+00:00, 2025-12-13T02:30:00+00:00
1.382000, 22.85, 1.04, 2025-12-13T02:30:00+00:00, 2025-12-13T03:00:00+00:00
1.358000, 20.96, 1.04, 2025-12-13T03:00:00+00:00, 2025-12-13T03:30:00+00:00
1.330000, 20.51, 1.04, 2025-12-13T03:30:00+00:00, 2025-12-13T04:00:00+00:00
0.996000, 15.07, 1.04, 2025-12-13T04:00:00+00:00, 2025-12-13T04:30:00+00:00
0.238000, 3.56, 1.04, 2025-12-13T04:30:00+00:00, 2025-12-13T05:00:00+00:00
0.224000, 3.42, 1.04, 2025-12-13T05:00:00+00:00, 2025-12-13T05:30:00+00:00
0.252000, 3.75, 1.04, 2025-12-13T05:30:00+00:00, 2025-12-13T06:00:00+00:00
0.227000, 3.5, 1.04, 2025-12-13T06:00:00+00:00, 2025-12-13T06:30:00+00:00
0.254000, 3.98, 1.04, 2025-12-13T06:30:00+00:00, 2025-12-13T07:00:00+00:00
0.233000, 3.81, 1.04, 2025-12-13T07:00:00+00:00, 2025-12-13T07:30:00+00:00
0.238000, 4.14, 1.04, 2025-12-13T07:30:00+00:00, 2025-12-13T08:00:00+00:00
0.251000, 4.51, 1.04, 2025-12-13T08:00:00+00:00, 2025-12-13T08:30:00+00:00
0.398000, 7.24, 1.04, 2025-12-13T08:30:00+00:00, 2025-12-13T09:00:00+00:00
0.596000, 10.51, 1.04, 2025-12-13T09:00:00+00:00, 2025-12-13T09:30:00+00:00
0.355000, 6.26, 1.04, 2025-12-13T09:30:00+00:00, 2025-12-13T10:00:00+00:00
1.005000, 17.28, 1.04, 2025-12-13T10:00:00+00:00, 2025-12-13T10:30:00+00:00
0.016000, 0.26, 1.04, 2025-12-13T10:30:00+00:00, 2025-12-13T11:00:00+00:00
0.005000, 0.08, 1.04, 2025-12-13T11:00:00+00:00, 2025-12-13T11:30:00+00:00
0.007000, 0.11, 1.04, 2025-12-13T11:30:00+00:00, 2025-12-13T12:00:00+00:00
0.062000, 0.96, 1.04, 2025-12-13T12:00:00+00:00, 2025-12-13T12:30:00+00:00
0.006000, 0.09, 1.04, 2025-12-13T12:30:00+00:00, 2025-12-13T13:00:00+00:00
0.018000, 0.27, 1.04, 2025-12-13T13:00:00+00:00, 2025-12-13T13:30:00+00:00
0.005000, 0.07, 1.04, 2025-12-13T13:30:00+00:00, 2025-12-13T14:00:00+00:00
0.003000, 0.05, 1.04, 2025-12-13T14:00:00+00:00, 2025-12-13T14:30:00+00:00
0.004000, 0.06, 1.04, 2025-12-13T14:30:00+00:00, 2025-12-13T15:00:00+00:00
0.008000, 0.13, 1.04, 2025-12-13T15:00:00+00:00, 2025-12-13T15:30:00+00:00
0.005000, 0.09, 1.04, 2025-12-13T15:30:00+00:00, 2025-12-13T16:00:00+00:00
0.003000, 0.1, 1.04, 2025-12-13T16:00:00+00:00, 2025-12-13T16:30:00+00:00
0.003000, 0.1, 1.04, 2025-12-13T16:30:00+00:00, 2025-12-13T17:00:00+00:00
0.004000, 0.13, 1.04, 2025-12-13T17:00:00+00:00, 2025-12-13T17:30:00+00:00
0.186000, 5.82, 1.04, 2025-12-13T17:30:00+00:00, 2025-12-13T18:00:00+00:00
0.003000, 0.09, 1.04, 2025-12-13T18:00:00+00:00, 2025-12-13T18:30:00+00:00
0.003000, 0.09, 1.04, 2025-12-13T18:30:00+00:00, 2025-12-13T19:00:00+00:00
0.003000, 0.05, 1.04, 2025-12-13T19:00:00+00:00, 2025-12-13T19:30:00+00:00
0.005000, 0.08, 1.04, 2025-12-13T19:30:00+00:00, 2025-12-13T20:00:00+00:00
1.717000, 29.44, 1.04, 2025-12-13T20:00:00+00:00, 2025-12-13T20:30:00+00:00
0.520000, 8.36, 1.04, 2025-12-13T20:30:00+00:00, 2025-12-13T21:00:00+00:00
0.439000, 6.87, 1.04, 2025-12-13T21:00:00+00:00, 2025-12-13T21:30:00+00:00
0.570000, 7.85, 1.04, 2025-12-13T21:30:00+00:00, 2025-12-13T22:00:00+00:00
0.498000, 7.25, 1.04, 2025-12-13T22:00:00+00:00, 2025-12-13T22:30:00+00:00
0.375000, 4.68, 1.04, 2025-12-13T22:30:00+00:00, 2025-12-13T23:00:00+00:00
0.203000, 2.34, 1.04, 2025-12-13T23:00:00+00:00, 2025-12-13T23:30:00+00:00
0.217000, 1.96, 1.04, 2025-12-13T23:30:00+00:00, 2025-12-14T00:00:00+00:00
1.292000, 9.06, 1.04, 2025-12-14T00:00:00+00:00, 2025-12-14T00:30:00+00:00
1.254000, 11.61, 1.04, 2025-12-14T00:30:00+00:00, 2025-12-14T01:00:00+00:00
1.250000, 11.21, 1.04, 2025-12-14T01:00:00+00:00, 2025-12-14T01:30:00+00:00
1.239000, 8.77, 1.04, 2025-12-14T01:30:00+00:00, 2025-12-14T02:00:00+00:00
1.226000, 9.19, 1.04, 2025-12-14T02:00:00+00:00, 2025-12-14T02:30:00+00:00
1.275000, 7.98, 1.04, 2025-12-14T02:30:00+00:00, 2025-12-14T03:00:00+00:00
1.353000, 9.22, 1.04, 2025-12-14T03:00:00+00:00, 2025-12-14T03:30:00+00:00
1.360000, 9.18, 1.04, 2025-12-14T03:30:00+00:00, 2025-12-14T04:00:00+00:00
1.158000, 8.58, 1.04, 2025-12-14T04:00:00+00:00, 2025-12-14T04:30:00+00:00
0.307000, 2.14, 1.04, 2025-12-14T04:30:00+00:00, 2025-12-14T05:00:00+00:00
0.301000, 2.32, 1.04, 2025-12-14T05:00:00+00:00, 2025-12-14T05:30:00+00:00
0.318000, 2.14, 1.04, 2025-12-14T05:30:00+00:00, 2025-12-14T06:00:00+00:00
0.272000, 1.94, 1.04, 2025-12-14T06:00:00+00:00, 2025-12-14T06:30:00+00:00
0.269000, 2.18, 1.04, 2025-12-14T06:30:00+00:00, 2025-12-14T07:00:00+00:00
0.260000, 2.05, 1.04, 2025-12-14T07:00:00+00:00, 2025-12-14T07:30:00+00:00
0.278000, 3.08, 1.04, 2025-12-14T07:30:00+00:00, 2025-12-14T08:00:00+00:00
0.264000, 2.52, 1.04, 2025-12-14T08:00:00+00:00, 2025-12-14T08:30:00+00:00
0.673000, 9.05, 1.04, 2025-12-14T08:30:00+00:00, 2025-12-14T09:00:00+00:00
0.611000, 6.87, 1.04, 2025-12-14T09:00:00+00:00, 2025-12-14T09:30:00+00:00
0.447000, 5.33, 1.04, 2025-12-14T09:30:00+00:00, 2025-12-14T10:00:00+00:00
0.489000, 5.63, 1.04, 2025-12-14T10:00:00+00:00, 2025-12-14T10:30:00+00:00
0.011000, 0.13, 1.04, 2025-12-14T10:30:00+00:00, 2025-12-14T11:00:00+00:00
0.009000, 0.11, 1.04, 2025-12-14T11:00:00+00:00, 2025-12-14T11:30:00+00:00
0.027000, 0.31, 1.04, 2025-12-14T11:30:00+00:00, 2025-12-14T12:00:00+00:00
0.150000, 1.8, 1.04, 2025-12-14T12:00:00+00:00, 2025-12-14T12:30:00+00:00
0.059000, 0.72, 1.04, 2025-12-14T12:30:00+00:00, 2025-12-14T13:00:00+00:00
0.005000, 0.07, 1.04, 2025-12-14T13:00:00+00:00, 2025-12-14T13:30:00+00:00
0.004000, 0.05, 1.04, 2025-12-14T13:30:00+00:00, 2025-12-14T14:00:00+00:00
0.039000, 0.53, 1.04, 2025-12-14T14:00:00+00:00, 2025-12-14T14:30:00+00:00
0.007000, 0.1, 1.04, 2025-12-14T14:30:00+00:00, 2025-12-14T15:00:00+00:00
0.005000, 0.07, 1.04, 2025-12-14T15:00:00+00:00, 2025-12-14T15:30:00+00:00
0.003000, 0.05, 1.04, 2025-12-14T15:30:00+00:00, 2025-12-14T16:00:00+00:00
0.043000, 1.25, 1.04, 2025-12-14T16:00:00+00:00, 2025-12-14T16:30:00+00:00
0.463000, 14, 1.04, 2025-12-14T16:30:00+00:00, 2025-12-14T17:00:00+00:00
1.013000, 30.63, 1.04, 2025-12-14T17:00:00+00:00, 2025-12-14T17:30:00+00:00
1.234000, 36.77, 1.04, 2025-12-14T17:30:00+00:00, 2025-12-14T18:00:00+00:00
0.445000, 13.46, 1.04, 2025-12-14T18:00:00+00:00, 2025-12-14T18:30:00+00:00
0.388000, 11.73, 1.04, 2025-12-14T18:30:00+00:00, 2025-12-14T19:00:00+00:00
0.787000, 13.88, 1.04, 2025-12-14T19:00:00+00:00, 2025-12-14T19:30:00+00:00
1.029000, 16.54, 1.04, 2025-12-14T19:30:00+00:00, 2025-12-14T20:00:00+00:00
1.063000, 16.9, 1.04, 2025-12-14T20:00:00+00:00, 2025-12-14T20:30:00+00:00
0.558000, 8.24, 1.04, 2025-12-14T20:30:00+00:00, 2025-12-14T21:00:00+00:00
0.504000, 7.24, 1.04, 2025-12-14T21:00:00+00:00, 2025-12-14T21:30:00+00:00
0.574000, 6.96, 1.04, 2025-12-14T21:30:00+00:00, 2025-12-14T22:00:00+00:00
0.386000, 4.43, 1.04, 2025-12-14T22:00:00+00:00, 2025-12-14T22:30:00+00:00
0.336000, 3.33, 1.04, 2025-12-14T22:30:00+00:00, 2025-12-14T23:00:00+00:00
0.312000, 4.82, 1.04, 2025-12-14T23:00:00+00:00, 2025-12-14T23:30:00+00:00
0.298000, 4.07, 1.04, 2025-12-14T23:30:00+00:00, 2025-12-15T00:00:00+00:00
1.438000, 19.34, 1.04, 2025-12-15T00:00:00+00:00, 2025-12-15T00:30:00+00:00
1.389000, 19.91, 1.04, 2025-12-15T00:30:00+00:00, 2025-12-15T01:00:00+00:00
1.347000, 17.69, 1.04, 2025-12-15T01:00:00+00:00, 2025-12-15T01:30:00+00:00
1.329000, 16.01, 1.04, 2025-12-15T01:30:00+00:00, 2025-12-15T02:00:00+00:00
1.329000, 16.41, 1.04, 2025-12-15T02:00:00+00:00, 2025-12-15T02:30:00+00:00
1.300000, 16.11, 1.04, 2025-12-15T02:30:00+00:00, 2025-12-15T03:00:00+00:00
1.296000, 16, 1.04, 2025-12-15T03:00:00+00:00, 2025-12-15T03:30:00+00:00
1.317000, 16.26, 1.04, 2025-12-15T03:30:00+00:00, 2025-12-15T04:00:00+00:00
1.084000, 13.43, 1.04, 2025-12-15T04:00:00+00:00, 2025-12-15T04:30:00+00:00
0.262000, 3.25, 1.04, 2025-12-15T04:30:00+00:00, 2025-12-15T05:00:00+00:00
0.195000, 3.01, 1.04, 2025-12-15T05:00:00+00:00, 2025-12-15T05:30:00+00:00
0.220000, 2.73, 1.04, 2025-12-15T05:30:00+00:00, 2025-12-15T06:00:00+00:00
0.228000, 3.97, 1.04, 2025-12-15T06:00:00+00:00, 2025-12-15T06:30:00+00:00
0.241000, 4.2, 1.04, 2025-12-15T06:30:00+00:00, 2025-12-15T07:00:00+00:00
0.248000, 4.48, 1.04, 2025-12-15T07:00:00+00:00, 2025-12-15T07:30:00+00:00
0.419000, 8.13, 1.04, 2025-12-15T07:30:00+00:00, 2025-12-15T08:00:00+00:00
0.391000, 7.24, 1.04, 2025-12-15T08:00:00+00:00, 2025-12-15T08:30:00+00:00
0.501000, 9.5, 1.04, 2025-12-15T08:30:00+00:00, 2025-12-15T09:00:00+00:00
0.398000, 7.37, 1.04, 2025-12-15T09:00:00+00:00, 2025-12-15T09:30:00+00:00
0.399000, 7.39, 1.04, 2025-12-15T09:30:00+00:00, 2025-12-15T10:00:00+00:00
0.505000, 9.12, 1.04, 2025-12-15T10:00:00+00:00, 2025-12-15T10:30:00+00:00
0.033000, 0.58, 1.04, 2025-12-15T10:30:00+00:00, 2025-12-15T11:00:00+00:00
0.023000, 0.42, 1.04, 2025-12-15T11:00:00+00:00, 2025-12-15T11:30:00+00:00
0.010000, 0.18, 1.04, 2025-12-15T11:30:00+00:00, 2025-12-15T12:00:00+00:00
0.034000, 0.63, 1.04, 2025-12-15T12:00:00+00:00, 2025-12-15T12:30:00+00:00
0.006000, 0.11, 1.04, 2025-12-15T12:30:00+00:00, 2025-12-15T13:00:00+00:00
0.006000, 0.11, 1.04, 2025-12-15T13:00:00+00:00, 2025-12-15T13:30:00+00:00
0.004000, 0.07, 1.04, 2025-12-15T13:30:00+00:00, 2025-12-15T14:00:00+00:00
0.003000, 0.06, 1.04, 2025-12-15T14:00:00+00:00, 2025-12-15T14:30:00+00:00
0.020000, 0.42, 1.04, 2025-12-15T14:30:00+00:00, 2025-12-15T15:00:00+00:00
0.007000, 0.15, 1.04, 2025-12-15T15:00:00+00:00, 2025-12-15T15:30:00+00:00
0.003000, 0.07, 1.04, 2025-12-15T15:30:00+00:00, 2025-12-15T16:00:00+00:00
0.004000, 0.13, 1.04, 2025-12-15T16:00:00+00:00, 2025-12-15T16:30:00+00:00
0.007000, 0.24, 1.04, 2025-12-15T16:30:00+00:00, 2025-12-15T17:00:00+00:00
0.004000, 0.13, 1.04, 2025-12-15T17:00:00+00:00, 2025-12-15T17:30:00+00:00
0.007000, 0.23, 1.04, 2025-12-15T17:30:00+00:00, 2025-12-15T18:00:00+00:00
0.251000, 7.81, 1.04, 2025-12-15T18:00:00+00:00, 2025-12-15T18:30:00+00:00
0.366000, 11.47, 1.04, 2025-12-15T18:30:00+00:00, 2025-12-15T19:00:00+00:00
0.443000, 8.16, 1.04, 2025-12-15T19:00:00+00:00, 2025-12-15T19:30:00+00:00
0.482000, 8.1, 1.04, 2025-12-15T19:30:00+00:00, 2025-12-15T20:00:00+00:00
0.752000, 12.78, 1.04, 2025-12-15T20:00:00+00:00, 2025-12-15T20:30:00+00:00
0.779000, 13.17, 1.04, 2025-12-15T20:30:00+00:00, 2025-12-15T21:00:00+00:00
1.005000, 16.86, 1.04, 2025-12-15T21:00:00+00:00, 2025-12-15T21:30:00+00:00
0.337000, 4.83, 1.04, 2025-12-15T21:30:00+00:00, 2025-12-15T22:00:00+00:00
0.273000, 4.21, 1.04, 2025-12-15T22:00:00+00:00, 2025-12-15T22:30:00+00:00
0.277000, 3.92, 1.04, 2025-12-15T22:30:00+00:00, 2025-12-15T23:00:00+00:00
0.248000, 3.83, 1.04, 2025-12-15T23:00:00+00:00, 2025-12-15T23:30:00+00:00
0.273000, 3.97, 1.04, 2025-12-15T23:30:00+00:00, 2025-12-16T00:00:00+00:00
1.340000, 20.23, 1.04, 2025-12-16T00:00:00+00:00, 2025-12-16T00:30:00+00:00
1.328000, 21.08, 1.04, 2025-12-16T00:30:00+00:00, 2025-12-16T01:00:00+00:00
1.306000, 20.5, 1.04, 2025-12-16T01:00:00+00:00, 2025-12-16T01:30:00+00:00
1.331000, 20.29, 1.04, 2025-12-16T01:30:00+00:00, 2025-12-16T02:00:00+00:00
1.311000, 19.9, 1.04, 2025-12-16T02:00:00+00:00, 2025-12-16T02:30:00+00:00
1.332000, 19.86, 1.04, 2025-12-16T02:30:00+00:00, 2025-12-16T03:00:00+00:00
1.335000, 20.8, 1.04, 2025-12-16T03:00:00+00:00, 2025-12-16T03:30:00+00:00
1.349000, 20.52, 1.04, 2025-12-16T03:30:00+00:00, 2025-12-16T04:00:00+00:00
1.318000, 20.34, 1.04, 2025-12-16T04:00:00+00:00, 2025-12-16T04:30:00+00:00
0.490000, 7.35, 1.04, 2025-12-16T04:30:00+00:00, 2025-12-16T05:00:00+00:00
0.262000, 4.1, 1.04, 2025-12-16T05:00:00+00:00, 2025-12-16T05:30:00+00:00
0.223000, 3.15, 1.04, 2025-12-16T05:30:00+00:00, 2025-12-16T06:00:00+00:00
0.197000, 3.31, 1.04, 2025-12-16T06:00:00+00:00, 2025-12-16T06:30:00+00:00
0.266000, 4.56, 1.04, 2025-12-16T06:30:00+00:00, 2025-12-16T07:00:00+00:00
0.265000, 5.1, 1.04, 2025-12-16T07:00:00+00:00, 2025-12-16T07:30:00+00:00
0.459000, 10.12, 1.04, 2025-12-16T07:30:00+00:00, 2025-12-16T08:00:00+00:00
0.371000, 7.34, 1.04, 2025-12-16T08:00:00+00:00, 2025-12-16T08:30:00+00:00
0.465000, 9.23, 1.04, 2025-12-16T08:30:00+00:00, 2025-12-16T09:00:00+00:00
0.325000, 6.18, 1.04, 2025-12-16T09:00:00+00:00, 2025-12-16T09:30:00+00:00
0.301000, 5.7, 1.04, 2025-12-16T09:30:00+00:00, 2025-12-16T10:00:00+00:00
0.238000, 4.3, 1.04, 2025-12-16T10:00:00+00:00, 2025-12-16T10:30:00+00:00
0.008000, 0.14, 1.04, 2025-12-16T10:30:00+00:00, 2025-12-16T11:00:00+00:00
0.004000, 0.07, 1.04, 2025-12-16T11:00:00+00:00, 2025-12-16T11:30:00+00:00
0.003000, 0.06, 1.04, 2025-12-16T11:30:00+00:00, 2025-12-16T12:00:00+00:00
0.016000, 0.32, 1.04, 2025-12-16T12:00:00+00:00, 2025-12-16T12:30:00+00:00
0.004000, 0.08, 1.04, 2025-12-16T12:30:00+00:00, 2025-12-16T13:00:00+00:00
0.003000, 0.07, 1.04, 2025-12-16T13:00:00+00:00, 2025-12-16T13:30:00+00:00
0.005000, 0.11, 1.04, 2025-12-16T13:30:00+00:00, 2025-12-16T14:00:00+00:00
0.004000, 0.08, 1.04, 2025-12-16T14:00:00+00:00, 2025-12-16T14:30:00+00:00
0.003000, 0.07, 1.04, 2025-12-16T14:30:00+00:00, 2025-12-16T15:00:00+00:00
0.003000, 0.07, 1.04, 2025-12-16T15:00:00+00:00, 2025-12-16T15:30:00+00:00
0.003000, 0.08, 1.04, 2025-12-16T15:30:00+00:00, 2025-12-16T16:00:00+00:00
0.004000, 0.16, 1.04, 2025-12-16T16:00:00+00:00, 2025-12-16T16:30:00+00:00
0.003000, 0.12, 1.04, 2025-12-16T16:30:00+00:00, 2025-12-16T17:00:00+00:00
0.004000, 0.16, 1.04, 2025-12-16T17:00:00+00:00, 2025-12-16T17:30:00+00:00
0.080000, 3.14, 1.04, 2025-12-16T17:30:00+00:00, 2025-12-16T18:00:00+00:00
0.005000, 0.2, 1.04, 2025-12-16T18:00:00+00:00, 2025-12-16T18:30:00+00:00
0.020000, 0.77, 1.04, 2025-12-16T18:30:00+00:00, 2025-12-16T19:00:00+00:00
0.003000, 0.07, 1.04, 2025-12-16T19:00:00+00:00, 2025-12-16T19:30:00+00:00
0.004000, 0.09, 1.04, 2025-12-16T19:30:00+00:00, 2025-12-16T20:00:00+00:00
0.013000, 0.29, 1.04, 2025-12-16T20:00:00+00:00, 2025-12-16T20:30:00+00:00
0.007000, 0.14, 1.04, 2025-12-16T20:30:00+00:00, 2025-12-16T21:00:00+00:00
0.005000, 0.09, 1.04, 2025-12-16T21:00:00+00:00, 2025-12-16T21:30:00+00:00
0.096000, 1.67, 1.04, 2025-12-16T21:30:00+00:00, 2025-12-16T22:00:00+00:00
0.477000, 8.41, 1.04, 2025-12-16T22:00:00+00:00, 2025-12-16T22:30:00+00:00
0.296000, 4.65, 1.04, 2025-12-16T22:30:00+00:00, 2025-12-16T23:00:00+00:00
0.339000, 5.45, 1.04, 2025-12-16T23:00:00+00:00, 2025-12-16T23:30:00+00:00
0.272000, 4.5, 1.04, 2025-12-16T23:30:00+00:00, 2025-12-17T00:00:00+00:00
1.354000, 21.82, 1.04, 2025-12-17T00:00:00+00:00, 2025-12-17T00:30:00+00:00
1.334000, 22.33, 1.04, 2025-12-17T00:30:00+00:00, 2025-12-17T01:00:00+00:00
1.315000, 21.19, 1.04, 2025-12-17T01:00:00+00:00, 2025-12-17T01:30:00+00:00
1.288000, 19.6, 1.04, 2025-12-17T01:30:00+00:00, 2025-12-17T02:00:00+00:00
1.287000, 19.81, 1.04, 2025-12-17T02:00:00+00:00, 2025-12-17T02:30:00+00:00
1.323000, 18.3, 1.04, 2025-12-17T02:30:00+00:00, 2025-12-17T03:00:00+00:00
1.345000, 18.53, 1.04, 2025-12-17T03:00:00+00:00, 2025-12-17T03:30:00+00:00
1.413000, 19.32, 1.04, 2025-12-17T03:30:00+00:00, 2025-12-17T04:00:00+00:00
1.223000, 17.26, 1.04, 2025-12-17T04:00:00+00:00, 2025-12-17T04:30:00+00:00
0.361000, 4.97, 1.04, 2025-12-17T04:30:00+00:00, 2025-12-17T05:00:00+00:00
0.255000, 3.6, 1.04, 2025-12-17T05:00:00+00:00, 2025-12-17T05:30:00+00:00
0.216000, 3.18, 1.04, 2025-12-17T05:30:00+00:00, 2025-12-17T06:00:00+00:00
0.215000, 3.54, 1.04, 2025-12-17T06:00:00+00:00, 2025-12-17T06:30:00+00:00
0.258000, 4.55, 1.04, 2025-12-17T06:30:00+00:00, 2025-12-17T07:00:00+00:00
0.253000, 4.57, 1.04, 2025-12-17T07:00:00+00:00, 2025-12-17T07:30:00+00:00
0.494000, 10.02, 1.04, 2025-12-17T07:30:00+00:00, 2025-12-17T08:00:00+00:00
0.494000, 9.86, 1.04, 2025-12-17T08:00:00+00:00, 2025-12-17T08:30:00+00:00
0.418000, 8.58, 1.04, 2025-12-17T08:30:00+00:00, 2025-12-17T09:00:00+00:00
0.892000, 16.85, 1.04, 2025-12-17T09:00:00+00:00, 2025-12-17T09:30:00+00:00
0.674000, 12.39, 1.04, 2025-12-17T09:30:00+00:00, 2025-12-17T10:00:00+00:00
0.336000, 5.78, 1.04, 2025-12-17T10:00:00+00:00, 2025-12-17T10:30:00+00:00
0.026000, 0.44, 1.04, 2025-12-17T10:30:00+00:00, 2025-12-17T11:00:00+00:00
0.006000, 0.1, 1.04, 2025-12-17T11:00:00+00:00, 2025-12-17T11:30:00+00:00
0.003000, 0.05, 1.04, 2025-12-17T11:30:00+00:00, 2025-12-17T12:00:00+00:00
0.026000, 0.43, 1.04, 2025-12-17T12:00:00+00:00, 2025-12-17T12:30:00+00:00
0.008000, 0.13, 1.04, 2025-12-17T12:30:00+00:00, 2025-12-17T13:00:00+00:00
0.004000, 0.07, 1.04, 2025-12-17T13:00:00+00:00, 2025-12-17T13:30:00+00:00
0.003000, 0.05, 1.04, 2025-12-17T13:30:00+00:00, 2025-12-17T14:00:00+00:00
0.003000, 0.05, 1.04, 2025-12-17T14:00:00+00:00, 2025-12-17T14:30:00+00:00
0.010000, 0.18, 1.04, 2025-12-17T14:30:00+00:00, 2025-12-17T15:00:00+00:00
0.002000, 0.03, 1.04, 2025-12-17T15:00:00+00:00, 2025-12-17T15:30:00+00:00
0.003000, 0.06, 1.04, 2025-12-17T15:30:00+00:00, 2025-12-17T16:00:00+00:00
0.017000, 0.53, 1.04, 2025-12-17T16:00:00+00:00, 2025-12-17T16:30:00+00:00
0.004000, 0.13, 1.04, 2025-12-17T16:30:00+00:00, 2025-12-17T17:00:00+00:00
0.016000, 0.48, 1.04, 2025-12-17T17:00:00+00:00, 2025-12-17T17:30:00+00:00
0.005000, 0.15, 1.04, 2025-12-17T17:30:00+00:00, 2025-12-17T18:00:00+00:00
0.068000, 2.07, 1.04, 2025-12-17T18:00:00+00:00, 2025-12-17T18:30:00+00:00
0.004000, 0.12, 1.04, 2025-12-17T18:30:00+00:00, 2025-12-17T19:00:00+00:00
0.004000, 0.07, 1.04, 2025-12-17T19:00:00+00:00, 2025-12-17T19:30:00+00:00
0.495000, 8.57, 1.04, 2025-12-17T19:30:00+00:00, 2025-12-17T20:00:00+00:00
0.609000, 10.53, 1.04, 2025-12-17T20:00:00+00:00, 2025-12-17T20:30:00+00:00
1.068000, 18, 1.04, 2025-12-17T20:30:00+00:00, 2025-12-17T21:00:00+00:00
0.701000, 13.37, 1.04, 2025-12-17T21:00:00+00:00, 2025-12-17T21:30:00+00:00
0.391000, 7.09, 1.04, 2025-12-17T21:30:00+00:00, 2025-12-17T22:00:00+00:00
0.344000, 5.61, 1.04, 2025-12-17T22:00:00+00:00, 2025-12-17T22:30:00+00:00
0.376000, 5.31, 1.04, 2025-12-17T22:30:00+00:00, 2025-12-17T23:00:00+00:00
0.416000, 5.57, 1.04, 2025-12-17T23:00:00+00:00, 2025-12-17T23:30:00+00:00
0.323000, 4.2, 1.04, 2025-12-17T23:30:00+00:00, 2025-12-18T00:00:00+00:00
1.411000, 16.06, 1.04, 2025-12-18T00:00:00+00:00, 2025-12-18T00:30:00+00:00
1.409000, 16.84, 1.04, 2025-12-18T00:30:00+00:00, 2025-12-18T01:00:00+00:00
1.368000, 14.19, 1.04, 2025-12-18T01:00:00+00:00, 2025-12-18T01:30:00+00:00
1.324000, 11.57, 1.04, 2025-12-18T01:30:00+00:00, 2025-12-18T02:00:00+00:00
1.392000, 12.12, 1.04, 2025-12-18T02:00:00+00:00, 2025-12-18T02:30:00+00:00
1.361000, 11.2, 1.04, 2025-12-18T02:30:00+00:00, 2025-12-18T03:00:00+00:00
1.376000, 9.85, 1.04, 2025-12-18T03:00:00+00:00, 2025-12-18T03:30:00+00:00
1.386000, 9.17, 1.04, 2025-12-18T03:30:00+00:00, 2025-12-18T04:00:00+00:00
1.172000, 8.69, 1.04, 2025-12-18T04:00:00+00:00, 2025-12-18T04:30:00+00:00
0.327000, 2.5, 1.04, 2025-12-18T04:30:00+00:00, 2025-12-18T05:00:00+00:00
0.254000, 2.21, 1.04, 2025-12-18T05:00:00+00:00, 2025-12-18T05:30:00+00:00
0.227000, 2.24, 1.04, 2025-12-18T05:30:00+00:00, 2025-12-18T06:00:00+00:00
0.236000, 3.29, 1.04, 2025-12-18T06:00:00+00:00, 2025-12-18T06:30:00+00:00
0.250000, 3.98, 1.04, 2025-12-18T06:30:00+00:00, 2025-12-18T07:00:00+00:00
0.263000, 4.26, 1.04, 2025-12-18T07:00:00+00:00, 2025-12-18T07:30:00+00:00
0.524000, 8.8, 1.04, 2025-12-18T07:30:00+00:00, 2025-12-18T08:00:00+00:00
0.407000, 6.89, 1.04, 2025-12-18T08:00:00+00:00, 2025-12-18T08:30:00+00:00
0.386000, 7.04, 1.04, 2025-12-18T08:30:00+00:00, 2025-12-18T09:00:00+00:00
1.298000, 23.95, 1.04, 2025-12-18T09:00:00+00:00, 2025-12-18T09:30:00+00:00
0.393000, 7.21, 1.04, 2025-12-18T09:30:00+00:00, 2025-12-18T10:00:00+00:00
0.286000, 5.22, 1.04, 2025-12-18T10:00:00+00:00, 2025-12-18T10:30:00+00:00
0.011000, 0.2, 1.04, 2025-12-18T10:30:00+00:00, 2025-12-18T11:00:00+00:00
0.004000, 0.07, 1.04, 2025-12-18T11:00:00+00:00, 2025-12-18T11:30:00+00:00
0.003000, 0.05, 1.04, 2025-12-18T11:30:00+00:00, 2025-12-18T12:00:00+00:00
0.020000, 0.36, 1.04, 2025-12-18T12:00:00+00:00, 2025-12-18T12:30:00+00:00
0.006000, 0.11, 1.04, 2025-12-18T12:30:00+00:00, 2025-12-18T13:00:00+00:00
0.004000, 0.07, 1.04, 2025-12-18T13:00:00+00:00, 2025-12-18T13:30:00+00:00
0.004000, 0.07, 1.04, 2025-12-18T13:30:00+00:00, 2025-12-18T14:00:00+00:00
0.003000, 0.06, 1.04, 2025-12-18T14:00:00+00:00, 2025-12-18T14:30:00+00:00
0.003000, 0.05, 1.04, 2025-12-18T14:30:00+00:00, 2025-12-18T15:00:00+00:00
0.015000, 0.26, 1.04, 2025-12-18T15:00:00+00:00, 2025-12-18T15:30:00+00:00
0.020000, 0.37, 1.04, 2025-12-18T15:30:00+00:00, 2025-12-18T16:00:00+00:00
0.003000, 0.09, 1.04, 2025-12-18T16:00:00+00:00, 2025-12-18T16:30:00+00:00
0.005000, 0.16, 1.04, 2025-12-18T16:30:00+00:00, 2025-12-18T17:00:00+00:00
0.004000, 0.12, 1.04, 2025-12-18T17:00:00+00:00, 2025-12-18T17:30:00+00:00
0.043000, 1.29, 1.04, 2025-12-18T17:30:00+00:00, 2025-12-18T18:00:00+00:00
0.004000, 0.12, 1.04, 2025-12-18T18:00:00+00:00, 2025-12-18T18:30:00+00:00
0.004000, 0.12, 1.04, 2025-12-18T18:30:00+00:00, 2025-12-18T19:00:00+00:00
0.009000, 0.15, 1.04, 2025-12-18T19:00:00+00:00, 2025-12-18T19:30:00+00:00
0.137000, 2.28, 1.04, 2025-12-18T19:30:00+00:00, 2025-12-18T20:00:00+00:00
0.497000, 8.12, 1.04, 2025-12-18T20:00:00+00:00, 2025-12-18T20:30:00+00:00
0.721000, 11.37, 1.04, 2025-12-18T20:30:00+00:00, 2025-12-18T21:00:00+00:00
0.549000, 6.99, 1.04, 2025-12-18T21:00:00+00:00, 2025-12-18T21:30:00+00:00
0.477000, 4.21, 1.04, 2025-12-18T21:30:00+00:00, 2025-12-18T22:00:00+00:00
0.862000, 4.94, 1.04, 2025-12-18T22:00:00+00:00, 2025-12-18T22:30:00+00:00
0.725000, 0, 1.04, 2025-12-18T22:30:00+00:00, 2025-12-18T23:00:00+00:00
0.600000, 1.97, 1.04, 2025-12-18T23:00:00+00:00, 2025-12-18T23:30:00+00:00
0.367000, 0.2, 1.04, 2025-12-18T23:30:00+00:00, 2025-12-19T00:00:00+00:00
1.474000, -0.33, 1.04, 2025-12-19T00:00:00+00:00, 2025-12-19T00:30:00+00:00
1.708000, 1.51, 1.04, 2025-12-19T00:30:00+00:00, 2025-12-19T01:00:00+00:00
1.326000, 2.2, 1.04, 2025-12-19T01:00:00+00:00, 2025-12-19T01:30:00+00:00
1.351000, 2.14, 1.04, 2025-12-19T01:30:00+00:00, 2025-12-19T02:00:00+00:00
1.313000, 2.26, 1.04, 2025-12-19T02:00:00+00:00, 2025-12-19T02:30:00+00:00
1.312000, 1.98, 1.04, 2025-12-19T02:30:00+00:00, 2025-12-19T03:00:00+00:00
1.279000, 2.81, 1.04, 2025-12-19T03:00:00+00:00, 2025-12-19T03:30:00+00:00
1.304000, 0.45, 1.04, 2025-12-19T03:30:00+00:00, 2025-12-19T04:00:00+00:00
1.116000, 0, 1.04, 2025-12-19T04:00:00+00:00, 2025-12-19T04:30:00+00:00
0.320000, -0.07, 1.04, 2025-12-19T04:30:00+00:00, 2025-12-19T05:00:00+00:00
0.214000, 1.52, 1.04, 2025-12-19T05:00:00+00:00, 2025-12-19T05:30:00+00:00
0.183000, 1.38, 1.04, 2025-12-19T05:30:00+00:00, 2025-12-19T06:00:00+00:00
0.242000, 3.2, 1.04, 2025-12-19T06:00:00+00:00, 2025-12-19T06:30:00+00:00
0.238000, 3.46, 1.04, 2025-12-19T06:30:00+00:00, 2025-12-19T07:00:00+00:00
0.271000, 4.3, 1.04, 2025-12-19T07:00:00+00:00, 2025-12-19T07:30:00+00:00
0.382000, 6.6, 1.04, 2025-12-19T07:30:00+00:00, 2025-12-19T08:00:00+00:00
0.396000, 6.6, 1.04, 2025-12-19T08:00:00+00:00, 2025-12-19T08:30:00+00:00
0.495000, 8.75, 1.04, 2025-12-19T08:30:00+00:00, 2025-12-19T09:00:00+00:00
0.555000, 9.18, 1.04, 2025-12-19T09:00:00+00:00, 2025-12-19T09:30:00+00:00
0.443000, 7.03, 1.04, 2025-12-19T09:30:00+00:00, 2025-12-19T10:00:00+00:00
0.356000, 5.46, 1.04, 2025-12-19T10:00:00+00:00, 2025-12-19T10:30:00+00:00
0.017000, 0.25, 1.04, 2025-12-19T10:30:00+00:00, 2025-12-19T11:00:00+00:00
0.003000, 0.05, 1.04, 2025-12-19T11:00:00+00:00, 2025-12-19T11:30:00+00:00
0.004000, 0.06, 1.04, 2025-12-19T11:30:00+00:00, 2025-12-19T12:00:00+00:00
0.005000, 0.07, 1.04, 2025-12-19T12:00:00+00:00, 2025-12-19T12:30:00+00:00
0.005000, 0.07, 1.04, 2025-12-19T12:30:00+00:00, 2025-12-19T13:00:00+00:00
0.004000, 0.06, 1.04, 2025-12-19T13:00:00+00:00, 2025-12-19T13:30:00+00:00
0.003000, 0.05, 1.04, 2025-12-19T13:30:00+00:00, 2025-12-19T14:00:00+00:00
0.003000, 0.05, 1.04, 2025-12-19T14:00:00+00:00, 2025-12-19T14:30:00+00:00
0.003000, 0.05, 1.04, 2025-12-19T14:30:00+00:00, 2025-12-19T15:00:00+00:00
0.003000, 0.05, 1.04, 2025-12-19T15:00:00+00:00, 2025-12-19T15:30:00+00:00
0.003000, 0.05, 1.04, 2025-12-19T15:30:00+00:00, 2025-12-19T16:00:00+00:00
0.008000, 0.26, 1.04, 2025-12-19T16:00:00+00:00, 2025-12-19T16:30:00+00:00
0.005000, 0.17, 1.04, 2025-12-19T16:30:00+00:00, 2025-12-19T17:00:00+00:00
0.004000, 0.13, 1.04, 2025-12-19T17:00:00+00:00, 2025-12-19T17:30:00+00:00
0.003000, 0.1, 1.04, 2025-12-19T17:30:00+00:00, 2025-12-19T18:00:00+00:00
0.004000, 0.13, 1.04, 2025-12-19T18:00:00+00:00, 2025-12-19T18:30:00+00:00
0.004000, 0.13, 1.04, 2025-12-19T18:30:00+00:00, 2025-12-19T19:00:00+00:00
0.004000, 0.07, 1.04, 2025-12-19T19:00:00+00:00, 2025-12-19T19:30:00+00:00
0.003000, 0.05, 1.04, 2025-12-19T19:30:00+00:00, 2025-12-19T20:00:00+00:00
0.004000, 0.07, 1.04, 2025-12-19T20:00:00+00:00, 2025-12-19T20:30:00+00:00
0.004000, 0.06, 1.04, 2025-12-19T20:30:00+00:00, 2025-12-19T21:00:00+00:00
0.004000, 0.07, 1.04, 2025-12-19T21:00:00+00:00, 2025-12-19T21:30:00+00:00
0.003000, 0.05, 1.04, 2025-12-19T21:30:00+00:00, 2025-12-19T22:00:00+00:00
0.004000, 0.07, 1.04, 2025-12-19T22:00:00+00:00, 2025-12-19T22:30:00+00:00
0.621000, 10.17, 1.04, 2025-12-19T22:30:00+00:00, 2025-12-19T23:00:00+00:00
0.383000, 6.4, 1.04, 2025-12-19T23:00:00+00:00, 2025-12-19T23:30:00+00:00
0.288000, 4.51, 1.04, 2025-12-19T23:30:00+00:00, 2025-12-20T00:00:00+00:00
1.346000, 20.97, 1.04, 2025-12-20T00:00:00+00:00, 2025-12-20T00:30:00+00:00
1.354000, 22.8, 1.04, 2025-12-20T00:30:00+00:00, 2025-12-20T01:00:00+00:00
1.330000, 21.93, 1.04, 2025-12-20T01:00:00+00:00, 2025-12-20T01:30:00+00:00
1.400000, 22.02, 1.04, 2025-12-20T01:30:00+00:00, 2025-12-20T02:00:00+00:00
1.370000, 21.97, 1.04, 2025-12-20T02:00:00+00:00, 2025-12-20T02:30:00+00:00
1.363000, 20.79, 1.04, 2025-12-20T02:30:00+00:00, 2025-12-20T03:00:00+00:00
1.365000, 21.13, 1.04, 2025-12-20T03:00:00+00:00, 2025-12-20T03:30:00+00:00
1.370000, 20.41, 1.04, 2025-12-20T03:30:00+00:00, 2025-12-20T04:00:00+00:00
1.207000, 19.72, 1.04, 2025-12-20T04:00:00+00:00, 2025-12-20T04:30:00+00:00
0.334000, 5.48, 1.04, 2025-12-20T04:30:00+00:00, 2025-12-20T05:00:00+00:00
0.291000, 5, 1.04, 2025-12-20T05:00:00+00:00, 2025-12-20T05:30:00+00:00
0.273000, 4.27, 1.04, 2025-12-20T05:30:00+00:00, 2025-12-20T06:00:00+00:00
0.237000, 3.96, 1.04, 2025-12-20T06:00:00+00:00, 2025-12-20T06:30:00+00:00
0.283000, 4.62, 1.04, 2025-12-20T06:30:00+00:00, 2025-12-20T07:00:00+00:00
0.236000, 4.07, 1.04, 2025-12-20T07:00:00+00:00, 2025-12-20T07:30:00+00:00
0.247000, 4.37, 1.04, 2025-12-20T07:30:00+00:00, 2025-12-20T08:00:00+00:00
0.426000, 7.89, 1.04, 2025-12-20T08:00:00+00:00, 2025-12-20T08:30:00+00:00
0.317000, 6.29, 1.04, 2025-12-20T08:30:00+00:00, 2025-12-20T09:00:00+00:00
0.505000, 9.59, 1.04, 2025-12-20T09:00:00+00:00, 2025-12-20T09:30:00+00:00
0.652000, 12.45, 1.04, 2025-12-20T09:30:00+00:00, 2025-12-20T10:00:00+00:00
0.881000, 17.48, 1.04, 2025-12-20T10:00:00+00:00, 2025-12-20T10:30:00+00:00
0.019000, 0.36, 1.04, 2025-12-20T10:30:00+00:00, 2025-12-20T11:00:00+00:00
0.011000, 0.2, 1.04, 2025-12-20T11:00:00+00:00, 2025-12-20T11:30:00+00:00
0.007000, 0.13, 1.04, 2025-12-20T11:30:00+00:00, 2025-12-20T12:00:00+00:00
0.007000, 0.13, 1.04, 2025-12-20T12:00:00+00:00, 2025-12-20T12:30:00+00:00
0.280000, 5.27, 1.04, 2025-12-20T12:30:00+00:00, 2025-12-20T13:00:00+00:00
0.257000, 5.33, 1.04, 2025-12-20T13:00:00+00:00, 2025-12-20T13:30:00+00:00
0.025000, 0.5, 1.04, 2025-12-20T13:30:00+00:00, 2025-12-20T14:00:00+00:00
0.010000, 0.19, 1.04, 2025-12-20T14:00:00+00:00, 2025-12-20T14:30:00+00:00
0.045000, 0.88, 1.04, 2025-12-20T14:30:00+00:00, 2025-12-20T15:00:00+00:00
0.006000, 0.12, 1.04, 2025-12-20T15:00:00+00:00, 2025-12-20T15:30:00+00:00
0.011000, 0.23, 1.04, 2025-12-20T15:30:00+00:00, 2025-12-20T16:00:00+00:00
0.255000, 8.5, 1.04, 2025-12-20T16:00:00+00:00, 2025-12-20T16:30:00+00:00
0.427000, 14.35, 1.04, 2025-12-20T16:30:00+00:00, 2025-12-20T17:00:00+00:00
0.493000, 16.54, 1.04, 2025-12-20T17:00:00+00:00, 2025-12-20T17:30:00+00:00
0.560000, 19.03, 1.04, 2025-12-20T17:30:00+00:00, 2025-12-20T18:00:00+00:00
0.468000, 15.88, 1.04, 2025-12-20T18:00:00+00:00, 2025-12-20T18:30:00+00:00
0.497000, 16.13, 1.04, 2025-12-20T18:30:00+00:00, 2025-12-20T19:00:00+00:00
0.631000, 12.1, 1.04, 2025-12-20T19:00:00+00:00, 2025-12-20T19:30:00+00:00
0.431000, 7.79, 1.04, 2025-12-20T19:30:00+00:00, 2025-12-20T20:00:00+00:00
0.503000, 8.64, 1.04, 2025-12-20T20:00:00+00:00, 2025-12-20T20:30:00+00:00
0.794000, 12.19, 1.04, 2025-12-20T20:30:00+00:00, 2025-12-20T21:00:00+00:00
0.485000, 8.23, 1.04, 2025-12-20T21:00:00+00:00, 2025-12-20T21:30:00+00:00
0.507000, 8.38, 1.04, 2025-12-20T21:30:00+00:00, 2025-12-20T22:00:00+00:00
0.459000, 7.59, 1.04, 2025-12-20T22:00:00+00:00, 2025-12-20T22:30:00+00:00
0.279000, 4.22, 1.04, 2025-12-20T22:30:00+00:00, 2025-12-20T23:00:00+00:00
0.162000, 2.68, 1.04, 2025-12-20T23:00:00+00:00, 2025-12-20T23:30:00+00:00
0.206000, 3.37, 1.04, 2025-12-20T23:30:00+00:00, 2025-12-21T00:00:00+00:00
1.254000, 18.66, 1.04, 2025-12-21T00:00:00+00:00, 2025-12-21T00:30:00+00:00
1.254000, 20.25, 1.04, 2025-12-21T00:30:00+00:00, 2025-12-21T01:00:00+00:00
1.255000, 20.2, 1.04, 2025-12-21T01:00:00+00:00, 2025-12-21T01:30:00+00:00
1.275000, 20.01, 1.04, 2025-12-21T01:30:00+00:00, 2025-12-21T02:00:00+00:00
1.293000, 20.76, 1.04, 2025-12-21T02:00:00+00:00, 2025-12-21T02:30:00+00:00
1.298000, 19.9, 1.04, 2025-12-21T02:30:00+00:00, 2025-12-21T03:00:00+00:00
1.364000, 20.91, 1.04, 2025-12-21T03:00:00+00:00, 2025-12-21T03:30:00+00:00
1.401000, 21.83, 1.04, 2025-12-21T03:30:00+00:00, 2025-12-21T04:00:00+00:00
1.331000, 20.4, 1.04, 2025-12-21T04:00:00+00:00, 2025-12-21T04:30:00+00:00
0.483000, 7.4, 1.04, 2025-12-21T04:30:00+00:00, 2025-12-21T05:00:00+00:00
0.217000, 3.41, 1.04, 2025-12-21T05:00:00+00:00, 2025-12-21T05:30:00+00:00
0.234000, 3.59, 1.04, 2025-12-21T05:30:00+00:00, 2025-12-21T06:00:00+00:00
0.246000, 3.94, 1.04, 2025-12-21T06:00:00+00:00, 2025-12-21T06:30:00+00:00
0.294000, 4.77, 1.04, 2025-12-21T06:30:00+00:00, 2025-12-21T07:00:00+00:00
0.250000, 4.28, 1.04, 2025-12-21T07:00:00+00:00, 2025-12-21T07:30:00+00:00
0.251000, 4.61, 1.04, 2025-12-21T07:30:00+00:00, 2025-12-21T08:00:00+00:00
0.270000, 4.88, 1.04, 2025-12-21T08:00:00+00:00, 2025-12-21T08:30:00+00:00
0.465000, 8.72, 1.04, 2025-12-21T08:30:00+00:00, 2025-12-21T09:00:00+00:00
0.598000, 11.11, 1.04, 2025-12-21T09:00:00+00:00, 2025-12-21T09:30:00+00:00
0.440000, 8.09, 1.04, 2025-12-21T09:30:00+00:00, 2025-12-21T10:00:00+00:00
0.315000, 5.63, 1.04, 2025-12-21T10:00:00+00:00, 2025-12-21T10:30:00+00:00
0.012000, 0.22, 1.04, 2025-12-21T10:30:00+00:00, 2025-12-21T11:00:00+00:00
0.005000, 0.1, 1.04, 2025-12-21T11:00:00+00:00, 2025-12-21T11:30:00+00:00
0.008000, 0.16, 1.04, 2025-12-21T11:30:00+00:00, 2025-12-21T12:00:00+00:00
0.010000, 0.19, 1.04, 2025-12-21T12:00:00+00:00, 2025-12-21T12:30:00+00:00
0.018000, 0.36, 1.04, 2025-12-21T12:30:00+00:00, 2025-12-21T13:00:00+00:00
0.010000, 0.21, 1.04, 2025-12-21T13:00:00+00:00, 2025-12-21T13:30:00+00:00
0.003000, 0.06, 1.04, 2025-12-21T13:30:00+00:00, 2025-12-21T14:00:00+00:00
0.003000, 0.06, 1.04, 2025-12-21T14:00:00+00:00, 2025-12-21T14:30:00+00:00
0.025000, 0.51, 1.04, 2025-12-21T14:30:00+00:00, 2025-12-21T15:00:00+00:00
0.007000, 0.13, 1.04, 2025-12-21T15:00:00+00:00, 2025-12-21T15:30:00+00:00
0.009000, 0.18, 1.04, 2025-12-21T15:30:00+00:00, 2025-12-21T16:00:00+00:00
0.010000, 0.31, 1.04, 2025-12-21T16:00:00+00:00, 2025-12-21T16:30:00+00:00
0.021000, 0.71, 1.04, 2025-12-21T16:30:00+00:00, 2025-12-21T17:00:00+00:00
0.020000, 0.67, 1.04, 2025-12-21T17:00:00+00:00, 2025-12-21T17:30:00+00:00
0.062000, 2.08, 1.04, 2025-12-21T17:30:00+00:00, 2025-12-21T18:00:00+00:00
0.999000, 33.51, 1.04, 2025-12-21T18:00:00+00:00, 2025-12-21T18:30:00+00:00
0.598000, 18.62, 1.04, 2025-12-21T18:30:00+00:00, 2025-12-21T19:00:00+00:00
0.439000, 7.8, 1.04, 2025-12-21T19:00:00+00:00, 2025-12-21T19:30:00+00:00
0.426000, 7.88, 1.04, 2025-12-21T19:30:00+00:00, 2025-12-21T20:00:00+00:00
1.227000, 21.64, 1.04, 2025-12-21T20:00:00+00:00, 2025-12-21T20:30:00+00:00
1.323000, 23.2, 1.04, 2025-12-21T20:30:00+00:00, 2025-12-21T21:00:00+00:00
1.088000, 20.15, 1.04, 2025-12-21T21:00:00+00:00, 2025-12-21T21:30:00+00:00
1.060000, 18, 1.04, 2025-12-21T21:30:00+00:00, 2025-12-21T22:00:00+00:00
0.592000, 10.44, 1.04, 2025-12-21T22:00:00+00:00, 2025-12-21T22:30:00+00:00
0.432000, 6.7, 1.04, 2025-12-21T22:30:00+00:00, 2025-12-21T23:00:00+00:00
0.342000, 4.89, 1.04, 2025-12-21T23:00:00+00:00, 2025-12-21T23:30:00+00:00
0.349000, 4.85, 1.04, 2025-12-21T23:30:00+00:00, 2025-12-22T00:00:00+00:00
1.415000, 18.02, 1.04, 2025-12-22T00:00:00+00:00, 2025-12-22T00:30:00+00:00
1.408000, 19.25, 1.04, 2025-12-22T00:30:00+00:00, 2025-12-22T01:00:00+00:00
1.300000, 17.31, 1.04, 2025-12-22T01:00:00+00:00, 2025-12-22T01:30:00+00:00
1.318000, 15.83, 1.04, 2025-12-22T01:30:00+00:00, 2025-12-22T02:00:00+00:00
1.321000, 15.53, 1.04, 2025-12-22T02:00:00+00:00, 2025-12-22T02:30:00+00:00
1.424000, 17.61, 1.04, 2025-12-22T02:30:00+00:00, 2025-12-22T03:00:00+00:00
1.349000, 17.59, 1.04, 2025-12-22T03:00:00+00:00, 2025-12-22T03:30:00+00:00
1.323000, 16.36, 1.04, 2025-12-22T03:30:00+00:00, 2025-12-22T04:00:00+00:00
1.119000, 14.31, 1.04, 2025-12-22T04:00:00+00:00, 2025-12-22T04:30:00+00:00
0.312000, 3.3, 1.04, 2025-12-22T04:30:00+00:00, 2025-12-22T05:00:00+00:00
0.253000, 3.44, 1.04, 2025-12-22T05:00:00+00:00, 2025-12-22T05:30:00+00:00
0.228000, 3.22, 1.04, 2025-12-22T05:30:00+00:00, 2025-12-22T06:00:00+00:00
0.246000, 3.68, 1.04, 2025-12-22T06:00:00+00:00, 2025-12-22T06:30:00+00:00
0.240000, 3.79, 1.04, 2025-12-22T06:30:00+00:00, 2025-12-22T07:00:00+00:00
0.244000, 4.39, 1.04, 2025-12-22T07:00:00+00:00, 2025-12-22T07:30:00+00:00
0.342000, 6.64, 1.04, 2025-12-22T07:30:00+00:00, 2025-12-22T08:00:00+00:00
0.485000, 8.59, 1.04, 2025-12-22T08:00:00+00:00, 2025-12-22T08:30:00+00:00
0.629000, 11.79, 1.04, 2025-12-22T08:30:00+00:00, 2025-12-22T09:00:00+00:00
0.402000, 7.28, 1.04, 2025-12-22T09:00:00+00:00, 2025-12-22T09:30:00+00:00
0.619000, 11.49, 1.04, 2025-12-22T09:30:00+00:00, 2025-12-22T10:00:00+00:00
0.989000, 17.4, 1.04, 2025-12-22T10:00:00+00:00, 2025-12-22T10:30:00+00:00
0.027000, 0.48, 1.04, 2025-12-22T10:30:00+00:00, 2025-12-22T11:00:00+00:00
0.008000, 0.15, 1.04, 2025-12-22T11:00:00+00:00, 2025-12-22T11:30:00+00:00
0.006000, 0.11, 1.04, 2025-12-22T11:30:00+00:00, 2025-12-22T12:00:00+00:00
0.006000, 0.11, 1.04, 2025-12-22T12:00:00+00:00, 2025-12-22T12:30:00+00:00
0.004000, 0.07, 1.04, 2025-12-22T12:30:00+00:00, 2025-12-22T13:00:00+00:00
0.003000, 0.06, 1.04, 2025-12-22T13:00:00+00:00, 2025-12-22T13:30:00+00:00
0.004000, 0.08, 1.04, 2025-12-22T13:30:00+00:00, 2025-12-22T14:00:00+00:00
0.003000, 0.06, 1.04, 2025-12-22T14:00:00+00:00, 2025-12-22T14:30:00+00:00
0.010000, 0.21, 1.04, 2025-12-22T14:30:00+00:00, 2025-12-22T15:00:00+00:00
0.010000, 0.2, 1.04, 2025-12-22T15:00:00+00:00, 2025-12-22T15:30:00+00:00
0.004000, 0.08, 1.04, 2025-12-22T15:30:00+00:00, 2025-12-22T16:00:00+00:00
0.005000, 0.17, 1.04, 2025-12-22T16:00:00+00:00, 2025-12-22T16:30:00+00:00
0.003000, 0.1, 1.04, 2025-12-22T16:30:00+00:00, 2025-12-22T17:00:00+00:00
0.004000, 0.14, 1.04, 2025-12-22T17:00:00+00:00, 2025-12-22T17:30:00+00:00
0.022000, 0.76, 1.04, 2025-12-22T17:30:00+00:00, 2025-12-22T18:00:00+00:00
0.004000, 0.13, 1.04, 2025-12-22T18:00:00+00:00, 2025-12-22T18:30:00+00:00
0.004000, 0.13, 1.04, 2025-12-22T18:30:00+00:00, 2025-12-22T19:00:00+00:00
0.019000, 0.38, 1.04, 2025-12-22T19:00:00+00:00, 2025-12-22T19:30:00+00:00
0.541000, 10.2, 1.04, 2025-12-22T19:30:00+00:00, 2025-12-22T20:00:00+00:00
0.689000, 12.57, 1.04, 2025-12-22T20:00:00+00:00, 2025-12-22T20:30:00+00:00
0.836000, 15.12, 1.04, 2025-12-22T20:30:00+00:00, 2025-12-22T21:00:00+00:00
0.888000, 16.23, 1.04, 2025-12-22T21:00:00+00:00, 2025-12-22T21:30:00+00:00
0.534000, 9.49, 1.04, 2025-12-22T21:30:00+00:00, 2025-12-22T22:00:00+00:00
1.049000, 17.58, 1.04, 2025-12-22T22:00:00+00:00, 2025-12-22T22:30:00+00:00
0.789000, 11.83, 1.04, 2025-12-22T22:30:00+00:00, 2025-12-22T23:00:00+00:00
0.623000, 11.26, 1.04, 2025-12-22T23:00:00+00:00, 2025-12-22T23:30:00+00:00
0.351000, 5.87, 1.04, 2025-12-22T23:30:00+00:00, 2025-12-23T00:00:00+00:00
1.391000, 22.96, 1.04, 2025-12-23T00:00:00+00:00, 2025-12-23T00:30:00+00:00
1.337000, 25.68, 1.04, 2025-12-23T00:30:00+00:00, 2025-12-23T01:00:00+00:00
1.357000, 25.13, 1.04, 2025-12-23T01:00:00+00:00, 2025-12-23T01:30:00+00:00
1.354000, 22.32, 1.04, 2025-12-23T01:30:00+00:00, 2025-12-23T02:00:00+00:00
1.324000, 21.21, 1.04, 2025-12-23T02:00:00+00:00, 2025-12-23T02:30:00+00:00
1.311000, 20.19, 1.04, 2025-12-23T02:30:00+00:00, 2025-12-23T03:00:00+00:00
1.338000, 20.03, 1.04, 2025-12-23T03:00:00+00:00, 2025-12-23T03:30:00+00:00
1.319000, 19.49, 1.04, 2025-12-23T03:30:00+00:00, 2025-12-23T04:00:00+00:00
1.102000, 16.04, 1.04, 2025-12-23T04:00:00+00:00, 2025-12-23T04:30:00+00:00
0.307000, 4.4, 1.04, 2025-12-23T04:30:00+00:00, 2025-12-23T05:00:00+00:00
0.216000, 3.14, 1.04, 2025-12-23T05:00:00+00:00, 2025-12-23T05:30:00+00:00
0.218000, 3.16, 1.04, 2025-12-23T05:30:00+00:00, 2025-12-23T06:00:00+00:00
0.219000, 3.24, 1.04, 2025-12-23T06:00:00+00:00, 2025-12-23T06:30:00+00:00
0.210000, 3.36, 1.04, 2025-12-23T06:30:00+00:00, 2025-12-23T07:00:00+00:00
0.260000, 3.84, 1.04, 2025-12-23T07:00:00+00:00, 2025-12-23T07:30:00+00:00
0.312000, 5.34, 1.04, 2025-12-23T07:30:00+00:00, 2025-12-23T08:00:00+00:00
0.613000, 10, 1.04, 2025-12-23T08:00:00+00:00, 2025-12-23T08:30:00+00:00
0.440000, 8.15, 1.04, 2025-12-23T08:30:00+00:00, 2025-12-23T09:00:00+00:00
0.550000, 10.08, 1.04, 2025-12-23T09:00:00+00:00, 2025-12-23T09:30:00+00:00
0.492000, 9.2, 1.04, 2025-12-23T09:30:00+00:00, 2025-12-23T10:00:00+00:00
0.881000, 16.49, 1.04, 2025-12-23T10:00:00+00:00, 2025-12-23T10:30:00+00:00
0.124000, 2.33, 1.04, 2025-12-23T10:30:00+00:00, 2025-12-23T11:00:00+00:00
0.004000, 0.07, 1.04, 2025-12-23T11:00:00+00:00, 2025-12-23T11:30:00+00:00
0.065000, 1.22, 1.04, 2025-12-23T11:30:00+00:00, 2025-12-23T12:00:00+00:00
0.007000, 0.13, 1.04, 2025-12-23T12:00:00+00:00, 2025-12-23T12:30:00+00:00
0.003000, 0.06, 1.04, 2025-12-23T12:30:00+00:00, 2025-12-23T13:00:00+00:00
0.004000, 0.08, 1.04, 2025-12-23T13:00:00+00:00, 2025-12-23T13:30:00+00:00
0.004000, 0.08, 1.04, 2025-12-23T13:30:00+00:00, 2025-12-23T14:00:00+00:00
0.003000, 0.06, 1.04, 2025-12-23T14:00:00+00:00, 2025-12-23T14:30:00+00:00
0.003000, 0.06, 1.04, 2025-12-23T14:30:00+00:00, 2025-12-23T15:00:00+00:00
0.003000, 0.05, 1.04, 2025-12-23T15:00:00+00:00, 2025-12-23T15:30:00+00:00
0.006000, 0.11, 1.04, 2025-12-23T15:30:00+00:00, 2025-12-23T16:00:00+00:00
0.004000, 0.13, 1.04, 2025-12-23T16:00:00+00:00, 2025-12-23T16:30:00+00:00
0.003000, 0.1, 1.04, 2025-12-23T16:30:00+00:00, 2025-12-23T17:00:00+00:00
0.005000, 0.16, 1.04, 2025-12-23T17:00:00+00:00, 2025-12-23T17:30:00+00:00
0.004000, 0.13, 1.04, 2025-12-23T17:30:00+00:00, 2025-12-23T18:00:00+00:00
0.042000, 1.36, 1.04, 2025-12-23T18:00:00+00:00, 2025-12-23T18:30:00+00:00
0.006000, 0.19, 1.04, 2025-12-23T18:30:00+00:00, 2025-12-23T19:00:00+00:00
0.090000, 1.68, 1.04, 2025-12-23T19:00:00+00:00, 2025-12-23T19:30:00+00:00
0.446000, 8.26, 1.04, 2025-12-23T19:30:00+00:00, 2025-12-23T20:00:00+00:00
0.492000, 8.86, 1.04, 2025-12-23T20:00:00+00:00, 2025-12-23T20:30:00+00:00
0.621000, 10.97, 1.04, 2025-12-23T20:30:00+00:00, 2025-12-23T21:00:00+00:00
0.591000, 10.4, 1.04, 2025-12-23T21:00:00+00:00, 2025-12-23T21:30:00+00:00
0.384000, 6.5, 1.04, 2025-12-23T21:30:00+00:00, 2025-12-23T22:00:00+00:00
0.376000, 6.14, 1.04, 2025-12-23T22:00:00+00:00, 2025-12-23T22:30:00+00:00
0.406000, 6.36, 1.04, 2025-12-23T22:30:00+00:00, 2025-12-23T23:00:00+00:00
0.767000, 12.01, 1.04, 2025-12-23T23:00:00+00:00, 2025-12-23T23:30:00+00:00
0.433000, 5.35, 1.04, 2025-12-23T23:30:00+00:00, 2025-12-24T00:00:00+00:00
1.364000, 16.9, 1.04, 2025-12-24T00:00:00+00:00, 2025-12-24T00:30:00+00:00
1.336000, 19.74, 1.04, 2025-12-24T00:30:00+00:00, 2025-12-24T01:00:00+00:00
1.326000, 18.71, 1.04, 2025-12-24T01:00:00+00:00, 2025-12-24T01:30:00+00:00
1.333000, 17.64, 1.04, 2025-12-24T01:30:00+00:00, 2025-12-24T02:00:00+00:00
1.345000, 17.79, 1.04, 2025-12-24T02:00:00+00:00, 2025-12-24T02:30:00+00:00
1.352000, 17.29, 1.04, 2025-12-24T02:30:00+00:00, 2025-12-24T03:00:00+00:00
1.327000, 16.5, 1.04, 2025-12-24T03:00:00+00:00, 2025-12-24T03:30:00+00:00
1.346000, 16.32, 1.04, 2025-12-24T03:30:00+00:00, 2025-12-24T04:00:00+00:00
1.106000, 14.63, 1.04, 2025-12-24T04:00:00+00:00, 2025-12-24T04:30:00+00:00
0.340000, 4.5, 1.04, 2025-12-24T04:30:00+00:00, 2025-12-24T05:00:00+00:00
0.298000, 3.94, 1.04, 2025-12-24T05:00:00+00:00, 2025-12-24T05:30:00+00:00
0.235000, 3.11, 1.04, 2025-12-24T05:30:00+00:00, 2025-12-24T06:00:00+00:00
0.221000, 2.89, 1.04, 2025-12-24T06:00:00+00:00, 2025-12-24T06:30:00+00:00
0.202000, 2.97, 1.04, 2025-12-24T06:30:00+00:00, 2025-12-24T07:00:00+00:00
0.260000, 4.23, 1.04, 2025-12-24T07:00:00+00:00, 2025-12-24T07:30:00+00:00
0.253000, 4.27, 1.04, 2025-12-24T07:30:00+00:00, 2025-12-24T08:00:00+00:00
0.258000, 4.12, 1.04, 2025-12-24T08:00:00+00:00, 2025-12-24T08:30:00+00:00
0.330000, 5.82, 1.04, 2025-12-24T08:30:00+00:00, 2025-12-24T09:00:00+00:00
0.281000, 4.94, 1.04, 2025-12-24T09:00:00+00:00, 2025-12-24T09:30:00+00:00
0.278000, 5.03, 1.04, 2025-12-24T09:30:00+00:00, 2025-12-24T10:00:00+00:00
0.396000, 7.19, 1.04, 2025-12-24T10:00:00+00:00, 2025-12-24T10:30:00+00:00
0.016000, 0.29, 1.04, 2025-12-24T10:30:00+00:00, 2025-12-24T11:00:00+00:00
0.005000, 0.09, 1.04, 2025-12-24T11:00:00+00:00, 2025-12-24T11:30:00+00:00
0.003000, 0.05, 1.04, 2025-12-24T11:30:00+00:00, 2025-12-24T12:00:00+00:00
0.004000, 0.07, 1.04, 2025-12-24T12:00:00+00:00, 2025-12-24T12:30:00+00:00
0.004000, 0.07, 1.04, 2025-12-24T12:30:00+00:00, 2025-12-24T13:00:00+00:00
0.004000, 0.08, 1.04, 2025-12-24T13:00:00+00:00, 2025-12-24T13:30:00+00:00
0.005000, 0.1, 1.04, 2025-12-24T13:30:00+00:00, 2025-12-24T14:00:00+00:00
0.003000, 0.06, 1.04, 2025-12-24T14:00:00+00:00, 2025-12-24T14:30:00+00:00
0.002000, 0.04, 1.04, 2025-12-24T14:30:00+00:00, 2025-12-24T15:00:00+00:00
0.003000, 0.05, 1.04, 2025-12-24T15:00:00+00:00, 2025-12-24T15:30:00+00:00
0.003000, 0.06, 1.04, 2025-12-24T15:30:00+00:00, 2025-12-24T16:00:00+00:00
0.003000, 0.1, 1.04, 2025-12-24T16:00:00+00:00, 2025-12-24T16:30:00+00:00
0.148000, 4.83, 1.04, 2025-12-24T16:30:00+00:00, 2025-12-24T17:00:00+00:00
0.073000, 2.27, 1.04, 2025-12-24T17:00:00+00:00, 2025-12-24T17:30:00+00:00
0.005000, 0.16, 1.04, 2025-12-24T17:30:00+00:00, 2025-12-24T18:00:00+00:00
0.066000, 2.11, 1.04, 2025-12-24T18:00:00+00:00, 2025-12-24T18:30:00+00:00
0.008000, 0.25, 1.04, 2025-12-24T18:30:00+00:00, 2025-12-24T19:00:00+00:00
0.004000, 0.07, 1.04, 2025-12-24T19:00:00+00:00, 2025-12-24T19:30:00+00:00
0.010000, 0.18, 1.04, 2025-12-24T19:30:00+00:00, 2025-12-24T20:00:00+00:00
0.005000, 0.09, 1.04, 2025-12-24T20:00:00+00:00, 2025-12-24T20:30:00+00:00
0.004000, 0.07, 1.04, 2025-12-24T20:30:00+00:00, 2025-12-24T21:00:00+00:00
0.216000, 3.71, 1.04, 2025-12-24T21:00:00+00:00, 2025-12-24T21:30:00+00:00
0.840000, 13.71, 1.04, 2025-12-24T21:30:00+00:00, 2025-12-24T22:00:00+00:00
0.506000, 8.26, 1.04, 2025-12-24T22:00:00+00:00, 2025-12-24T22:30:00+00:00
0.839000, 13.69, 1.04, 2025-12-24T22:30:00+00:00, 2025-12-24T23:00:00+00:00
1.141000, 19.47, 1.04, 2025-12-24T23:00:00+00:00, 2025-12-24T23:30:00+00:00
0.626000, 9.39, 1.04, 2025-12-24T23:30:00+00:00, 2025-12-25T00:00:00+00:00
1.798000, 26.56, 1.04, 2025-12-25T00:00:00+00:00, 2025-12-25T00:30:00+00:00
1.441000, 22.92, 1.04, 2025-12-25T00:30:00+00:00, 2025-12-25T01:00:00+00:00
1.341000, 20.11, 1.04, 2025-12-25T01:00:00+00:00, 2025-12-25T01:30:00+00:00
1.306000, 18.39, 1.04, 2025-12-25T01:30:00+00:00, 2025-12-25T02:00:00+00:00
1.356000, 16.89, 1.04, 2025-12-25T02:00:00+00:00, 2025-12-25T02:30:00+00:00
1.441000, 16.6, 1.04, 2025-12-25T02:30:00+00:00, 2025-12-25T03:00:00+00:00
1.368000, 15.38, 1.04, 2025-12-25T03:00:00+00:00, 2025-12-25T03:30:00+00:00
1.372000, 16.08, 1.04, 2025-12-25T03:30:00+00:00, 2025-12-25T04:00:00+00:00
1.332000, 15.2, 1.04, 2025-12-25T04:00:00+00:00, 2025-12-25T04:30:00+00:00
0.561000, 6.59, 1.04, 2025-12-25T04:30:00+00:00, 2025-12-25T05:00:00+00:00
0.273000, 3.01, 1.04, 2025-12-25T05:00:00+00:00, 2025-12-25T05:30:00+00:00
0.242000, 2.52, 1.04, 2025-12-25T05:30:00+00:00, 2025-12-25T06:00:00+00:00
0.235000, 2.1, 1.04, 2025-12-25T06:00:00+00:00, 2025-12-25T06:30:00+00:00
0.012000, 0.14, 1.04, 2025-12-25T06:30:00+00:00, 2025-12-25T07:00:00+00:00
0.003000, 0.03, 1.04, 2025-12-25T07:00:00+00:00, 2025-12-25T07:30:00+00:00
0.004000, 0.06, 1.04, 2025-12-25T07:30:00+00:00, 2025-12-25T08:00:00+00:00
0.003000, 0.05, 1.04, 2025-12-25T08:00:00+00:00, 2025-12-25T08:30:00+00:00
0.032000, 0.61, 1.04, 2025-12-25T08:30:00+00:00, 2025-12-25T09:00:00+00:00
0.018000, 0.32, 1.04, 2025-12-25T09:00:00+00:00, 2025-12-25T09:30:00+00:00
0.007000, 0.13, 1.04, 2025-12-25T09:30:00+00:00, 2025-12-25T10:00:00+00:00
0.009000, 0.16, 1.04, 2025-12-25T10:00:00+00:00, 2025-12-25T10:30:00+00:00
0.004000, 0.07, 1.04, 2025-12-25T10:30:00+00:00, 2025-12-25T11:00:00+00:00
0.005000, 0.09, 1.04, 2025-12-25T11:00:00+00:00, 2025-12-25T11:30:00+00:00
0.166000, 3.02, 1.04, 2025-12-25T11:30:00+00:00, 2025-12-25T12:00:00+00:00
0.076000, 1.55, 1.04, 2025-12-25T12:00:00+00:00, 2025-12-25T12:30:00+00:00
0.095000, 1.93, 1.04, 2025-12-25T12:30:00+00:00, 2025-12-25T13:00:00+00:00
0.087000, 1.5, 1.04, 2025-12-25T13:00:00+00:00, 2025-12-25T13:30:00+00:00
0.005000, 0.09, 1.04, 2025-12-25T13:30:00+00:00, 2025-12-25T14:00:00+00:00
0.005000, 0.1, 1.04, 2025-12-25T14:00:00+00:00, 2025-12-25T14:30:00+00:00
0.003000, 0.06, 1.04, 2025-12-25T14:30:00+00:00, 2025-12-25T15:00:00+00:00
0.005000, 0.1, 1.04, 2025-12-25T15:00:00+00:00, 2025-12-25T15:30:00+00:00
0.007000, 0.13, 1.04, 2025-12-25T15:30:00+00:00, 2025-12-25T16:00:00+00:00
0.004000, 0.13, 1.04, 2025-12-25T16:00:00+00:00, 2025-12-25T16:30:00+00:00
0.838000, 26.25, 1.04, 2025-12-25T16:30:00+00:00, 2025-12-25T17:00:00+00:00
1.607000, 50.94, 1.04, 2025-12-25T17:00:00+00:00, 2025-12-25T17:30:00+00:00
2.102000, 64.67, 1.04, 2025-12-25T17:30:00+00:00, 2025-12-25T18:00:00+00:00
2.385000, 73.37, 1.04, 2025-12-25T18:00:00+00:00, 2025-12-25T18:30:00+00:00
0.763000, 23.07, 1.04, 2025-12-25T18:30:00+00:00, 2025-12-25T19:00:00+00:00
0.699000, 12.23, 1.04, 2025-12-25T19:00:00+00:00, 2025-12-25T19:30:00+00:00
0.441000, 7.27, 1.04, 2025-12-25T19:30:00+00:00, 2025-12-25T20:00:00+00:00
0.485000, 8.13, 1.04, 2025-12-25T20:00:00+00:00, 2025-12-25T20:30:00+00:00
0.714000, 11.86, 1.04, 2025-12-25T20:30:00+00:00, 2025-12-25T21:00:00+00:00
0.559000, 9.98, 1.04, 2025-12-25T21:00:00+00:00, 2025-12-25T21:30:00+00:00
0.794000, 13.81, 1.04, 2025-12-25T21:30:00+00:00, 2025-12-25T22:00:00+00:00
0.881000, 15.59, 1.04, 2025-12-25T22:00:00+00:00, 2025-12-25T22:30:00+00:00
0.457000, 8.17, 1.04, 2025-12-25T22:30:00+00:00, 2025-12-25T23:00:00+00:00
0.606000, 11.43, 1.04, 2025-12-25T23:00:00+00:00, 2025-12-25T23:30:00+00:00
0.795000, 14.42, 1.04, 2025-12-25T23:30:00+00:00, 2025-12-26T00:00:00+00:00
1.539000, 25.86, 1.04, 2025-12-26T00:00:00+00:00, 2025-12-26T00:30:00+00:00
1.405000, 25.63, 1.04, 2025-12-26T00:30:00+00:00, 2025-12-26T01:00:00+00:00
1.394000, 23.7, 1.04, 2025-12-26T01:00:00+00:00, 2025-12-26T01:30:00+00:00
1.424000, 23, 1.04, 2025-12-26T01:30:00+00:00, 2025-12-26T02:00:00+00:00
1.341000, 21.66, 1.04, 2025-12-26T02:00:00+00:00, 2025-12-26T02:30:00+00:00
1.341000, 21.44, 1.04, 2025-12-26T02:30:00+00:00, 2025-12-26T03:00:00+00:00
1.331000, 21.13, 1.04, 2025-12-26T03:00:00+00:00, 2025-12-26T03:30:00+00:00
1.298000, 20.03, 1.04, 2025-12-26T03:30:00+00:00, 2025-12-26T04:00:00+00:00
1.080000, 17.28, 1.04, 2025-12-26T04:00:00+00:00, 2025-12-26T04:30:00+00:00
0.265000, 4.09, 1.04, 2025-12-26T04:30:00+00:00, 2025-12-26T05:00:00+00:00
0.220000, 3.44, 1.04, 2025-12-26T05:00:00+00:00, 2025-12-26T05:30:00+00:00
0.225000, 3.57, 1.04, 2025-12-26T05:30:00+00:00, 2025-12-26T06:00:00+00:00
0.232000, 3.95, 1.04, 2025-12-26T06:00:00+00:00, 2025-12-26T06:30:00+00:00
0.013000, 0.22, 1.04, 2025-12-26T06:30:00+00:00, 2025-12-26T07:00:00+00:00
0.004000, 0.07, 1.04, 2025-12-26T07:00:00+00:00, 2025-12-26T07:30:00+00:00
0.003000, 0.05, 1.04, 2025-12-26T07:30:00+00:00, 2025-12-26T08:00:00+00:00
0.004000, 0.07, 1.04, 2025-12-26T08:00:00+00:00, 2025-12-26T08:30:00+00:00
0.003000, 0.05, 1.04, 2025-12-26T08:30:00+00:00, 2025-12-26T09:00:00+00:00
0.018000, 0.3, 1.04, 2025-12-26T09:00:00+00:00, 2025-12-26T09:30:00+00:00
0.003000, 0.05, 1.04, 2025-12-26T09:30:00+00:00, 2025-12-26T10:00:00+00:00
0.005000, 0.08, 1.04, 2025-12-26T10:00:00+00:00, 2025-12-26T10:30:00+00:00
0.006000, 0.1, 1.04, 2025-12-26T10:30:00+00:00, 2025-12-26T11:00:00+00:00
0.071000, 1.24, 1.04, 2025-12-26T11:00:00+00:00, 2025-12-26T11:30:00+00:00
0.005000, 0.09, 1.04, 2025-12-26T11:30:00+00:00, 2025-12-26T12:00:00+00:00
0.147000, 2.63, 1.04, 2025-12-26T12:00:00+00:00, 2025-12-26T12:30:00+00:00
0.060000, 1.08, 1.04, 2025-12-26T12:30:00+00:00, 2025-12-26T13:00:00+00:00
0.004000, 0.07, 1.04, 2025-12-26T13:00:00+00:00, 2025-12-26T13:30:00+00:00
0.003000, 0.05, 1.04, 2025-12-26T13:30:00+00:00, 2025-12-26T14:00:00+00:00
0.008000, 0.16, 1.04, 2025-12-26T14:00:00+00:00, 2025-12-26T14:30:00+00:00
0.004000, 0.08, 1.04, 2025-12-26T14:30:00+00:00, 2025-12-26T15:00:00+00:00
0.002000, 0.04, 1.04, 2025-12-26T15:00:00+00:00, 2025-12-26T15:30:00+00:00
0.004000, 0.08, 1.04, 2025-12-26T15:30:00+00:00, 2025-12-26T16:00:00+00:00
0.015000, 0.5, 1.04, 2025-12-26T16:00:00+00:00, 2025-12-26T16:30:00+00:00
0.004000, 0.14, 1.04, 2025-12-26T16:30:00+00:00, 2025-12-26T17:00:00+00:00
0.003000, 0.1, 1.04, 2025-12-26T17:00:00+00:00, 2025-12-26T17:30:00+00:00
0.495000, 16.38, 1.04, 2025-12-26T17:30:00+00:00, 2025-12-26T18:00:00+00:00
0.441000, 14.96, 1.04, 2025-12-26T18:00:00+00:00, 2025-12-26T18:30:00+00:00
0.373000, 12.5, 1.04, 2025-12-26T18:30:00+00:00, 2025-12-26T19:00:00+00:00
0.539000, 11.29, 1.04, 2025-12-26T19:00:00+00:00, 2025-12-26T19:30:00+00:00
0.649000, 12.82, 1.04, 2025-12-26T19:30:00+00:00, 2025-12-26T20:00:00+00:00
0.654000, 13.37, 1.04, 2025-12-26T20:00:00+00:00, 2025-12-26T20:30:00+00:00
0.788000, 15.05, 1.04, 2025-12-26T20:30:00+00:00, 2025-12-26T21:00:00+00:00
0.672000, 13.04, 1.04, 2025-12-26T21:00:00+00:00, 2025-12-26T21:30:00+00:00
0.868000, 15.45, 1.04, 2025-12-26T21:30:00+00:00, 2025-12-26T22:00:00+00:00
0.805000, 15.07, 1.04, 2025-12-26T22:00:00+00:00, 2025-12-26T22:30:00+00:00
0.311000, 5.52, 1.04, 2025-12-26T22:30:00+00:00, 2025-12-26T23:00:00+00:00
0.270000, 5, 1.04, 2025-12-26T23:00:00+00:00, 2025-12-26T23:30:00+00:00
0.259000, 4.64, 1.04, 2025-12-26T23:30:00+00:00, 2025-12-27T00:00:00+00:00
1.328000, 23.41, 1.04, 2025-12-27T00:00:00+00:00, 2025-12-27T00:30:00+00:00
1.345000, 24.62, 1.04, 2025-12-27T00:30:00+00:00, 2025-12-27T01:00:00+00:00
1.347000, 24.14, 1.04, 2025-12-27T01:00:00+00:00, 2025-12-27T01:30:00+00:00
1.355000, 22.91, 1.04, 2025-12-27T01:30:00+00:00, 2025-12-27T02:00:00+00:00
1.337000, 22.21, 1.04, 2025-12-27T02:00:00+00:00, 2025-12-27T02:30:00+00:00
1.402000, 24.11, 1.04, 2025-12-27T02:30:00+00:00, 2025-12-27T03:00:00+00:00
1.393000, 22.26, 1.04, 2025-12-27T03:00:00+00:00, 2025-12-27T03:30:00+00:00
1.392000, 20.35, 1.04, 2025-12-27T03:30:00+00:00, 2025-12-27T04:00:00+00:00
1.158000, 18.29, 1.04, 2025-12-27T04:00:00+00:00, 2025-12-27T04:30:00+00:00
0.355000, 5.27, 1.04, 2025-12-27T04:30:00+00:00, 2025-12-27T05:00:00+00:00
0.283000, 4.56, 1.04, 2025-12-27T05:00:00+00:00, 2025-12-27T05:30:00+00:00
0.263000, 4.24, 1.04, 2025-12-27T05:30:00+00:00, 2025-12-27T06:00:00+00:00
0.238000, 4.09, 1.04, 2025-12-27T06:00:00+00:00, 2025-12-27T06:30:00+00:00
0.012000, 0.21, 1.04, 2025-12-27T06:30:00+00:00, 2025-12-27T07:00:00+00:00
0.003000, 0.05, 1.04, 2025-12-27T07:00:00+00:00, 2025-12-27T07:30:00+00:00
0.003000, 0.05, 1.04, 2025-12-27T07:30:00+00:00, 2025-12-27T08:00:00+00:00
0.003000, 0.05, 1.04, 2025-12-27T08:00:00+00:00, 2025-12-27T08:30:00+00:00
0.011000, 0.2, 1.04, 2025-12-27T08:30:00+00:00, 2025-12-27T09:00:00+00:00
0.017000, 0.3, 1.04, 2025-12-27T09:00:00+00:00, 2025-12-27T09:30:00+00:00
0.004000, 0.07, 1.04, 2025-12-27T09:30:00+00:00, 2025-12-27T10:00:00+00:00
0.031000, 0.55, 1.04, 2025-12-27T10:00:00+00:00, 2025-12-27T10:30:00+00:00
0.006000, 0.11, 1.04, 2025-12-27T10:30:00+00:00, 2025-12-27T11:00:00+00:00
0.006000, 0.1, 1.04, 2025-12-27T11:00:00+00:00, 2025-12-27T11:30:00+00:00
0.025000, 0.41, 1.04, 2025-12-27T11:30:00+00:00, 2025-12-27T12:00:00+00:00
0.023000, 0.38, 1.04, 2025-12-27T12:00:00+00:00, 2025-12-27T12:30:00+00:00
0.010000, 0.17, 1.04, 2025-12-27T12:30:00+00:00, 2025-12-27T13:00:00+00:00
0.006000, 0.11, 1.04, 2025-12-27T13:00:00+00:00, 2025-12-27T13:30:00+00:00
0.005000, 0.08, 1.04, 2025-12-27T13:30:00+00:00, 2025-12-27T14:00:00+00:00
0.004000, 0.07, 1.04, 2025-12-27T14:00:00+00:00, 2025-12-27T14:30:00+00:00
0.003000, 0.05, 1.04, 2025-12-27T14:30:00+00:00, 2025-12-27T15:00:00+00:00
0.003000, 0.05, 1.04, 2025-12-27T15:00:00+00:00, 2025-12-27T15:30:00+00:00
0.003000, 0.06, 1.04, 2025-12-27T15:30:00+00:00, 2025-12-27T16:00:00+00:00
0.003000, 0.1, 1.04, 2025-12-27T16:00:00+00:00, 2025-12-27T16:30:00+00:00
0.004000, 0.13, 1.04, 2025-12-27T16:30:00+00:00, 2025-12-27T17:00:00+00:00
0.004000, 0.13, 1.04, 2025-12-27T17:00:00+00:00, 2025-12-27T17:30:00+00:00
0.045000, 1.52, 1.04, 2025-12-27T17:30:00+00:00, 2025-12-27T18:00:00+00:00
0.322000, 10.82, 1.04, 2025-12-27T18:00:00+00:00, 2025-12-27T18:30:00+00:00
0.359000, 11.86, 1.04, 2025-12-27T18:30:00+00:00, 2025-12-27T19:00:00+00:00
0.374000, 7.44, 1.04, 2025-12-27T19:00:00+00:00, 2025-12-27T19:30:00+00:00
0.434000, 8.23, 1.04, 2025-12-27T19:30:00+00:00, 2025-12-27T20:00:00+00:00
0.366000, 6.86, 1.04, 2025-12-27T20:00:00+00:00, 2025-12-27T20:30:00+00:00
0.295000, 5.21, 1.04, 2025-12-27T20:30:00+00:00, 2025-12-27T21:00:00+00:00
0.289000, 5.23, 1.04, 2025-12-27T21:00:00+00:00, 2025-12-27T21:30:00+00:00
0.276000, 4.69, 1.04, 2025-12-27T21:30:00+00:00, 2025-12-27T22:00:00+00:00
0.419000, 7.2, 1.04, 2025-12-27T22:00:00+00:00, 2025-12-27T22:30:00+00:00
0.514000, 7.82, 1.04, 2025-12-27T22:30:00+00:00, 2025-12-27T23:00:00+00:00
0.259000, 4.38, 1.04, 2025-12-27T23:00:00+00:00, 2025-12-27T23:30:00+00:00
0.194000, 3.3, 1.04, 2025-12-27T23:30:00+00:00, 2025-12-28T00:00:00+00:00
1.276000, 20.71, 1.04, 2025-12-28T00:00:00+00:00, 2025-12-28T00:30:00+00:00
1.257000, 20.93, 1.04, 2025-12-28T00:30:00+00:00, 2025-12-28T01:00:00+00:00
1.257000, 20.76, 1.04, 2025-12-28T01:00:00+00:00, 2025-12-28T01:30:00+00:00
1.339000, 21.55, 1.04, 2025-12-28T01:30:00+00:00, 2025-12-28T02:00:00+00:00
1.335000, 21.49, 1.04, 2025-12-28T02:00:00+00:00, 2025-12-28T02:30:00+00:00
1.278000, 20.57, 1.04, 2025-12-28T02:30:00+00:00, 2025-12-28T03:00:00+00:00
1.363000, 22.03, 1.04, 2025-12-28T03:00:00+00:00, 2025-12-28T03:30:00+00:00
1.385000, 21.99, 1.04, 2025-12-28T03:30:00+00:00, 2025-12-28T04:00:00+00:00
1.162000, 18.7, 1.04, 2025-12-28T04:00:00+00:00, 2025-12-28T04:30:00+00:00
0.363000, 5.86, 1.04, 2025-12-28T04:30:00+00:00, 2025-12-28T05:00:00+00:00
0.286000, 4.73, 1.04, 2025-12-28T05:00:00+00:00, 2025-12-28T05:30:00+00:00
0.252000, 4.09, 1.04, 2025-12-28T05:30:00+00:00, 2025-12-28T06:00:00+00:00
0.261000, 4.55, 1.04, 2025-12-28T06:00:00+00:00, 2025-12-28T06:30:00+00:00
0.015000, 0.26, 1.04, 2025-12-28T06:30:00+00:00, 2025-12-28T07:00:00+00:00
0.004000, 0.07, 1.04, 2025-12-28T07:00:00+00:00, 2025-12-28T07:30:00+00:00
0.002000, 0.04, 1.04, 2025-12-28T07:30:00+00:00, 2025-12-28T08:00:00+00:00
0.009000, 0.16, 1.04, 2025-12-28T08:00:00+00:00, 2025-12-28T08:30:00+00:00
0.006000, 0.12, 1.04, 2025-12-28T08:30:00+00:00, 2025-12-28T09:00:00+00:00
0.016000, 0.29, 1.04, 2025-12-28T09:00:00+00:00, 2025-12-28T09:30:00+00:00
0.004000, 0.08, 1.04, 2025-12-28T09:30:00+00:00, 2025-12-28T10:00:00+00:00
0.080000, 1.52, 1.04, 2025-12-28T10:00:00+00:00, 2025-12-28T10:30:00+00:00
0.006000, 0.12, 1.04, 2025-12-28T10:30:00+00:00, 2025-12-28T11:00:00+00:00
0.003000, 0.06, 1.04, 2025-12-28T11:00:00+00:00, 2025-12-28T11:30:00+00:00
0.005000, 0.1, 1.04, 2025-12-28T11:30:00+00:00, 2025-12-28T12:00:00+00:00
0.004000, 0.07, 1.04, 2025-12-28T12:00:00+00:00, 2025-12-28T12:30:00+00:00
0.009000, 0.17, 1.04, 2025-12-28T12:30:00+00:00, 2025-12-28T13:00:00+00:00
0.003000, 0.06, 1.04, 2025-12-28T13:00:00+00:00, 2025-12-28T13:30:00+00:00
0.003000, 0.06, 1.04, 2025-12-28T13:30:00+00:00, 2025-12-28T14:00:00+00:00
0.003000, 0.06, 1.04, 2025-12-28T14:00:00+00:00, 2025-12-28T14:30:00+00:00
0.004000, 0.08, 1.04, 2025-12-28T14:30:00+00:00, 2025-12-28T15:00:00+00:00
0.004000, 0.08, 1.04, 2025-12-28T15:00:00+00:00, 2025-12-28T15:30:00+00:00
0.003000, 0.06, 1.04, 2025-12-28T15:30:00+00:00, 2025-12-28T16:00:00+00:00
0.004000, 0.14, 1.04, 2025-12-28T16:00:00+00:00, 2025-12-28T16:30:00+00:00
0.012000, 0.42, 1.04, 2025-12-28T16:30:00+00:00, 2025-12-28T17:00:00+00:00
0.460000, 16.19, 1.04, 2025-12-28T17:00:00+00:00, 2025-12-28T17:30:00+00:00
1.390000, 49.19, 1.04, 2025-12-28T17:30:00+00:00, 2025-12-28T18:00:00+00:00
0.681000, 24.5, 1.04, 2025-12-28T18:00:00+00:00, 2025-12-28T18:30:00+00:00
0.411000, 14.16, 1.04, 2025-12-28T18:30:00+00:00, 2025-12-28T19:00:00+00:00
0.481000, 11.16, 1.04, 2025-12-28T19:00:00+00:00, 2025-12-28T19:30:00+00:00
0.462000, 8.97, 1.04, 2025-12-28T19:30:00+00:00, 2025-12-28T20:00:00+00:00
0.578000, 11.73, 1.04, 2025-12-28T20:00:00+00:00, 2025-12-28T20:30:00+00:00
0.578000, 10.61, 1.04, 2025-12-28T20:30:00+00:00, 2025-12-28T21:00:00+00:00
0.360000, 7.22, 1.04, 2025-12-28T21:00:00+00:00, 2025-12-28T21:30:00+00:00
0.351000, 6.4, 1.04, 2025-12-28T21:30:00+00:00, 2025-12-28T22:00:00+00:00
0.319000, 6.34, 1.04, 2025-12-28T22:00:00+00:00, 2025-12-28T22:30:00+00:00
0.408000, 7.02, 1.04, 2025-12-28T22:30:00+00:00, 2025-12-28T23:00:00+00:00
0.537000, 9.71, 1.04, 2025-12-28T23:00:00+00:00, 2025-12-28T23:30:00+00:00
0.306000, 5.33, 1.04, 2025-12-28T23:30:00+00:00, 2025-12-29T00:00:00+00:00
1.805000, 30.15, 1.04, 2025-12-29T00:00:00+00:00, 2025-12-29T00:30:00+00:00
1.339000, 23.62, 1.04, 2025-12-29T00:30:00+00:00, 2025-12-29T01:00:00+00:00
1.322000, 22.42, 1.04, 2025-12-29T01:00:00+00:00, 2025-12-29T01:30:00+00:00
1.295000, 20.98, 1.04, 2025-12-29T01:30:00+00:00, 2025-12-29T02:00:00+00:00
1.306000, 20.73, 1.04, 2025-12-29T02:00:00+00:00, 2025-12-29T02:30:00+00:00
1.304000, 20.48, 1.04, 2025-12-29T02:30:00+00:00, 2025-12-29T03:00:00+00:00
1.306000, 20.34, 1.04, 2025-12-29T03:00:00+00:00, 2025-12-29T03:30:00+00:00
1.328000, 20.65, 1.04, 2025-12-29T03:30:00+00:00, 2025-12-29T04:00:00+00:00
1.083000, 17.43, 1.04, 2025-12-29T04:00:00+00:00, 2025-12-29T04:30:00+00:00
0.258000, 3.98, 1.04, 2025-12-29T04:30:00+00:00, 2025-12-29T05:00:00+00:00
0.206000, 3.54, 1.04, 2025-12-29T05:00:00+00:00, 2025-12-29T05:30:00+00:00
0.209000, 3.41, 1.04, 2025-12-29T05:30:00+00:00, 2025-12-29T06:00:00+00:00
0.225000, 4.21, 1.04, 2025-12-29T06:00:00+00:00, 2025-12-29T06:30:00+00:00
0.011000, 0.21, 1.04, 2025-12-29T06:30:00+00:00, 2025-12-29T07:00:00+00:00
0.003000, 0.06, 1.04, 2025-12-29T07:00:00+00:00, 2025-12-29T07:30:00+00:00
0.008000, 0.17, 1.04, 2025-12-29T07:30:00+00:00, 2025-12-29T08:00:00+00:00
0.006000, 0.11, 1.04, 2025-12-29T08:00:00+00:00, 2025-12-29T08:30:00+00:00
0.005000, 0.1, 1.04, 2025-12-29T08:30:00+00:00, 2025-12-29T09:00:00+00:00
0.010000, 0.2, 1.04, 2025-12-29T09:00:00+00:00, 2025-12-29T09:30:00+00:00
0.004000, 0.08, 1.04, 2025-12-29T09:30:00+00:00, 2025-12-29T10:00:00+00:00
0.012000, 0.23, 1.04, 2025-12-29T10:00:00+00:00, 2025-12-29T10:30:00+00:00
0.022000, 0.44, 1.04, 2025-12-29T10:30:00+00:00, 2025-12-29T11:00:00+00:00
0.005000, 0.1, 1.04, 2025-12-29T11:00:00+00:00, 2025-12-29T11:30:00+00:00
0.004000, 0.08, 1.04, 2025-12-29T11:30:00+00:00, 2025-12-29T12:00:00+00:00
0.003000, 0.06, 1.04, 2025-12-29T12:00:00+00:00, 2025-12-29T12:30:00+00:00
0.008000, 0.16, 1.04, 2025-12-29T12:30:00+00:00, 2025-12-29T13:00:00+00:00
0.005000, 0.1, 1.04, 2025-12-29T13:00:00+00:00, 2025-12-29T13:30:00+00:00
0.004000, 0.08, 1.04, 2025-12-29T13:30:00+00:00, 2025-12-29T14:00:00+00:00
0.004000, 0.08, 1.04, 2025-12-29T14:00:00+00:00, 2025-12-29T14:30:00+00:00
0.004000, 0.08, 1.04, 2025-12-29T14:30:00+00:00, 2025-12-29T15:00:00+00:00
0.067000, 1.33, 1.04, 2025-12-29T15:00:00+00:00, 2025-12-29T15:30:00+00:00
0.414000, 8.26, 1.04, 2025-12-29T15:30:00+00:00, 2025-12-29T16:00:00+00:00
0.403000, 13.25, 1.04, 2025-12-29T16:00:00+00:00, 2025-12-29T16:30:00+00:00
0.426000, 14.01, 1.04, 2025-12-29T16:30:00+00:00, 2025-12-29T17:00:00+00:00
0.582000, 19.57, 1.04, 2025-12-29T17:00:00+00:00, 2025-12-29T17:30:00+00:00
0.713000, 23.6, 1.04, 2025-12-29T17:30:00+00:00, 2025-12-29T18:00:00+00:00
0.979000, 31.88, 1.04, 2025-12-29T18:00:00+00:00, 2025-12-29T18:30:00+00:00
0.397000, 12.53, 1.04, 2025-12-29T18:30:00+00:00, 2025-12-29T19:00:00+00:00
0.631000, 11.56, 1.04, 2025-12-29T19:00:00+00:00, 2025-12-29T19:30:00+00:00
0.452000, 7.97, 1.04, 2025-12-29T19:30:00+00:00, 2025-12-29T20:00:00+00:00
0.637000, 11.1, 1.04, 2025-12-29T20:00:00+00:00, 2025-12-29T20:30:00+00:00
0.453000, 7.94, 1.04, 2025-12-29T20:30:00+00:00, 2025-12-29T21:00:00+00:00
0.833000, 14.57, 1.04, 2025-12-29T21:00:00+00:00, 2025-12-29T21:30:00+00:00
0.772000, 12.94, 1.04, 2025-12-29T21:30:00+00:00, 2025-12-29T22:00:00+00:00
0.378000, 6.31, 1.04, 2025-12-29T22:00:00+00:00, 2025-12-29T22:30:00+00:00
0.251000, 3.6, 1.04, 2025-12-29T22:30:00+00:00, 2025-12-29T23:00:00+00:00
0.296000, 5.16, 1.04, 2025-12-29T23:00:00+00:00, 2025-12-29T23:30:00+00:00
0.327000, 5.48, 1.04, 2025-12-29T23:30:00+00:00, 2025-12-30T00:00:00+00:00
1.344000, 21.28, 1.04, 2025-12-30T00:00:00+00:00, 2025-12-30T00:30:00+00:00
1.311000, 22.15, 1.04, 2025-12-30T00:30:00+00:00, 2025-12-30T01:00:00+00:00
1.309000, 21.8, 1.04, 2025-12-30T01:00:00+00:00, 2025-12-30T01:30:00+00:00
1.319000, 20.57, 1.04, 2025-12-30T01:30:00+00:00, 2025-12-30T02:00:00+00:00
1.339000, 21.4, 1.04, 2025-12-30T02:00:00+00:00, 2025-12-30T02:30:00+00:00
1.344000, 20.89, 1.04, 2025-12-30T02:30:00+00:00, 2025-12-30T03:00:00+00:00
1.312000, 20.69, 1.04, 2025-12-30T03:00:00+00:00, 2025-12-30T03:30:00+00:00
1.331000, 20.63, 1.04, 2025-12-30T03:30:00+00:00, 2025-12-30T04:00:00+00:00
1.142000, 17.99, 1.04, 2025-12-30T04:00:00+00:00, 2025-12-30T04:30:00+00:00
0.313000, 4.86, 1.04, 2025-12-30T04:30:00+00:00, 2025-12-30T05:00:00+00:00
0.285000, 4.65, 1.04, 2025-12-30T05:00:00+00:00, 2025-12-30T05:30:00+00:00
0.246000, 4.05, 1.04, 2025-12-30T05:30:00+00:00, 2025-12-30T06:00:00+00:00
0.215000, 3.89, 1.04, 2025-12-30T06:00:00+00:00, 2025-12-30T06:30:00+00:00
0.013000, 0.22, 1.04, 2025-12-30T06:30:00+00:00, 2025-12-30T07:00:00+00:00
0.003000, 0.05, 1.04, 2025-12-30T07:00:00+00:00, 2025-12-30T07:30:00+00:00
0.008000, 0.14, 1.04, 2025-12-30T07:30:00+00:00, 2025-12-30T08:00:00+00:00
0.003000, 0.05, 1.04, 2025-12-30T08:00:00+00:00, 2025-12-30T08:30:00+00:00
0.011000, 0.21, 1.04, 2025-12-30T08:30:00+00:00, 2025-12-30T09:00:00+00:00
0.006000, 0.11, 1.04, 2025-12-30T09:00:00+00:00, 2025-12-30T09:30:00+00:00
0.004000, 0.07, 1.04, 2025-12-30T09:30:00+00:00, 2025-12-30T10:00:00+00:00
0.004000, 0.07, 1.04, 2025-12-30T10:00:00+00:00, 2025-12-30T10:30:00+00:00
0.004000, 0.07, 1.04, 2025-12-30T10:30:00+00:00, 2025-12-30T11:00:00+00:00
0.005000, 0.09, 1.04, 2025-12-30T11:00:00+00:00, 2025-12-30T11:30:00+00:00
0.071000, 1.34, 1.04, 2025-12-30T11:30:00+00:00, 2025-12-30T12:00:00+00:00
0.004000, 0.08, 1.04, 2025-12-30T12:00:00+00:00, 2025-12-30T12:30:00+00:00
0.004000, 0.08, 1.04, 2025-12-30T12:30:00+00:00, 2025-12-30T13:00:00+00:00
0.125000, 2.42, 1.04, 2025-12-30T13:00:00+00:00, 2025-12-30T13:30:00+00:00
0.004000, 0.08, 1.04, 2025-12-30T13:30:00+00:00, 2025-12-30T14:00:00+00:00
0.003000, 0.06, 1.04, 2025-12-30T14:00:00+00:00, 2025-12-30T14:30:00+00:00
0.003000, 0.06, 1.04, 2025-12-30T14:30:00+00:00, 2025-12-30T15:00:00+00:00
0.003000, 0.06, 1.04, 2025-12-30T15:00:00+00:00, 2025-12-30T15:30:00+00:00
0.004000, 0.09, 1.04, 2025-12-30T15:30:00+00:00, 2025-12-30T16:00:00+00:00
0.003000, 0.1, 1.04, 2025-12-30T16:00:00+00:00, 2025-12-30T16:30:00+00:00
0.221000, 7.76, 1.04, 2025-12-30T16:30:00+00:00, 2025-12-30T17:00:00+00:00
0.683000, 23.36, 1.04, 2025-12-30T17:00:00+00:00, 2025-12-30T17:30:00+00:00
1.537000, 52.24, 1.04, 2025-12-30T17:30:00+00:00, 2025-12-30T18:00:00+00:00
0.843000, 28.79, 1.04, 2025-12-30T18:00:00+00:00, 2025-12-30T18:30:00+00:00
0.336000, 11.27, 1.04, 2025-12-30T18:30:00+00:00, 2025-12-30T19:00:00+00:00
0.375000, 7.94, 1.04, 2025-12-30T19:00:00+00:00, 2025-12-30T19:30:00+00:00
0.416000, 8.08, 1.04, 2025-12-30T19:30:00+00:00, 2025-12-30T20:00:00+00:00
0.503000, 9.92, 1.04, 2025-12-30T20:00:00+00:00, 2025-12-30T20:30:00+00:00
0.475000, 8.8, 1.04, 2025-12-30T20:30:00+00:00, 2025-12-30T21:00:00+00:00
0.527000, 10.38, 1.04, 2025-12-30T21:00:00+00:00, 2025-12-30T21:30:00+00:00
0.780000, 14.67, 1.04, 2025-12-30T21:30:00+00:00, 2025-12-30T22:00:00+00:00
0.603000, 9.76, 1.04, 2025-12-30T22:00:00+00:00, 2025-12-30T22:30:00+00:00
1.292000, 20.51, 1.04, 2025-12-30T22:30:00+00:00, 2025-12-30T23:00:00+00:00
0.772000, 13.62, 1.04, 2025-12-30T23:00:00+00:00, 2025-12-30T23:30:00+00:00
0.322000, 5.88, 1.04, 2025-12-30T23:30:00+00:00, 2025-12-31T00:00:00+00:00
1.347000, 23.08, 1.04, 2025-12-31T00:00:00+00:00, 2025-12-31T00:30:00+00:00
1.326000, 24.42, 1.04, 2025-12-31T00:30:00+00:00, 2025-12-31T01:00:00+00:00
1.281000, 22.31, 1.04, 2025-12-31T01:00:00+00:00, 2025-12-31T01:30:00+00:00
1.317000, 21.56, 1.04, 2025-12-31T01:30:00+00:00, 2025-12-31T02:00:00+00:00
1.348000, 21.7, 1.04, 2025-12-31T02:00:00+00:00, 2025-12-31T02:30:00+00:00
1.345000, 20.17, 1.04, 2025-12-31T02:30:00+00:00, 2025-12-31T03:00:00+00:00
1.346000, 20.18, 1.04, 2025-12-31T03:00:00+00:00, 2025-12-31T03:30:00+00:00
1.366000, 20.48, 1.04, 2025-12-31T03:30:00+00:00, 2025-12-31T04:00:00+00:00
1.090000, 16.82, 1.04, 2025-12-31T04:00:00+00:00, 2025-12-31T04:30:00+00:00
0.301000, 4.51, 1.04, 2025-12-31T04:30:00+00:00, 2025-12-31T05:00:00+00:00
0.222000, 3.57, 1.04, 2025-12-31T05:00:00+00:00, 2025-12-31T05:30:00+00:00
0.243000, 3.86, 1.04, 2025-12-31T05:30:00+00:00, 2025-12-31T06:00:00+00:00
0.237000, 4.13, 1.04, 2025-12-31T06:00:00+00:00, 2025-12-31T06:30:00+00:00
0.010000, 0.18, 1.04, 2025-12-31T06:30:00+00:00, 2025-12-31T07:00:00+00:00
0.003000, 0.05, 1.04, 2025-12-31T07:00:00+00:00, 2025-12-31T07:30:00+00:00
0.003000, 0.06, 1.04, 2025-12-31T07:30:00+00:00, 2025-12-31T08:00:00+00:00
0.004000, 0.07, 1.04, 2025-12-31T08:00:00+00:00, 2025-12-31T08:30:00+00:00
0.010000, 0.2, 1.04, 2025-12-31T08:30:00+00:00, 2025-12-31T09:00:00+00:00
0.003000, 0.06, 1.04, 2025-12-31T09:00:00+00:00, 2025-12-31T09:30:00+00:00
0.006000, 0.12, 1.04, 2025-12-31T09:30:00+00:00, 2025-12-31T10:00:00+00:00
0.008000, 0.16, 1.04, 2025-12-31T10:00:00+00:00, 2025-12-31T10:30:00+00:00
0.003000, 0.06, 1.04, 2025-12-31T10:30:00+00:00, 2025-12-31T11:00:00+00:00
0.003000, 0.05, 1.04, 2025-12-31T11:00:00+00:00, 2025-12-31T11:30:00+00:00
0.103000, 1.76, 1.04, 2025-12-31T11:30:00+00:00, 2025-12-31T12:00:00+00:00
0.014000, 0.24, 1.04, 2025-12-31T12:00:00+00:00, 2025-12-31T12:30:00+00:00
0.035000, 0.6, 1.04, 2025-12-31T12:30:00+00:00, 2025-12-31T13:00:00+00:00
0.004000, 0.07, 1.04, 2025-12-31T13:00:00+00:00, 2025-12-31T13:30:00+00:00
0.007000, 0.12, 1.04, 2025-12-31T13:30:00+00:00, 2025-12-31T14:00:00+00:00
0.006000, 0.1, 1.04, 2025-12-31T14:00:00+00:00, 2025-12-31T14:30:00+00:00
0.004000, 0.07, 1.04, 2025-12-31T14:30:00+00:00, 2025-12-31T15:00:00+00:00
0.004000, 0.08, 1.04, 2025-12-31T15:00:00+00:00, 2025-12-31T15:30:00+00:00
0.004000, 0.09, 1.04, 2025-12-31T15:30:00+00:00, 2025-12-31T16:00:00+00:00
0.002000, 0.07, 1.04, 2025-12-31T16:00:00+00:00, 2025-12-31T16:30:00+00:00
0.343000, 11.47, 1.04, 2025-12-31T16:30:00+00:00, 2025-12-31T17:00:00+00:00
0.731000, 24.52, 1.04, 2025-12-31T17:00:00+00:00, 2025-12-31T17:30:00+00:00
1.289000, 43.24, 1.04, 2025-12-31T17:30:00+00:00, 2025-12-31T18:00:00+00:00
0.441000, 14.47, 1.04, 2025-12-31T18:00:00+00:00, 2025-12-31T18:30:00+00:00
0.435000, 13.53, 1.04, 2025-12-31T18:30:00+00:00, 2025-12-31T19:00:00+00:00
0.466000, 8.01, 1.04, 2025-12-31T19:00:00+00:00, 2025-12-31T19:30:00+00:00
0.720000, 13.18, 1.04, 2025-12-31T19:30:00+00:00, 2025-12-31T20:00:00+00:00
0.381000, 6.55, 1.04, 2025-12-31T20:00:00+00:00, 2025-12-31T20:30:00+00:00
0.731000, 11.85, 1.04, 2025-12-31T20:30:00+00:00, 2025-12-31T21:00:00+00:00
0.508000, 8.74, 1.04, 2025-12-31T21:00:00+00:00, 2025-12-31T21:30:00+00:00
0.723000, 11.68, 1.04, 2025-12-31T21:30:00+00:00, 2025-12-31T22:00:00+00:00
0.646000, 10.54, 1.04, 2025-12-31T22:00:00+00:00, 2025-12-31T22:30:00+00:00
0.489000, 6.31, 1.04, 2025-12-31T22:30:00+00:00, 2025-12-31T23:00:00+00:00
0.871000, 14.6, 1.04, 2025-12-31T23:00:00+00:00, 2025-12-31T23:30:00+00:00
0.363000, 4.19, 1.04, 2025-12-31T23:30:00+00:00, 2025-12-31T23:59:59.999000+00:00
