Consumption (kwh), Estimated Cost Inc. Tax (p), Standing Charge Inc. Tax (p), Start, End
1.235000, 21.24, 1.04, 2025-06-01T00:00:00+01:00, 2025-06-01T00:30:00+01:00
0.857000, 14.17, 1.04, 2025-06-01T00:30:00+01:00, 2025-06-01T01:00:00+01:00
0.141000, 2.05, 1.04, 2025-06-01T01:00:00+01:00, 2025-06-01T01:30:00+01:00
0.148000, 2.08, 1.04, 2025-06-01T01:30:00+01:00, 2025-06-01T02:00:00+01:00
0.136000, 1.86, 1.04, 2025-06-01T02:00:00+01:00, 2025-06-01T02:30:00+01:00
0.165000, 1.29, 1.04, 2025-06-01T02:30:00+01:00, 2025-06-01T03:00:00+01:00
0.156000, 0.85, 1.04, 2025-06-01T03:00:00+01:00, 2025-06-01T03:30:00+01:00
0.158000, 0.7, 1.04, 2025-06-01T03:30:00+01:00, 2025-06-01T04:00:00+01:00
0.144000, 1.11, 1.04, 2025-06-01T04:00:00+01:00, 2025-06-01T04:30:00+01:00
0.125000, 0.49, 1.04, 2025-06-01T04:30:00+01:00, 2025-06-01T05:00:00+01:00
0.128000, 1.05, 1.04, 2025-06-01T05:00:00+01:00, 2025-06-01T05:30:00+01:00
0.148000, 0.91, 1.04, 2025-06-01T05:30:00+01:00, 2025-06-01T06:00:00+01:00
0.090000, 0.26, 1.04, 2025-06-01T06:00:00+01:00, 2025-06-01T06:30:00+01:00
0.091000, 0.22, 1.04, 2025-06-01T06:30:00+01:00, 2025-06-01T07:00:00+01:00
0.070000, 0.1, 1.04, 2025-06-01T07:00:00+01:00, 2025-06-01T07:30:00+01:00
0.040000, 0.01, 1.04, 2025-06-01T07:30:00+01:00, 2025-06-01T08:00:00+01:00
0.001000, 0, 1.04, 2025-06-01T08:00:00+01:00, 2025-06-01T08:30:00+01:00
0.000000, 0, 1.04, 2025-06-01T08:30:00+01:00, 2025-06-01T09:00:00+01:00
0.002000, 0, 1.04, 2025-06-01T09:00:00+01:00, 2025-06-01T09:30:00+01:00
0.001000, 0, 1.04, 2025-06-01T09:30:00+01:00, 2025-06-01T10:00:00+01:00
0.000000, 0, 1.04, 2025-06-01T10:00:00+01:00, 2025-06-01T10:30:00+01:00
0.001000, 0, 1.04, 2025-06-01T10:30:00+01:00, 2025-06-01T11:00:00+01:00
0.001000, 0, 1.04, 2025-06-01T11:00:00+01:00, 2025-06-01T11:30:00+01:00
0.002000, 0, 1.04, 2025-06-01T11:30:00+01:00, 2025-06-01T12:00:00+01:00
0.001000, 0, 1.04, 2025-06-01T12:00:00+01:00, 2025-06-01T12:30:00+01:00
0.001000, 0, 1.04, 2025-06-01T12:30:00+01:00, 2025-06-01T13:00:00+01:00
0.002000, 0, 1.04, 2025-06-01T13:00:00+01:00, 2025-06-01T13:30:00+01:00
0.000000, 0, 1.04, 2025-06-01T13:30:00+01:00, 2025-06-01T14:00:00+01:00
0.000000, 0, 1.04, 2025-06-01T14:00:00+01:00, 2025-06-01T14:30:00+01:00
0.002000, 0, 1.04, 2025-06-01T14:30:00+01:00, 2025-06-01T15:00:00+01:00
0.001000, 0, 1.04, 2025-06-01T15:00:00+01:00, 2025-06-01T15:30:00+01:00
0.001000, 0, 1.04, 2025-06-01T15:30:00+01:00, 2025-06-01T16:00:00+01:00
0.002000, 0.02, 1.04, 2025-06-01T16:00:00+01:00, 2025-06-01T16:30:00+01:00
0.000000, 0, 1.04, 2025-06-01T16:30:00+01:00, 2025-06-01T17:00:00+01:00
0.001000, 0.01, 1.04, 2025-06-01T17:00:00+01:00, 2025-06-01T17:30:00+01:00
0.001000, 0.02, 1.04, 2025-06-01T17:30:00+01:00, 2025-06-01T18:00:00+01:00
0.002000, 0.05, 1.04, 2025-06-01T18:00:00+01:00, 2025-06-01T18:30:00+01:00
0.002000, 0.06, 1.04, 2025-06-01T18:30:00+01:00, 2025-06-01T19:00:00+01:00
0.001000, 0.02, 1.04, 2025-06-01T19:00:00+01:00, 2025-06-01T19:30:00+01:00
0.002000, 0.03, 1.04, 2025-06-01T19:30:00+01:00, 2025-06-01T20:00:00+01:00
0.002000, 0.04, 1.04, 2025-06-01T20:00:00+01:00, 2025-06-01T20:30:00+01:00
0.001000, 0.02, 1.04, 2025-06-01T20:30:00+01:00, 2025-06-01T21:00:00+01:00
0.001000, 0.02, 1.04, 2025-06-01T21:00:00+01:00, 2025-06-01T21:30:00+01:00
0.002000, 0.04, 1.04, 2025-06-01T21:30:00+01:00, 2025-06-01T22:00:00+01:00
0.002000, 0.03, 1.04, 2025-06-01T22:00:00+01:00, 2025-06-01T22:30:00+01:00
0.002000, 0.03, 1.04, 2025-06-01T22:30:00+01:00, 2025-06-01T23:00:00+01:00
0.001000, 0.01, 1.04, 2025-06-01T23:00:00+01:00, 2025-06-01T23:30:00+01:00
0.002000, 0.02, 1.04, 2025-06-01T23:30:00+01:00, 2025-06-02T00:00:00+01:00
1.298000, 16.8, 1.04, 2025-06-02T00:00:00+01:00, 2025-06-02T00:30:00+01:00
1.207000, 14.79, 1.04, 2025-06-02T00:30:00+01:00, 2025-06-02T01:00:00+01:00
0.473000, 5.84, 1.04, 2025-06-02T01:00:00+01:00, 2025-06-02T01:30:00+01:00
0.228000, 3.04, 1.04, 2025-06-02T01:30:00+01:00, 2025-06-02T02:00:00+01:00
0.193000, 2.54, 1.04, 2025-06-02T02:00:00+01:00, 2025-06-02T02:30:00+01:00
0.210000, 2.61, 1.04, 2025-06-02T02:30:00+01:00, 2025-06-02T03:00:00+01:00
0.224000, 2.96, 1.04, 2025-06-02T03:00:00+01:00, 2025-06-02T03:30:00+01:00
0.236000, 3.12, 1.04, 2025-06-02T03:30:00+01:00, 2025-06-02T04:00:00+01:00
0.205000, 3.32, 1.04, 2025-06-02T04:00:00+01:00, 2025-06-02T04:30:00+01:00
0.186000, 2.71, 1.04, 2025-06-02T04:30:00+01:00, 2025-06-02T05:00:00+01:00
0.203000, 4.01, 1.04, 2025-06-02T05:00:00+01:00, 2025-06-02T05:30:00+01:00
0.203000, 4.11, 1.04, 2025-06-02T05:30:00+01:00, 2025-06-02T06:00:00+01:00
0.144000, 2.86, 1.04, 2025-06-02T06:00:00+01:00, 2025-06-02T06:30:00+01:00
0.142000, 3.22, 1.04, 2025-06-02T06:30:00+01:00, 2025-06-02T07:00:00+01:00
0.074000, 1.39, 1.04, 2025-06-02T07:00:00+01:00, 2025-06-02T07:30:00+01:00
0.035000, 0.71, 1.04, 2025-06-02T07:30:00+01:00, 2025-06-02T08:00:00+01:00
0.001000, 0.02, 1.04, 2025-06-02T08:00:00+01:00, 2025-06-02T08:30:00+01:00
0.003000, 0.06, 1.04, 2025-06-02T08:30:00+01:00, 2025-06-02T09:00:00+01:00
0.001000, 0.02, 1.04, 2025-06-02T09:00:00+01:00, 2025-06-02T09:30:00+01:00
0.000000, 0, 1.04, 2025-06-02T09:30:00+01:00, 2025-06-02T10:00:00+01:00
0.000000, 0, 1.04, 2025-06-02T10:00:00+01:00, 2025-06-02T10:30:00+01:00
0.000000, 0, 1.04, 2025-06-02T10:30:00+01:00, 2025-06-02T11:00:00+01:00
0.000000, 0, 1.04, 2025-06-02T11:00:00+01:00, 2025-06-02T11:30:00+01:00
0.000000, 0, 1.04, 2025-06-02T11:30:00+01:00, 2025-06-02T12:00:00+01:00
0.001000, 0.01, 1.04, 2025-06-02T12:00:00+01:00, 2025-06-02T12:30:00+01:00
0.000000, 0, 1.04, 2025-06-02T12:30:00+01:00, 2025-06-02T13:00:00+01:00
0.000000, 0, 1.04, 2025-06-02T13:00:00+01:00, 2025-06-02T13:30:00+01:00
0.000000, 0, 1.04, 2025-06-02T13:30:00+01:00, 2025-06-02T14:00:00+01:00
0.000000, 0, 1.04, 2025-06-02T14:00:00+01:00, 2025-06-02T14:30:00+01:00
0.000000, 0, 1.04, 2025-06-02T14:30:00+01:00, 2025-06-02T15:00:00+01:00
0.000000, 0, 1.04, 2025-06-02T15:00:00+01:00, 2025-06-02T15:30:00+01:00
0.000000, 0, 1.04, 2025-06-02T15:30:00+01:00, 2025-06-02T16:00:00+01:00
0.001000, 0.02, 1.04, 2025-06-02T16:00:00+01:00, 2025-06-02T16:30:00+01:00
0.000000, 0, 1.04, 2025-06-02T16:30:00+01:00, 2025-06-02T17:00:00+01:00
0.000000, 0, 1.04, 2025-06-02T17:00:00+01:00, 2025-06-02T17:30:00+01:00
0.001000, 0.03, 1.04, 2025-06-02T17:30:00+01:00, 2025-06-02T18:00:00+01:00
0.002000, 0.06, 1.04, 2025-06-02T18:00:00+01:00, 2025-06-02T18:30:00+01:00
0.001000, 0.03, 1.04, 2025-06-02T18:30:00+01:00, 2025-06-02T19:00:00+01:00
0.001000, 0.02, 1.04, 2025-06-02T19:00:00+01:00, 2025-06-02T19:30:00+01:00
0.002000, 0.04, 1.04, 2025-06-02T19:30:00+01:00, 2025-06-02T20:00:00+01:00
0.002000, 0.03, 1.04, 2025-06-02T20:00:00+01:00, 2025-06-02T20:30:00+01:00
0.002000, 0.03, 1.04, 2025-06-02T20:30:00+01:00, 2025-06-02T21:00:00+01:00
0.001000, 0.02, 1.04, 2025-06-02T21:00:00+01:00, 2025-06-02T21:30:00+01:00
0.002000, 0.03, 1.04, 2025-06-02T21:30:00+01:00, 2025-06-02T22:00:00+01:00
0.002000, 0.03, 1.04, 2025-06-02T22:00:00+01:00, 2025-06-02T22:30:00+01:00
0.002000, 0.02, 1.04, 2025-06-02T22:30:00+01:00, 2025-06-02T23:00:00+01:00
0.001000, 0, 1.04, 2025-06-02T23:00:00+01:00, 2025-06-02T23:30:00+01:00
0.001000, 0, 1.04, 2025-06-02T23:30:00+01:00, 2025-06-03T00:00:00+01:00
1.216000, 1.37, 1.04, 2025-06-03T00:00:00+01:00, 2025-06-03T00:30:00+01:00
0.932000, -0.51, 1.04, 2025-06-03T00:30:00+01:00, 2025-06-03T01:00:00+01:00
0.187000, -0.1, 1.04, 2025-06-03T01:00:00+01:00, 2025-06-03T01:30:00+01:00
0.160000, 0.11, 1.04, 2025-06-03T01:30:00+01:00, 2025-06-03T02:00:00+01:00
0.160000, -0.1, 1.04, 2025-06-03T02:00:00+01:00, 2025-06-03T02:30:00+01:00
0.158000, -0.11, 1.04, 2025-06-03T02:30:00+01:00, 2025-06-03T03:00:00+01:00
0.154000, -0.07, 1.04, 2025-06-03T03:00:00+01:00, 2025-06-03T03:30:00+01:00
0.123000, 0.05, 1.04, 2025-06-03T03:30:00+01:00, 2025-06-03T04:00:00+01:00
0.146000, -0.06, 1.04, 2025-06-03T04:00:00+01:00, 2025-06-03T04:30:00+01:00
0.155000, -0.1, 1.04, 2025-06-03T04:30:00+01:00, 2025-06-03T05:00:00+01:00
0.148000, -0.05, 1.04, 2025-06-03T05:00:00+01:00, 2025-06-03T05:30:00+01:00
0.160000, 0.31, 1.04, 2025-06-03T05:30:00+01:00, 2025-06-03T06:00:00+01:00
0.114000, 0.2, 1.04, 2025-06-03T06:00:00+01:00, 2025-06-03T06:30:00+01:00
0.106000, 0.7, 1.04, 2025-06-03T06:30:00+01:00, 2025-06-03T07:00:00+01:00
0.135000, 0.98, 1.04, 2025-06-03T07:00:00+01:00, 2025-06-03T07:30:00+01:00
0.166000, 1.53, 1.04, 2025-06-03T07:30:00+01:00, 2025-06-03T08:00:00+01:00
0.007000, 0.05, 1.04, 2025-06-03T08:00:00+01:00, 2025-06-03T08:30:00+01:00
0.001000, 0.01, 1.04, 2025-06-03T08:30:00+01:00, 2025-06-03T09:00:00+01:00
0.001000, 0, 1.04, 2025-06-03T09:00:00+01:00, 2025-06-03T09:30:00+01:00
0.000000, 0, 1.04, 2025-06-03T09:30:00+01:00, 2025-06-03T10:00:00+01:00
0.000000, 0, 1.04, 2025-06-03T10:00:00+01:00, 2025-06-03T10:30:00+01:00
0.001000, 0, 1.04, 2025-06-03T10:30:00+01:00, 2025-06-03T11:00:00+01:00
0.000000, 0, 1.04, 2025-06-03T11:00:00+01:00, 2025-06-03T11:30:00+01:00
0.001000, 0, 1.04, 2025-06-03T11:30:00+01:00, 2025-06-03T12:00:00+01:00
0.000000, 0, 1.04, 2025-06-03T12:00:00+01:00, 2025-06-03T12:30:00+01:00
0.000000, 0, 1.04, 2025-06-03T12:30:00+01:00, 2025-06-03T13:00:00+01:00
0.000000, 0, 1.04, 2025-06-03T13:00:00+01:00, 2025-06-03T13:30:00+01:00
0.000000, 0, 1.04, 2025-06-03T13:30:00+01:00, 2025-06-03T14:00:00+01:00
0.002000, 0, 1.04, 2025-06-03T14:00:00+01:00, 2025-06-03T14:30:00+01:00
0.002000, 0, 1.04, 2025-06-03T14:30:00+01:00, 2025-06-03T15:00:00+01:00
0.001000, 0, 1.04, 2025-06-03T15:00:00+01:00, 2025-06-03T15:30:00+01:00
0.001000, 0, 1.04, 2025-06-03T15:30:00+01:00, 2025-06-03T16:00:00+01:00
0.000000, 0, 1.04, 2025-06-03T16:00:00+01:00, 2025-06-03T16:30:00+01:00
0.001000, 0.01, 1.04, 2025-06-03T16:30:00+01:00, 2025-06-03T17:00:00+01:00
0.000000, 0, 1.04, 2025-06-03T17:00:00+01:00, 2025-06-03T17:30:00+01:00
0.000000, 0, 1.04, 2025-06-03T17:30:00+01:00, 2025-06-03T18:00:00+01:00
0.002000, 0.05, 1.04, 2025-06-03T18:00:00+01:00, 2025-06-03T18:30:00+01:00
0.001000, 0.03, 1.04, 2025-06-03T18:30:00+01:00, 2025-06-03T19:00:00+01:00
0.002000, 0.04, 1.04, 2025-06-03T19:00:00+01:00, 2025-06-03T19:30:00+01:00
0.002000, 0.04, 1.04, 2025-06-03T19:30:00+01:00, 2025-06-03T20:00:00+01:00
0.001000, 0.02, 1.04, 2025-06-03T20:00:00+01:00, 2025-06-03T20:30:00+01:00
0.003000, 0.06, 1.04, 2025-06-03T20:30:00+01:00, 2025-06-03T21:00:00+01:00
0.001000, 0.02, 1.04, 2025-06-03T21:00:00+01:00, 2025-06-03T21:30:00+01:00
0.002000, 0.04, 1.04, 2025-06-03T21:30:00+01:00, 2025-06-03T22:00:00+01:00
0.001000, 0.02, 1.04, 2025-06-03T22:00:00+01:00, 2025-06-03T22:30:00+01:00
0.002000, 0.03, 1.04, 2025-06-03T22:30:00+01:00, 2025-06-03T23:00:00+01:00
0.001000, 0.02, 1.04, 2025-06-03T23:00:00+01:00, 2025-06-03T23:30:00+01:00
0.001000, 0.01, 1.04, 2025-06-03T23:30:00+01:00, 2025-06-04T00:00:00+01:00
1.209000, 14.09, 1.04, 2025-06-04T00:00:00+01:00, 2025-06-04T00:30:00+01:00
1.015000, 10.85, 1.04, 2025-06-04T00:30:00+01:00, 2025-06-04T01:00:00+01:00
0.191000, 1.62, 1.04, 2025-06-04T01:00:00+01:00, 2025-06-04T01:30:00+01:00
0.147000, 1.46, 1.04, 2025-06-04T01:30:00+01:00, 2025-06-04T02:00:00+01:00
0.146000, 1.74, 1.04, 2025-06-04T02:00:00+01:00, 2025-06-04T02:30:00+01:00
0.147000, 1.63, 1.04, 2025-06-04T02:30:00+01:00, 2025-06-04T03:00:00+01:00
0.129000, 1.42, 1.04, 2025-06-04T03:00:00+01:00, 2025-06-04T03:30:00+01:00
0.169000, 2.05, 1.04, 2025-06-04T03:30:00+01:00, 2025-06-04T04:00:00+01:00
0.148000, 1.86, 1.04, 2025-06-04T04:00:00+01:00, 2025-06-04T04:30:00+01:00
0.137000, 1.64, 1.04, 2025-06-04T04:30:00+01:00, 2025-06-04T05:00:00+01:00
0.130000, 1.38, 1.04, 2025-06-04T05:00:00+01:00, 2025-06-04T05:30:00+01:00
0.085000, 0.97, 1.04, 2025-06-04T05:30:00+01:00, 2025-06-04T06:00:00+01:00
0.072000, 1.13, 1.04, 2025-06-04T06:00:00+01:00, 2025-06-04T06:30:00+01:00
0.059000, 1.13, 1.04, 2025-06-04T06:30:00+01:00, 2025-06-04T07:00:00+01:00
0.002000, 0.04, 1.04, 2025-06-04T07:00:00+01:00, 2025-06-04T07:30:00+01:00
0.039000, 0.78, 1.04, 2025-06-04T07:30:00+01:00, 2025-06-04T08:00:00+01:00
0.000000, 0, 1.04, 2025-06-04T08:00:00+01:00, 2025-06-04T08:30:00+01:00
0.000000, 0, 1.04, 2025-06-04T08:30:00+01:00, 2025-06-04T09:00:00+01:00
0.001000, 0.01, 1.04, 2025-06-04T09:00:00+01:00, 2025-06-04T09:30:00+01:00
0.000000, 0, 1.04, 2025-06-04T09:30:00+01:00, 2025-06-04T10:00:00+01:00
0.001000, 0.01, 1.04, 2025-06-04T10:00:00+01:00, 2025-06-04T10:30:00+01:00
0.000000, 0, 1.04, 2025-06-04T10:30:00+01:00, 2025-06-04T11:00:00+01:00
0.001000, 0, 1.04, 2025-06-04T11:00:00+01:00, 2025-06-04T11:30:00+01:00
0.000000, 0, 1.04, 2025-06-04T11:30:00+01:00, 2025-06-04T12:00:00+01:00
0.001000, 0, 1.04, 2025-06-04T12:00:00+01:00, 2025-06-04T12:30:00+01:00
0.000000, 0, 1.04, 2025-06-04T12:30:00+01:00, 2025-06-04T13:00:00+01:00
0.000000, 0, 1.04, 2025-06-04T13:00:00+01:00, 2025-06-04T13:30:00+01:00
0.000000, 0, 1.04, 2025-06-04T13:30:00+01:00, 2025-06-04T14:00:00+01:00
0.001000, 0, 1.04, 2025-06-04T14:00:00+01:00, 2025-06-04T14:30:00+01:00
0.000000, 0, 1.04, 2025-06-04T14:30:00+01:00, 2025-06-04T15:00:00+01:00
0.000000, 0, 1.04, 2025-06-04T15:00:00+01:00, 2025-06-04T15:30:00+01:00
0.000000, 0, 1.04, 2025-06-04T15:30:00+01:00, 2025-06-04T16:00:00+01:00
0.001000, 0.02, 1.04, 2025-06-04T16:00:00+01:00, 2025-06-04T16:30:00+01:00
0.000000, 0, 1.04, 2025-06-04T16:30:00+01:00, 2025-06-04T17:00:00+01:00
0.000000, 0, 1.04, 2025-06-04T17:00:00+01:00, 2025-06-04T17:30:00+01:00
0.001000, 0.03, 1.04, 2025-06-04T17:30:00+01:00, 2025-06-04T18:00:00+01:00
0.001000, 0.03, 1.04, 2025-06-04T18:00:00+01:00, 2025-06-04T18:30:00+01:00
0.000000, 0, 1.04, 2025-06-04T18:30:00+01:00, 2025-06-04T19:00:00+01:00
0.002000, 0.04, 1.04, 2025-06-04T19:00:00+01:00, 2025-06-04T19:30:00+01:00
0.002000, 0.04, 1.04, 2025-06-04T19:30:00+01:00, 2025-06-04T20:00:00+01:00
0.002000, 0.05, 1.04, 2025-06-04T20:00:00+01:00, 2025-06-04T20:30:00+01:00
0.001000, 0.02, 1.04, 2025-06-04T20:30:00+01:00, 2025-06-04T21:00:00+01:00
0.001000, 0.02, 1.04, 2025-06-04T21:00:00+01:00, 2025-06-04T21:30:00+01:00
0.002000, 0.04, 1.04, 2025-06-04T21:30:00+01:00, 2025-06-04T22:00:00+01:00
0.002000, 0.04, 1.04, 2025-06-04T22:00:00+01:00, 2025-06-04T22:30:00+01:00
0.001000, 0.02, 1.04, 2025-06-04T22:30:00+01:00, 2025-06-04T23:00:00+01:00
0.002000, 0.03, 1.04, 2025-06-04T23:00:00+01:00, 2025-06-04T23:30:00+01:00
0.002000, 0.03, 1.04, 2025-06-04T23:30:00+01:00, 2025-06-05T00:00:00+01:00
1.215000, 19.72, 1.04, 2025-06-05T00:00:00+01:00, 2025-06-05T00:30:00+01:00
0.698000, 10.59, 1.04, 2025-06-05T00:30:00+01:00, 2025-06-05T01:00:00+01:00
0.156000, 2.39, 1.04, 2025-06-05T01:00:00+01:00, 2025-06-05T01:30:00+01:00
0.126000, 1.94, 1.04, 2025-06-05T01:30:00+01:00, 2025-06-05T02:00:00+01:00
0.158000, 2.5, 1.04, 2025-06-05T02:00:00+01:00, 2025-06-05T02:30:00+01:00
0.151000, 2.25, 1.04, 2025-06-05T02:30:00+01:00, 2025-06-05T03:00:00+01:00
0.155000, 2.41, 1.04, 2025-06-05T03:00:00+01:00, 2025-06-05T03:30:00+01:00
0.147000, 2.27, 1.04, 2025-06-05T03:30:00+01:00, 2025-06-05T04:00:00+01:00
0.145000, 2.11, 1.04, 2025-06-05T04:00:00+01:00, 2025-06-05T04:30:00+01:00
0.112000, 1.51, 1.04, 2025-06-05T04:30:00+01:00, 2025-06-05T05:00:00+01:00
0.146000, 2.06, 1.04, 2025-06-05T05:00:00+01:00, 2025-06-05T05:30:00+01:00
0.170000, 2.62, 1.04, 2025-06-05T05:30:00+01:00, 2025-06-05T06:00:00+01:00
0.126000, 2.55, 1.04, 2025-06-05T06:00:00+01:00, 2025-06-05T06:30:00+01:00
0.120000, 2.67, 1.04, 2025-06-05T06:30:00+01:00, 2025-06-05T07:00:00+01:00
0.135000, 2.81, 1.04, 2025-06-05T07:00:00+01:00, 2025-06-05T07:30:00+01:00
0.144000, 3.26, 1.04, 2025-06-05T07:30:00+01:00, 2025-06-05T08:00:00+01:00
0.010000, 0.2, 1.04, 2025-06-05T08:00:00+01:00, 2025-06-05T08:30:00+01:00
0.001000, 0.02, 1.04, 2025-06-05T08:30:00+01:00, 2025-06-05T09:00:00+01:00
0.002000, 0.04, 1.04, 2025-06-05T09:00:00+01:00, 2025-06-05T09:30:00+01:00
0.002000, 0.04, 1.04, 2025-06-05T09:30:00+01:00, 2025-06-05T10:00:00+01:00
0.000000, 0, 1.04, 2025-06-05T10:00:00+01:00, 2025-06-05T10:30:00+01:00
0.000000, 0, 1.04, 2025-06-05T10:30:00+01:00, 2025-06-05T11:00:00+01:00
0.001000, 0.02, 1.04, 2025-06-05T11:00:00+01:00, 2025-06-05T11:30:00+01:00
0.000000, 0, 1.04, 2025-06-05T11:30:00+01:00, 2025-06-05T12:00:00+01:00
0.001000, 0.01, 1.04, 2025-06-05T12:00:00+01:00, 2025-06-05T12:30:00+01:00
0.000000, 0, 1.04, 2025-06-05T12:30:00+01:00, 2025-06-05T13:00:00+01:00
0.000000, 0, 1.04, 2025-06-05T13:00:00+01:00, 2025-06-05T13:30:00+01:00
0.001000, 0.01, 1.04, 2025-06-05T13:30:00+01:00, 2025-06-05T14:00:00+01:00
0.001000, 0.01, 1.04, 2025-06-05T14:00:00+01:00, 2025-06-05T14:30:00+01:00
0.001000, 0.01, 1.04, 2025-06-05T14:30:00+01:00, 2025-06-05T15:00:00+01:00
0.001000, 0.01, 1.04, 2025-06-05T15:00:00+01:00, 2025-06-05T15:30:00+01:00
0.000000, 0, 1.04, 2025-06-05T15:30:00+01:00, 2025-06-05T16:00:00+01:00
0.000000, 0, 1.04, 2025-06-05T16:00:00+01:00, 2025-06-05T16:30:00+01:00
0.001000, 0.03, 1.04, 2025-06-05T16:30:00+01:00, 2025-06-05T17:00:00+01:00
0.001000, 0.03, 1.04, 2025-06-05T17:00:00+01:00, 2025-06-05T17:30:00+01:00
0.001000, 0.03, 1.04, 2025-06-05T17:30:00+01:00, 2025-06-05T18:00:00+01:00
0.001000, 0.03, 1.04, 2025-06-05T18:00:00+01:00, 2025-06-05T18:30:00+01:00
0.002000, 0.07, 1.04, 2025-06-05T18:30:00+01:00, 2025-06-05T19:00:00+01:00
0.002000, 0.05, 1.04, 2025-06-05T19:00:00+01:00, 2025-06-05T19:30:00+01:00
0.002000, 0.05, 1.04, 2025-06-05T19:30:00+01:00, 2025-06-05T20:00:00+01:00
0.001000, 0.02, 1.04, 2025-06-05T20:00:00+01:00, 2025-06-05T20:30:00+01:00
0.002000, 0.04, 1.04, 2025-06-05T20:30:00+01:00, 2025-06-05T21:00:00+01:00
0.002000, 0.04, 1.04, 2025-06-05T21:00:00+01:00, 2025-06-05T21:30:00+01:00
0.002000, 0.04, 1.04, 2025-06-05T21:30:00+01:00, 2025-06-05T22:00:00+01:00
0.001000, 0.02, 1.04, 2025-06-05T22:00:00+01:00, 2025-06-05T22:30:00+01:00
0.002000, 0.03, 1.04, 2025-06-05T22:30:00+01:00, 2025-06-05T23:00:00+01:00
0.002000, 0.04, 1.04, 2025-06-05T23:00:00+01:00, 2025-06-05T23:30:00+01:00
0.001000, 0.02, 1.04, 2025-06-05T23:30:00+01:00, 2025-06-06T00:00:00+01:00
1.200000, 20.27, 1.04, 2025-06-06T00:00:00+01:00, 2025-06-06T00:30:00+01:00
0.794000, 12.54, 1.04, 2025-06-06T00:30:00+01:00, 2025-06-06T01:00:00+01:00
0.121000, 1.79, 1.04, 2025-06-06T01:00:00+01:00, 2025-06-06T01:30:00+01:00
0.178000, 2.51, 1.04, 2025-06-06T01:30:00+01:00, 2025-06-06T02:00:00+01:00
0.145000, 1.87, 1.04, 2025-06-06T02:00:00+01:00, 2025-06-06T02:30:00+01:00
0.143000, 1.58, 1.04, 2025-06-06T02:30:00+01:00, 2025-06-06T03:00:00+01:00
0.142000, 1.74, 1.04, 2025-06-06T03:00:00+01:00, 2025-06-06T03:30:00+01:00
0.147000, 1.78, 1.04, 2025-06-06T03:30:00+01:00, 2025-06-06T04:00:00+01:00
0.129000, 1.71, 1.04, 2025-06-06T04:00:00+01:00, 2025-06-06T04:30:00+01:00
0.153000, 1.98, 1.04, 2025-06-06T04:30:00+01:00, 2025-06-06T05:00:00+01:00
0.157000, 2.27, 1.04, 2025-06-06T05:00:00+01:00, 2025-06-06T05:30:00+01:00
0.134000, 1.98, 1.04, 2025-06-06T05:30:00+01:00, 2025-06-06T06:00:00+01:00
0.068000, 1.12, 1.04, 2025-06-06T06:00:00+01:00, 2025-06-06T06:30:00+01:00
0.071000, 1.38, 1.04, 2025-06-06T06:30:00+01:00, 2025-06-06T07:00:00+01:00
0.030000, 0.68, 1.04, 2025-06-06T07:00:00+01:00, 2025-06-06T07:30:00+01:00
0.020000, 0.47, 1.04, 2025-06-06T07:30:00+01:00, 2025-06-06T08:00:00+01:00
0.001000, 0.02, 1.04, 2025-06-06T08:00:00+01:00, 2025-06-06T08:30:00+01:00
0.001000, 0.02, 1.04, 2025-06-06T08:30:00+01:00, 2025-06-06T09:00:00+01:00
0.000000, 0, 1.04, 2025-06-06T09:00:00+01:00, 2025-06-06T09:30:00+01:00
0.001000, 0.02, 1.04, 2025-06-06T09:30:00+01:00, 2025-06-06T10:00:00+01:00
0.000000, 0, 1.04, 2025-06-06T10:00:00+01:00, 2025-06-06T10:30:00+01:00
0.001000, 0.02, 1.04, 2025-06-06T10:30:00+01:00, 2025-06-06T11:00:00+01:00
0.000000, 0, 1.04, 2025-06-06T11:00:00+01:00, 2025-06-06T11:30:00+01:00
0.000000, 0, 1.04, 2025-06-06T11:30:00+01:00, 2025-06-06T12:00:00+01:00
0.000000, 0, 1.04, 2025-06-06T12:00:00+01:00, 2025-06-06T12:30:00+01:00
0.000000, 0, 1.04, 2025-06-06T12:30:00+01:00, 2025-06-06T13:00:00+01:00
0.000000, 0, 1.04, 2025-06-06T13:00:00+01:00, 2025-06-06T13:30:00+01:00
0.001000, 0.01, 1.04, 2025-06-06T13:30:00+01:00, 2025-06-06T14:00:00+01:00
0.001000, 0.01, 1.04, 2025-06-06T14:00:00+01:00, 2025-06-06T14:30:00+01:00
0.000000, 0, 1.04, 2025-06-06T14:30:00+01:00, 2025-06-06T15:00:00+01:00
0.002000, 0.03, 1.04, 2025-06-06T15:00:00+01:00, 2025-06-06T15:30:00+01:00
0.000000, 0, 1.04, 2025-06-06T15:30:00+01:00, 2025-06-06T16:00:00+01:00
0.000000, 0, 1.04, 2025-06-06T16:00:00+01:00, 2025-06-06T16:30:00+01:00
0.001000, 0.03, 1.04, 2025-06-06T16:30:00+01:00, 2025-06-06T17:00:00+01:00
0.000000, 0, 1.04, 2025-06-06T17:00:00+01:00, 2025-06-06T17:30:00+01:00
0.001000, 0.03, 1.04, 2025-06-06T17:30:00+01:00, 2025-06-06T18:00:00+01:00
0.000000, 0, 1.04, 2025-06-06T18:00:00+01:00, 2025-06-06T18:30:00+01:00
0.001000, 0.03, 1.04, 2025-06-06T18:30:00+01:00, 2025-06-06T19:00:00+01:00
0.002000, 0.05, 1.04, 2025-06-06T19:00:00+01:00, 2025-06-06T19:30:00+01:00
0.002000, 0.05, 1.04, 2025-06-06T19:30:00+01:00, 2025-06-06T20:00:00+01:00
0.003000, 0.07, 1.04, 2025-06-06T20:00:00+01:00, 2025-06-06T20:30:00+01:00
0.002000, 0.05, 1.04, 2025-06-06T20:30:00+01:00, 2025-06-06T21:00:00+01:00
0.001000, 0.02, 1.04, 2025-06-06T21:00:00+01:00, 2025-06-06T21:30:00+01:00
0.001000, 0.02, 1.04, 2025-06-06T21:30:00+01:00, 2025-06-06T22:00:00+01:00
0.002000, 0.04, 1.04, 2025-06-06T22:00:00+01:00, 2025-06-06T22:30:00+01:00
0.002000, 0.04, 1.04, 2025-06-06T22:30:00+01:00, 2025-06-06T23:00:00+01:00
0.002000, 0.04, 1.04, 2025-06-06T23:00:00+01:00, 2025-06-06T23:30:00+01:00
0.001000, 0.02, 1.04, 2025-06-06T23:30:00+01:00, 2025-06-07T00:00:00+01:00
1.234000, 23.4, 1.04, 2025-06-07T00:00:00+01:00, 2025-06-07T00:30:00+01:00
0.804000, 14.87, 1.04, 2025-06-07T00:30:00+01:00, 2025-06-07T01:00:00+01:00
0.120000, 2.15, 1.04, 2025-06-07T01:00:00+01:00, 2025-06-07T01:30:00+01:00
0.124000, 2.24, 1.04, 2025-06-07T01:30:00+01:00, 2025-06-07T02:00:00+01:00
0.150000, 2.77, 1.04, 2025-06-07T02:00:00+01:00, 2025-06-07T02:30:00+01:00
0.150000, 2.58, 1.04, 2025-06-07T02:30:00+01:00, 2025-06-07T03:00:00+01:00
0.172000, 3.01, 1.04, 2025-06-07T03:00:00+01:00, 2025-06-07T03:30:00+01:00
0.124000, 2.25, 1.04, 2025-06-07T03:30:00+01:00, 2025-06-07T04:00:00+01:00
0.125000, 2.27, 1.04, 2025-06-07T04:00:00+01:00, 2025-06-07T04:30:00+01:00
0.140000, 2.45, 1.04, 2025-06-07T04:30:00+01:00, 2025-06-07T05:00:00+01:00
0.163000, 3.09, 1.04, 2025-06-07T05:00:00+01:00, 2025-06-07T05:30:00+01:00
0.123000, 2.2, 1.04, 2025-06-07T05:30:00+01:00, 2025-06-07T06:00:00+01:00
0.081000, 1.46, 1.04, 2025-06-07T06:00:00+01:00, 2025-06-07T06:30:00+01:00
0.156000, 2.93, 1.04, 2025-06-07T06:30:00+01:00, 2025-06-07T07:00:00+01:00
0.018000, 0.32, 1.04, 2025-06-07T07:00:00+01:00, 2025-06-07T07:30:00+01:00
0.001000, 0.02, 1.04, 2025-06-07T07:30:00+01:00, 2025-06-07T08:00:00+01:00
0.000000, 0, 1.04, 2025-06-07T08:00:00+01:00, 2025-06-07T08:30:00+01:00
0.001000, 0.02, 1.04, 2025-06-07T08:30:00+01:00, 2025-06-07T09:00:00+01:00
0.001000, 0.02, 1.04, 2025-06-07T09:00:00+01:00, 2025-06-07T09:30:00+01:00
0.000000, 0, 1.04, 2025-06-07T09:30:00+01:00, 2025-06-07T10:00:00+01:00
0.001000, 0.02, 1.04, 2025-06-07T10:00:00+01:00, 2025-06-07T10:30:00+01:00
0.000000, 0, 1.04, 2025-06-07T10:30:00+01:00, 2025-06-07T11:00:00+01:00
0.001000, 0.02, 1.04, 2025-06-07T11:00:00+01:00, 2025-06-07T11:30:00+01:00
0.001000, 0.02, 1.04, 2025-06-07T11:30:00+01:00, 2025-06-07T12:00:00+01:00
0.000000, 0, 1.04, 2025-06-07T12:00:00+01:00, 2025-06-07T12:30:00+01:00
0.000000, 0, 1.04, 2025-06-07T12:30:00+01:00, 2025-06-07T13:00:00+01:00
0.000000, 0, 1.04, 2025-06-07T13:00:00+01:00, 2025-06-07T13:30:00+01:00
0.000000, 0, 1.04, 2025-06-07T13:30:00+01:00, 2025-06-07T14:00:00+01:00
0.001000, 0.02, 1.04, 2025-06-07T14:00:00+01:00, 2025-06-07T14:30:00+01:00
0.001000, 0.02, 1.04, 2025-06-07T14:30:00+01:00, 2025-06-07T15:00:00+01:00
0.000000, 0, 1.04, 2025-06-07T15:00:00+01:00, 2025-06-07T15:30:00+01:00
0.000000, 0, 1.04, 2025-06-07T15:30:00+01:00, 2025-06-07T16:00:00+01:00
0.000000, 0, 1.04, 2025-06-07T16:00:00+01:00, 2025-06-07T16:30:00+01:00
0.001000, 0.03, 1.04, 2025-06-07T16:30:00+01:00, 2025-06-07T17:00:00+01:00
0.002000, 0.06, 1.04, 2025-06-07T17:00:00+01:00, 2025-06-07T17:30:00+01:00
0.000000, 0, 1.04, 2025-06-07T17:30:00+01:00, 2025-06-07T18:00:00+01:00
0.001000, 0.03, 1.04, 2025-06-07T18:00:00+01:00, 2025-06-07T18:30:00+01:00
0.002000, 0.06, 1.04, 2025-06-07T18:30:00+01:00, 2025-06-07T19:00:00+01:00
0.001000, 0.02, 1.04, 2025-06-07T19:00:00+01:00, 2025-06-07T19:30:00+01:00
0.001000, 0.02, 1.04, 2025-06-07T19:30:00+01:00, 2025-06-07T20:00:00+01:00
0.002000, 0.05, 1.04, 2025-06-07T20:00:00+01:00, 2025-06-07T20:30:00+01:00
0.002000, 0.05, 1.04, 2025-06-07T20:30:00+01:00, 2025-06-07T21:00:00+01:00
0.003000, 0.07, 1.04, 2025-06-07T21:00:00+01:00, 2025-06-07T21:30:00+01:00
0.000000, 0, 1.04, 2025-06-07T21:30:00+01:00, 2025-06-07T22:00:00+01:00
0.002000, 0.04, 1.04, 2025-06-07T22:00:00+01:00, 2025-06-07T22:30:00+01:00
0.002000, 0.03, 1.04, 2025-06-07T22:30:00+01:00, 2025-06-07T23:00:00+01:00
0.002000, 0.04, 1.04, 2025-06-07T23:00:00+01:00, 2025-06-07T23:30:00+01:00
0.002000, 0.04, 1.04, 2025-06-07T23:30:00+01:00, 2025-06-08T00:00:00+01:00
1.212000, 20.74, 1.04, 2025-06-08T00:00:00+01:00, 2025-06-08T00:30:00+01:00
0.742000, 12.32, 1.04, 2025-06-08T00:30:00+01:00, 2025-06-08T01:00:00+01:00
0.158000, 2.45, 1.04, 2025-06-08T01:00:00+01:00, 2025-06-08T01:30:00+01:00
0.120000, 1.85, 1.04, 2025-06-08T01:30:00+01:00, 2025-06-08T02:00:00+01:00
0.153000, 2.42, 1.04, 2025-06-08T02:00:00+01:00, 2025-06-08T02:30:00+01:00
0.136000, 1.84, 1.04, 2025-06-08T02:30:00+01:00, 2025-06-08T03:00:00+01:00
0.138000, 1.86, 1.04, 2025-06-08T03:00:00+01:00, 2025-06-08T03:30:00+01:00
0.147000, 1.73, 1.04, 2025-06-08T03:30:00+01:00, 2025-06-08T04:00:00+01:00
0.244000, 2.69, 1.04, 2025-06-08T04:00:00+01:00, 2025-06-08T04:30:00+01:00
0.186000, 1.43, 1.04, 2025-06-08T04:30:00+01:00, 2025-06-08T05:00:00+01:00
0.149000, 1.34, 1.04, 2025-06-08T05:00:00+01:00, 2025-06-08T05:30:00+01:00
0.100000, 0.73, 1.04, 2025-06-08T05:30:00+01:00, 2025-06-08T06:00:00+01:00
0.073000, 0.26, 1.04, 2025-06-08T06:00:00+01:00, 2025-06-08T06:30:00+01:00
0.077000, 0.41, 1.04, 2025-06-08T06:30:00+01:00, 2025-06-08T07:00:00+01:00
0.028000, 0.03, 1.04, 2025-06-08T07:00:00+01:00, 2025-06-08T07:30:00+01:00
0.000000, 0, 1.04, 2025-06-08T07:30:00+01:00, 2025-06-08T08:00:00+01:00
0.001000, 0, 1.04, 2025-06-08T08:00:00+01:00, 2025-06-08T08:30:00+01:00
0.000000, 0, 1.04, 2025-06-08T08:30:00+01:00, 2025-06-08T09:00:00+01:00
0.001000, 0, 1.04, 2025-06-08T09:00:00+01:00, 2025-06-08T09:30:00+01:00
0.000000, 0, 1.04, 2025-06-08T09:30:00+01:00, 2025-06-08T10:00:00+01:00
0.002000, 0, 1.04, 2025-06-08T10:00:00+01:00, 2025-06-08T10:30:00+01:00
0.000000, 0, 1.04, 2025-06-08T10:30:00+01:00, 2025-06-08T11:00:00+01:00
0.002000, 0, 1.04, 2025-06-08T11:00:00+01:00, 2025-06-08T11:30:00+01:00
0.001000, 0, 1.04, 2025-06-08T11:30:00+01:00, 2025-06-08T12:00:00+01:00
0.001000, 0, 1.04, 2025-06-08T12:00:00+01:00, 2025-06-08T12:30:00+01:00
0.001000, 0.01, 1.04, 2025-06-08T12:30:00+01:00, 2025-06-08T13:00:00+01:00
0.001000, 0.01, 1.04, 2025-06-08T13:00:00+01:00, 2025-06-08T13:30:00+01:00
0.000000, 0, 1.04, 2025-06-08T13:30:00+01:00, 2025-06-08T14:00:00+01:00
0.001000, 0.01, 1.04, 2025-06-08T14:00:00+01:00, 2025-06-08T14:30:00+01:00
0.001000, 0.01, 1.04, 2025-06-08T14:30:00+01:00, 2025-06-08T15:00:00+01:00
0.001000, 0.01, 1.04, 2025-06-08T15:00:00+01:00, 2025-06-08T15:30:00+01:00
0.000000, 0, 1.04, 2025-06-08T15:30:00+01:00, 2025-06-08T16:00:00+01:00
0.000000, 0, 1.04, 2025-06-08T16:00:00+01:00, 2025-06-08T16:30:00+01:00
0.002000, 0.06, 1.04, 2025-06-08T16:30:00+01:00, 2025-06-08T17:00:00+01:00
0.001000, 0.03, 1.04, 2025-06-08T17:00:00+01:00, 2025-06-08T17:30:00+01:00
0.008000, 0.25, 1.04, 2025-06-08T17:30:00+01:00, 2025-06-08T18:00:00+01:00
0.014000, 0.45, 1.04, 2025-06-08T18:00:00+01:00, 2025-06-08T18:30:00+01:00
0.007000, 0.22, 1.04, 2025-06-08T18:30:00+01:00, 2025-06-08T19:00:00+01:00
0.003000, 0.07, 1.04, 2025-06-08T19:00:00+01:00, 2025-06-08T19:30:00+01:00
0.002000, 0.05, 1.04, 2025-06-08T19:30:00+01:00, 2025-06-08T20:00:00+01:00
0.001000, 0.02, 1.04, 2025-06-08T20:00:00+01:00, 2025-06-08T20:30:00+01:00
0.006000, 0.14, 1.04, 2025-06-08T20:30:00+01:00, 2025-06-08T21:00:00+01:00
0.006000, 0.14, 1.04, 2025-06-08T21:00:00+01:00, 2025-06-08T21:30:00+01:00
0.003000, 0.06, 1.04, 2025-06-08T21:30:00+01:00, 2025-06-08T22:00:00+01:00
0.002000, 0.04, 1.04, 2025-06-08T22:00:00+01:00, 2025-06-08T22:30:00+01:00
0.002000, 0.04, 1.04, 2025-06-08T22:30:00+01:00, 2025-06-08T23:00:00+01:00
0.001000, 0.02, 1.04, 2025-06-08T23:00:00+01:00, 2025-06-08T23:30:00+01:00
0.002000, 0.04, 1.04, 2025-06-08T23:30:00+01:00, 2025-06-09T00:00:00+01:00
1.306000, 20.97, 1.04, 2025-06-09T00:00:00+01:00, 2025-06-09T00:30:00+01:00
1.282000, 19.29, 1.04, 2025-06-09T00:30:00+01:00, 2025-06-09T01:00:00+01:00
1.258000, 18.03, 1.04, 2025-06-09T01:00:00+01:00, 2025-06-09T01:30:00+01:00
1.185000, 17.25, 1.04, 2025-06-09T01:30:00+01:00, 2025-06-09T02:00:00+01:00
0.425000, 5.81, 1.04, 2025-06-09T02:00:00+01:00, 2025-06-09T02:30:00+01:00
0.227000, 3.08, 1.04, 2025-06-09T02:30:00+01:00, 2025-06-09T03:00:00+01:00
0.208000, 2.78, 1.04, 2025-06-09T03:00:00+01:00, 2025-06-09T03:30:00+01:00
0.194000, 2.57, 1.04, 2025-06-09T03:30:00+01:00, 2025-06-09T04:00:00+01:00
0.186000, 2.46, 1.04, 2025-06-09T04:00:00+01:00, 2025-06-09T04:30:00+01:00
0.197000, 2.54, 1.04, 2025-06-09T04:30:00+01:00, 2025-06-09T05:00:00+01:00
0.232000, 3.37, 1.04, 2025-06-09T05:00:00+01:00, 2025-06-09T05:30:00+01:00
0.182000, 2.71, 1.04, 2025-06-09T05:30:00+01:00, 2025-06-09T06:00:00+01:00
0.244000, 4.08, 1.04, 2025-06-09T06:00:00+01:00, 2025-06-09T06:30:00+01:00
0.197000, 3.48, 1.04, 2025-06-09T06:30:00+01:00, 2025-06-09T07:00:00+01:00
0.111000, 2.11, 1.04, 2025-06-09T07:00:00+01:00, 2025-06-09T07:30:00+01:00
0.154000, 2.99, 1.04, 2025-06-09T07:30:00+01:00, 2025-06-09T08:00:00+01:00
0.002000, 0.04, 1.04, 2025-06-09T08:00:00+01:00, 2025-06-09T08:30:00+01:00
0.003000, 0.06, 1.04, 2025-06-09T08:30:00+01:00, 2025-06-09T09:00:00+01:00
0.032000, 0.72, 1.04, 2025-06-09T09:00:00+01:00, 2025-06-09T09:30:00+01:00
0.006000, 0.13, 1.04, 2025-06-09T09:30:00+01:00, 2025-06-09T10:00:00+01:00
0.017000, 0.37, 1.04, 2025-06-09T10:00:00+01:00, 2025-06-09T10:30:00+01:00
0.006000, 0.12, 1.04, 2025-06-09T10:30:00+01:00, 2025-06-09T11:00:00+01:00
0.005000, 0.1, 1.04, 2025-06-09T11:00:00+01:00, 2025-06-09T11:30:00+01:00
0.002000, 0.04, 1.04, 2025-06-09T11:30:00+01:00, 2025-06-09T12:00:00+01:00
0.002000, 0.04, 1.04, 2025-06-09T12:00:00+01:00, 2025-06-09T12:30:00+01:00
0.066000, 1.24, 1.04, 2025-06-09T12:30:00+01:00, 2025-06-09T13:00:00+01:00
0.006000, 0.11, 1.04, 2025-06-09T13:00:00+01:00, 2025-06-09T13:30:00+01:00
0.004000, 0.07, 1.04, 2025-06-09T13:30:00+01:00, 2025-06-09T14:00:00+01:00
0.002000, 0.03, 1.04, 2025-06-09T14:00:00+01:00, 2025-06-09T14:30:00+01:00
0.003000, 0.05, 1.04, 2025-06-09T14:30:00+01:00, 2025-06-09T15:00:00+01:00
0.002000, 0.03, 1.04, 2025-06-09T15:00:00+01:00, 2025-06-09T15:30:00+01:00
0.014000, 0.23, 1.04, 2025-06-09T15:30:00+01:00, 2025-06-09T16:00:00+01:00
0.004000, 0.11, 1.04, 2025-06-09T16:00:00+01:00, 2025-06-09T16:30:00+01:00
0.002000, 0.06, 1.04, 2025-06-09T16:30:00+01:00, 2025-06-09T17:00:00+01:00
0.004000, 0.12, 1.04, 2025-06-09T17:00:00+01:00, 2025-06-09T17:30:00+01:00
0.010000, 0.31, 1.04, 2025-06-09T17:30:00+01:00, 2025-06-09T18:00:00+01:00
0.024000, 0.8, 1.04, 2025-06-09T18:00:00+01:00, 2025-06-09T18:30:00+01:00
0.004000, 0.13, 1.04, 2025-06-09T18:30:00+01:00, 2025-06-09T19:00:00+01:00
0.002000, 0.05, 1.04, 2025-06-09T19:00:00+01:00, 2025-06-09T19:30:00+01:00
0.003000, 0.07, 1.04, 2025-06-09T19:30:00+01:00, 2025-06-09T20:00:00+01:00
0.004000, 0.1, 1.04, 2025-06-09T20:00:00+01:00, 2025-06-09T20:30:00+01:00
0.007000, 0.17, 1.04, 2025-06-09T20:30:00+01:00, 2025-06-09T21:00:00+01:00
0.011000, 0.25, 1.04, 2025-06-09T21:00:00+01:00, 2025-06-09T21:30:00+01:00
0.004000, 0.09, 1.04, 2025-06-09T21:30:00+01:00, 2025-06-09T22:00:00+01:00
0.002000, 0.04, 1.04, 2025-06-09T22:00:00+01:00, 2025-06-09T22:30:00+01:00
0.001000, 0.02, 1.04, 2025-06-09T22:30:00+01:00, 2025-06-09T23:00:00+01:00
0.002000, 0.03, 1.04, 2025-06-09T23:00:00+01:00, 2025-06-09T23:30:00+01:00
0.002000, 0.03, 1.04, 2025-06-09T23:30:00+01:00, 2025-06-10T00:00:00+01:00
1.238000, 18.78, 1.04, 2025-06-10T00:00:00+01:00, 2025-06-10T00:30:00+01:00
1.215000, 16.3, 1.04, 2025-06-10T00:30:00+01:00, 2025-06-10T01:00:00+01:00
1.216000, 14.4, 1.04, 2025-06-10T01:00:00+01:00, 2025-06-10T01:30:00+01:00
1.223000, 15.1, 1.04, 2025-06-10T01:30:00+01:00, 2025-06-10T02:00:00+01:00
1.218000, 14.76, 1.04, 2025-06-10T02:00:00+01:00, 2025-06-10T02:30:00+01:00
1.195000, 12.47, 1.04, 2025-06-10T02:30:00+01:00, 2025-06-10T03:00:00+01:00
1.189000, 13.11, 1.04, 2025-06-10T03:00:00+01:00, 2025-06-10T03:30:00+01:00
0.403000, 4.34, 1.04, 2025-06-10T03:30:00+01:00, 2025-06-10T04:00:00+01:00
0.154000, 1.89, 1.04, 2025-06-10T04:00:00+01:00, 2025-06-10T04:30:00+01:00
0.119000, 1.36, 1.04, 2025-06-10T04:30:00+01:00, 2025-06-10T05:00:00+01:00
0.123000, 1.6, 1.04, 2025-06-10T05:00:00+01:00, 2025-06-10T05:30:00+01:00
0.117000, 1.55, 1.04, 2025-06-10T05:30:00+01:00, 2025-06-10T06:00:00+01:00
0.105000, 1.53, 1.04, 2025-06-10T06:00:00+01:00, 2025-06-10T06:30:00+01:00
0.086000, 1.44, 1.04, 2025-06-10T06:30:00+01:00, 2025-06-10T07:00:00+01:00
0.033000, 0.52, 1.04, 2025-06-10T07:00:00+01:00, 2025-06-10T07:30:00+01:00
0.146000, 2.47, 1.04, 2025-06-10T07:30:00+01:00, 2025-06-10T08:00:00+01:00
0.006000, 0.1, 1.04, 2025-06-10T08:00:00+01:00, 2025-06-10T08:30:00+01:00
0.003000, 0.05, 1.04, 2025-06-10T08:30:00+01:00, 2025-06-10T09:00:00+01:00
0.010000, 0.19, 1.04, 2025-06-10T09:00:00+01:00, 2025-06-10T09:30:00+01:00
0.007000, 0.12, 1.04, 2025-06-10T09:30:00+01:00, 2025-06-10T10:00:00+01:00
0.004000, 0.07, 1.04, 2025-06-10T10:00:00+01:00, 2025-06-10T10:30:00+01:00
0.012000, 0.21, 1.04, 2025-06-10T10:30:00+01:00, 2025-06-10T11:00:00+01:00
0.002000, 0.04, 1.04, 2025-06-10T11:00:00+01:00, 2025-06-10T11:30:00+01:00
0.022000, 0.4, 1.04, 2025-06-10T11:30:00+01:00, 2025-06-10T12:00:00+01:00
0.017000, 0.31, 1.04, 2025-06-10T12:00:00+01:00, 2025-06-10T12:30:00+01:00
0.006000, 0.11, 1.04, 2025-06-10T12:30:00+01:00, 2025-06-10T13:00:00+01:00
0.001000, 0.02, 1.04, 2025-06-10T13:00:00+01:00, 2025-06-10T13:30:00+01:00
0.000000, 0, 1.04, 2025-06-10T13:30:00+01:00, 2025-06-10T14:00:00+01:00
0.000000, 0, 1.04, 2025-06-10T14:00:00+01:00, 2025-06-10T14:30:00+01:00
0.001000, 0.02, 1.04, 2025-06-10T14:30:00+01:00, 2025-06-10T15:00:00+01:00
0.000000, 0, 1.04, 2025-06-10T15:00:00+01:00, 2025-06-10T15:30:00+01:00
0.000000, 0, 1.04, 2025-06-10T15:30:00+01:00, 2025-06-10T16:00:00+01:00
0.002000, 0.06, 1.04, 2025-06-10T16:00:00+01:00, 2025-06-10T16:30:00+01:00
0.000000, 0, 1.04, 2025-06-10T16:30:00+01:00, 2025-06-10T17:00:00+01:00
0.012000, 0.38, 1.04, 2025-06-10T17:00:00+01:00, 2025-06-10T17:30:00+01:00
0.024000, 0.78, 1.04, 2025-06-10T17:30:00+01:00, 2025-06-10T18:00:00+01:00
0.030000, 1.01, 1.04, 2025-06-10T18:00:00+01:00, 2025-06-10T18:30:00+01:00
0.009000, 0.32, 1.04, 2025-06-10T18:30:00+01:00, 2025-06-10T19:00:00+01:00
0.007000, 0.17, 1.04, 2025-06-10T19:00:00+01:00, 2025-06-10T19:30:00+01:00
0.003000, 0.08, 1.04, 2025-06-10T19:30:00+01:00, 2025-06-10T20:00:00+01:00
0.014000, 0.34, 1.04, 2025-06-10T20:00:00+01:00, 2025-06-10T20:30:00+01:00
0.030000, 0.71, 1.04, 2025-06-10T20:30:00+01:00, 2025-06-10T21:00:00+01:00
0.008000, 0.18, 1.04, 2025-06-10T21:00:00+01:00, 2025-06-10T21:30:00+01:00
0.003000, 0.07, 1.04, 2025-06-10T21:30:00+01:00, 2025-06-10T22:00:00+01:00
0.005000, 0.11, 1.04, 2025-06-10T22:00:00+01:00, 2025-06-10T22:30:00+01:00
0.001000, 0.02, 1.04, 2025-06-10T22:30:00+01:00, 2025-06-10T23:00:00+01:00
0.002000, 0.04, 1.04, 2025-06-10T23:00:00+01:00, 2025-06-10T23:30:00+01:00
0.002000, 0.04, 1.04, 2025-06-10T23:30:00+01:00, 2025-06-11T00:00:00+01:00
1.218000, 22.91, 1.04, 2025-06-11T00:00:00+01:00, 2025-06-11T00:30:00+01:00
1.199000, 21.13, 1.04, 2025-06-11T00:30:00+01:00, 2025-06-11T01:00:00+01:00
1.225000, 20.31, 1.04, 2025-06-11T01:00:00+01:00, 2025-06-11T01:30:00+01:00
1.159000, 19.22, 1.04, 2025-06-11T01:30:00+01:00, 2025-06-11T02:00:00+01:00
0.331000, 5.4, 1.04, 2025-06-11T02:00:00+01:00, 2025-06-11T02:30:00+01:00
0.150000, 2.41, 1.04, 2025-06-11T02:30:00+01:00, 2025-06-11T03:00:00+01:00
0.176000, 2.79, 1.04, 2025-06-11T03:00:00+01:00, 2025-06-11T03:30:00+01:00
0.151000, 2.37, 1.04, 2025-06-11T03:30:00+01:00, 2025-06-11T04:00:00+01:00
0.109000, 1.74, 1.04, 2025-06-11T04:00:00+01:00, 2025-06-11T04:30:00+01:00
0.145000, 2.08, 1.04, 2025-06-11T04:30:00+01:00, 2025-06-11T05:00:00+01:00
0.152000, 2.52, 1.04, 2025-06-11T05:00:00+01:00, 2025-06-11T05:30:00+01:00
0.131000, 2.17, 1.04, 2025-06-11T05:30:00+01:00, 2025-06-11T06:00:00+01:00
0.087000, 1.67, 1.04, 2025-06-11T06:00:00+01:00, 2025-06-11T06:30:00+01:00
0.112000, 2.36, 1.04, 2025-06-11T06:30:00+01:00, 2025-06-11T07:00:00+01:00
0.110000, 2.26, 1.04, 2025-06-11T07:00:00+01:00, 2025-06-11T07:30:00+01:00
0.453000, 9.35, 1.04, 2025-06-11T07:30:00+01:00, 2025-06-11T08:00:00+01:00
0.025000, 0.49, 1.04, 2025-06-11T08:00:00+01:00, 2025-06-11T08:30:00+01:00
0.005000, 0.08, 1.04, 2025-06-11T08:30:00+01:00, 2025-06-11T09:00:00+01:00
0.005000, 0.08, 1.04, 2025-06-11T09:00:00+01:00, 2025-06-11T09:30:00+01:00
0.010000, 0.16, 1.04, 2025-06-11T09:30:00+01:00, 2025-06-11T10:00:00+01:00
0.003000, 0.05, 1.04, 2025-06-11T10:00:00+01:00, 2025-06-11T10:30:00+01:00
0.000000, 0, 1.04, 2025-06-11T10:30:00+01:00, 2025-06-11T11:00:00+01:00
0.001000, 0.02, 1.04, 2025-06-11T11:00:00+01:00, 2025-06-11T11:30:00+01:00
0.000000, 0, 1.04, 2025-06-11T11:30:00+01:00, 2025-06-11T12:00:00+01:00
0.000000, 0, 1.04, 2025-06-11T12:00:00+01:00, 2025-06-11T12:30:00+01:00
0.006000, 0.09, 1.04, 2025-06-11T12:30:00+01:00, 2025-06-11T13:00:00+01:00
0.001000, 0.01, 1.04, 2025-06-11T13:00:00+01:00, 2025-06-11T13:30:00+01:00
0.000000, 0, 1.04, 2025-06-11T13:30:00+01:00, 2025-06-11T14:00:00+01:00
0.000000, 0, 1.04, 2025-06-11T14:00:00+01:00, 2025-06-11T14:30:00+01:00
0.002000, 0.02, 1.04, 2025-06-11T14:30:00+01:00, 2025-06-11T15:00:00+01:00
0.001000, 0.01, 1.04, 2025-06-11T15:00:00+01:00, 2025-06-11T15:30:00+01:00
0.019000, 0.24, 1.04, 2025-06-11T15:30:00+01:00, 2025-06-11T16:00:00+01:00
0.013000, 0.33, 1.04, 2025-06-11T16:00:00+01:00, 2025-06-11T16:30:00+01:00
0.000000, 0, 1.04, 2025-06-11T16:30:00+01:00, 2025-06-11T17:00:00+01:00
0.001000, 0.03, 1.04, 2025-06-11T17:00:00+01:00, 2025-06-11T17:30:00+01:00
0.001000, 0.03, 1.04, 2025-06-11T17:30:00+01:00, 2025-06-11T18:00:00+01:00
0.002000, 0.07, 1.04, 2025-06-11T18:00:00+01:00, 2025-06-11T18:30:00+01:00
0.003000, 0.1, 1.04, 2025-06-11T18:30:00+01:00, 2025-06-11T19:00:00+01:00
0.002000, 0.05, 1.04, 2025-06-11T19:00:00+01:00, 2025-06-11T19:30:00+01:00
0.002000, 0.05, 1.04, 2025-06-11T19:30:00+01:00, 2025-06-11T20:00:00+01:00
0.001000, 0.02, 1.04, 2025-06-11T20:00:00+01:00, 2025-06-11T20:30:00+01:00
0.004000, 0.09, 1.04, 2025-06-11T20:30:00+01:00, 2025-06-11T21:00:00+01:00
0.002000, 0.04, 1.04, 2025-06-11T21:00:00+01:00, 2025-06-11T21:30:00+01:00
0.003000, 0.06, 1.04, 2025-06-11T21:30:00+01:00, 2025-06-11T22:00:00+01:00
0.002000, 0.03, 1.04, 2025-06-11T22:00:00+01:00, 2025-06-11T22:30:00+01:00
0.002000, 0.03, 1.04, 2025-06-11T22:30:00+01:00, 2025-06-11T23:00:00+01:00
0.000000, 0, 1.04, 2025-06-11T23:00:00+01:00, 2025-06-11T23:30:00+01:00
0.002000, 0.03, 1.04, 2025-06-11T23:30:00+01:00, 2025-06-12T00:00:00+01:00
1.237000, 20.46, 1.04, 2025-06-12T00:00:00+01:00, 2025-06-12T00:30:00+01:00
1.243000, 19.8, 1.04, 2025-06-12T00:30:00+01:00, 2025-06-12T01:00:00+01:00
1.099000, 18.44, 1.04, 2025-06-12T01:00:00+01:00, 2025-06-12T01:30:00+01:00
0.282000, 4.63, 1.04, 2025-06-12T01:30:00+01:00, 2025-06-12T02:00:00+01:00
0.150000, 2.28, 1.04, 2025-06-12T02:00:00+01:00, 2025-06-12T02:30:00+01:00
0.165000, 2.18, 1.04, 2025-06-12T02:30:00+01:00, 2025-06-12T03:00:00+01:00
0.144000, 1.96, 1.04, 2025-06-12T03:00:00+01:00, 2025-06-12T03:30:00+01:00
0.170000, 2.18, 1.04, 2025-06-12T03:30:00+01:00, 2025-06-12T04:00:00+01:00
0.158000, 2.09, 1.04, 2025-06-12T04:00:00+01:00, 2025-06-12T04:30:00+01:00
0.146000, 1.97, 1.04, 2025-06-12T04:30:00+01:00, 2025-06-12T05:00:00+01:00
0.170000, 2.28, 1.04, 2025-06-12T05:00:00+01:00, 2025-06-12T05:30:00+01:00
0.134000, 1.6, 1.04, 2025-06-12T05:30:00+01:00, 2025-06-12T06:00:00+01:00
0.065000, 0.96, 1.04, 2025-06-12T06:00:00+01:00, 2025-06-12T06:30:00+01:00
0.021000, 0.36, 1.04, 2025-06-12T06:30:00+01:00, 2025-06-12T07:00:00+01:00
0.019000, 0.29, 1.04, 2025-06-12T07:00:00+01:00, 2025-06-12T07:30:00+01:00
0.798000, 12.97, 1.04, 2025-06-12T07:30:00+01:00, 2025-06-12T08:00:00+01:00
0.047000, 0.61, 1.04, 2025-06-12T08:00:00+01:00, 2025-06-12T08:30:00+01:00
0.005000, 0.05, 1.04, 2025-06-12T08:30:00+01:00, 2025-06-12T09:00:00+01:00
0.003000, 0.04, 1.04, 2025-06-12T09:00:00+01:00, 2025-06-12T09:30:00+01:00
0.000000, 0, 1.04, 2025-06-12T09:30:00+01:00, 2025-06-12T10:00:00+01:00
0.008000, 0.07, 1.04, 2025-06-12T10:00:00+01:00, 2025-06-12T10:30:00+01:00
0.006000, 0.03, 1.04, 2025-06-12T10:30:00+01:00, 2025-06-12T11:00:00+01:00
0.003000, 0.01, 1.04, 2025-06-12T11:00:00+01:00, 2025-06-12T11:30:00+01:00
0.002000, 0.01, 1.04, 2025-06-12T11:30:00+01:00, 2025-06-12T12:00:00+01:00
0.011000, 0.05, 1.04, 2025-06-12T12:00:00+01:00, 2025-06-12T12:30:00+01:00
0.003000, 0.01, 1.04, 2025-06-12T12:30:00+01:00, 2025-06-12T13:00:00+01:00
0.002000, 0, 1.04, 2025-06-12T13:00:00+01:00, 2025-06-12T13:30:00+01:00
0.002000, 0.01, 1.04, 2025-06-12T13:30:00+01:00, 2025-06-12T14:00:00+01:00
0.002000, 0.01, 1.04, 2025-06-12T14:00:00+01:00, 2025-06-12T14:30:00+01:00
0.002000, 0.01, 1.04, 2025-06-12T14:30:00+01:00, 2025-06-12T15:00:00+01:00
0.003000, 0.01, 1.04, 2025-06-12T15:00:00+01:00, 2025-06-12T15:30:00+01:00
0.004000, 0.03, 1.04, 2025-06-12T15:30:00+01:00, 2025-06-12T16:00:00+01:00
0.001000, 0.02, 1.04, 2025-06-12T16:00:00+01:00, 2025-06-12T16:30:00+01:00
0.006000, 0.15, 1.04, 2025-06-12T16:30:00+01:00, 2025-06-12T17:00:00+01:00
0.003000, 0.09, 1.04, 2025-06-12T17:00:00+01:00, 2025-06-12T17:30:00+01:00
0.049000, 1.55, 1.04, 2025-06-12T17:30:00+01:00, 2025-06-12T18:00:00+01:00
0.009000, 0.29, 1.04, 2025-06-12T18:00:00+01:00, 2025-06-12T18:30:00+01:00
0.003000, 0.09, 1.04, 2025-06-12T18:30:00+01:00, 2025-06-12T19:00:00+01:00
0.013000, 0.29, 1.04, 2025-06-12T19:00:00+01:00, 2025-06-12T19:30:00+01:00
0.001000, 0.02, 1.04, 2025-06-12T19:30:00+01:00, 2025-06-12T20:00:00+01:00
0.005000, 0.11, 1.04, 2025-06-12T20:00:00+01:00, 2025-06-12T20:30:00+01:00
0.006000, 0.14, 1.04, 2025-06-12T20:30:00+01:00, 2025-06-12T21:00:00+01:00
0.006000, 0.13, 1.04, 2025-06-12T21:00:00+01:00, 2025-06-12T21:30:00+01:00
0.002000, 0.04, 1.04, 2025-06-12T21:30:00+01:00, 2025-06-12T22:00:00+01:00
0.002000, 0.04, 1.04, 2025-06-12T22:00:00+01:00, 2025-06-12T22:30:00+01:00
0.002000, 0.03, 1.04, 2025-06-12T22:30:00+01:00, 2025-06-12T23:00:00+01:00
0.000000, 0, 1.04, 2025-06-12T23:00:00+01:00, 2025-06-12T23:30:00+01:00
0.002000, 0.03, 1.04, 2025-06-12T23:30:00+01:00, 2025-06-13T00:00:00+01:00
1.265000, 19.63, 1.04, 2025-06-13T00:00:00+01:00, 2025-06-13T00:30:00+01:00
1.214000, 18.64, 1.04, 2025-06-13T00:30:00+01:00, 2025-06-13T01:00:00+01:00
1.247000, 19.35, 1.04, 2025-06-13T01:00:00+01:00, 2025-06-13T01:30:00+01:00
1.246000, 20.33, 1.04, 2025-06-13T01:30:00+01:00, 2025-06-13T02:00:00+01:00
1.254000, 20.07, 1.04, 2025-06-13T02:00:00+01:00, 2025-06-13T02:30:00+01:00
0.623000, 9.53, 1.04, 2025-06-13T02:30:00+01:00, 2025-06-13T03:00:00+01:00
0.157000, 2.35, 1.04, 2025-06-13T03:00:00+01:00, 2025-06-13T03:30:00+01:00
0.178000, 2.63, 1.04, 2025-06-13T03:30:00+01:00, 2025-06-13T04:00:00+01:00
0.181000, 2.95, 1.04, 2025-06-13T04:00:00+01:00, 2025-06-13T04:30:00+01:00
0.151000, 2.43, 1.04, 2025-06-13T04:30:00+01:00, 2025-06-13T05:00:00+01:00
0.138000, 2.37, 1.04, 2025-06-13T05:00:00+01:00, 2025-06-13T05:30:00+01:00
0.221000, 3.9, 1.04, 2025-06-13T05:30:00+01:00, 2025-06-13T06:00:00+01:00
0.133000, 2.69, 1.04, 2025-06-13T06:00:00+01:00, 2025-06-13T06:30:00+01:00
0.087000, 1.82, 1.04, 2025-06-13T06:30:00+01:00, 2025-06-13T07:00:00+01:00
0.085000, 1.73, 1.04, 2025-06-13T07:00:00+01:00, 2025-06-13T07:30:00+01:00
0.348000, 7.25, 1.04, 2025-06-13T07:30:00+01:00, 2025-06-13T08:00:00+01:00
0.050000, 1.09, 1.04, 2025-06-13T08:00:00+01:00, 2025-06-13T08:30:00+01:00
0.014000, 0.29, 1.04, 2025-06-13T08:30:00+01:00, 2025-06-13T09:00:00+01:00
0.006000, 0.12, 1.04, 2025-06-13T09:00:00+01:00, 2025-06-13T09:30:00+01:00
0.007000, 0.12, 1.04, 2025-06-13T09:30:00+01:00, 2025-06-13T10:00:00+01:00
0.003000, 0.05, 1.04, 2025-06-13T10:00:00+01:00, 2025-06-13T10:30:00+01:00
0.017000, 0.3, 1.04, 2025-06-13T10:30:00+01:00, 2025-06-13T11:00:00+01:00
0.009000, 0.15, 1.04, 2025-06-13T11:00:00+01:00, 2025-06-13T11:30:00+01:00
0.003000, 0.05, 1.04, 2025-06-13T11:30:00+01:00, 2025-06-13T12:00:00+01:00
0.006000, 0.09, 1.04, 2025-06-13T12:00:00+01:00, 2025-06-13T12:30:00+01:00
0.003000, 0.04, 1.04, 2025-06-13T12:30:00+01:00, 2025-06-13T13:00:00+01:00
0.006000, 0.08, 1.04, 2025-06-13T13:00:00+01:00, 2025-06-13T13:30:00+01:00
0.001000, 0.01, 1.04, 2025-06-13T13:30:00+01:00, 2025-06-13T14:00:00+01:00
0.000000, 0, 1.04, 2025-06-13T14:00:00+01:00, 2025-06-13T14:30:00+01:00
0.000000, 0, 1.04, 2025-06-13T14:30:00+01:00, 2025-06-13T15:00:00+01:00
0.000000, 0, 1.04, 2025-06-13T15:00:00+01:00, 2025-06-13T15:30:00+01:00
0.000000, 0, 1.04, 2025-06-13T15:30:00+01:00, 2025-06-13T16:00:00+01:00
0.006000, 0.17, 1.04, 2025-06-13T16:00:00+01:00, 2025-06-13T16:30:00+01:00
0.000000, 0, 1.04, 2025-06-13T16:30:00+01:00, 2025-06-13T17:00:00+01:00
0.001000, 0.03, 1.04, 2025-06-13T17:00:00+01:00, 2025-06-13T17:30:00+01:00
0.027000, 0.83, 1.04, 2025-06-13T17:30:00+01:00, 2025-06-13T18:00:00+01:00
0.011000, 0.36, 1.04, 2025-06-13T18:00:00+01:00, 2025-06-13T18:30:00+01:00
0.001000, 0.03, 1.04, 2025-06-13T18:30:00+01:00, 2025-06-13T19:00:00+01:00
0.017000, 0.39, 1.04, 2025-06-13T19:00:00+01:00, 2025-06-13T19:30:00+01:00
0.007000, 0.17, 1.04, 2025-06-13T19:30:00+01:00, 2025-06-13T20:00:00+01:00
0.002000, 0.05, 1.04, 2025-06-13T20:00:00+01:00, 2025-06-13T20:30:00+01:00
0.004000, 0.09, 1.04, 2025-06-13T20:30:00+01:00, 2025-06-13T21:00:00+01:00
0.001000, 0.02, 1.04, 2025-06-13T21:00:00+01:00, 2025-06-13T21:30:00+01:00
0.003000, 0.06, 1.04, 2025-06-13T21:30:00+01:00, 2025-06-13T22:00:00+01:00
0.003000, 0.06, 1.04, 2025-06-13T22:00:00+01:00, 2025-06-13T22:30:00+01:00
0.002000, 0.03, 1.04, 2025-06-13T22:30:00+01:00, 2025-06-13T23:00:00+01:00
0.003000, 0.06, 1.04, 2025-06-13T23:00:00+01:00, 2025-06-13T23:30:00+01:00
0.002000, 0.04, 1.04, 2025-06-13T23:30:00+01:00, 2025-06-14T00:00:00+01:00
1.221000, 22.67, 1.04, 2025-06-14T00:00:00+01:00, 2025-06-14T00:30:00+01:00
1.233000, 22.85, 1.04, 2025-06-14T00:30:00+01:00, 2025-06-14T01:00:00+01:00
1.251000, 22.24, 1.04, 2025-06-14T01:00:00+01:00, 2025-06-14T01:30:00+01:00
1.241000, 24.08, 1.04, 2025-06-14T01:30:00+01:00, 2025-06-14T02:00:00+01:00
0.690000, 13.39, 1.04, 2025-06-14T02:00:00+01:00, 2025-06-14T02:30:00+01:00
0.174000, 3.09, 1.04, 2025-06-14T02:30:00+01:00, 2025-06-14T03:00:00+01:00
0.292000, 4.95, 1.04, 2025-06-14T03:00:00+01:00, 2025-06-14T03:30:00+01:00
0.172000, 2.84, 1.04, 2025-06-14T03:30:00+01:00, 2025-06-14T04:00:00+01:00
0.194000, 3.31, 1.04, 2025-06-14T04:00:00+01:00, 2025-06-14T04:30:00+01:00
0.183000, 2.84, 1.04, 2025-06-14T04:30:00+01:00, 2025-06-14T05:00:00+01:00
0.189000, 3.07, 1.04, 2025-06-14T05:00:00+01:00, 2025-06-14T05:30:00+01:00
0.157000, 2.43, 1.04, 2025-06-14T05:30:00+01:00, 2025-06-14T06:00:00+01:00
0.077000, 1.29, 1.04, 2025-06-14T06:00:00+01:00, 2025-06-14T06:30:00+01:00
0.077000, 1.21, 1.04, 2025-06-14T06:30:00+01:00, 2025-06-14T07:00:00+01:00
0.032000, 0.62, 1.04, 2025-06-14T07:00:00+01:00, 2025-06-14T07:30:00+01:00
0.034000, 0.69, 1.04, 2025-06-14T07:30:00+01:00, 2025-06-14T08:00:00+01:00
0.007000, 0.14, 1.04, 2025-06-14T08:00:00+01:00, 2025-06-14T08:30:00+01:00
0.005000, 0.1, 1.04, 2025-06-14T08:30:00+01:00, 2025-06-14T09:00:00+01:00
0.009000, 0.17, 1.04, 2025-06-14T09:00:00+01:00, 2025-06-14T09:30:00+01:00
0.007000, 0.11, 1.04, 2025-06-14T09:30:00+01:00, 2025-06-14T10:00:00+01:00
0.007000, 0.12, 1.04, 2025-06-14T10:00:00+01:00, 2025-06-14T10:30:00+01:00
0.012000, 0.18, 1.04, 2025-06-14T10:30:00+01:00, 2025-06-14T11:00:00+01:00
0.014000, 0.17, 1.04, 2025-06-14T11:00:00+01:00, 2025-06-14T11:30:00+01:00
0.003000, 0.03, 1.04, 2025-06-14T11:30:00+01:00, 2025-06-14T12:00:00+01:00
0.015000, 0.12, 1.04, 2025-06-14T12:00:00+01:00, 2025-06-14T12:30:00+01:00
0.014000, 0.08, 1.04, 2025-06-14T12:30:00+01:00, 2025-06-14T13:00:00+01:00
0.009000, 0.02, 1.04, 2025-06-14T13:00:00+01:00, 2025-06-14T13:30:00+01:00
0.009000, 0.02, 1.04, 2025-06-14T13:30:00+01:00, 2025-06-14T14:00:00+01:00
0.002000, 0, 1.04, 2025-06-14T14:00:00+01:00, 2025-06-14T14:30:00+01:00
0.006000, 0.01, 1.04, 2025-06-14T14:30:00+01:00, 2025-06-14T15:00:00+01:00
0.003000, 0.01, 1.04, 2025-06-14T15:00:00+01:00, 2025-06-14T15:30:00+01:00
0.001000, 0, 1.04, 2025-06-14T15:30:00+01:00, 2025-06-14T16:00:00+01:00
0.000000, 0, 1.04, 2025-06-14T16:00:00+01:00, 2025-06-14T16:30:00+01:00
0.001000, 0.02, 1.04, 2025-06-14T16:30:00+01:00, 2025-06-14T17:00:00+01:00
0.007000, 0.19, 1.04, 2025-06-14T17:00:00+01:00, 2025-06-14T17:30:00+01:00
0.021000, 0.63, 1.04, 2025-06-14T17:30:00+01:00, 2025-06-14T18:00:00+01:00
0.003000, 0.09, 1.04, 2025-06-14T18:00:00+01:00, 2025-06-14T18:30:00+01:00
0.002000, 0.07, 1.04, 2025-06-14T18:30:00+01:00, 2025-06-14T19:00:00+01:00
0.003000, 0.06, 1.04, 2025-06-14T19:00:00+01:00, 2025-06-14T19:30:00+01:00
0.002000, 0.04, 1.04, 2025-06-14T19:30:00+01:00, 2025-06-14T20:00:00+01:00
0.003000, 0.06, 1.04, 2025-06-14T20:00:00+01:00, 2025-06-14T20:30:00+01:00
0.006000, 0.13, 1.04, 2025-06-14T20:30:00+01:00, 2025-06-14T21:00:00+01:00
0.004000, 0.08, 1.04, 2025-06-14T21:00:00+01:00, 2025-06-14T21:30:00+01:00
0.003000, 0.06, 1.04, 2025-06-14T21:30:00+01:00, 2025-06-14T22:00:00+01:00
0.002000, 0.04, 1.04, 2025-06-14T22:00:00+01:00, 2025-06-14T22:30:00+01:00
0.009000, 0.18, 1.04, 2025-06-14T22:30:00+01:00, 2025-06-14T23:00:00+01:00
0.009000, 0.16, 1.04, 2025-06-14T23:00:00+01:00, 2025-06-14T23:30:00+01:00
0.002000, 0.04, 1.04, 2025-06-14T23:30:00+01:00, 2025-06-15T00:00:00+01:00
1.210000, 23.05, 1.04, 2025-06-15T00:00:00+01:00, 2025-06-15T00:30:00+01:00
1.227000, 22.29, 1.04, 2025-06-15T00:30:00+01:00, 2025-06-15T01:00:00+01:00
1.191000, 20.67, 1.04, 2025-06-15T01:00:00+01:00, 2025-06-15T01:30:00+01:00
1.188000, 21.08, 1.04, 2025-06-15T01:30:00+01:00, 2025-06-15T02:00:00+01:00
0.453000, 8.4, 1.04, 2025-06-15T02:00:00+01:00, 2025-06-15T02:30:00+01:00
0.148000, 2.4, 1.04, 2025-06-15T02:30:00+01:00, 2025-06-15T03:00:00+01:00
0.122000, 1.96, 1.04, 2025-06-15T03:00:00+01:00, 2025-06-15T03:30:00+01:00
0.145000, 2.25, 1.04, 2025-06-15T03:30:00+01:00, 2025-06-15T04:00:00+01:00
0.143000, 2.18, 1.04, 2025-06-15T04:00:00+01:00, 2025-06-15T04:30:00+01:00
0.130000, 1.93, 1.04, 2025-06-15T04:30:00+01:00, 2025-06-15T05:00:00+01:00
0.132000, 2, 1.04, 2025-06-15T05:00:00+01:00, 2025-06-15T05:30:00+01:00
0.133000, 1.92, 1.04, 2025-06-15T05:30:00+01:00, 2025-06-15T06:00:00+01:00
0.088000, 1.25, 1.04, 2025-06-15T06:00:00+01:00, 2025-06-15T06:30:00+01:00
0.074000, 1.07, 1.04, 2025-06-15T06:30:00+01:00, 2025-06-15T07:00:00+01:00
0.041000, 0.45, 1.04, 2025-06-15T07:00:00+01:00, 2025-06-15T07:30:00+01:00
0.021000, 0.26, 1.04, 2025-06-15T07:30:00+01:00, 2025-06-15T08:00:00+01:00
0.003000, 0.02, 1.04, 2025-06-15T08:00:00+01:00, 2025-06-15T08:30:00+01:00
0.008000, 0.08, 1.04, 2025-06-15T08:30:00+01:00, 2025-06-15T09:00:00+01:00
0.004000, 0.05, 1.04, 2025-06-15T09:00:00+01:00, 2025-06-15T09:30:00+01:00
0.000000, 0, 1.04, 2025-06-15T09:30:00+01:00, 2025-06-15T10:00:00+01:00
0.000000, 0, 1.04, 2025-06-15T10:00:00+01:00, 2025-06-15T10:30:00+01:00
0.002000, 0.02, 1.04, 2025-06-15T10:30:00+01:00, 2025-06-15T11:00:00+01:00
0.004000, 0.03, 1.04, 2025-06-15T11:00:00+01:00, 2025-06-15T11:30:00+01:00
0.030000, 0.13, 1.04, 2025-06-15T11:30:00+01:00, 2025-06-15T12:00:00+01:00
0.001000, 0, 1.04, 2025-06-15T12:00:00+01:00, 2025-06-15T12:30:00+01:00
0.003000, 0.01, 1.04, 2025-06-15T12:30:00+01:00, 2025-06-15T13:00:00+01:00
0.009000, 0.05, 1.04, 2025-06-15T13:00:00+01:00, 2025-06-15T13:30:00+01:00
0.000000, 0, 1.04, 2025-06-15T13:30:00+01:00, 2025-06-15T14:00:00+01:00
0.002000, 0.01, 1.04, 2025-06-15T14:00:00+01:00, 2025-06-15T14:30:00+01:00
0.002000, 0.01, 1.04, 2025-06-15T14:30:00+01:00, 2025-06-15T15:00:00+01:00
0.002000, 0.01, 1.04, 2025-06-15T15:00:00+01:00, 2025-06-15T15:30:00+01:00
0.002000, 0.01, 1.04, 2025-06-15T15:30:00+01:00, 2025-06-15T16:00:00+01:00
0.002000, 0.05, 1.04, 2025-06-15T16:00:00+01:00, 2025-06-15T16:30:00+01:00
0.002000, 0.06, 1.04, 2025-06-15T16:30:00+01:00, 2025-06-15T17:00:00+01:00
0.002000, 0.06, 1.04, 2025-06-15T17:00:00+01:00, 2025-06-15T17:30:00+01:00
0.003000, 0.1, 1.04, 2025-06-15T17:30:00+01:00, 2025-06-15T18:00:00+01:00
0.007000, 0.23, 1.04, 2025-06-15T18:00:00+01:00, 2025-06-15T18:30:00+01:00
0.002000, 0.06, 1.04, 2025-06-15T18:30:00+01:00, 2025-06-15T19:00:00+01:00
0.002000, 0.04, 1.04, 2025-06-15T19:00:00+01:00, 2025-06-15T19:30:00+01:00
0.006000, 0.14, 1.04, 2025-06-15T19:30:00+01:00, 2025-06-15T20:00:00+01:00
0.002000, 0.05, 1.04, 2025-06-15T20:00:00+01:00, 2025-06-15T20:30:00+01:00
0.016000, 0.39, 1.04, 2025-06-15T20:30:00+01:00, 2025-06-15T21:00:00+01:00
0.002000, 0.05, 1.04, 2025-06-15T21:00:00+01:00, 2025-06-15T21:30:00+01:00
0.006000, 0.14, 1.04, 2025-06-15T21:30:00+01:00, 2025-06-15T22:00:00+01:00
0.002000, 0.04, 1.04, 2025-06-15T22:00:00+01:00, 2025-06-15T22:30:00+01:00
0.002000, 0.04, 1.04, 2025-06-15T22:30:00+01:00, 2025-06-15T23:00:00+01:00
0.002000, 0.04, 1.04, 2025-06-15T23:00:00+01:00, 2025-06-15T23:30:00+01:00
0.001000, 0.02, 1.04, 2025-06-15T23:30:00+01:00, 2025-06-16T00:00:00+01:00
1.282000, 26.85, 1.04, 2025-06-16T00:00:00+01:00, 2025-06-16T00:30:00+01:00
1.316000, 27.28, 1.04, 2025-06-16T00:30:00+01:00, 2025-06-16T01:00:00+01:00
1.276000, 23.21, 1.04, 2025-06-16T01:00:00+01:00, 2025-06-16T01:30:00+01:00
1.276000, 23.25, 1.04, 2025-06-16T01:30:00+01:00, 2025-06-16T02:00:00+01:00
1.292000, 24.57, 1.04, 2025-06-16T02:00:00+01:00, 2025-06-16T02:30:00+01:00
1.081000, 19.31, 1.04, 2025-06-16T02:30:00+01:00, 2025-06-16T03:00:00+01:00
0.269000, 4.56, 1.04, 2025-06-16T03:00:00+01:00, 2025-06-16T03:30:00+01:00
0.204000, 3.3, 1.04, 2025-06-16T03:30:00+01:00, 2025-06-16T04:00:00+01:00
0.232000, 4.23, 1.04, 2025-06-16T04:00:00+01:00, 2025-06-16T04:30:00+01:00
0.211000, 3.65, 1.04, 2025-06-16T04:30:00+01:00, 2025-06-16T05:00:00+01:00
0.190000, 3.87, 1.04, 2025-06-16T05:00:00+01:00, 2025-06-16T05:30:00+01:00
0.166000, 3.55, 1.04, 2025-06-16T05:30:00+01:00, 2025-06-16T06:00:00+01:00
0.155000, 3.4, 1.04, 2025-06-16T06:00:00+01:00, 2025-06-16T06:30:00+01:00
0.162000, 3.79, 1.04, 2025-06-16T06:30:00+01:00, 2025-06-16T07:00:00+01:00
0.106000, 2.4, 1.04, 2025-06-16T07:00:00+01:00, 2025-06-16T07:30:00+01:00
0.102000, 2.39, 1.04, 2025-06-16T07:30:00+01:00, 2025-06-16T08:00:00+01:00
0.007000, 0.17, 1.04, 2025-06-16T08:00:00+01:00, 2025-06-16T08:30:00+01:00
0.001000, 0.02, 1.04, 2025-06-16T08:30:00+01:00, 2025-06-16T09:00:00+01:00
0.003000, 0.07, 1.04, 2025-06-16T09:00:00+01:00, 2025-06-16T09:30:00+01:00
0.012000, 0.24, 1.04, 2025-06-16T09:30:00+01:00, 2025-06-16T10:00:00+01:00
0.007000, 0.13, 1.04, 2025-06-16T10:00:00+01:00, 2025-06-16T10:30:00+01:00
0.012000, 0.22, 1.04, 2025-06-16T10:30:00+01:00, 2025-06-16T11:00:00+01:00
0.005000, 0.09, 1.04, 2025-06-16T11:00:00+01:00, 2025-06-16T11:30:00+01:00
0.003000, 0.06, 1.04, 2025-06-16T11:30:00+01:00, 2025-06-16T12:00:00+01:00
0.004000, 0.07, 1.04, 2025-06-16T12:00:00+01:00, 2025-06-16T12:30:00+01:00
0.003000, 0.05, 1.04, 2025-06-16T12:30:00+01:00, 2025-06-16T13:00:00+01:00
0.002000, 0.04, 1.04, 2025-06-16T13:00:00+01:00, 2025-06-16T13:30:00+01:00
0.000000, 0, 1.04, 2025-06-16T13:30:00+01:00, 2025-06-16T14:00:00+01:00
0.001000, 0.02, 1.04, 2025-06-16T14:00:00+01:00, 2025-06-16T14:30:00+01:00
0.005000, 0.08, 1.04, 2025-06-16T14:30:00+01:00, 2025-06-16T15:00:00+01:00
0.001000, 0.02, 1.04, 2025-06-16T15:00:00+01:00, 2025-06-16T15:30:00+01:00
0.000000, 0, 1.04, 2025-06-16T15:30:00+01:00, 2025-06-16T16:00:00+01:00
0.002000, 0.06, 1.04, 2025-06-16T16:00:00+01:00, 2025-06-16T16:30:00+01:00
0.001000, 0.03, 1.04, 2025-06-16T16:30:00+01:00, 2025-06-16T17:00:00+01:00
0.002000, 0.06, 1.04, 2025-06-16T17:00:00+01:00, 2025-06-16T17:30:00+01:00
0.003000, 0.1, 1.04, 2025-06-16T17:30:00+01:00, 2025-06-16T18:00:00+01:00
0.003000, 0.1, 1.04, 2025-06-16T18:00:00+01:00, 2025-06-16T18:30:00+01:00
0.012000, 0.42, 1.04, 2025-06-16T18:30:00+01:00, 2025-06-16T19:00:00+01:00
0.002000, 0.05, 1.04, 2025-06-16T19:00:00+01:00, 2025-06-16T19:30:00+01:00
0.004000, 0.1, 1.04, 2025-06-16T19:30:00+01:00, 2025-06-16T20:00:00+01:00
0.002000, 0.05, 1.04, 2025-06-16T20:00:00+01:00, 2025-06-16T20:30:00+01:00
0.003000, 0.07, 1.04, 2025-06-16T20:30:00+01:00, 2025-06-16T21:00:00+01:00
0.001000, 0.02, 1.04, 2025-06-16T21:00:00+01:00, 2025-06-16T21:30:00+01:00
0.002000, 0.04, 1.04, 2025-06-16T21:30:00+01:00, 2025-06-16T22:00:00+01:00
0.004000, 0.07, 1.04, 2025-06-16T22:00:00+01:00, 2025-06-16T22:30:00+01:00
0.002000, 0.04, 1.04, 2025-06-16T22:30:00+01:00, 2025-06-16T23:00:00+01:00
0.002000, 0.04, 1.04, 2025-06-16T23:00:00+01:00, 2025-06-16T23:30:00+01:00
0.003000, 0.05, 1.04, 2025-06-16T23:30:00+01:00, 2025-06-17T00:00:00+01:00
1.248000, 15.28, 1.04, 2025-06-17T00:00:00+01:00, 2025-06-17T00:30:00+01:00
1.253000, 15.34, 1.04, 2025-06-17T00:30:00+01:00, 2025-06-17T01:00:00+01:00
1.253000, 15.89, 1.04, 2025-06-17T01:00:00+01:00, 2025-06-17T01:30:00+01:00
1.130000, 14.45, 1.04, 2025-06-17T01:30:00+01:00, 2025-06-17T02:00:00+01:00
0.331000, 4.23, 1.04, 2025-06-17T02:00:00+01:00, 2025-06-17T02:30:00+01:00
0.159000, 1.95, 1.04, 2025-06-17T02:30:00+01:00, 2025-06-17T03:00:00+01:00
0.161000, 2.01, 1.04, 2025-06-17T03:00:00+01:00, 2025-06-17T03:30:00+01:00
0.136000, 1.71, 1.04, 2025-06-17T03:30:00+01:00, 2025-06-17T04:00:00+01:00
0.179000, 2.29, 1.04, 2025-06-17T04:00:00+01:00, 2025-06-17T04:30:00+01:00
0.166000, 2.05, 1.04, 2025-06-17T04:30:00+01:00, 2025-06-17T05:00:00+01:00
0.129000, 1.47, 1.04, 2025-06-17T05:00:00+01:00, 2025-06-17T05:30:00+01:00
0.137000, 1.67, 1.04, 2025-06-17T05:30:00+01:00, 2025-06-17T06:00:00+01:00
0.109000, 1.73, 1.04, 2025-06-17T06:00:00+01:00, 2025-06-17T06:30:00+01:00
0.071000, 1.42, 1.04, 2025-06-17T06:30:00+01:00, 2025-06-17T07:00:00+01:00
0.031000, 0.51, 1.04, 2025-06-17T07:00:00+01:00, 2025-06-17T07:30:00+01:00
0.090000, 1.68, 1.04, 2025-06-17T07:30:00+01:00, 2025-06-17T08:00:00+01:00
0.007000, 0.13, 1.04, 2025-06-17T08:00:00+01:00, 2025-06-17T08:30:00+01:00
0.003000, 0.05, 1.04, 2025-06-17T08:30:00+01:00, 2025-06-17T09:00:00+01:00
0.018000, 0.31, 1.04, 2025-06-17T09:00:00+01:00, 2025-06-17T09:30:00+01:00
0.013000, 0.18, 1.04, 2025-06-17T09:30:00+01:00, 2025-06-17T10:00:00+01:00
0.001000, 0.01, 1.04, 2025-06-17T10:00:00+01:00, 2025-06-17T10:30:00+01:00
0.001000, 0.01, 1.04, 2025-06-17T10:30:00+01:00, 2025-06-17T11:00:00+01:00
0.000000, 0, 1.04, 2025-06-17T11:00:00+01:00, 2025-06-17T11:30:00+01:00
0.001000, 0.01, 1.04, 2025-06-17T11:30:00+01:00, 2025-06-17T12:00:00+01:00
0.001000, 0.01, 1.04, 2025-06-17T12:00:00+01:00, 2025-06-17T12:30:00+01:00
0.000000, 0, 1.04, 2025-06-17T12:30:00+01:00, 2025-06-17T13:00:00+01:00
0.000000, 0, 1.04, 2025-06-17T13:00:00+01:00, 2025-06-17T13:30:00+01:00
0.000000, 0, 1.04, 2025-06-17T13:30:00+01:00, 2025-06-17T14:00:00+01:00
0.001000, 0.01, 1.04, 2025-06-17T14:00:00+01:00, 2025-06-17T14:30:00+01:00
0.002000, 0.03, 1.04, 2025-06-17T14:30:00+01:00, 2025-06-17T15:00:00+01:00
0.002000, 0.03, 1.04, 2025-06-17T15:00:00+01:00, 2025-06-17T15:30:00+01:00
0.002000, 0.03, 1.04, 2025-06-17T15:30:00+01:00, 2025-06-17T16:00:00+01:00
0.002000, 0.06, 1.04, 2025-06-17T16:00:00+01:00, 2025-06-17T16:30:00+01:00
0.002000, 0.06, 1.04, 2025-06-17T16:30:00+01:00, 2025-06-17T17:00:00+01:00
0.003000, 0.1, 1.04, 2025-06-17T17:00:00+01:00, 2025-06-17T17:30:00+01:00
0.004000, 0.13, 1.04, 2025-06-17T17:30:00+01:00, 2025-06-17T18:00:00+01:00
0.006000, 0.21, 1.04, 2025-06-17T18:00:00+01:00, 2025-06-17T18:30:00+01:00
0.005000, 0.18, 1.04, 2025-06-17T18:30:00+01:00, 2025-06-17T19:00:00+01:00
0.004000, 0.1, 1.04, 2025-06-17T19:00:00+01:00, 2025-06-17T19:30:00+01:00
0.002000, 0.05, 1.04, 2025-06-17T19:30:00+01:00, 2025-06-17T20:00:00+01:00
0.002000, 0.05, 1.04, 2025-06-17T20:00:00+01:00, 2025-06-17T20:30:00+01:00
0.023000, 0.58, 1.04, 2025-06-17T20:30:00+01:00, 2025-06-17T21:00:00+01:00
0.013000, 0.35, 1.04, 2025-06-17T21:00:00+01:00, 2025-06-17T21:30:00+01:00
0.003000, 0.08, 1.04, 2025-06-17T21:30:00+01:00, 2025-06-17T22:00:00+01:00
0.003000, 0.07, 1.04, 2025-06-17T22:00:00+01:00, 2025-06-17T22:30:00+01:00
0.002000, 0.04, 1.04, 2025-06-17T22:30:00+01:00, 2025-06-17T23:00:00+01:00
0.007000, 0.15, 1.04, 2025-06-17T23:00:00+01:00, 2025-06-17T23:30:00+01:00
0.002000, 0.04, 1.04, 2025-06-17T23:30:00+01:00, 2025-06-18T00:00:00+01:00
1.185000, 23.16, 1.04, 2025-06-18T00:00:00+01:00, 2025-06-18T00:30:00+01:00
1.255000, 24.73, 1.04, 2025-06-18T00:30:00+01:00, 2025-06-18T01:00:00+01:00
1.251000, 23.07, 1.04, 2025-06-18T01:00:00+01:00, 2025-06-18T01:30:00+01:00
1.223000, 22.4, 1.04, 2025-06-18T01:30:00+01:00, 2025-06-18T02:00:00+01:00
1.212000, 20.85, 1.04, 2025-06-18T02:00:00+01:00, 2025-06-18T02:30:00+01:00
0.986000, 16.59, 1.04, 2025-06-18T02:30:00+01:00, 2025-06-18T03:00:00+01:00
0.183000, 3.08, 1.04, 2025-06-18T03:00:00+01:00, 2025-06-18T03:30:00+01:00
0.133000, 2.18, 1.04, 2025-06-18T03:30:00+01:00, 2025-06-18T04:00:00+01:00
0.162000, 2.81, 1.04, 2025-06-18T04:00:00+01:00, 2025-06-18T04:30:00+01:00
0.161000, 2.73, 1.04, 2025-06-18T04:30:00+01:00, 2025-06-18T05:00:00+01:00
0.153000, 2.88, 1.04, 2025-06-18T05:00:00+01:00, 2025-06-18T05:30:00+01:00
0.143000, 2.75, 1.04, 2025-06-18T05:30:00+01:00, 2025-06-18T06:00:00+01:00
0.145000, 3.01, 1.04, 2025-06-18T06:00:00+01:00, 2025-06-18T06:30:00+01:00
0.086000, 1.93, 1.04, 2025-06-18T06:30:00+01:00, 2025-06-18T07:00:00+01:00
0.105000, 2.36, 1.04, 2025-06-18T07:00:00+01:00, 2025-06-18T07:30:00+01:00
0.078000, 1.6, 1.04, 2025-06-18T07:30:00+01:00, 2025-06-18T08:00:00+01:00
0.011000, 0.24, 1.04, 2025-06-18T08:00:00+01:00, 2025-06-18T08:30:00+01:00
0.017000, 0.33, 1.04, 2025-06-18T08:30:00+01:00, 2025-06-18T09:00:00+01:00
0.004000, 0.08, 1.04, 2025-06-18T09:00:00+01:00, 2025-06-18T09:30:00+01:00
0.007000, 0.14, 1.04, 2025-06-18T09:30:00+01:00, 2025-06-18T10:00:00+01:00
0.010000, 0.18, 1.04, 2025-06-18T10:00:00+01:00, 2025-06-18T10:30:00+01:00
0.004000, 0.07, 1.04, 2025-06-18T10:30:00+01:00, 2025-06-18T11:00:00+01:00
0.002000, 0.03, 1.04, 2025-06-18T11:00:00+01:00, 2025-06-18T11:30:00+01:00
0.008000, 0.13, 1.04, 2025-06-18T11:30:00+01:00, 2025-06-18T12:00:00+01:00
0.002000, 0.03, 1.04, 2025-06-18T12:00:00+01:00, 2025-06-18T12:30:00+01:00
0.045000, 0.71, 1.04, 2025-06-18T12:30:00+01:00, 2025-06-18T13:00:00+01:00
0.005000, 0.08, 1.04, 2025-06-18T13:00:00+01:00, 2025-06-18T13:30:00+01:00
0.001000, 0.02, 1.04, 2025-06-18T13:30:00+01:00, 2025-06-18T14:00:00+01:00
0.002000, 0.03, 1.04, 2025-06-18T14:00:00+01:00, 2025-06-18T14:30:00+01:00
0.001000, 0.02, 1.04, 2025-06-18T14:30:00+01:00, 2025-06-18T15:00:00+01:00
0.004000, 0.07, 1.04, 2025-06-18T15:00:00+01:00, 2025-06-18T15:30:00+01:00
0.000000, 0, 1.04, 2025-06-18T15:30:00+01:00, 2025-06-18T16:00:00+01:00
0.000000, 0, 1.04, 2025-06-18T16:00:00+01:00, 2025-06-18T16:30:00+01:00
0.000000, 0, 1.04, 2025-06-18T16:30:00+01:00, 2025-06-18T17:00:00+01:00
0.002000, 0.06, 1.04, 2025-06-18T17:00:00+01:00, 2025-06-18T17:30:00+01:00
0.005000, 0.16, 1.04, 2025-06-18T17:30:00+01:00, 2025-06-18T18:00:00+01:00
0.011000, 0.37, 1.04, 2025-06-18T18:00:00+01:00, 2025-06-18T18:30:00+01:00
0.002000, 0.07, 1.04, 2025-06-18T18:30:00+01:00, 2025-06-18T19:00:00+01:00
0.002000, 0.05, 1.04, 2025-06-18T19:00:00+01:00, 2025-06-18T19:30:00+01:00
0.004000, 0.1, 1.04, 2025-06-18T19:30:00+01:00, 2025-06-18T20:00:00+01:00
0.002000, 0.05, 1.04, 2025-06-18T20:00:00+01:00, 2025-06-18T20:30:00+01:00
0.002000, 0.05, 1.04, 2025-06-18T20:30:00+01:00, 2025-06-18T21:00:00+01:00
0.004000, 0.1, 1.04, 2025-06-18T21:00:00+01:00, 2025-06-18T21:30:00+01:00
0.002000, 0.05, 1.04, 2025-06-18T21:30:00+01:00, 2025-06-18T22:00:00+01:00
0.004000, 0.09, 1.04, 2025-06-18T22:00:00+01:00, 2025-06-18T22:30:00+01:00
0.004000, 0.09, 1.04, 2025-06-18T22:30:00+01:00, 2025-06-18T23:00:00+01:00
0.001000, 0.02, 1.04, 2025-06-18T23:00:00+01:00, 2025-06-18T23:30:00+01:00
0.003000, 0.07, 1.04, 2025-06-18T23:30:00+01:00, 2025-06-19T00:00:00+01:00
1.228000, 27.09, 1.04, 2025-06-19T00:00:00+01:00, 2025-06-19T00:30:00+01:00
1.245000, 26.3, 1.04, 2025-06-19T00:30:00+01:00, 2025-06-19T01:00:00+01:00
1.196000, 24.46, 1.04, 2025-06-19T01:00:00+01:00, 2025-06-19T01:30:00+01:00
0.565000, 11.63, 1.04, 2025-06-19T01:30:00+01:00, 2025-06-19T02:00:00+01:00
0.135000, 2.89, 1.04, 2025-06-19T02:00:00+01:00, 2025-06-19T02:30:00+01:00
0.156000, 3.18, 1.04, 2025-06-19T02:30:00+01:00, 2025-06-19T03:00:00+01:00
0.164000, 3.01, 1.04, 2025-06-19T03:00:00+01:00, 2025-06-19T03:30:00+01:00
0.138000, 2.51, 1.04, 2025-06-19T03:30:00+01:00, 2025-06-19T04:00:00+01:00
0.166000, 3.02, 1.04, 2025-06-19T04:00:00+01:00, 2025-06-19T04:30:00+01:00
0.145000, 2.63, 1.04, 2025-06-19T04:30:00+01:00, 2025-06-19T05:00:00+01:00
0.141000, 2.74, 1.04, 2025-06-19T05:00:00+01:00, 2025-06-19T05:30:00+01:00
0.126000, 2.41, 1.04, 2025-06-19T05:30:00+01:00, 2025-06-19T06:00:00+01:00
0.087000, 1.88, 1.04, 2025-06-19T06:00:00+01:00, 2025-06-19T06:30:00+01:00
0.106000, 2.57, 1.04, 2025-06-19T06:30:00+01:00, 2025-06-19T07:00:00+01:00
0.066000, 1.6, 1.04, 2025-06-19T07:00:00+01:00, 2025-06-19T07:30:00+01:00
0.151000, 3.62, 1.04, 2025-06-19T07:30:00+01:00, 2025-06-19T08:00:00+01:00
0.010000, 0.26, 1.04, 2025-06-19T08:00:00+01:00, 2025-06-19T08:30:00+01:00
0.002000, 0.04, 1.04, 2025-06-19T08:30:00+01:00, 2025-06-19T09:00:00+01:00
0.007000, 0.15, 1.04, 2025-06-19T09:00:00+01:00, 2025-06-19T09:30:00+01:00
0.003000, 0.06, 1.04, 2025-06-19T09:30:00+01:00, 2025-06-19T10:00:00+01:00
0.000000, 0, 1.04, 2025-06-19T10:00:00+01:00, 2025-06-19T10:30:00+01:00
0.000000, 0, 1.04, 2025-06-19T10:30:00+01:00, 2025-06-19T11:00:00+01:00
0.000000, 0, 1.04, 2025-06-19T11:00:00+01:00, 2025-06-19T11:30:00+01:00
0.000000, 0, 1.04, 2025-06-19T11:30:00+01:00, 2025-06-19T12:00:00+01:00
0.004000, 0.08, 1.04, 2025-06-19T12:00:00+01:00, 2025-06-19T12:30:00+01:00
0.002000, 0.04, 1.04, 2025-06-19T12:30:00+01:00, 2025-06-19T13:00:00+01:00
0.000000, 0, 1.04, 2025-06-19T13:00:00+01:00, 2025-06-19T13:30:00+01:00
0.000000, 0, 1.04, 2025-06-19T13:30:00+01:00, 2025-06-19T14:00:00+01:00
0.000000, 0, 1.04, 2025-06-19T14:00:00+01:00, 2025-06-19T14:30:00+01:00
0.000000, 0, 1.04, 2025-06-19T14:30:00+01:00, 2025-06-19T15:00:00+01:00
0.000000, 0, 1.04, 2025-06-19T15:00:00+01:00, 2025-06-19T15:30:00+01:00
0.001000, 0.02, 1.04, 2025-06-19T15:30:00+01:00, 2025-06-19T16:00:00+01:00
0.000000, 0, 1.04, 2025-06-19T16:00:00+01:00, 2025-06-19T16:30:00+01:00
0.000000, 0, 1.04, 2025-06-19T16:30:00+01:00, 2025-06-19T17:00:00+01:00
0.005000, 0.16, 1.04, 2025-06-19T17:00:00+01:00, 2025-06-19T17:30:00+01:00
0.002000, 0.06, 1.04, 2025-06-19T17:30:00+01:00, 2025-06-19T18:00:00+01:00
0.013000, 0.44, 1.04, 2025-06-19T18:00:00+01:00, 2025-06-19T18:30:00+01:00
0.005000, 0.17, 1.04, 2025-06-19T18:30:00+01:00, 2025-06-19T19:00:00+01:00
0.017000, 0.42, 1.04, 2025-06-19T19:00:00+01:00, 2025-06-19T19:30:00+01:00
0.001000, 0.03, 1.04, 2025-06-19T19:30:00+01:00, 2025-06-19T20:00:00+01:00
0.003000, 0.08, 1.04, 2025-06-19T20:00:00+01:00, 2025-06-19T20:30:00+01:00
0.004000, 0.1, 1.04, 2025-06-19T20:30:00+01:00, 2025-06-19T21:00:00+01:00
0.002000, 0.05, 1.04, 2025-06-19T21:00:00+01:00, 2025-06-19T21:30:00+01:00
0.003000, 0.07, 1.04, 2025-06-19T21:30:00+01:00, 2025-06-19T22:00:00+01:00
0.004000, 0.08, 1.04, 2025-06-19T22:00:00+01:00, 2025-06-19T22:30:00+01:00
0.002000, 0.04, 1.04, 2025-06-19T22:30:00+01:00, 2025-06-19T23:00:00+01:00
0.001000, 0.02, 1.04, 2025-06-19T23:00:00+01:00, 2025-06-19T23:30:00+01:00
0.002000, 0.04, 1.04, 2025-06-19T23:30:00+01:00, 2025-06-20T00:00:00+01:00
1.256000, 24.07, 1.04, 2025-06-20T00:00:00+01:00, 2025-06-20T00:30:00+01:00
1.235000, 22.87, 1.04, 2025-06-20T00:30:00+01:00, 2025-06-20T01:00:00+01:00
1.242000, 19.17, 1.04, 2025-06-20T01:00:00+01:00, 2025-06-20T01:30:00+01:00
0.818000, 14.81, 1.04, 2025-06-20T01:30:00+01:00, 2025-06-20T02:00:00+01:00
0.159000, 2.96, 1.04, 2025-06-20T02:00:00+01:00, 2025-06-20T02:30:00+01:00
0.163000, 2.83, 1.04, 2025-06-20T02:30:00+01:00, 2025-06-20T03:00:00+01:00
0.168000, 2.89, 1.04, 2025-06-20T03:00:00+01:00, 2025-06-20T03:30:00+01:00
0.173000, 2.79, 1.04, 2025-06-20T03:30:00+01:00, 2025-06-20T04:00:00+01:00
0.169000, 2.94, 1.04, 2025-06-20T04:00:00+01:00, 2025-06-20T04:30:00+01:00
0.142000, 2.46, 1.04, 2025-06-20T04:30:00+01:00, 2025-06-20T05:00:00+01:00
0.181000, 3.63, 1.04, 2025-06-20T05:00:00+01:00, 2025-06-20T05:30:00+01:00
0.114000, 2.31, 1.04, 2025-06-20T05:30:00+01:00, 2025-06-20T06:00:00+01:00
0.069000, 1.37, 1.04, 2025-06-20T06:00:00+01:00, 2025-06-20T06:30:00+01:00
0.037000, 0.88, 1.04, 2025-06-20T06:30:00+01:00, 2025-06-20T07:00:00+01:00
0.028000, 0.61, 1.04, 2025-06-20T07:00:00+01:00, 2025-06-20T07:30:00+01:00
0.136000, 3.21, 1.04, 2025-06-20T07:30:00+01:00, 2025-06-20T08:00:00+01:00
0.016000, 0.37, 1.04, 2025-06-20T08:00:00+01:00, 2025-06-20T08:30:00+01:00
0.001000, 0.02, 1.04, 2025-06-20T08:30:00+01:00, 2025-06-20T09:00:00+01:00
0.025000, 0.59, 1.04, 2025-06-20T09:00:00+01:00, 2025-06-20T09:30:00+01:00
0.005000, 0.11, 1.04, 2025-06-20T09:30:00+01:00, 2025-06-20T10:00:00+01:00
0.001000, 0.02, 1.04, 2025-06-20T10:00:00+01:00, 2025-06-20T10:30:00+01:00
0.000000, 0, 1.04, 2025-06-20T10:30:00+01:00, 2025-06-20T11:00:00+01:00
0.001000, 0.02, 1.04, 2025-06-20T11:00:00+01:00, 2025-06-20T11:30:00+01:00
0.007000, 0.15, 1.04, 2025-06-20T11:30:00+01:00, 2025-06-20T12:00:00+01:00
0.001000, 0.02, 1.04, 2025-06-20T12:00:00+01:00, 2025-06-20T12:30:00+01:00
0.006000, 0.11, 1.04, 2025-06-20T12:30:00+01:00, 2025-06-20T13:00:00+01:00
0.002000, 0.03, 1.04, 2025-06-20T13:00:00+01:00, 2025-06-20T13:30:00+01:00
0.000000, 0, 1.04, 2025-06-20T13:30:00+01:00, 2025-06-20T14:00:00+01:00
0.000000, 0, 1.04, 2025-06-20T14:00:00+01:00, 2025-06-20T14:30:00+01:00
0.001000, 0.02, 1.04, 2025-06-20T14:30:00+01:00, 2025-06-20T15:00:00+01:00
0.000000, 0, 1.04, 2025-06-20T15:00:00+01:00, 2025-06-20T15:30:00+01:00
0.001000, 0.02, 1.04, 2025-06-20T15:30:00+01:00, 2025-06-20T16:00:00+01:00
0.144000, 4.2, 1.04, 2025-06-20T16:00:00+01:00, 2025-06-20T16:30:00+01:00
0.006000, 0.17, 1.04, 2025-06-20T16:30:00+01:00, 2025-06-20T17:00:00+01:00
0.001000, 0.03, 1.04, 2025-06-20T17:00:00+01:00, 2025-06-20T17:30:00+01:00
0.008000, 0.26, 1.04, 2025-06-20T17:30:00+01:00, 2025-06-20T18:00:00+01:00
0.016000, 0.58, 1.04, 2025-06-20T18:00:00+01:00, 2025-06-20T18:30:00+01:00
0.016000, 0.6, 1.04, 2025-06-20T18:30:00+01:00, 2025-06-20T19:00:00+01:00
0.003000, 0.08, 1.04, 2025-06-20T19:00:00+01:00, 2025-06-20T19:30:00+01:00
0.002000, 0.05, 1.04, 2025-06-20T19:30:00+01:00, 2025-06-20T20:00:00+01:00
0.003000, 0.08, 1.04, 2025-06-20T20:00:00+01:00, 2025-06-20T20:30:00+01:00
0.003000, 0.08, 1.04, 2025-06-20T20:30:00+01:00, 2025-06-20T21:00:00+01:00
0.003000, 0.08, 1.04, 2025-06-20T21:00:00+01:00, 2025-06-20T21:30:00+01:00
0.002000, 0.05, 1.04, 2025-06-20T21:30:00+01:00, 2025-06-20T22:00:00+01:00
0.003000, 0.07, 1.04, 2025-06-20T22:00:00+01:00, 2025-06-20T22:30:00+01:00
0.001000, 0.02, 1.04, 2025-06-20T22:30:00+01:00, 2025-06-20T23:00:00+01:00
0.002000, 0.04, 1.04, 2025-06-20T23:00:00+01:00, 2025-06-20T23:30:00+01:00
0.001000, 0.02, 1.04, 2025-06-20T23:30:00+01:00, 2025-06-21T00:00:00+01:00
0.002000, 0.04, 1.04, 2025-06-21T00:00:00+01:00, 2025-06-21T00:30:00+01:00
0.002000, 0.04, 1.04, 2025-06-21T00:30:00+01:00, 2025-06-21T01:00:00+01:00
0.001000, 0.02, 1.04, 2025-06-21T01:00:00+01:00, 2025-06-21T01:30:00+01:00
0.001000, 0.02, 1.04, 2025-06-21T01:30:00+01:00, 2025-06-21T02:00:00+01:00
0.002000, 0.04, 1.04, 2025-06-21T02:00:00+01:00, 2025-06-21T02:30:00+01:00
0.001000, 0.02, 1.04, 2025-06-21T02:30:00+01:00, 2025-06-21T03:00:00+01:00
0.002000, 0.04, 1.04, 2025-06-21T03:00:00+01:00, 2025-06-21T03:30:00+01:00
0.002000, 0.04, 1.04, 2025-06-21T03:30:00+01:00, 2025-06-21T04:00:00+01:00
0.002000, 0.04, 1.04, 2025-06-21T04:00:00+01:00, 2025-06-21T04:30:00+01:00
0.001000, 0.02, 1.04, 2025-06-21T04:30:00+01:00, 2025-06-21T05:00:00+01:00
0.002000, 0.04, 1.04, 2025-06-21T05:00:00+01:00, 2025-06-21T05:30:00+01:00
0.006000, 0.12, 1.04, 2025-06-21T05:30:00+01:00, 2025-06-21T06:00:00+01:00
0.001000, 0.02, 1.04, 2025-06-21T06:00:00+01:00, 2025-06-21T06:30:00+01:00
0.002000, 0.04, 1.04, 2025-06-21T06:30:00+01:00, 2025-06-21T07:00:00+01:00
0.002000, 0.04, 1.04, 2025-06-21T07:00:00+01:00, 2025-06-21T07:30:00+01:00
0.001000, 0.02, 1.04, 2025-06-21T07:30:00+01:00, 2025-06-21T08:00:00+01:00
0.017000, 0.38, 1.04, 2025-06-21T08:00:00+01:00, 2025-06-21T08:30:00+01:00
0.006000, 0.13, 1.04, 2025-06-21T08:30:00+01:00, 2025-06-21T09:00:00+01:00
0.015000, 0.35, 1.04, 2025-06-21T09:00:00+01:00, 2025-06-21T09:30:00+01:00
0.007000, 0.16, 1.04, 2025-06-21T09:30:00+01:00, 2025-06-21T10:00:00+01:00
0.015000, 0.31, 1.04, 2025-06-21T10:00:00+01:00, 2025-06-21T10:30:00+01:00
0.010000, 0.2, 1.04, 2025-06-21T10:30:00+01:00, 2025-06-21T11:00:00+01:00
0.002000, 0.04, 1.04, 2025-06-21T11:00:00+01:00, 2025-06-21T11:30:00+01:00
0.008000, 0.14, 1.04, 2025-06-21T11:30:00+01:00, 2025-06-21T12:00:00+01:00
0.007000, 0.1, 1.04, 2025-06-21T12:00:00+01:00, 2025-06-21T12:30:00+01:00
0.048000, 0.57, 1.04, 2025-06-21T12:30:00+01:00, 2025-06-21T13:00:00+01:00
0.114000, 1.32, 1.04, 2025-06-21T13:00:00+01:00, 2025-06-21T13:30:00+01:00
0.894000, 9.26, 1.04, 2025-06-21T13:30:00+01:00, 2025-06-21T14:00:00+01:00
1.012000, 10.71, 1.04, 2025-06-21T14:00:00+01:00, 2025-06-21T14:30:00+01:00
1.124000, 11.9, 1.04, 2025-06-21T14:30:00+01:00, 2025-06-21T15:00:00+01:00
0.969000, 9.6, 1.04, 2025-06-21T15:00:00+01:00, 2025-06-21T15:30:00+01:00
1.168000, 12.48, 1.04, 2025-06-21T15:30:00+01:00, 2025-06-21T16:00:00+01:00
0.047000, 1.23, 1.04, 2025-06-21T16:00:00+01:00, 2025-06-21T16:30:00+01:00
0.004000, 0.12, 1.04, 2025-06-21T16:30:00+01:00, 2025-06-21T17:00:00+01:00
0.005000, 0.17, 1.04, 2025-06-21T17:00:00+01:00, 2025-06-21T17:30:00+01:00
0.002000, 0.06, 1.04, 2025-06-21T17:30:00+01:00, 2025-06-21T18:00:00+01:00
0.002000, 0.07, 1.04, 2025-06-21T18:00:00+01:00, 2025-06-21T18:30:00+01:00
0.002000, 0.07, 1.04, 2025-06-21T18:30:00+01:00, 2025-06-21T19:00:00+01:00
0.002000, 0.05, 1.04, 2025-06-21T19:00:00+01:00, 2025-06-21T19:30:00+01:00
0.087000, 2.24, 1.04, 2025-06-21T19:30:00+01:00, 2025-06-21T20:00:00+01:00
0.214000, 5.59, 1.04, 2025-06-21T20:00:00+01:00, 2025-06-21T20:30:00+01:00
0.348000, 9.08, 1.04, 2025-06-21T20:30:00+01:00, 2025-06-21T21:00:00+01:00
0.318000, 8.17, 1.04, 2025-06-21T21:00:00+01:00, 2025-06-21T21:30:00+01:00
0.351000, 8.93, 1.04, 2025-06-21T21:30:00+01:00, 2025-06-21T22:00:00+01:00
0.450000, 9.92, 1.04, 2025-06-21T22:00:00+01:00, 2025-06-21T22:30:00+01:00
0.305000, 6.32, 1.04, 2025-06-21T22:30:00+01:00, 2025-06-21T23:00:00+01:00
0.204000, 4.13, 1.04, 2025-06-21T23:00:00+01:00, 2025-06-21T23:30:00+01:00
0.198000, 4.19, 1.04, 2025-06-21T23:30:00+01:00, 2025-06-22T00:00:00+01:00
0.206000, 4.27, 1.04, 2025-06-22T00:00:00+01:00, 2025-06-22T00:30:00+01:00
0.189000, 3.68, 1.04, 2025-06-22T00:30:00+01:00, 2025-06-22T01:00:00+01:00
0.176000, 3.23, 1.04, 2025-06-22T01:00:00+01:00, 2025-06-22T01:30:00+01:00
0.166000, 2.87, 1.04, 2025-06-22T01:30:00+01:00, 2025-06-22T02:00:00+01:00
0.162000, 2.72, 1.04, 2025-06-22T02:00:00+01:00, 2025-06-22T02:30:00+01:00
0.163000, 2.62, 1.04, 2025-06-22T02:30:00+01:00, 2025-06-22T03:00:00+01:00
0.186000, 2.77, 1.04, 2025-06-22T03:00:00+01:00, 2025-06-22T03:30:00+01:00
0.164000, 2.42, 1.04, 2025-06-22T03:30:00+01:00, 2025-06-22T04:00:00+01:00
0.175000, 2.12, 1.04, 2025-06-22T04:00:00+01:00, 2025-06-22T04:30:00+01:00
0.167000, 1.47, 1.04, 2025-06-22T04:30:00+01:00, 2025-06-22T05:00:00+01:00
0.169000, 1.88, 1.04, 2025-06-22T05:00:00+01:00, 2025-06-22T05:30:00+01:00
0.155000, 1.33, 1.04, 2025-06-22T05:30:00+01:00, 2025-06-22T06:00:00+01:00
0.122000, 0.54, 1.04, 2025-06-22T06:00:00+01:00, 2025-06-22T06:30:00+01:00
0.136000, 0.51, 1.04, 2025-06-22T06:30:00+01:00, 2025-06-22T07:00:00+01:00
0.154000, 0.03, 1.04, 2025-06-22T07:00:00+01:00, 2025-06-22T07:30:00+01:00
0.094000, -0.15, 1.04, 2025-06-22T07:30:00+01:00, 2025-06-22T08:00:00+01:00
0.024000, -0.03, 1.04, 2025-06-22T08:00:00+01:00, 2025-06-22T08:30:00+01:00
0.143000, -0.35, 1.04, 2025-06-22T08:30:00+01:00, 2025-06-22T09:00:00+01:00
0.198000, -0.22, 1.04, 2025-06-22T09:00:00+01:00, 2025-06-22T09:30:00+01:00
0.087000, -0.42, 1.04, 2025-06-22T09:30:00+01:00, 2025-06-22T10:00:00+01:00
0.029000, -0.03, 1.04, 2025-06-22T10:00:00+01:00, 2025-06-22T10:30:00+01:00
0.006000, -0.02, 1.04, 2025-06-22T10:30:00+01:00, 2025-06-22T11:00:00+01:00
0.000000, 0, 1.04, 2025-06-22T11:00:00+01:00, 2025-06-22T11:30:00+01:00
0.014000, -0.04, 1.04, 2025-06-22T11:30:00+01:00, 2025-06-22T12:00:00+01:00
0.135000, -0.4, 1.04, 2025-06-22T12:00:00+01:00, 2025-06-22T12:30:00+01:00
0.538000, -1.39, 1.04, 2025-06-22T12:30:00+01:00, 2025-06-22T13:00:00+01:00
0.082000, -0.16, 1.04, 2025-06-22T13:00:00+01:00, 2025-06-22T13:30:00+01:00
0.047000, -0.09, 1.04, 2025-06-22T13:30:00+01:00, 2025-06-22T14:00:00+01:00
0.010000, -0.05, 1.04, 2025-06-22T14:00:00+01:00, 2025-06-22T14:30:00+01:00
0.163000, -0.33, 1.04, 2025-06-22T14:30:00+01:00, 2025-06-22T15:00:00+01:00
0.064000, 0.04, 1.04, 2025-06-22T15:00:00+01:00, 2025-06-22T15:30:00+01:00
0.091000, 0.16, 1.04, 2025-06-22T15:30:00+01:00, 2025-06-22T16:00:00+01:00
0.005000, 0.06, 1.04, 2025-06-22T16:00:00+01:00, 2025-06-22T16:30:00+01:00
0.002000, 0.03, 1.04, 2025-06-22T16:30:00+01:00, 2025-06-22T17:00:00+01:00
0.004000, 0.09, 1.04, 2025-06-22T17:00:00+01:00, 2025-06-22T17:30:00+01:00
0.005000, 0.12, 1.04, 2025-06-22T17:30:00+01:00, 2025-06-22T18:00:00+01:00
0.002000, 0.06, 1.04, 2025-06-22T18:00:00+01:00, 2025-06-22T18:30:00+01:00
0.003000, 0.09, 1.04, 2025-06-22T18:30:00+01:00, 2025-06-22T19:00:00+01:00
0.002000, 0.04, 1.04, 2025-06-22T19:00:00+01:00, 2025-06-22T19:30:00+01:00
0.003000, 0.07, 1.04, 2025-06-22T19:30:00+01:00, 2025-06-22T20:00:00+01:00
0.003000, 0.07, 1.04, 2025-06-22T20:00:00+01:00, 2025-06-22T20:30:00+01:00
0.007000, 0.16, 1.04, 2025-06-22T20:30:00+01:00, 2025-06-22T21:00:00+01:00
0.007000, 0.16, 1.04, 2025-06-22T21:00:00+01:00, 2025-06-22T21:30:00+01:00
0.003000, 0.07, 1.04, 2025-06-22T21:30:00+01:00, 2025-06-22T22:00:00+01:00
0.002000, 0.04, 1.04, 2025-06-22T22:00:00+01:00, 2025-06-22T22:30:00+01:00
0.002000, 0.04, 1.04, 2025-06-22T22:30:00+01:00, 2025-06-22T23:00:00+01:00
0.003000, 0.03, 1.04, 2025-06-22T23:00:00+01:00, 2025-06-22T23:30:00+01:00
0.002000, 0.01, 1.04, 2025-06-22T23:30:00+01:00, 2025-06-23T00:00:00+01:00
0.001000, 0, 1.04, 2025-06-23T00:00:00+01:00, 2025-06-23T00:30:00+01:00
0.009000, 0.04, 1.04, 2025-06-23T00:30:00+01:00, 2025-06-23T01:00:00+01:00
0.239000, 0.95, 1.04, 2025-06-23T01:00:00+01:00, 2025-06-23T01:30:00+01:00
0.201000, 0.58, 1.04, 2025-06-23T01:30:00+01:00, 2025-06-23T02:00:00+01:00
0.201000, 0.66, 1.04, 2025-06-23T02:00:00+01:00, 2025-06-23T02:30:00+01:00
0.226000, 0.15, 1.04, 2025-06-23T02:30:00+01:00, 2025-06-23T03:00:00+01:00
0.207000, 0, 1.04, 2025-06-23T03:00:00+01:00, 2025-06-23T03:30:00+01:00
0.222000, -0.34, 1.04, 2025-06-23T03:30:00+01:00, 2025-06-23T04:00:00+01:00
0.201000, -0.18, 1.04, 2025-06-23T04:00:00+01:00, 2025-06-23T04:30:00+01:00
0.190000, -0.38, 1.04, 2025-06-23T04:30:00+01:00, 2025-06-23T05:00:00+01:00
0.241000, 0.65, 1.04, 2025-06-23T05:00:00+01:00, 2025-06-23T05:30:00+01:00
0.360000, 1.41, 1.04, 2025-06-23T05:30:00+01:00, 2025-06-23T06:00:00+01:00
0.194000, 0.77, 1.04, 2025-06-23T06:00:00+01:00, 2025-06-23T06:30:00+01:00
0.546000, 3.01, 1.04, 2025-06-23T06:30:00+01:00, 2025-06-23T07:00:00+01:00
0.064000, 0.49, 1.04, 2025-06-23T07:00:00+01:00, 2025-06-23T07:30:00+01:00
0.045000, 0.38, 1.04, 2025-06-23T07:30:00+01:00, 2025-06-23T08:00:00+01:00
0.173000, 0.69, 1.04, 2025-06-23T08:00:00+01:00, 2025-06-23T08:30:00+01:00
1.264000, 0.62, 1.04, 2025-06-23T08:30:00+01:00, 2025-06-23T09:00:00+01:00
0.991000, 0.1, 1.04, 2025-06-23T09:00:00+01:00, 2025-06-23T09:30:00+01:00
1.219000, -2.12, 1.04, 2025-06-23T09:30:00+01:00, 2025-06-23T10:00:00+01:00
0.972000, 2.63, 1.04, 2025-06-23T10:00:00+01:00, 2025-06-23T10:30:00+01:00
0.769000, 1.31, 1.04, 2025-06-23T10:30:00+01:00, 2025-06-23T11:00:00+01:00
0.805000, 1.18, 1.04, 2025-06-23T11:00:00+01:00, 2025-06-23T11:30:00+01:00
1.084000, -0.48, 1.04, 2025-06-23T11:30:00+01:00, 2025-06-23T12:00:00+01:00
0.893000, -0.39, 1.04, 2025-06-23T12:00:00+01:00, 2025-06-23T12:30:00+01:00
1.022000, 0, 1.04, 2025-06-23T12:30:00+01:00, 2025-06-23T13:00:00+01:00
0.053000, -0.23, 1.04, 2025-06-23T13:00:00+01:00, 2025-06-23T13:30:00+01:00
0.033000, -0.15, 1.04, 2025-06-23T13:30:00+01:00, 2025-06-23T14:00:00+01:00
0.016000, 0, 1.04, 2025-06-23T14:00:00+01:00, 2025-06-23T14:30:00+01:00
0.056000, 0, 1.04, 2025-06-23T14:30:00+01:00, 2025-06-23T15:00:00+01:00
0.115000, -0.05, 1.04, 2025-06-23T15:00:00+01:00, 2025-06-23T15:30:00+01:00
0.004000, 0.01, 1.04, 2025-06-23T15:30:00+01:00, 2025-06-23T16:00:00+01:00
0.001000, 0.01, 1.04, 2025-06-23T16:00:00+01:00, 2025-06-23T16:30:00+01:00
0.002000, 0.03, 1.04, 2025-06-23T16:30:00+01:00, 2025-06-23T17:00:00+01:00
0.003000, 0.04, 1.04, 2025-06-23T17:00:00+01:00, 2025-06-23T17:30:00+01:00
0.005000, 0.08, 1.04, 2025-06-23T17:30:00+01:00, 2025-06-23T18:00:00+01:00
0.005000, 0.12, 1.04, 2025-06-23T18:00:00+01:00, 2025-06-23T18:30:00+01:00
0.004000, 0.11, 1.04, 2025-06-23T18:30:00+01:00, 2025-06-23T19:00:00+01:00
0.003000, 0.05, 1.04, 2025-06-23T19:00:00+01:00, 2025-06-23T19:30:00+01:00
0.002000, 0.04, 1.04, 2025-06-23T19:30:00+01:00, 2025-06-23T20:00:00+01:00
0.003000, 0.06, 1.04, 2025-06-23T20:00:00+01:00, 2025-06-23T20:30:00+01:00
0.003000, 0.06, 1.04, 2025-06-23T20:30:00+01:00, 2025-06-23T21:00:00+01:00
0.004000, 0.07, 1.04, 2025-06-23T21:00:00+01:00, 2025-06-23T21:30:00+01:00
0.003000, 0.06, 1.04, 2025-06-23T21:30:00+01:00, 2025-06-23T22:00:00+01:00
0.004000, 0.07, 1.04, 2025-06-23T22:00:00+01:00, 2025-06-23T22:30:00+01:00
0.002000, 0.03, 1.04, 2025-06-23T22:30:00+01:00, 2025-06-23T23:00:00+01:00
0.003000, 0.05, 1.04, 2025-06-23T23:00:00+01:00, 2025-06-23T23:30:00+01:00
0.002000, 0.02, 1.04, 2025-06-23T23:30:00+01:00, 2025-06-24T00:00:00+01:00
0.011000, 0.12, 1.04, 2025-06-24T00:00:00+01:00, 2025-06-24T00:30:00+01:00
0.002000, 0.02, 1.04, 2025-06-24T00:30:00+01:00, 2025-06-24T01:00:00+01:00
0.002000, 0.02, 1.04, 2025-06-24T01:00:00+01:00, 2025-06-24T01:30:00+01:00
0.002000, 0.02, 1.04, 2025-06-24T01:30:00+01:00, 2025-06-24T02:00:00+01:00
0.003000, 0.02, 1.04, 2025-06-24T02:00:00+01:00, 2025-06-24T02:30:00+01:00
0.002000, 0.01, 1.04, 2025-06-24T02:30:00+01:00, 2025-06-24T03:00:00+01:00
0.002000, 0.01, 1.04, 2025-06-24T03:00:00+01:00, 2025-06-24T03:30:00+01:00
0.002000, 0.02, 1.04, 2025-06-24T03:30:00+01:00, 2025-06-24T04:00:00+01:00
0.002000, 0.01, 1.04, 2025-06-24T04:00:00+01:00, 2025-06-24T04:30:00+01:00
0.002000, 0.01, 1.04, 2025-06-24T04:30:00+01:00, 2025-06-24T05:00:00+01:00
0.002000, 0.02, 1.04, 2025-06-24T05:00:00+01:00, 2025-06-24T05:30:00+01:00
0.003000, 0.03, 1.04, 2025-06-24T05:30:00+01:00, 2025-06-24T06:00:00+01:00
0.003000, 0.04, 1.04, 2025-06-24T06:00:00+01:00, 2025-06-24T06:30:00+01:00
0.005000, 0.08, 1.04, 2025-06-24T06:30:00+01:00, 2025-06-24T07:00:00+01:00
0.002000, 0.02, 1.04, 2025-06-24T07:00:00+01:00, 2025-06-24T07:30:00+01:00
0.003000, 0.04, 1.04, 2025-06-24T07:30:00+01:00, 2025-06-24T08:00:00+01:00
0.015000, 0.15, 1.04, 2025-06-24T08:00:00+01:00, 2025-06-24T08:30:00+01:00
0.003000, 0.02, 1.04, 2025-06-24T08:30:00+01:00, 2025-06-24T09:00:00+01:00
0.015000, 0.12, 1.04, 2025-06-24T09:00:00+01:00, 2025-06-24T09:30:00+01:00
0.004000, 0.02, 1.04, 2025-06-24T09:30:00+01:00, 2025-06-24T10:00:00+01:00
0.003000, 0.02, 1.04, 2025-06-24T10:00:00+01:00, 2025-06-24T10:30:00+01:00
1.227000, 4.74, 1.04, 2025-06-24T10:30:00+01:00, 2025-06-24T11:00:00+01:00
1.147000, 4.81, 1.04, 2025-06-24T11:00:00+01:00, 2025-06-24T11:30:00+01:00
1.164000, 3.85, 1.04, 2025-06-24T11:30:00+01:00, 2025-06-24T12:00:00+01:00
1.406000, 5.58, 1.04, 2025-06-24T12:00:00+01:00, 2025-06-24T12:30:00+01:00
1.160000, 3.19, 1.04, 2025-06-24T12:30:00+01:00, 2025-06-24T13:00:00+01:00
1.111000, 3.43, 1.04, 2025-06-24T13:00:00+01:00, 2025-06-24T13:30:00+01:00
0.866000, 2.05, 1.04, 2025-06-24T13:30:00+01:00, 2025-06-24T14:00:00+01:00
0.805000, 2.15, 1.04, 2025-06-24T14:00:00+01:00, 2025-06-24T14:30:00+01:00
0.432000, 1.15, 1.04, 2025-06-24T14:30:00+01:00, 2025-06-24T15:00:00+01:00
0.130000, 0.4, 1.04, 2025-06-24T15:00:00+01:00, 2025-06-24T15:30:00+01:00
0.092000, 0.49, 1.04, 2025-06-24T15:30:00+01:00, 2025-06-24T16:00:00+01:00
0.000000, 0, 1.04, 2025-06-24T16:00:00+01:00, 2025-06-24T16:30:00+01:00
0.006000, 0.12, 1.04, 2025-06-24T16:30:00+01:00, 2025-06-24T17:00:00+01:00
0.008000, 0.21, 1.04, 2025-06-24T17:00:00+01:00, 2025-06-24T17:30:00+01:00
0.007000, 0.21, 1.04, 2025-06-24T17:30:00+01:00, 2025-06-24T18:00:00+01:00
0.012000, 0.38, 1.04, 2025-06-24T18:00:00+01:00, 2025-06-24T18:30:00+01:00
0.004000, 0.13, 1.04, 2025-06-24T18:30:00+01:00, 2025-06-24T19:00:00+01:00
0.002000, 0.05, 1.04, 2025-06-24T19:00:00+01:00, 2025-06-24T19:30:00+01:00
0.010000, 0.25, 1.04, 2025-06-24T19:30:00+01:00, 2025-06-24T20:00:00+01:00
0.004000, 0.09, 1.04, 2025-06-24T20:00:00+01:00, 2025-06-24T20:30:00+01:00
0.004000, 0.1, 1.04, 2025-06-24T20:30:00+01:00, 2025-06-24T21:00:00+01:00
0.003000, 0.07, 1.04, 2025-06-24T21:00:00+01:00, 2025-06-24T21:30:00+01:00
0.003000, 0.07, 1.04, 2025-06-24T21:30:00+01:00, 2025-06-24T22:00:00+01:00
0.020000, 0.42, 1.04, 2025-06-24T22:00:00+01:00, 2025-06-24T22:30:00+01:00
0.002000, 0.04, 1.04, 2025-06-24T22:30:00+01:00, 2025-06-24T23:00:00+01:00
0.002000, 0.04, 1.04, 2025-06-24T23:00:00+01:00, 2025-06-24T23:30:00+01:00
0.002000, 0.03, 1.04, 2025-06-24T23:30:00+01:00, 2025-06-25T00:00:00+01:00
0.001000, 0.01, 1.04, 2025-06-25T00:00:00+01:00, 2025-06-25T00:30:00+01:00
0.003000, 0.04, 1.04, 2025-06-25T00:30:00+01:00, 2025-06-25T01:00:00+01:00
0.002000, 0.03, 1.04, 2025-06-25T01:00:00+01:00, 2025-06-25T01:30:00+01:00
0.002000, 0.03, 1.04, 2025-06-25T01:30:00+01:00, 2025-06-25T02:00:00+01:00
0.002000, 0.03, 1.04, 2025-06-25T02:00:00+01:00, 2025-06-25T02:30:00+01:00
0.002000, 0.03, 1.04, 2025-06-25T02:30:00+01:00, 2025-06-25T03:00:00+01:00
0.002000, 0.04, 1.04, 2025-06-25T03:00:00+01:00, 2025-06-25T03:30:00+01:00
0.003000, 0.05, 1.04, 2025-06-25T03:30:00+01:00, 2025-06-25T04:00:00+01:00
0.001000, 0.02, 1.04, 2025-06-25T04:00:00+01:00, 2025-06-25T04:30:00+01:00
0.002000, 0.04, 1.04, 2025-06-25T04:30:00+01:00, 2025-06-25T05:00:00+01:00
0.003000, 0.06, 1.04, 2025-06-25T05:00:00+01:00, 2025-06-25T05:30:00+01:00
0.005000, 0.09, 1.04, 2025-06-25T05:30:00+01:00, 2025-06-25T06:00:00+01:00
0.001000, 0.02, 1.04, 2025-06-25T06:00:00+01:00, 2025-06-25T06:30:00+01:00
0.003000, 0.06, 1.04, 2025-06-25T06:30:00+01:00, 2025-06-25T07:00:00+01:00
0.002000, 0.05, 1.04, 2025-06-25T07:00:00+01:00, 2025-06-25T07:30:00+01:00
0.003000, 0.07, 1.04, 2025-06-25T07:30:00+01:00, 2025-06-25T08:00:00+01:00
0.006000, 0.14, 1.04, 2025-06-25T08:00:00+01:00, 2025-06-25T08:30:00+01:00
0.003000, 0.07, 1.04, 2025-06-25T08:30:00+01:00, 2025-06-25T09:00:00+01:00
0.008000, 0.18, 1.04, 2025-06-25T09:00:00+01:00, 2025-06-25T09:30:00+01:00
0.015000, 0.32, 1.04, 2025-06-25T09:30:00+01:00, 2025-06-25T10:00:00+01:00
0.005000, 0.11, 1.04, 2025-06-25T10:00:00+01:00, 2025-06-25T10:30:00+01:00
0.003000, 0.06, 1.04, 2025-06-25T10:30:00+01:00, 2025-06-25T11:00:00+01:00
0.006000, 0.12, 1.04, 2025-06-25T11:00:00+01:00, 2025-06-25T11:30:00+01:00
0.836000, 14.01, 1.04, 2025-06-25T11:30:00+01:00, 2025-06-25T12:00:00+01:00
0.914000, 15.32, 1.04, 2025-06-25T12:00:00+01:00, 2025-06-25T12:30:00+01:00
0.924000, 15.28, 1.04, 2025-06-25T12:30:00+01:00, 2025-06-25T13:00:00+01:00
0.411000, 6.4, 1.04, 2025-06-25T13:00:00+01:00, 2025-06-25T13:30:00+01:00
0.743000, 11.06, 1.04, 2025-06-25T13:30:00+01:00, 2025-06-25T14:00:00+01:00
0.623000, 8.93, 1.04, 2025-06-25T14:00:00+01:00, 2025-06-25T14:30:00+01:00
0.410000, 5.88, 1.04, 2025-06-25T14:30:00+01:00, 2025-06-25T15:00:00+01:00
0.012000, 0.16, 1.04, 2025-06-25T15:00:00+01:00, 2025-06-25T15:30:00+01:00
0.013000, 0.19, 1.04, 2025-06-25T15:30:00+01:00, 2025-06-25T16:00:00+01:00
0.000000, 0, 1.04, 2025-06-25T16:00:00+01:00, 2025-06-25T16:30:00+01:00
0.002000, 0.05, 1.04, 2025-06-25T16:30:00+01:00, 2025-06-25T17:00:00+01:00
0.001000, 0.03, 1.04, 2025-06-25T17:00:00+01:00, 2025-06-25T17:30:00+01:00
0.062000, 1.83, 1.04, 2025-06-25T17:30:00+01:00, 2025-06-25T18:00:00+01:00
0.061000, 2.25, 1.04, 2025-06-25T18:00:00+01:00, 2025-06-25T18:30:00+01:00
0.008000, 0.3, 1.04, 2025-06-25T18:30:00+01:00, 2025-06-25T19:00:00+01:00
0.002000, 0.05, 1.04, 2025-06-25T19:00:00+01:00, 2025-06-25T19:30:00+01:00
0.003000, 0.08, 1.04, 2025-06-25T19:30:00+01:00, 2025-06-25T20:00:00+01:00
0.002000, 0.05, 1.04, 2025-06-25T20:00:00+01:00, 2025-06-25T20:30:00+01:00
0.005000, 0.13, 1.04, 2025-06-25T20:30:00+01:00, 2025-06-25T21:00:00+01:00
0.007000, 0.19, 1.04, 2025-06-25T21:00:00+01:00, 2025-06-25T21:30:00+01:00
0.004000, 0.1, 1.04, 2025-06-25T21:30:00+01:00, 2025-06-25T22:00:00+01:00
0.004000, 0.09, 1.04, 2025-06-25T22:00:00+01:00, 2025-06-25T22:30:00+01:00
0.002000, 0.04, 1.04, 2025-06-25T22:30:00+01:00, 2025-06-25T23:00:00+01:00
0.002000, 0.04, 1.04, 2025-06-25T23:00:00+01:00, 2025-06-25T23:30:00+01:00
0.001000, 0.02, 1.04, 2025-06-25T23:30:00+01:00, 2025-06-26T00:00:00+01:00
0.003000, 0.06, 1.04, 2025-06-26T00:00:00+01:00, 2025-06-26T00:30:00+01:00
0.002000, 0.04, 1.04, 2025-06-26T00:30:00+01:00, 2025-06-26T01:00:00+01:00
0.001000, 0.02, 1.04, 2025-06-26T01:00:00+01:00, 2025-06-26T01:30:00+01:00
0.002000, 0.04, 1.04, 2025-06-26T01:30:00+01:00, 2025-06-26T02:00:00+01:00
0.002000, 0.03, 1.04, 2025-06-26T02:00:00+01:00, 2025-06-26T02:30:00+01:00
0.003000, 0.04, 1.04, 2025-06-26T02:30:00+01:00, 2025-06-26T03:00:00+01:00
0.001000, 0.02, 1.04, 2025-06-26T03:00:00+01:00, 2025-06-26T03:30:00+01:00
0.002000, 0.03, 1.04, 2025-06-26T03:30:00+01:00, 2025-06-26T04:00:00+01:00
0.002000, 0.03, 1.04, 2025-06-26T04:00:00+01:00, 2025-06-26T04:30:00+01:00
0.002000, 0.03, 1.04, 2025-06-26T04:30:00+01:00, 2025-06-26T05:00:00+01:00
0.001000, 0.02, 1.04, 2025-06-26T05:00:00+01:00, 2025-06-26T05:30:00+01:00
0.003000, 0.04, 1.04, 2025-06-26T05:30:00+01:00, 2025-06-26T06:00:00+01:00
0.004000, 0.08, 1.04, 2025-06-26T06:00:00+01:00, 2025-06-26T06:30:00+01:00
0.004000, 0.09, 1.04, 2025-06-26T06:30:00+01:00, 2025-06-26T07:00:00+01:00
0.002000, 0.04, 1.04, 2025-06-26T07:00:00+01:00, 2025-06-26T07:30:00+01:00
0.002000, 0.04, 1.04, 2025-06-26T07:30:00+01:00, 2025-06-26T08:00:00+01:00
0.007000, 0.16, 1.04, 2025-06-26T08:00:00+01:00, 2025-06-26T08:30:00+01:00
0.020000, 0.44, 1.04, 2025-06-26T08:30:00+01:00, 2025-06-26T09:00:00+01:00
0.013000, 0.25, 1.04, 2025-06-26T09:00:00+01:00, 2025-06-26T09:30:00+01:00
0.019000, 0.35, 1.04, 2025-06-26T09:30:00+01:00, 2025-06-26T10:00:00+01:00
0.009000, 0.16, 1.04, 2025-06-26T10:00:00+01:00, 2025-06-26T10:30:00+01:00
0.017000, 0.29, 1.04, 2025-06-26T10:30:00+01:00, 2025-06-26T11:00:00+01:00
0.004000, 0.07, 1.04, 2025-06-26T11:00:00+01:00, 2025-06-26T11:30:00+01:00
0.952000, 13.82, 1.04, 2025-06-26T11:30:00+01:00, 2025-06-26T12:00:00+01:00
0.755000, 10.78, 1.04, 2025-06-26T12:00:00+01:00, 2025-06-26T12:30:00+01:00
0.664000, 7.96, 1.04, 2025-06-26T12:30:00+01:00, 2025-06-26T13:00:00+01:00
0.309000, 3.75, 1.04, 2025-06-26T13:00:00+01:00, 2025-06-26T13:30:00+01:00
0.364000, 3.77, 1.04, 2025-06-26T13:30:00+01:00, 2025-06-26T14:00:00+01:00
0.334000, 3.76, 1.04, 2025-06-26T14:00:00+01:00, 2025-06-26T14:30:00+01:00
0.080000, 0.87, 1.04, 2025-06-26T14:30:00+01:00, 2025-06-26T15:00:00+01:00
0.010000, 0.09, 1.04, 2025-06-26T15:00:00+01:00, 2025-06-26T15:30:00+01:00
0.004000, 0.04, 1.04, 2025-06-26T15:30:00+01:00, 2025-06-26T16:00:00+01:00
0.000000, 0, 1.04, 2025-06-26T16:00:00+01:00, 2025-06-26T16:30:00+01:00
0.001000, 0.03, 1.04, 2025-06-26T16:30:00+01:00, 2025-06-26T17:00:00+01:00
0.000000, 0, 1.04, 2025-06-26T17:00:00+01:00, 2025-06-26T17:30:00+01:00
0.003000, 0.09, 1.04, 2025-06-26T17:30:00+01:00, 2025-06-26T18:00:00+01:00
0.003000, 0.09, 1.04, 2025-06-26T18:00:00+01:00, 2025-06-26T18:30:00+01:00
0.004000, 0.12, 1.04, 2025-06-26T18:30:00+01:00, 2025-06-26T19:00:00+01:00
0.004000, 0.09, 1.04, 2025-06-26T19:00:00+01:00, 2025-06-26T19:30:00+01:00
0.003000, 0.07, 1.04, 2025-06-26T19:30:00+01:00, 2025-06-26T20:00:00+01:00
0.003000, 0.06, 1.04, 2025-06-26T20:00:00+01:00, 2025-06-26T20:30:00+01:00
0.004000, 0.09, 1.04, 2025-06-26T20:30:00+01:00, 2025-06-26T21:00:00+01:00
0.003000, 0.06, 1.04, 2025-06-26T21:00:00+01:00, 2025-06-26T21:30:00+01:00
0.006000, 0.13, 1.04, 2025-06-26T21:30:00+01:00, 2025-06-26T22:00:00+01:00
0.003000, 0.06, 1.04, 2025-06-26T22:00:00+01:00, 2025-06-26T22:30:00+01:00
0.001000, 0.02, 1.04, 2025-06-26T22:30:00+01:00, 2025-06-26T23:00:00+01:00
0.002000, 0.04, 1.04, 2025-06-26T23:00:00+01:00, 2025-06-26T23:30:00+01:00
0.003000, 0.05, 1.04, 2025-06-26T23:30:00+01:00, 2025-06-27T00:00:00+01:00
0.002000, 0.03, 1.04, 2025-06-27T00:00:00+01:00, 2025-06-27T00:30:00+01:00
0.001000, 0.02, 1.04, 2025-06-27T00:30:00+01:00, 2025-06-27T01:00:00+01:00
0.003000, 0.05, 1.04, 2025-06-27T01:00:00+01:00, 2025-06-27T01:30:00+01:00
0.002000, 0.03, 1.04, 2025-06-27T01:30:00+01:00, 2025-06-27T02:00:00+01:00
0.003000, 0.05, 1.04, 2025-06-27T02:00:00+01:00, 2025-06-27T02:30:00+01:00
0.001000, 0.02, 1.04, 2025-06-27T02:30:00+01:00, 2025-06-27T03:00:00+01:00
0.003000, 0.05, 1.04, 2025-06-27T03:00:00+01:00, 2025-06-27T03:30:00+01:00
0.002000, 0.03, 1.04, 2025-06-27T03:30:00+01:00, 2025-06-27T04:00:00+01:00
0.002000, 0.03, 1.04, 2025-06-27T04:00:00+01:00, 2025-06-27T04:30:00+01:00
0.002000, 0.03, 1.04, 2025-06-27T04:30:00+01:00, 2025-06-27T05:00:00+01:00
0.003000, 0.05, 1.04, 2025-06-27T05:00:00+01:00, 2025-06-27T05:30:00+01:00
0.004000, 0.07, 1.04, 2025-06-27T05:30:00+01:00, 2025-06-27T06:00:00+01:00
0.003000, 0.06, 1.04, 2025-06-27T06:00:00+01:00, 2025-06-27T06:30:00+01:00
0.002000, 0.04, 1.04, 2025-06-27T06:30:00+01:00, 2025-06-27T07:00:00+01:00
0.002000, 0.04, 1.04, 2025-06-27T07:00:00+01:00, 2025-06-27T07:30:00+01:00
0.003000, 0.06, 1.04, 2025-06-27T07:30:00+01:00, 2025-06-27T08:00:00+01:00
0.004000, 0.08, 1.04, 2025-06-27T08:00:00+01:00, 2025-06-27T08:30:00+01:00
0.003000, 0.05, 1.04, 2025-06-27T08:30:00+01:00, 2025-06-27T09:00:00+01:00
0.002000, 0.04, 1.04, 2025-06-27T09:00:00+01:00, 2025-06-27T09:30:00+01:00
0.003000, 0.05, 1.04, 2025-06-27T09:30:00+01:00, 2025-06-27T10:00:00+01:00
0.003000, 0.04, 1.04, 2025-06-27T10:00:00+01:00, 2025-06-27T10:30:00+01:00
0.009000, 0.12, 1.04, 2025-06-27T10:30:00+01:00, 2025-06-27T11:00:00+01:00
0.006000, 0.08, 1.04, 2025-06-27T11:00:00+01:00, 2025-06-27T11:30:00+01:00
0.909000, 10.42, 1.04, 2025-06-27T11:30:00+01:00, 2025-06-27T12:00:00+01:00
1.136000, 10.02, 1.04, 2025-06-27T12:00:00+01:00, 2025-06-27T12:30:00+01:00
0.814000, 5.15, 1.04, 2025-06-27T12:30:00+01:00, 2025-06-27T13:00:00+01:00
1.027000, 4.38, 1.04, 2025-06-27T13:00:00+01:00, 2025-06-27T13:30:00+01:00
0.988000, 2.31, 1.04, 2025-06-27T13:30:00+01:00, 2025-06-27T14:00:00+01:00
0.412000, 1.46, 1.04, 2025-06-27T14:00:00+01:00, 2025-06-27T14:30:00+01:00
0.167000, 0.5, 1.04, 2025-06-27T14:30:00+01:00, 2025-06-27T15:00:00+01:00
0.087000, 0.38, 1.04, 2025-06-27T15:00:00+01:00, 2025-06-27T15:30:00+01:00
0.112000, 0.69, 1.04, 2025-06-27T15:30:00+01:00, 2025-06-27T16:00:00+01:00
0.005000, 0.12, 1.04, 2025-06-27T16:00:00+01:00, 2025-06-27T16:30:00+01:00
0.002000, 0.06, 1.04, 2025-06-27T16:30:00+01:00, 2025-06-27T17:00:00+01:00
0.003000, 0.09, 1.04, 2025-06-27T17:00:00+01:00, 2025-06-27T17:30:00+01:00
0.004000, 0.12, 1.04, 2025-06-27T17:30:00+01:00, 2025-06-27T18:00:00+01:00
0.017000, 0.52, 1.04, 2025-06-27T18:00:00+01:00, 2025-06-27T18:30:00+01:00
0.019000, 0.58, 1.04, 2025-06-27T18:30:00+01:00, 2025-06-27T19:00:00+01:00
0.004000, 0.08, 1.04, 2025-06-27T19:00:00+01:00, 2025-06-27T19:30:00+01:00
0.003000, 0.06, 1.04, 2025-06-27T19:30:00+01:00, 2025-06-27T20:00:00+01:00
0.001000, 0.02, 1.04, 2025-06-27T20:00:00+01:00, 2025-06-27T20:30:00+01:00
0.002000, 0.04, 1.04, 2025-06-27T20:30:00+01:00, 2025-06-27T21:00:00+01:00
0.004000, 0.09, 1.04, 2025-06-27T21:00:00+01:00, 2025-06-27T21:30:00+01:00
0.004000, 0.08, 1.04, 2025-06-27T21:30:00+01:00, 2025-06-27T22:00:00+01:00
0.004000, 0.07, 1.04, 2025-06-27T22:00:00+01:00, 2025-06-27T22:30:00+01:00
0.002000, 0.03, 1.04, 2025-06-27T22:30:00+01:00, 2025-06-27T23:00:00+01:00
0.003000, 0.05, 1.04, 2025-06-27T23:00:00+01:00, 2025-06-27T23:30:00+01:00
0.002000, 0.03, 1.04, 2025-06-27T23:30:00+01:00, 2025-06-28T00:00:00+01:00
0.002000, 0.02, 1.04, 2025-06-28T00:00:00+01:00, 2025-06-28T00:30:00+01:00
0.001000, 0.01, 1.04, 2025-06-28T00:30:00+01:00, 2025-06-28T01:00:00+01:00
0.003000, 0.03, 1.04, 2025-06-28T01:00:00+01:00, 2025-06-28T01:30:00+01:00
0.002000, 0.02, 1.04, 2025-06-28T01:30:00+01:00, 2025-06-28T02:00:00+01:00
0.002000, 0.01, 1.04, 2025-06-28T02:00:00+01:00, 2025-06-28T02:30:00+01:00
0.002000, 0.01, 1.04, 2025-06-28T02:30:00+01:00, 2025-06-28T03:00:00+01:00
0.002000, 0.01, 1.04, 2025-06-28T03:00:00+01:00, 2025-06-28T03:30:00+01:00
0.002000, 0.01, 1.04, 2025-06-28T03:30:00+01:00, 2025-06-28T04:00:00+01:00
0.002000, 0.01, 1.04, 2025-06-28T04:00:00+01:00, 2025-06-28T04:30:00+01:00
0.002000, 0.01, 1.04, 2025-06-28T04:30:00+01:00, 2025-06-28T05:00:00+01:00
0.002000, 0.01, 1.04, 2025-06-28T05:00:00+01:00, 2025-06-28T05:30:00+01:00
0.003000, 0.01, 1.04, 2025-06-28T05:30:00+01:00, 2025-06-28T06:00:00+01:00
0.002000, 0.01, 1.04, 2025-06-28T06:00:00+01:00, 2025-06-28T06:30:00+01:00
0.006000, 0.04, 1.04, 2025-06-28T06:30:00+01:00, 2025-06-28T07:00:00+01:00
0.002000, 0.01, 1.04, 2025-06-28T07:00:00+01:00, 2025-06-28T07:30:00+01:00
0.002000, 0.01, 1.04, 2025-06-28T07:30:00+01:00, 2025-06-28T08:00:00+01:00
0.981000, 0.46, 1.04, 2025-06-28T08:00:00+01:00, 2025-06-28T08:30:00+01:00
0.757000, 1.92, 1.04, 2025-06-28T08:30:00+01:00, 2025-06-28T09:00:00+01:00
0.755000, 1.33, 1.04, 2025-06-28T09:00:00+01:00, 2025-06-28T09:30:00+01:00
1.275000, -0.28, 1.04, 2025-06-28T09:30:00+01:00, 2025-06-28T10:00:00+01:00
0.413000, 0.91, 1.04, 2025-06-28T10:00:00+01:00, 2025-06-28T10:30:00+01:00
0.662000, 0.58, 1.04, 2025-06-28T10:30:00+01:00, 2025-06-28T11:00:00+01:00
0.176000, 0.16, 1.04, 2025-06-28T11:00:00+01:00, 2025-06-28T11:30:00+01:00
0.068000, 0, 1.04, 2025-06-28T11:30:00+01:00, 2025-06-28T12:00:00+01:00
0.189000, 0, 1.04, 2025-06-28T12:00:00+01:00, 2025-06-28T12:30:00+01:00
0.043000, 0, 1.04, 2025-06-28T12:30:00+01:00, 2025-06-28T13:00:00+01:00
0.010000, 0, 1.04, 2025-06-28T13:00:00+01:00, 2025-06-28T13:30:00+01:00
0.000000, 0, 1.04, 2025-06-28T13:30:00+01:00, 2025-06-28T14:00:00+01:00
0.000000, 0, 1.04, 2025-06-28T14:00:00+01:00, 2025-06-28T14:30:00+01:00
0.000000, 0, 1.04, 2025-06-28T14:30:00+01:00, 2025-06-28T15:00:00+01:00
0.078000, -0.01, 1.04, 2025-06-28T15:00:00+01:00, 2025-06-28T15:30:00+01:00
0.004000, 0, 1.04, 2025-06-28T15:30:00+01:00, 2025-06-28T16:00:00+01:00
0.001000, 0.01, 1.04, 2025-06-28T16:00:00+01:00, 2025-06-28T16:30:00+01:00
0.001000, 0.02, 1.04, 2025-06-28T16:30:00+01:00, 2025-06-28T17:00:00+01:00
0.004000, 0.1, 1.04, 2025-06-28T17:00:00+01:00, 2025-06-28T17:30:00+01:00
0.004000, 0.11, 1.04, 2025-06-28T17:30:00+01:00, 2025-06-28T18:00:00+01:00
0.009000, 0.28, 1.04, 2025-06-28T18:00:00+01:00, 2025-06-28T18:30:00+01:00
0.035000, 1.15, 1.04, 2025-06-28T18:30:00+01:00, 2025-06-28T19:00:00+01:00
0.005000, 0.1, 1.04, 2025-06-28T19:00:00+01:00, 2025-06-28T19:30:00+01:00
0.003000, 0.07, 1.04, 2025-06-28T19:30:00+01:00, 2025-06-28T20:00:00+01:00
0.003000, 0.06, 1.04, 2025-06-28T20:00:00+01:00, 2025-06-28T20:30:00+01:00
0.004000, 0.08, 1.04, 2025-06-28T20:30:00+01:00, 2025-06-28T21:00:00+01:00
0.002000, 0.04, 1.04, 2025-06-28T21:00:00+01:00, 2025-06-28T21:30:00+01:00
0.003000, 0.06, 1.04, 2025-06-28T21:30:00+01:00, 2025-06-28T22:00:00+01:00
0.004000, 0.08, 1.04, 2025-06-28T22:00:00+01:00, 2025-06-28T22:30:00+01:00
0.004000, 0.07, 1.04, 2025-06-28T22:30:00+01:00, 2025-06-28T23:00:00+01:00
0.001000, 0.02, 1.04, 2025-06-28T23:00:00+01:00, 2025-06-28T23:30:00+01:00
0.002000, 0.03, 1.04, 2025-06-28T23:30:00+01:00, 2025-06-29T00:00:00+01:00
0.002000, 0.03, 1.04, 2025-06-29T00:00:00+01:00, 2025-06-29T00:30:00+01:00
0.002000, 0.03, 1.04, 2025-06-29T00:30:00+01:00, 2025-06-29T01:00:00+01:00
0.002000, 0.03, 1.04, 2025-06-29T01:00:00+01:00, 2025-06-29T01:30:00+01:00
0.001000, 0.02, 1.04, 2025-06-29T01:30:00+01:00, 2025-06-29T02:00:00+01:00
0.002000, 0.03, 1.04, 2025-06-29T02:00:00+01:00, 2025-06-29T02:30:00+01:00
0.002000, 0.03, 1.04, 2025-06-29T02:30:00+01:00, 2025-06-29T03:00:00+01:00
0.003000, 0.05, 1.04, 2025-06-29T03:00:00+01:00, 2025-06-29T03:30:00+01:00
0.001000, 0.02, 1.04, 2025-06-29T03:30:00+01:00, 2025-06-29T04:00:00+01:00
0.002000, 0.03, 1.04, 2025-06-29T04:00:00+01:00, 2025-06-29T04:30:00+01:00
0.002000, 0.03, 1.04, 2025-06-29T04:30:00+01:00, 2025-06-29T05:00:00+01:00
0.003000, 0.05, 1.04, 2025-06-29T05:00:00+01:00, 2025-06-29T05:30:00+01:00
0.004000, 0.06, 1.04, 2025-06-29T05:30:00+01:00, 2025-06-29T06:00:00+01:00
0.003000, 0.05, 1.04, 2025-06-29T06:00:00+01:00, 2025-06-29T06:30:00+01:00
0.002000, 0.03, 1.04, 2025-06-29T06:30:00+01:00, 2025-06-29T07:00:00+01:00
0.001000, 0.02, 1.04, 2025-06-29T07:00:00+01:00, 2025-06-29T07:30:00+01:00
0.002000, 0.03, 1.04, 2025-06-29T07:30:00+01:00, 2025-06-29T08:00:00+01:00
1.146000, 18.25, 1.04, 2025-06-29T08:00:00+01:00, 2025-06-29T08:30:00+01:00
1.460000, 24.27, 1.04, 2025-06-29T08:30:00+01:00, 2025-06-29T09:00:00+01:00
0.955000, 16.85, 1.04, 2025-06-29T09:00:00+01:00, 2025-06-29T09:30:00+01:00
0.003000, 0.05, 1.04, 2025-06-29T09:30:00+01:00, 2025-06-29T10:00:00+01:00
0.004000, 0.07, 1.04, 2025-06-29T10:00:00+01:00, 2025-06-29T10:30:00+01:00
0.115000, 1.99, 1.04, 2025-06-29T10:30:00+01:00, 2025-06-29T11:00:00+01:00
0.005000, 0.09, 1.04, 2025-06-29T11:00:00+01:00, 2025-06-29T11:30:00+01:00
0.028000, 0.45, 1.04, 2025-06-29T11:30:00+01:00, 2025-06-29T12:00:00+01:00
1.442000, 22.97, 1.04, 2025-06-29T12:00:00+01:00, 2025-06-29T12:30:00+01:00
1.158000, 18.45, 1.04, 2025-06-29T12:30:00+01:00, 2025-06-29T13:00:00+01:00
0.778000, 12.39, 1.04, 2025-06-29T13:00:00+01:00, 2025-06-29T13:30:00+01:00
0.836000, 13.32, 1.04, 2025-06-29T13:30:00+01:00, 2025-06-29T14:00:00+01:00
0.990000, 15.51, 1.04, 2025-06-29T14:00:00+01:00, 2025-06-29T14:30:00+01:00
0.071000, 1.11, 1.04, 2025-06-29T14:30:00+01:00, 2025-06-29T15:00:00+01:00
0.103000, 1.64, 1.04, 2025-06-29T15:00:00+01:00, 2025-06-29T15:30:00+01:00
0.017000, 0.27, 1.04, 2025-06-29T15:30:00+01:00, 2025-06-29T16:00:00+01:00
0.007000, 0.2, 1.04, 2025-06-29T16:00:00+01:00, 2025-06-29T16:30:00+01:00
0.003000, 0.08, 1.04, 2025-06-29T16:30:00+01:00, 2025-06-29T17:00:00+01:00
0.003000, 0.08, 1.04, 2025-06-29T17:00:00+01:00, 2025-06-29T17:30:00+01:00
0.002000, 0.05, 1.04, 2025-06-29T17:30:00+01:00, 2025-06-29T18:00:00+01:00
0.002000, 0.06, 1.04, 2025-06-29T18:00:00+01:00, 2025-06-29T18:30:00+01:00
0.002000, 0.06, 1.04, 2025-06-29T18:30:00+01:00, 2025-06-29T19:00:00+01:00
0.002000, 0.04, 1.04, 2025-06-29T19:00:00+01:00, 2025-06-29T19:30:00+01:00
0.003000, 0.06, 1.04, 2025-06-29T19:30:00+01:00, 2025-06-29T20:00:00+01:00
0.002000, 0.05, 1.04, 2025-06-29T20:00:00+01:00, 2025-06-29T20:30:00+01:00
0.003000, 0.06, 1.04, 2025-06-29T20:30:00+01:00, 2025-06-29T21:00:00+01:00
0.005000, 0.11, 1.04, 2025-06-29T21:00:00+01:00, 2025-06-29T21:30:00+01:00
0.004000, 0.08, 1.04, 2025-06-29T21:30:00+01:00, 2025-06-29T22:00:00+01:00
0.005000, 0.11, 1.04, 2025-06-29T22:00:00+01:00, 2025-06-29T22:30:00+01:00
0.045000, 0.85, 1.04, 2025-06-29T22:30:00+01:00, 2025-06-29T23:00:00+01:00
0.002000, 0.04, 1.04, 2025-06-29T23:00:00+01:00, 2025-06-29T23:30:00+01:00
0.002000, 0.03, 1.04, 2025-06-29T23:30:00+01:00, 2025-06-30T00:00:00+01:00
0.002000, 0.03, 1.04, 2025-06-30T00:00:00+01:00, 2025-06-30T00:30:00+01:00
0.004000, 0.06, 1.04, 2025-06-30T00:30:00+01:00, 2025-06-30T01:00:00+01:00
0.001000, 0.01, 1.04, 2025-06-30T01:00:00+01:00, 2025-06-30T01:30:00+01:00
0.003000, 0.05, 1.04, 2025-06-30T01:30:00+01:00, 2025-06-30T02:00:00+01:00
0.002000, 0.03, 1.04, 2025-06-30T02:00:00+01:00, 2025-06-30T02:30:00+01:00
0.003000, 0.04, 1.04, 2025-06-30T02:30:00+01:00, 2025-06-30T03:00:00+01:00
0.002000, 0.03, 1.04, 2025-06-30T03:00:00+01:00, 2025-06-30T03:30:00+01:00
0.002000, 0.03, 1.04, 2025-06-30T03:30:00+01:00, 2025-06-30T04:00:00+01:00
0.002000, 0.03, 1.04, 2025-06-30T04:00:00+01:00, 2025-06-30T04:30:00+01:00
0.003000, 0.04, 1.04, 2025-06-30T04:30:00+01:00, 2025-06-30T05:00:00+01:00
0.002000, 0.03, 1.04, 2025-06-30T05:00:00+01:00, 2025-06-30T05:30:00+01:00
0.007000, 0.12, 1.04, 2025-06-30T05:30:00+01:00, 2025-06-30T06:00:00+01:00
0.002000, 0.04, 1.04, 2025-06-30T06:00:00+01:00, 2025-06-30T06:30:00+01:00
0.014000, 0.33, 1.04, 2025-06-30T06:30:00+01:00, 2025-06-30T07:00:00+01:00
0.081000, 1.62, 1.04, 2025-06-30T07:00:00+01:00, 2025-06-30T07:30:00+01:00
0.056000, 1.3, 1.04, 2025-06-30T07:30:00+01:00, 2025-06-30T08:00:00+01:00
0.005000, 0.08, 1.04, 2025-06-30T08:00:00+01:00, 2025-06-30T08:30:00+01:00
0.009000, 0.12, 1.04, 2025-06-30T08:30:00+01:00, 2025-06-30T09:00:00+01:00
0.009000, 0.14, 1.04, 2025-06-30T09:00:00+01:00, 2025-06-30T09:30:00+01:00
0.008000, 0.11, 1.04, 2025-06-30T09:30:00+01:00, 2025-06-30T10:00:00+01:00
0.007000, 0.11, 1.04, 2025-06-30T10:00:00+01:00, 2025-06-30T10:30:00+01:00
0.018000, 0.28, 1.04, 2025-06-30T10:30:00+01:00, 2025-06-30T11:00:00+01:00
0.025000, 0.4, 1.04, 2025-06-30T11:00:00+01:00, 2025-06-30T11:30:00+01:00
0.012000, 0.16, 1.04, 2025-06-30T11:30:00+01:00, 2025-06-30T12:00:00+01:00
0.687000, 7.73, 1.04, 2025-06-30T12:00:00+01:00, 2025-06-30T12:30:00+01:00
0.869000, 9.45, 1.04, 2025-06-30T12:30:00+01:00, 2025-06-30T13:00:00+01:00
0.971000, 10.49, 1.04, 2025-06-30T13:00:00+01:00, 2025-06-30T13:30:00+01:00
0.788000, 6.76, 1.04, 2025-06-30T13:30:00+01:00, 2025-06-30T14:00:00+01:00
0.509000, 6.62, 1.04, 2025-06-30T14:00:00+01:00, 2025-06-30T14:30:00+01:00
0.537000, 6.52, 1.04, 2025-06-30T14:30:00+01:00, 2025-06-30T15:00:00+01:00
0.336000, 5.19, 1.04, 2025-06-30T15:00:00+01:00, 2025-06-30T15:30:00+01:00
0.011000, 0.17, 1.04, 2025-06-30T15:30:00+01:00, 2025-06-30T16:00:00+01:00
0.002000, 0.05, 1.04, 2025-06-30T16:00:00+01:00, 2025-06-30T16:30:00+01:00
0.002000, 0.05, 1.04, 2025-06-30T16:30:00+01:00, 2025-06-30T17:00:00+01:00
0.002000, 0.06, 1.04, 2025-06-30T17:00:00+01:00, 2025-06-30T17:30:00+01:00
0.009000, 0.31, 1.04, 2025-06-30T17:30:00+01:00, 2025-06-30T18:00:00+01:00
0.007000, 0.26, 1.04, 2025-06-30T18:00:00+01:00, 2025-06-30T18:30:00+01:00
0.004000, 0.15, 1.04, 2025-06-30T18:30:00+01:00, 2025-06-30T19:00:00+01:00
0.001000, 0.03, 1.04, 2025-06-30T19:00:00+01:00, 2025-06-30T19:30:00+01:00
0.002000, 0.05, 1.04, 2025-06-30T19:30:00+01:00, 2025-06-30T20:00:00+01:00
0.002000, 0.05, 1.04, 2025-06-30T20:00:00+01:00, 2025-06-30T20:30:00+01:00
0.002000, 0.05, 1.04, 2025-06-30T20:30:00+01:00, 2025-06-30T21:00:00+01:00
0.003000, 0.08, 1.04, 2025-06-30T21:00:00+01:00, 2025-06-30T21:30:00+01:00
0.005000, 0.12, 1.04, 2025-06-30T21:30:00+01:00, 2025-06-30T22:00:00+01:00
0.003000, 0.07, 1.04, 2025-06-30T22:00:00+01:00, 2025-06-30T22:30:00+01:00
0.003000, 0.06, 1.04, 2025-06-30T22:30:00+01:00, 2025-06-30T23:00:00+01:00
0.002000, 0.04, 1.04, 2025-06-30T23:00:00+01:00, 2025-06-30T23:30:00+01:00
0.002000, 0.04, 1.04, 2025-06-30T23:30:00+01:00, 2025-06-30T23:59:59.999000+01:00
