Consumption (kwh), Estimated Cost Inc. Tax (p), Standing Charge Inc. Tax (p), Start, End
0.003000, 0, 1.04, 2025-01-01T00:00:00+00:00, 2025-01-01T00:30:00+00:00
0.113000, 0.5, 1.04, 2025-01-01T00:30:00+00:00, 2025-01-01T01:00:00+00:00
0.237000, 0, 1.04, 2025-01-01T01:00:00+00:00, 2025-01-01T01:30:00+00:00
0.228000, -0.2, 1.04, 2025-01-01T01:30:00+00:00, 2025-01-01T02:00:00+00:00
0.209000, 0.05, 1.04, 2025-01-01T02:00:00+00:00, 2025-01-01T02:30:00+00:00
0.193000, -0.06, 1.04, 2025-01-01T02:30:00+00:00, 2025-01-01T03:00:00+00:00
0.221000, 0, 1.04, 2025-01-01T03:00:00+00:00, 2025-01-01T03:30:00+00:00
0.229000, -0.33, 1.04, 2025-01-01T03:30:00+00:00, 2025-01-01T04:00:00+00:00
1.252000, 0, 1.04, 2025-01-01T04:00:00+00:00, 2025-01-01T04:30:00+00:00
1.295000, -1.14, 1.04, 2025-01-01T04:30:00+00:00, 2025-01-01T05:00:00+00:00
1.292000, -1.22, 1.04, 2025-01-01T05:00:00+00:00, 2025-01-01T05:30:00+00:00
1.296000, -1.54, 1.04, 2025-01-01T05:30:00+00:00, 2025-01-01T06:00:00+00:00
1.371000, 0.49, 1.04, 2025-01-01T06:00:00+00:00, 2025-01-01T06:30:00+00:00
1.328000, 2.93, 1.04, 2025-01-01T06:30:00+00:00, 2025-01-01T07:00:00+00:00
1.349000, 5.95, 1.04, 2025-01-01T07:00:00+00:00, 2025-01-01T07:30:00+00:00
1.336000, 5.3, 1.04, 2025-01-01T07:30:00+00:00, 2025-01-01T08:00:00+00:00
0.052000, -0.06, 1.04, 2025-01-01T08:00:00+00:00, 2025-01-01T08:30:00+00:00
0.112000, 0.54, 1.04, 2025-01-01T08:30:00+00:00, 2025-01-01T09:00:00+00:00
0.050000, -0.07, 1.04, 2025-01-01T09:00:00+00:00, 2025-01-01T09:30:00+00:00
1.835000, 14.86, 1.04, 2025-01-01T09:30:00+00:00, 2025-01-01T10:00:00+00:00
1.784000, 7.47, 1.04, 2025-01-01T10:00:00+00:00, 2025-01-01T10:30:00+00:00
1.499000, 10.99, 1.04, 2025-01-01T10:30:00+00:00, 2025-01-01T11:00:00+00:00
0.927000, 6.45, 1.04, 2025-01-01T11:00:00+00:00, 2025-01-01T11:30:00+00:00
0.828000, 13.18, 1.04, 2025-01-01T11:30:00+00:00, 2025-01-01T12:00:00+00:00
1.325000, 26.29, 1.04, 2025-01-01T12:00:00+00:00, 2025-01-01T12:30:00+00:00
0.885000, 18.46, 1.04, 2025-01-01T12:30:00+00:00, 2025-01-01T13:00:00+00:00
0.500000, 10.47, 1.04, 2025-01-01T13:00:00+00:00, 2025-01-01T13:30:00+00:00
0.671000, 13.49, 1.04, 2025-01-01T13:30:00+00:00, 2025-01-01T14:00:00+00:00
0.480000, 9.95, 1.04, 2025-01-01T14:00:00+00:00, 2025-01-01T14:30:00+00:00
0.430000, 10.15, 1.04, 2025-01-01T14:30:00+00:00, 2025-01-01T15:00:00+00:00
0.309000, 6.54, 1.04, 2025-01-01T15:00:00+00:00, 2025-01-01T15:30:00+00:00
0.319000, 6.89, 1.04, 2025-01-01T15:30:00+00:00, 2025-01-01T16:00:00+00:00
0.263000, 9.48, 1.04, 2025-01-01T16:00:00+00:00, 2025-01-01T16:30:00+00:00
0.003000, 0.11, 1.04, 2025-01-01T16:30:00+00:00, 2025-01-01T17:00:00+00:00
0.088000, 3.52, 1.04, 2025-01-01T17:00:00+00:00, 2025-01-01T17:30:00+00:00
0.248000, 9.78, 1.04, 2025-01-01T17:30:00+00:00, 2025-01-01T18:00:00+00:00
0.015000, 0.59, 1.04, 2025-01-01T18:00:00+00:00, 2025-01-01T18:30:00+00:00
0.003000, 0.12, 1.04, 2025-01-01T18:30:00+00:00, 2025-01-01T19:00:00+00:00
0.004000, 0.1, 1.04, 2025-01-01T19:00:00+00:00, 2025-01-01T19:30:00+00:00
0.003000, 0.07, 1.04, 2025-01-01T19:30:00+00:00, 2025-01-01T20:00:00+00:00
0.003000, 0.07, 1.04, 2025-01-01T20:00:00+00:00, 2025-01-01T20:30:00+00:00
0.003000, 0.06, 1.04, 2025-01-01T20:30:00+00:00, 2025-01-01T21:00:00+00:00
0.203000, 4.39, 1.04, 2025-01-01T21:00:00+00:00, 2025-01-01T21:30:00+00:00
0.167000, 3.57, 1.04, 2025-01-01T21:30:00+00:00, 2025-01-01T22:00:00+00:00
0.244000, 5.16, 1.04, 2025-01-01T22:00:00+00:00, 2025-01-01T22:30:00+00:00
0.430000, 6.16, 1.04, 2025-01-01T22:30:00+00:00, 2025-01-01T23:00:00+00:00
0.387000, 8.79, 1.04, 2025-01-01T23:00:00+00:00, 2025-01-01T23:30:00+00:00
0.221000, 4.21, 1.04, 2025-01-01T23:30:00+00:00, 2025-01-02T00:00:00+00:00
0.246000, 5.42, 1.04, 2025-01-02T00:00:00+00:00, 2025-01-02T00:30:00+00:00
0.257000, 7.16, 1.04, 2025-01-02T00:30:00+00:00, 2025-01-02T01:00:00+00:00
0.300000, 7.01, 1.04, 2025-01-02T01:00:00+00:00, 2025-01-02T01:30:00+00:00
0.237000, 5.23, 1.04, 2025-01-02T01:30:00+00:00, 2025-01-02T02:00:00+00:00
0.256000, 5.51, 1.04, 2025-01-02T02:00:00+00:00, 2025-01-02T02:30:00+00:00
0.233000, 4.8, 1.04, 2025-01-02T02:30:00+00:00, 2025-01-02T03:00:00+00:00
0.186000, 3.77, 1.04, 2025-01-02T03:00:00+00:00, 2025-01-02T03:30:00+00:00
0.223000, 4.18, 1.04, 2025-01-02T03:30:00+00:00, 2025-01-02T04:00:00+00:00
1.300000, 25.23, 1.04, 2025-01-02T04:00:00+00:00, 2025-01-02T04:30:00+00:00
1.299000, 21.48, 1.04, 2025-01-02T04:30:00+00:00, 2025-01-02T05:00:00+00:00
1.262000, 23.65, 1.04, 2025-01-02T05:00:00+00:00, 2025-01-02T05:30:00+00:00
1.293000, 24.8, 1.04, 2025-01-02T05:30:00+00:00, 2025-01-02T06:00:00+00:00
1.288000, 26.95, 1.04, 2025-01-02T06:00:00+00:00, 2025-01-02T06:30:00+00:00
1.304000, 27.89, 1.04, 2025-01-02T06:30:00+00:00, 2025-01-02T07:00:00+00:00
1.313000, 31.19, 1.04, 2025-01-02T07:00:00+00:00, 2025-01-02T07:30:00+00:00
1.373000, 34.82, 1.04, 2025-01-02T07:30:00+00:00, 2025-01-02T08:00:00+00:00
0.084000, 2.15, 1.04, 2025-01-02T08:00:00+00:00, 2025-01-02T08:30:00+00:00
0.013000, 0.35, 1.04, 2025-01-02T08:30:00+00:00, 2025-01-02T09:00:00+00:00
1.327000, 33.54, 1.04, 2025-01-02T09:00:00+00:00, 2025-01-02T09:30:00+00:00
1.414000, 35.74, 1.04, 2025-01-02T09:30:00+00:00, 2025-01-02T10:00:00+00:00
0.659000, 15.11, 1.04, 2025-01-02T10:00:00+00:00, 2025-01-02T10:30:00+00:00
0.200000, 4.22, 1.04, 2025-01-02T10:30:00+00:00, 2025-01-02T11:00:00+00:00
0.092000, 2.07, 1.04, 2025-01-02T11:00:00+00:00, 2025-01-02T11:30:00+00:00
0.035000, 0.77, 1.04, 2025-01-02T11:30:00+00:00, 2025-01-02T12:00:00+00:00
0.370000, 7.84, 1.04, 2025-01-02T12:00:00+00:00, 2025-01-02T12:30:00+00:00
0.935000, 19.79, 1.04, 2025-01-02T12:30:00+00:00, 2025-01-02T13:00:00+00:00
0.118000, 2.61, 1.04, 2025-01-02T13:00:00+00:00, 2025-01-02T13:30:00+00:00
0.115000, 2.46, 1.04, 2025-01-02T13:30:00+00:00, 2025-01-02T14:00:00+00:00
0.158000, 3.53, 1.04, 2025-01-02T14:00:00+00:00, 2025-01-02T14:30:00+00:00
0.229000, 5.64, 1.04, 2025-01-02T14:30:00+00:00, 2025-01-02T15:00:00+00:00
0.229000, 5.33, 1.04, 2025-01-02T15:00:00+00:00, 2025-01-02T15:30:00+00:00
0.268000, 7.7, 1.04, 2025-01-02T15:30:00+00:00, 2025-01-02T16:00:00+00:00
0.276000, 10.68, 1.04, 2025-01-02T16:00:00+00:00, 2025-01-02T16:30:00+00:00
0.267000, 11.61, 1.04, 2025-01-02T16:30:00+00:00, 2025-01-02T17:00:00+00:00
0.856000, 34.23, 1.04, 2025-01-02T17:00:00+00:00, 2025-01-02T17:30:00+00:00
1.015000, 40.99, 1.04, 2025-01-02T17:30:00+00:00, 2025-01-02T18:00:00+00:00
0.448000, 17.65, 1.04, 2025-01-02T18:00:00+00:00, 2025-01-02T18:30:00+00:00
0.296000, 11.3, 1.04, 2025-01-02T18:30:00+00:00, 2025-01-02T19:00:00+00:00
0.740000, 18.61, 1.04, 2025-01-02T19:00:00+00:00, 2025-01-02T19:30:00+00:00
0.440000, 10.09, 1.04, 2025-01-02T19:30:00+00:00, 2025-01-02T20:00:00+00:00
0.434000, 10.36, 1.04, 2025-01-02T20:00:00+00:00, 2025-01-02T20:30:00+00:00
0.408000, 8.65, 1.04, 2025-01-02T20:30:00+00:00, 2025-01-02T21:00:00+00:00
0.422000, 9.86, 1.04, 2025-01-02T21:00:00+00:00, 2025-01-02T21:30:00+00:00
0.347000, 7.55, 1.04, 2025-01-02T21:30:00+00:00, 2025-01-02T22:00:00+00:00
0.221000, 5.19, 1.04, 2025-01-02T22:00:00+00:00, 2025-01-02T22:30:00+00:00
0.214000, 4.48, 1.04, 2025-01-02T22:30:00+00:00, 2025-01-02T23:00:00+00:00
0.236000, 5.87, 1.04, 2025-01-02T23:00:00+00:00, 2025-01-02T23:30:00+00:00
0.201000, 4.5, 1.04, 2025-01-02T23:30:00+00:00, 2025-01-03T00:00:00+00:00
0.199000, 3.63, 1.04, 2025-01-03T00:00:00+00:00, 2025-01-03T00:30:00+00:00
0.204000, 4.77, 1.04, 2025-01-03T00:30:00+00:00, 2025-01-03T01:00:00+00:00
0.204000, 3.94, 1.04, 2025-01-03T01:00:00+00:00, 2025-01-03T01:30:00+00:00
0.215000, 4.07, 1.04, 2025-01-03T01:30:00+00:00, 2025-01-03T02:00:00+00:00
0.185000, 3.69, 1.04, 2025-01-03T02:00:00+00:00, 2025-01-03T02:30:00+00:00
0.195000, 3.6, 1.04, 2025-01-03T02:30:00+00:00, 2025-01-03T03:00:00+00:00
0.204000, 3.94, 1.04, 2025-01-03T03:00:00+00:00, 2025-01-03T03:30:00+00:00
0.205000, 3.39, 1.04, 2025-01-03T03:30:00+00:00, 2025-01-03T04:00:00+00:00
0.195000, 3.7, 1.04, 2025-01-03T04:00:00+00:00, 2025-01-03T04:30:00+00:00
0.200000, 3.4, 1.04, 2025-01-03T04:30:00+00:00, 2025-01-03T05:00:00+00:00
0.208000, 4.1, 1.04, 2025-01-03T05:00:00+00:00, 2025-01-03T05:30:00+00:00
0.198000, 3.82, 1.04, 2025-01-03T05:30:00+00:00, 2025-01-03T06:00:00+00:00
0.190000, 4.29, 1.04, 2025-01-03T06:00:00+00:00, 2025-01-03T06:30:00+00:00
0.242000, 5.2, 1.04, 2025-01-03T06:30:00+00:00, 2025-01-03T07:00:00+00:00
0.221000, 4.72, 1.04, 2025-01-03T07:00:00+00:00, 2025-01-03T07:30:00+00:00
0.220000, 5.23, 1.04, 2025-01-03T07:30:00+00:00, 2025-01-03T08:00:00+00:00
0.226000, 5.51, 1.04, 2025-01-03T08:00:00+00:00, 2025-01-03T08:30:00+00:00
0.511000, 13.52, 1.04, 2025-01-03T08:30:00+00:00, 2025-01-03T09:00:00+00:00
0.515000, 12.95, 1.04, 2025-01-03T09:00:00+00:00, 2025-01-03T09:30:00+00:00
0.331000, 8.56, 1.04, 2025-01-03T09:30:00+00:00, 2025-01-03T10:00:00+00:00
0.259000, 5.9, 1.04, 2025-01-03T10:00:00+00:00, 2025-01-03T10:30:00+00:00
0.222000, 4.91, 1.04, 2025-01-03T10:30:00+00:00, 2025-01-03T11:00:00+00:00
0.218000, 4.99, 1.04, 2025-01-03T11:00:00+00:00, 2025-01-03T11:30:00+00:00
0.217000, 4.81, 1.04, 2025-01-03T11:30:00+00:00, 2025-01-03T12:00:00+00:00
0.677000, 14.64, 1.04, 2025-01-03T12:00:00+00:00, 2025-01-03T12:30:00+00:00
0.610000, 13.25, 1.04, 2025-01-03T12:30:00+00:00, 2025-01-03T13:00:00+00:00
0.385000, 8.23, 1.04, 2025-01-03T13:00:00+00:00, 2025-01-03T13:30:00+00:00
0.645000, 13.51, 1.04, 2025-01-03T13:30:00+00:00, 2025-01-03T14:00:00+00:00
0.154000, 3.38, 1.04, 2025-01-03T14:00:00+00:00, 2025-01-03T14:30:00+00:00
0.185000, 3.92, 1.04, 2025-01-03T14:30:00+00:00, 2025-01-03T15:00:00+00:00
0.190000, 4.76, 1.04, 2025-01-03T15:00:00+00:00, 2025-01-03T15:30:00+00:00
0.246000, 5.83, 1.04, 2025-01-03T15:30:00+00:00, 2025-01-03T16:00:00+00:00
0.300000, 11.72, 1.04, 2025-01-03T16:00:00+00:00, 2025-01-03T16:30:00+00:00
0.338000, 14.99, 1.04, 2025-01-03T16:30:00+00:00, 2025-01-03T17:00:00+00:00
0.273000, 11.14, 1.04, 2025-01-03T17:00:00+00:00, 2025-01-03T17:30:00+00:00
0.165000, 7.06, 1.04, 2025-01-03T17:30:00+00:00, 2025-01-03T18:00:00+00:00
0.284000, 12.49, 1.04, 2025-01-03T18:00:00+00:00, 2025-01-03T18:30:00+00:00
0.014000, 0.6, 1.04, 2025-01-03T18:30:00+00:00, 2025-01-03T19:00:00+00:00
0.009000, 0.28, 1.04, 2025-01-03T19:00:00+00:00, 2025-01-03T19:30:00+00:00
0.035000, 1.05, 1.04, 2025-01-03T19:30:00+00:00, 2025-01-03T20:00:00+00:00
0.179000, 5.53, 1.04, 2025-01-03T20:00:00+00:00, 2025-01-03T20:30:00+00:00
0.356000, 9.5, 1.04, 2025-01-03T20:30:00+00:00, 2025-01-03T21:00:00+00:00
0.307000, 7.98, 1.04, 2025-01-03T21:00:00+00:00, 2025-01-03T21:30:00+00:00
0.349000, 8.3, 1.04, 2025-01-03T21:30:00+00:00, 2025-01-03T22:00:00+00:00
0.350000, 8.52, 1.04, 2025-01-03T22:00:00+00:00, 2025-01-03T22:30:00+00:00
1.324000, 31.5, 1.04, 2025-01-03T22:30:00+00:00, 2025-01-03T23:00:00+00:00
0.559000, 14.17, 1.04, 2025-01-03T23:00:00+00:00, 2025-01-03T23:30:00+00:00
0.301000, 6.84, 1.04, 2025-01-03T23:30:00+00:00, 2025-01-04T00:00:00+00:00
0.248000, 5.52, 1.04, 2025-01-04T00:00:00+00:00, 2025-01-04T00:30:00+00:00
0.225000, 6.06, 1.04, 2025-01-04T00:30:00+00:00, 2025-01-04T01:00:00+00:00
0.228000, 5.63, 1.04, 2025-01-04T01:00:00+00:00, 2025-01-04T01:30:00+00:00
0.192000, 4.4, 1.04, 2025-01-04T01:30:00+00:00, 2025-01-04T02:00:00+00:00
0.226000, 4.73, 1.04, 2025-01-04T02:00:00+00:00, 2025-01-04T02:30:00+00:00
0.206000, 4.32, 1.04, 2025-01-04T02:30:00+00:00, 2025-01-04T03:00:00+00:00
0.214000, 4.53, 1.04, 2025-01-04T03:00:00+00:00, 2025-01-04T03:30:00+00:00
0.182000, 3.73, 1.04, 2025-01-04T03:30:00+00:00, 2025-01-04T04:00:00+00:00
1.293000, 26.51, 1.04, 2025-01-04T04:00:00+00:00, 2025-01-04T04:30:00+00:00
1.301000, 26.68, 1.04, 2025-01-04T04:30:00+00:00, 2025-01-04T05:00:00+00:00
1.289000, 27.61, 1.04, 2025-01-04T05:00:00+00:00, 2025-01-04T05:30:00+00:00
1.271000, 26.62, 1.04, 2025-01-04T05:30:00+00:00, 2025-01-04T06:00:00+00:00
1.283000, 28.03, 1.04, 2025-01-04T06:00:00+00:00, 2025-01-04T06:30:00+00:00
1.126000, 25.49, 1.04, 2025-01-04T06:30:00+00:00, 2025-01-04T07:00:00+00:00
0.341000, 7.9, 1.04, 2025-01-04T07:00:00+00:00, 2025-01-04T07:30:00+00:00
0.216000, 5.38, 1.04, 2025-01-04T07:30:00+00:00, 2025-01-04T08:00:00+00:00
0.221000, 5.36, 1.04, 2025-01-04T08:00:00+00:00, 2025-01-04T08:30:00+00:00
0.251000, 6.4, 1.04, 2025-01-04T08:30:00+00:00, 2025-01-04T09:00:00+00:00
0.387000, 9.26, 1.04, 2025-01-04T09:00:00+00:00, 2025-01-04T09:30:00+00:00
0.651000, 15.93, 1.04, 2025-01-04T09:30:00+00:00, 2025-01-04T10:00:00+00:00
0.519000, 12.82, 1.04, 2025-01-04T10:00:00+00:00, 2025-01-04T10:30:00+00:00
0.269000, 6.73, 1.04, 2025-01-04T10:30:00+00:00, 2025-01-04T11:00:00+00:00
0.291000, 7.49, 1.04, 2025-01-04T11:00:00+00:00, 2025-01-04T11:30:00+00:00
0.247000, 6.23, 1.04, 2025-01-04T11:30:00+00:00, 2025-01-04T12:00:00+00:00
0.614000, 15.91, 1.04, 2025-01-04T12:00:00+00:00, 2025-01-04T12:30:00+00:00
0.457000, 11.93, 1.04, 2025-01-04T12:30:00+00:00, 2025-01-04T13:00:00+00:00
0.614000, 17.33, 1.04, 2025-01-04T13:00:00+00:00, 2025-01-04T13:30:00+00:00
0.196000, 5.03, 1.04, 2025-01-04T13:30:00+00:00, 2025-01-04T14:00:00+00:00
0.263000, 7.35, 1.04, 2025-01-04T14:00:00+00:00, 2025-01-04T14:30:00+00:00
0.262000, 7.16, 1.04, 2025-01-04T14:30:00+00:00, 2025-01-04T15:00:00+00:00
0.522000, 14.03, 1.04, 2025-01-04T15:00:00+00:00, 2025-01-04T15:30:00+00:00
0.422000, 11.62, 1.04, 2025-01-04T15:30:00+00:00, 2025-01-04T16:00:00+00:00
0.332000, 13.79, 1.04, 2025-01-04T16:00:00+00:00, 2025-01-04T16:30:00+00:00
0.282000, 12.51, 1.04, 2025-01-04T16:30:00+00:00, 2025-01-04T17:00:00+00:00
0.290000, 12.76, 1.04, 2025-01-04T17:00:00+00:00, 2025-01-04T17:30:00+00:00
0.292000, 12.85, 1.04, 2025-01-04T17:30:00+00:00, 2025-01-04T18:00:00+00:00
0.507000, 21.23, 1.04, 2025-01-04T18:00:00+00:00, 2025-01-04T18:30:00+00:00
1.628000, 64.8, 1.04, 2025-01-04T18:30:00+00:00, 2025-01-04T19:00:00+00:00
1.062000, 26.93, 1.04, 2025-01-04T19:00:00+00:00, 2025-01-04T19:30:00+00:00
0.389000, 9.01, 1.04, 2025-01-04T19:30:00+00:00, 2025-01-04T20:00:00+00:00
0.352000, 8.05, 1.04, 2025-01-04T20:00:00+00:00, 2025-01-04T20:30:00+00:00
0.301000, 6.98, 1.04, 2025-01-04T20:30:00+00:00, 2025-01-04T21:00:00+00:00
0.335000, 7.63, 1.04, 2025-01-04T21:00:00+00:00, 2025-01-04T21:30:00+00:00
0.511000, 11.83, 1.04, 2025-01-04T21:30:00+00:00, 2025-01-04T22:00:00+00:00
0.454000, 10.11, 1.04, 2025-01-04T22:00:00+00:00, 2025-01-04T22:30:00+00:00
0.368000, 8.2, 1.04, 2025-01-04T22:30:00+00:00, 2025-01-04T23:00:00+00:00
0.216000, 5.44, 1.04, 2025-01-04T23:00:00+00:00, 2025-01-04T23:30:00+00:00
0.120000, 2.78, 1.04, 2025-01-04T23:30:00+00:00, 2025-01-05T00:00:00+00:00
0.156000, 3.03, 1.04, 2025-01-05T00:00:00+00:00, 2025-01-05T00:30:00+00:00
0.131000, 3.24, 1.04, 2025-01-05T00:30:00+00:00, 2025-01-05T01:00:00+00:00
0.160000, 3.69, 1.04, 2025-01-05T01:00:00+00:00, 2025-01-05T01:30:00+00:00
0.217000, 4.61, 1.04, 2025-01-05T01:30:00+00:00, 2025-01-05T02:00:00+00:00
0.177000, 3.4, 1.04, 2025-01-05T02:00:00+00:00, 2025-01-05T02:30:00+00:00
0.159000, 2.91, 1.04, 2025-01-05T02:30:00+00:00, 2025-01-05T03:00:00+00:00
0.140000, 2.41, 1.04, 2025-01-05T03:00:00+00:00, 2025-01-05T03:30:00+00:00
0.121000, 1.87, 1.04, 2025-01-05T03:30:00+00:00, 2025-01-05T04:00:00+00:00
0.232000, 3.73, 1.04, 2025-01-05T04:00:00+00:00, 2025-01-05T04:30:00+00:00
0.205000, 3.16, 1.04, 2025-01-05T04:30:00+00:00, 2025-01-05T05:00:00+00:00
0.220000, 3.4, 1.04, 2025-01-05T05:00:00+00:00, 2025-01-05T05:30:00+00:00
0.203000, 3.2, 1.04, 2025-01-05T05:30:00+00:00, 2025-01-05T06:00:00+00:00
0.207000, 3.42, 1.04, 2025-01-05T06:00:00+00:00, 2025-01-05T06:30:00+00:00
0.227000, 4.12, 1.04, 2025-01-05T06:30:00+00:00, 2025-01-05T07:00:00+00:00
0.242000, 4.5, 1.04, 2025-01-05T07:00:00+00:00, 2025-01-05T07:30:00+00:00
0.218000, 4.55, 1.04, 2025-01-05T07:30:00+00:00, 2025-01-05T08:00:00+00:00
0.218000, 4.71, 1.04, 2025-01-05T08:00:00+00:00, 2025-01-05T08:30:00+00:00
0.237000, 5.33, 1.04, 2025-01-05T08:30:00+00:00, 2025-01-05T09:00:00+00:00
0.286000, 6.47, 1.04, 2025-01-05T09:00:00+00:00, 2025-01-05T09:30:00+00:00
0.329000, 7.32, 1.04, 2025-01-05T09:30:00+00:00, 2025-01-05T10:00:00+00:00
0.436000, 9.71, 1.04, 2025-01-05T10:00:00+00:00, 2025-01-05T10:30:00+00:00
0.577000, 13.37, 1.04, 2025-01-05T10:30:00+00:00, 2025-01-05T11:00:00+00:00
0.361000, 8.53, 1.04, 2025-01-05T11:00:00+00:00, 2025-01-05T11:30:00+00:00
0.497000, 10.96, 1.04, 2025-01-05T11:30:00+00:00, 2025-01-05T12:00:00+00:00
0.493000, 10.14, 1.04, 2025-01-05T12:00:00+00:00, 2025-01-05T12:30:00+00:00
0.613000, 15.24, 1.04, 2025-01-05T12:30:00+00:00, 2025-01-05T13:00:00+00:00
0.557000, 13.85, 1.04, 2025-01-05T13:00:00+00:00, 2025-01-05T13:30:00+00:00
0.336000, 8.36, 1.04, 2025-01-05T13:30:00+00:00, 2025-01-05T14:00:00+00:00
0.437000, 10.21, 1.04, 2025-01-05T14:00:00+00:00, 2025-01-05T14:30:00+00:00
0.305000, 7.12, 1.04, 2025-01-05T14:30:00+00:00, 2025-01-05T15:00:00+00:00
0.335000, 8.06, 1.04, 2025-01-05T15:00:00+00:00, 2025-01-05T15:30:00+00:00
0.002000, 0.05, 1.04, 2025-01-05T15:30:00+00:00, 2025-01-05T16:00:00+00:00
0.004000, 0.15, 1.04, 2025-01-05T16:00:00+00:00, 2025-01-05T16:30:00+00:00
0.004000, 0.16, 1.04, 2025-01-05T16:30:00+00:00, 2025-01-05T17:00:00+00:00
0.006000, 0.24, 1.04, 2025-01-05T17:00:00+00:00, 2025-01-05T17:30:00+00:00
0.003000, 0.12, 1.04, 2025-01-05T17:30:00+00:00, 2025-01-05T18:00:00+00:00
0.002000, 0.07, 1.04, 2025-01-05T18:00:00+00:00, 2025-01-05T18:30:00+00:00
0.003000, 0.11, 1.04, 2025-01-05T18:30:00+00:00, 2025-01-05T19:00:00+00:00
0.004000, 0.1, 1.04, 2025-01-05T19:00:00+00:00, 2025-01-05T19:30:00+00:00
0.002000, 0.05, 1.04, 2025-01-05T19:30:00+00:00, 2025-01-05T20:00:00+00:00
0.052000, 1.2, 1.04, 2025-01-05T20:00:00+00:00, 2025-01-05T20:30:00+00:00
0.003000, 0.06, 1.04, 2025-01-05T20:30:00+00:00, 2025-01-05T21:00:00+00:00
0.003000, 0.07, 1.04, 2025-01-05T21:00:00+00:00, 2025-01-05T21:30:00+00:00
0.003000, 0.06, 1.04, 2025-01-05T21:30:00+00:00, 2025-01-05T22:00:00+00:00
0.001000, 0.02, 1.04, 2025-01-05T22:00:00+00:00, 2025-01-05T22:30:00+00:00
0.003000, 0.03, 1.04, 2025-01-05T22:30:00+00:00, 2025-01-05T23:00:00+00:00
0.003000, 0.06, 1.04, 2025-01-05T23:00:00+00:00, 2025-01-05T23:30:00+00:00
0.002000, 0.03, 1.04, 2025-01-05T23:30:00+00:00, 2025-01-06T00:00:00+00:00
0.002000, 0.02, 1.04, 2025-01-06T00:00:00+00:00, 2025-01-06T00:30:00+00:00
0.003000, 0.06, 1.04, 2025-01-06T00:30:00+00:00, 2025-01-06T01:00:00+00:00
0.003000, 0.04, 1.04, 2025-01-06T01:00:00+00:00, 2025-01-06T01:30:00+00:00
0.002000, 0.01, 1.04, 2025-01-06T01:30:00+00:00, 2025-01-06T02:00:00+00:00
0.171000, 0.96, 1.04, 2025-01-06T02:00:00+00:00, 2025-01-06T02:30:00+00:00
0.203000, 0.4, 1.04, 2025-01-06T02:30:00+00:00, 2025-01-06T03:00:00+00:00
0.221000, 1.36, 1.04, 2025-01-06T03:00:00+00:00, 2025-01-06T03:30:00+00:00
0.188000, 0.6, 1.04, 2025-01-06T03:30:00+00:00, 2025-01-06T04:00:00+00:00
1.268000, 10.07, 1.04, 2025-01-06T04:00:00+00:00, 2025-01-06T04:30:00+00:00
1.302000, 6.89, 1.04, 2025-01-06T04:30:00+00:00, 2025-01-06T05:00:00+00:00
1.259000, 6.94, 1.04, 2025-01-06T05:00:00+00:00, 2025-01-06T05:30:00+00:00
1.287000, 13.62, 1.04, 2025-01-06T05:30:00+00:00, 2025-01-06T06:00:00+00:00
1.270000, 21.63, 1.04, 2025-01-06T06:00:00+00:00, 2025-01-06T06:30:00+00:00
1.284000, 28.07, 1.04, 2025-01-06T06:30:00+00:00, 2025-01-06T07:00:00+00:00
1.388000, 31.52, 1.04, 2025-01-06T07:00:00+00:00, 2025-01-06T07:30:00+00:00
1.595000, 33.41, 1.04, 2025-01-06T07:30:00+00:00, 2025-01-06T08:00:00+00:00
0.063000, 1.48, 1.04, 2025-01-06T08:00:00+00:00, 2025-01-06T08:30:00+00:00
0.043000, 0.9, 1.04, 2025-01-06T08:30:00+00:00, 2025-01-06T09:00:00+00:00
1.450000, 31.97, 1.04, 2025-01-06T09:00:00+00:00, 2025-01-06T09:30:00+00:00
1.588000, 36.05, 1.04, 2025-01-06T09:30:00+00:00, 2025-01-06T10:00:00+00:00
1.141000, 26.42, 1.04, 2025-01-06T10:00:00+00:00, 2025-01-06T10:30:00+00:00
0.380000, 8.79, 1.04, 2025-01-06T10:30:00+00:00, 2025-01-06T11:00:00+00:00
0.377000, 8.4, 1.04, 2025-01-06T11:00:00+00:00, 2025-01-06T11:30:00+00:00
0.220000, 4.61, 1.04, 2025-01-06T11:30:00+00:00, 2025-01-06T12:00:00+00:00
0.005000, 0.11, 1.04, 2025-01-06T12:00:00+00:00, 2025-01-06T12:30:00+00:00
0.003000, 0.07, 1.04, 2025-01-06T12:30:00+00:00, 2025-01-06T13:00:00+00:00
0.004000, 0.08, 1.04, 2025-01-06T13:00:00+00:00, 2025-01-06T13:30:00+00:00
0.075000, 1.62, 1.04, 2025-01-06T13:30:00+00:00, 2025-01-06T14:00:00+00:00
0.003000, 0.06, 1.04, 2025-01-06T14:00:00+00:00, 2025-01-06T14:30:00+00:00
0.002000, 0.04, 1.04, 2025-01-06T14:30:00+00:00, 2025-01-06T15:00:00+00:00
0.003000, 0.06, 1.04, 2025-01-06T15:00:00+00:00, 2025-01-06T15:30:00+00:00
0.002000, 0.04, 1.04, 2025-01-06T15:30:00+00:00, 2025-01-06T16:00:00+00:00
0.003000, 0.1, 1.04, 2025-01-06T16:00:00+00:00, 2025-01-06T16:30:00+00:00
0.006000, 0.24, 1.04, 2025-01-06T16:30:00+00:00, 2025-01-06T17:00:00+00:00
0.004000, 0.16, 1.04, 2025-01-06T17:00:00+00:00, 2025-01-06T17:30:00+00:00
0.125000, 5, 1.04, 2025-01-06T17:30:00+00:00, 2025-01-06T18:00:00+00:00
0.047000, 1.84, 1.04, 2025-01-06T18:00:00+00:00, 2025-01-06T18:30:00+00:00
0.003000, 0.11, 1.04, 2025-01-06T18:30:00+00:00, 2025-01-06T19:00:00+00:00
0.004000, 0.1, 1.04, 2025-01-06T19:00:00+00:00, 2025-01-06T19:30:00+00:00
0.005000, 0.11, 1.04, 2025-01-06T19:30:00+00:00, 2025-01-06T20:00:00+00:00
0.012000, 0.28, 1.04, 2025-01-06T20:00:00+00:00, 2025-01-06T20:30:00+00:00
0.003000, 0.07, 1.04, 2025-01-06T20:30:00+00:00, 2025-01-06T21:00:00+00:00
0.005000, 0.1, 1.04, 2025-01-06T21:00:00+00:00, 2025-01-06T21:30:00+00:00
0.008000, 0.18, 1.04, 2025-01-06T21:30:00+00:00, 2025-01-06T22:00:00+00:00
0.377000, 8.03, 1.04, 2025-01-06T22:00:00+00:00, 2025-01-06T22:30:00+00:00
0.270000, 5.08, 1.04, 2025-01-06T22:30:00+00:00, 2025-01-06T23:00:00+00:00
0.222000, 3.92, 1.04, 2025-01-06T23:00:00+00:00, 2025-01-06T23:30:00+00:00
0.212000, 3.51, 1.04, 2025-01-06T23:30:00+00:00, 2025-01-07T00:00:00+00:00
0.219000, 4.07, 1.04, 2025-01-07T00:00:00+00:00, 2025-01-07T00:30:00+00:00
0.228000, 5.04, 1.04, 2025-01-07T00:30:00+00:00, 2025-01-07T01:00:00+00:00
0.204000, 4.01, 1.04, 2025-01-07T01:00:00+00:00, 2025-01-07T01:30:00+00:00
0.206000, 3.72, 1.04, 2025-01-07T01:30:00+00:00, 2025-01-07T02:00:00+00:00
0.207000, 3.88, 1.04, 2025-01-07T02:00:00+00:00, 2025-01-07T02:30:00+00:00
0.218000, 3.86, 1.04, 2025-01-07T02:30:00+00:00, 2025-01-07T03:00:00+00:00
0.265000, 4.97, 1.04, 2025-01-07T03:00:00+00:00, 2025-01-07T03:30:00+00:00
0.281000, 5.08, 1.04, 2025-01-07T03:30:00+00:00, 2025-01-07T04:00:00+00:00
1.321000, 22.72, 1.04, 2025-01-07T04:00:00+00:00, 2025-01-07T04:30:00+00:00
1.316000, 17.2, 1.04, 2025-01-07T04:30:00+00:00, 2025-01-07T05:00:00+00:00
1.286000, 23, 1.04, 2025-01-07T05:00:00+00:00, 2025-01-07T05:30:00+00:00
1.289000, 23.79, 1.04, 2025-01-07T05:30:00+00:00, 2025-01-07T06:00:00+00:00
1.292000, 27.04, 1.04, 2025-01-07T06:00:00+00:00, 2025-01-07T06:30:00+00:00
1.277000, 26.7, 1.04, 2025-01-07T06:30:00+00:00, 2025-01-07T07:00:00+00:00
1.334000, 33.46, 1.04, 2025-01-07T07:00:00+00:00, 2025-01-07T07:30:00+00:00
1.326000, 30.12, 1.04, 2025-01-07T07:30:00+00:00, 2025-01-07T08:00:00+00:00
0.063000, 1.64, 1.04, 2025-01-07T08:00:00+00:00, 2025-01-07T08:30:00+00:00
0.007000, 0.18, 1.04, 2025-01-07T08:30:00+00:00, 2025-01-07T09:00:00+00:00
1.376000, 38.11, 1.04, 2025-01-07T09:00:00+00:00, 2025-01-07T09:30:00+00:00
1.383000, 38.06, 1.04, 2025-01-07T09:30:00+00:00, 2025-01-07T10:00:00+00:00
0.592000, 15.14, 1.04, 2025-01-07T10:00:00+00:00, 2025-01-07T10:30:00+00:00
0.355000, 8.45, 1.04, 2025-01-07T10:30:00+00:00, 2025-01-07T11:00:00+00:00
0.352000, 7.51, 1.04, 2025-01-07T11:00:00+00:00, 2025-01-07T11:30:00+00:00
0.361000, 7.52, 1.04, 2025-01-07T11:30:00+00:00, 2025-01-07T12:00:00+00:00
0.025000, 0.52, 1.04, 2025-01-07T12:00:00+00:00, 2025-01-07T12:30:00+00:00
0.003000, 0.06, 1.04, 2025-01-07T12:30:00+00:00, 2025-01-07T13:00:00+00:00
0.004000, 0.08, 1.04, 2025-01-07T13:00:00+00:00, 2025-01-07T13:30:00+00:00
0.002000, 0.04, 1.04, 2025-01-07T13:30:00+00:00, 2025-01-07T14:00:00+00:00
0.003000, 0.06, 1.04, 2025-01-07T14:00:00+00:00, 2025-01-07T14:30:00+00:00
0.002000, 0.04, 1.04, 2025-01-07T14:30:00+00:00, 2025-01-07T15:00:00+00:00
0.002000, 0.04, 1.04, 2025-01-07T15:00:00+00:00, 2025-01-07T15:30:00+00:00
0.003000, 0.08, 1.04, 2025-01-07T15:30:00+00:00, 2025-01-07T16:00:00+00:00
0.002000, 0.07, 1.04, 2025-01-07T16:00:00+00:00, 2025-01-07T16:30:00+00:00
0.003000, 0.12, 1.04, 2025-01-07T16:30:00+00:00, 2025-01-07T17:00:00+00:00
0.008000, 0.31, 1.04, 2025-01-07T17:00:00+00:00, 2025-01-07T17:30:00+00:00
0.085000, 3.38, 1.04, 2025-01-07T17:30:00+00:00, 2025-01-07T18:00:00+00:00
0.023000, 0.9, 1.04, 2025-01-07T18:00:00+00:00, 2025-01-07T18:30:00+00:00
0.003000, 0.11, 1.04, 2025-01-07T18:30:00+00:00, 2025-01-07T19:00:00+00:00
0.004000, 0.1, 1.04, 2025-01-07T19:00:00+00:00, 2025-01-07T19:30:00+00:00
0.003000, 0.08, 1.04, 2025-01-07T19:30:00+00:00, 2025-01-07T20:00:00+00:00
0.016000, 0.37, 1.04, 2025-01-07T20:00:00+00:00, 2025-01-07T20:30:00+00:00
0.261000, 5.77, 1.04, 2025-01-07T20:30:00+00:00, 2025-01-07T21:00:00+00:00
0.375000, 8.56, 1.04, 2025-01-07T21:00:00+00:00, 2025-01-07T21:30:00+00:00
0.303000, 6.87, 1.04, 2025-01-07T21:30:00+00:00, 2025-01-07T22:00:00+00:00
0.379000, 8.36, 1.04, 2025-01-07T22:00:00+00:00, 2025-01-07T22:30:00+00:00
0.355000, 6.92, 1.04, 2025-01-07T22:30:00+00:00, 2025-01-07T23:00:00+00:00
0.234000, 4.21, 1.04, 2025-01-07T23:00:00+00:00, 2025-01-07T23:30:00+00:00
0.207000, 3.2, 1.04, 2025-01-07T23:30:00+00:00, 2025-01-08T00:00:00+00:00
0.208000, 2.63, 1.04, 2025-01-08T00:00:00+00:00, 2025-01-08T00:30:00+00:00
0.225000, 4.29, 1.04, 2025-01-08T00:30:00+00:00, 2025-01-08T01:00:00+00:00
0.178000, 2.9, 1.04, 2025-01-08T01:00:00+00:00, 2025-01-08T01:30:00+00:00
0.238000, 3.37, 1.04, 2025-01-08T01:30:00+00:00, 2025-01-08T02:00:00+00:00
0.305000, 4.22, 1.04, 2025-01-08T02:00:00+00:00, 2025-01-08T02:30:00+00:00
0.244000, 3.49, 1.04, 2025-01-08T02:30:00+00:00, 2025-01-08T03:00:00+00:00
0.218000, 3.09, 1.04, 2025-01-08T03:00:00+00:00, 2025-01-08T03:30:00+00:00
0.210000, 2.92, 1.04, 2025-01-08T03:30:00+00:00, 2025-01-08T04:00:00+00:00
1.301000, 24.4, 1.04, 2025-01-08T04:00:00+00:00, 2025-01-08T04:30:00+00:00
1.289000, 22.74, 1.04, 2025-01-08T04:30:00+00:00, 2025-01-08T05:00:00+00:00
1.275000, 24.18, 1.04, 2025-01-08T05:00:00+00:00, 2025-01-08T05:30:00+00:00
1.282000, 22.61, 1.04, 2025-01-08T05:30:00+00:00, 2025-01-08T06:00:00+00:00
1.264000, 24.53, 1.04, 2025-01-08T06:00:00+00:00, 2025-01-08T06:30:00+00:00
1.298000, 26.58, 1.04, 2025-01-08T06:30:00+00:00, 2025-01-08T07:00:00+00:00
1.303000, 29.59, 1.04, 2025-01-08T07:00:00+00:00, 2025-01-08T07:30:00+00:00
1.371000, 36.28, 1.04, 2025-01-08T07:30:00+00:00, 2025-01-08T08:00:00+00:00
0.055000, 1.44, 1.04, 2025-01-08T08:00:00+00:00, 2025-01-08T08:30:00+00:00
0.005000, 0.13, 1.04, 2025-01-08T08:30:00+00:00, 2025-01-08T09:00:00+00:00
1.415000, 44.78, 1.04, 2025-01-08T09:00:00+00:00, 2025-01-08T09:30:00+00:00
1.308000, 41.39, 1.04, 2025-01-08T09:30:00+00:00, 2025-01-08T10:00:00+00:00
0.563000, 17.88, 1.04, 2025-01-08T10:00:00+00:00, 2025-01-08T10:30:00+00:00
0.332000, 10.54, 1.04, 2025-01-08T10:30:00+00:00, 2025-01-08T11:00:00+00:00
0.353000, 12.02, 1.04, 2025-01-08T11:00:00+00:00, 2025-01-08T11:30:00+00:00
0.446000, 14.16, 1.04, 2025-01-08T11:30:00+00:00, 2025-01-08T12:00:00+00:00
0.014000, 0.54, 1.04, 2025-01-08T12:00:00+00:00, 2025-01-08T12:30:00+00:00
0.004000, 0.18, 1.04, 2025-01-08T12:30:00+00:00, 2025-01-08T13:00:00+00:00
0.003000, 0.17, 1.04, 2025-01-08T13:00:00+00:00, 2025-01-08T13:30:00+00:00
0.004000, 0.24, 1.04, 2025-01-08T13:30:00+00:00, 2025-01-08T14:00:00+00:00
0.002000, 0.12, 1.04, 2025-01-08T14:00:00+00:00, 2025-01-08T14:30:00+00:00
0.003000, 0.19, 1.04, 2025-01-08T14:30:00+00:00, 2025-01-08T15:00:00+00:00
0.003000, 0.15, 1.04, 2025-01-08T15:00:00+00:00, 2025-01-08T15:30:00+00:00
0.173000, 12.14, 1.04, 2025-01-08T15:30:00+00:00, 2025-01-08T16:00:00+00:00
0.000000, 0, 1.04, 2025-01-08T16:00:00+00:00, 2025-01-08T16:30:00+00:00
0.000000, 0, 1.04, 2025-01-08T16:30:00+00:00, 2025-01-08T17:00:00+00:00
0.004000, 0.37, 1.04, 2025-01-08T17:00:00+00:00, 2025-01-08T17:30:00+00:00
0.003000, 0.29, 1.04, 2025-01-08T17:30:00+00:00, 2025-01-08T18:00:00+00:00
0.017000, 1.7, 1.04, 2025-01-08T18:00:00+00:00, 2025-01-08T18:30:00+00:00
0.174000, 16.39, 1.04, 2025-01-08T18:30:00+00:00, 2025-01-08T19:00:00+00:00
0.575000, 37.02, 1.04, 2025-01-08T19:00:00+00:00, 2025-01-08T19:30:00+00:00
0.488000, 26.91, 1.04, 2025-01-08T19:30:00+00:00, 2025-01-08T20:00:00+00:00
0.444000, 20.17, 1.04, 2025-01-08T20:00:00+00:00, 2025-01-08T20:30:00+00:00
0.503000, 14.64, 1.04, 2025-01-08T20:30:00+00:00, 2025-01-08T21:00:00+00:00
0.522000, 15.84, 1.04, 2025-01-08T21:00:00+00:00, 2025-01-08T21:30:00+00:00
0.350000, 7.91, 1.04, 2025-01-08T21:30:00+00:00, 2025-01-08T22:00:00+00:00
0.282000, 6.72, 1.04, 2025-01-08T22:00:00+00:00, 2025-01-08T22:30:00+00:00
0.266000, 5.1, 1.04, 2025-01-08T22:30:00+00:00, 2025-01-08T23:00:00+00:00
0.200000, 5.32, 1.04, 2025-01-08T23:00:00+00:00, 2025-01-08T23:30:00+00:00
0.235000, 5.23, 1.04, 2025-01-08T23:30:00+00:00, 2025-01-09T00:00:00+00:00
0.209000, 4.29, 1.04, 2025-01-09T00:00:00+00:00, 2025-01-09T00:30:00+00:00
0.226000, 5.93, 1.04, 2025-01-09T00:30:00+00:00, 2025-01-09T01:00:00+00:00
0.290000, 6.65, 1.04, 2025-01-09T01:00:00+00:00, 2025-01-09T01:30:00+00:00
0.237000, 4.89, 1.04, 2025-01-09T01:30:00+00:00, 2025-01-09T02:00:00+00:00
0.255000, 5, 1.04, 2025-01-09T02:00:00+00:00, 2025-01-09T02:30:00+00:00
0.202000, 3.32, 1.04, 2025-01-09T02:30:00+00:00, 2025-01-09T03:00:00+00:00
0.212000, 4.21, 1.04, 2025-01-09T03:00:00+00:00, 2025-01-09T03:30:00+00:00
0.203000, 3.84, 1.04, 2025-01-09T03:30:00+00:00, 2025-01-09T04:00:00+00:00
1.291000, 25.59, 1.04, 2025-01-09T04:00:00+00:00, 2025-01-09T04:30:00+00:00
1.314000, 23.76, 1.04, 2025-01-09T04:30:00+00:00, 2025-01-09T05:00:00+00:00
1.284000, 26.05, 1.04, 2025-01-09T05:00:00+00:00, 2025-01-09T05:30:00+00:00
1.290000, 25.87, 1.04, 2025-01-09T05:30:00+00:00, 2025-01-09T06:00:00+00:00
1.277000, 26.75, 1.04, 2025-01-09T06:00:00+00:00, 2025-01-09T06:30:00+00:00
1.328000, 30.2, 1.04, 2025-01-09T06:30:00+00:00, 2025-01-09T07:00:00+00:00
1.298000, 31.78, 1.04, 2025-01-09T07:00:00+00:00, 2025-01-09T07:30:00+00:00
1.312000, 37.36, 1.04, 2025-01-09T07:30:00+00:00, 2025-01-09T08:00:00+00:00
0.050000, 1.47, 1.04, 2025-01-09T08:00:00+00:00, 2025-01-09T08:30:00+00:00
0.005000, 0.15, 1.04, 2025-01-09T08:30:00+00:00, 2025-01-09T09:00:00+00:00
1.427000, 41.28, 1.04, 2025-01-09T09:00:00+00:00, 2025-01-09T09:30:00+00:00
1.116000, 30.63, 1.04, 2025-01-09T09:30:00+00:00, 2025-01-09T10:00:00+00:00
0.342000, 9.73, 1.04, 2025-01-09T10:00:00+00:00, 2025-01-09T10:30:00+00:00
0.310000, 7.86, 1.04, 2025-01-09T10:30:00+00:00, 2025-01-09T11:00:00+00:00
0.671000, 16.57, 1.04, 2025-01-09T11:00:00+00:00, 2025-01-09T11:30:00+00:00
1.382000, 27.43, 1.04, 2025-01-09T11:30:00+00:00, 2025-01-09T12:00:00+00:00
0.041000, 0.92, 1.04, 2025-01-09T12:00:00+00:00, 2025-01-09T12:30:00+00:00
0.027000, 0.6, 1.04, 2025-01-09T12:30:00+00:00, 2025-01-09T13:00:00+00:00
0.005000, 0.1, 1.04, 2025-01-09T13:00:00+00:00, 2025-01-09T13:30:00+00:00
0.004000, 0.08, 1.04, 2025-01-09T13:30:00+00:00, 2025-01-09T14:00:00+00:00
0.003000, 0.06, 1.04, 2025-01-09T14:00:00+00:00, 2025-01-09T14:30:00+00:00
0.002000, 0.05, 1.04, 2025-01-09T14:30:00+00:00, 2025-01-09T15:00:00+00:00
0.002000, 0.04, 1.04, 2025-01-09T15:00:00+00:00, 2025-01-09T15:30:00+00:00
0.002000, 0.05, 1.04, 2025-01-09T15:30:00+00:00, 2025-01-09T16:00:00+00:00
0.005000, 0.17, 1.04, 2025-01-09T16:00:00+00:00, 2025-01-09T16:30:00+00:00
0.002000, 0.08, 1.04, 2025-01-09T16:30:00+00:00, 2025-01-09T17:00:00+00:00
0.004000, 0.15, 1.04, 2025-01-09T17:00:00+00:00, 2025-01-09T17:30:00+00:00
0.057000, 2.23, 1.04, 2025-01-09T17:30:00+00:00, 2025-01-09T18:00:00+00:00
0.011000, 0.42, 1.04, 2025-01-09T18:00:00+00:00, 2025-01-09T18:30:00+00:00
0.003000, 0.11, 1.04, 2025-01-09T18:30:00+00:00, 2025-01-09T19:00:00+00:00
0.006000, 0.15, 1.04, 2025-01-09T19:00:00+00:00, 2025-01-09T19:30:00+00:00
0.509000, 10.55, 1.04, 2025-01-09T19:30:00+00:00, 2025-01-09T20:00:00+00:00
0.403000, 9.17, 1.04, 2025-01-09T20:00:00+00:00, 2025-01-09T20:30:00+00:00
0.475000, 9.32, 1.04, 2025-01-09T20:30:00+00:00, 2025-01-09T21:00:00+00:00
0.386000, 9.45, 1.04, 2025-01-09T21:00:00+00:00, 2025-01-09T21:30:00+00:00
0.380000, 6.99, 1.04, 2025-01-09T21:30:00+00:00, 2025-01-09T22:00:00+00:00
0.359000, 7.34, 1.04, 2025-01-09T22:00:00+00:00, 2025-01-09T22:30:00+00:00
0.262000, 4.85, 1.04, 2025-01-09T22:30:00+00:00, 2025-01-09T23:00:00+00:00
0.220000, 4.3, 1.04, 2025-01-09T23:00:00+00:00, 2025-01-09T23:30:00+00:00
0.207000, 4.04, 1.04, 2025-01-09T23:30:00+00:00, 2025-01-10T00:00:00+00:00
0.213000, 2.95, 1.04, 2025-01-10T00:00:00+00:00, 2025-01-10T00:30:00+00:00
0.212000, 4.14, 1.04, 2025-01-10T00:30:00+00:00, 2025-01-10T01:00:00+00:00
0.205000, 3.93, 1.04, 2025-01-10T01:00:00+00:00, 2025-01-10T01:30:00+00:00
0.216000, 3.09, 1.04, 2025-01-10T01:30:00+00:00, 2025-01-10T02:00:00+00:00
0.201000, 3.86, 1.04, 2025-01-10T02:00:00+00:00, 2025-01-10T02:30:00+00:00
0.216000, 4.22, 1.04, 2025-01-10T02:30:00+00:00, 2025-01-10T03:00:00+00:00
0.190000, 3.35, 1.04, 2025-01-10T03:00:00+00:00, 2025-01-10T03:30:00+00:00
0.214000, 3.3, 1.04, 2025-01-10T03:30:00+00:00, 2025-01-10T04:00:00+00:00
1.288000, 23.57, 1.04, 2025-01-10T04:00:00+00:00, 2025-01-10T04:30:00+00:00
1.290000, 22.46, 1.04, 2025-01-10T04:30:00+00:00, 2025-01-10T05:00:00+00:00
1.296000, 24.58, 1.04, 2025-01-10T05:00:00+00:00, 2025-01-10T05:30:00+00:00
1.272000, 24.4, 1.04, 2025-01-10T05:30:00+00:00, 2025-01-10T06:00:00+00:00
1.302000, 25.43, 1.04, 2025-01-10T06:00:00+00:00, 2025-01-10T06:30:00+00:00
1.295000, 28.72, 1.04, 2025-01-10T06:30:00+00:00, 2025-01-10T07:00:00+00:00
1.322000, 37.31, 1.04, 2025-01-10T07:00:00+00:00, 2025-01-10T07:30:00+00:00
1.274000, 44.38, 1.04, 2025-01-10T07:30:00+00:00, 2025-01-10T08:00:00+00:00
0.051000, 2.45, 1.04, 2025-01-10T08:00:00+00:00, 2025-01-10T08:30:00+00:00
0.004000, 0.23, 1.04, 2025-01-10T08:30:00+00:00, 2025-01-10T09:00:00+00:00
1.361000, 92.67, 1.04, 2025-01-10T09:00:00+00:00, 2025-01-10T09:30:00+00:00
1.056000, 69.54, 1.04, 2025-01-10T09:30:00+00:00, 2025-01-10T10:00:00+00:00
0.332000, 24.08, 1.04, 2025-01-10T10:00:00+00:00, 2025-01-10T10:30:00+00:00
0.286000, 17.34, 1.04, 2025-01-10T10:30:00+00:00, 2025-01-10T11:00:00+00:00
0.334000, 23.71, 1.04, 2025-01-10T11:00:00+00:00, 2025-01-10T11:30:00+00:00
0.415000, 29.28, 1.04, 2025-01-10T11:30:00+00:00, 2025-01-10T12:00:00+00:00
0.011000, 0.85, 1.04, 2025-01-10T12:00:00+00:00, 2025-01-10T12:30:00+00:00
0.007000, 0.54, 1.04, 2025-01-10T12:30:00+00:00, 2025-01-10T13:00:00+00:00
0.272000, 23.99, 1.04, 2025-01-10T13:00:00+00:00, 2025-01-10T13:30:00+00:00
0.009000, 0.6, 1.04, 2025-01-10T13:30:00+00:00, 2025-01-10T14:00:00+00:00
0.004000, 0.25, 1.04, 2025-01-10T14:00:00+00:00, 2025-01-10T14:30:00+00:00
0.002000, 0.18, 1.04, 2025-01-10T14:30:00+00:00, 2025-01-10T15:00:00+00:00
0.003000, 0.17, 1.04, 2025-01-10T15:00:00+00:00, 2025-01-10T15:30:00+00:00
0.003000, 0.3, 1.04, 2025-01-10T15:30:00+00:00, 2025-01-10T16:00:00+00:00
0.003000, 0.26, 1.04, 2025-01-10T16:00:00+00:00, 2025-01-10T16:30:00+00:00
0.005000, 0.5, 1.04, 2025-01-10T16:30:00+00:00, 2025-01-10T17:00:00+00:00
0.018000, 1.8, 1.04, 2025-01-10T17:00:00+00:00, 2025-01-10T17:30:00+00:00
0.021000, 2.1, 1.04, 2025-01-10T17:30:00+00:00, 2025-01-10T18:00:00+00:00
0.010000, 1, 1.04, 2025-01-10T18:00:00+00:00, 2025-01-10T18:30:00+00:00
0.005000, 0.5, 1.04, 2025-01-10T18:30:00+00:00, 2025-01-10T19:00:00+00:00
0.007000, 0.7, 1.04, 2025-01-10T19:00:00+00:00, 2025-01-10T19:30:00+00:00
0.156000, 8.6, 1.04, 2025-01-10T19:30:00+00:00, 2025-01-10T20:00:00+00:00
0.489000, 35.91, 1.04, 2025-01-10T20:00:00+00:00, 2025-01-10T20:30:00+00:00
0.471000, 16.62, 1.04, 2025-01-10T20:30:00+00:00, 2025-01-10T21:00:00+00:00
0.462000, 14.02, 1.04, 2025-01-10T21:00:00+00:00, 2025-01-10T21:30:00+00:00
0.338000, 7.67, 1.04, 2025-01-10T21:30:00+00:00, 2025-01-10T22:00:00+00:00
0.279000, 8.58, 1.04, 2025-01-10T22:00:00+00:00, 2025-01-10T22:30:00+00:00
0.220000, 4.84, 1.04, 2025-01-10T22:30:00+00:00, 2025-01-10T23:00:00+00:00
0.234000, 5.88, 1.04, 2025-01-10T23:00:00+00:00, 2025-01-10T23:30:00+00:00
0.236000, 4.88, 1.04, 2025-01-10T23:30:00+00:00, 2025-01-11T00:00:00+00:00
0.217000, 4.31, 1.04, 2025-01-11T00:00:00+00:00, 2025-01-11T00:30:00+00:00
0.311000, 7.89, 1.04, 2025-01-11T00:30:00+00:00, 2025-01-11T01:00:00+00:00
0.242000, 5.14, 1.04, 2025-01-11T01:00:00+00:00, 2025-01-11T01:30:00+00:00
0.247000, 4.9, 1.04, 2025-01-11T01:30:00+00:00, 2025-01-11T02:00:00+00:00
0.233000, 4.75, 1.04, 2025-01-11T02:00:00+00:00, 2025-01-11T02:30:00+00:00
0.189000, 3.68, 1.04, 2025-01-11T02:30:00+00:00, 2025-01-11T03:00:00+00:00
0.235000, 4.75, 1.04, 2025-01-11T03:00:00+00:00, 2025-01-11T03:30:00+00:00
0.231000, 4.48, 1.04, 2025-01-11T03:30:00+00:00, 2025-01-11T04:00:00+00:00
1.263000, 24.23, 1.04, 2025-01-11T04:00:00+00:00, 2025-01-11T04:30:00+00:00
1.323000, 24.8, 1.04, 2025-01-11T04:30:00+00:00, 2025-01-11T05:00:00+00:00
1.287000, 24.84, 1.04, 2025-01-11T05:00:00+00:00, 2025-01-11T05:30:00+00:00
1.302000, 25.26, 1.04, 2025-01-11T05:30:00+00:00, 2025-01-11T06:00:00+00:00
1.291000, 28.33, 1.04, 2025-01-11T06:00:00+00:00, 2025-01-11T06:30:00+00:00
1.279000, 28.07, 1.04, 2025-01-11T06:30:00+00:00, 2025-01-11T07:00:00+00:00
1.305000, 27.06, 1.04, 2025-01-11T07:00:00+00:00, 2025-01-11T07:30:00+00:00
1.298000, 28.48, 1.04, 2025-01-11T07:30:00+00:00, 2025-01-11T08:00:00+00:00
0.051000, 1.06, 1.04, 2025-01-11T08:00:00+00:00, 2025-01-11T08:30:00+00:00
0.003000, 0.08, 1.04, 2025-01-11T08:30:00+00:00, 2025-01-11T09:00:00+00:00
1.402000, 32.15, 1.04, 2025-01-11T09:00:00+00:00, 2025-01-11T09:30:00+00:00
1.398000, 33.44, 1.04, 2025-01-11T09:30:00+00:00, 2025-01-11T10:00:00+00:00
0.766000, 19.59, 1.04, 2025-01-11T10:00:00+00:00, 2025-01-11T10:30:00+00:00
0.321000, 7.73, 1.04, 2025-01-11T10:30:00+00:00, 2025-01-11T11:00:00+00:00
0.868000, 20.73, 1.04, 2025-01-11T11:00:00+00:00, 2025-01-11T11:30:00+00:00
1.129000, 24.33, 1.04, 2025-01-11T11:30:00+00:00, 2025-01-11T12:00:00+00:00
0.013000, 0.28, 1.04, 2025-01-11T12:00:00+00:00, 2025-01-11T12:30:00+00:00
0.004000, 0.09, 1.04, 2025-01-11T12:30:00+00:00, 2025-01-11T13:00:00+00:00
0.002000, 0.04, 1.04, 2025-01-11T13:00:00+00:00, 2025-01-11T13:30:00+00:00
0.003000, 0.06, 1.04, 2025-01-11T13:30:00+00:00, 2025-01-11T14:00:00+00:00
0.002000, 0.04, 1.04, 2025-01-11T14:00:00+00:00, 2025-01-11T14:30:00+00:00
0.004000, 0.09, 1.04, 2025-01-11T14:30:00+00:00, 2025-01-11T15:00:00+00:00
0.011000, 0.24, 1.04, 2025-01-11T15:00:00+00:00, 2025-01-11T15:30:00+00:00
0.108000, 2.95, 1.04, 2025-01-11T15:30:00+00:00, 2025-01-11T16:00:00+00:00
0.003000, 0.11, 1.04, 2025-01-11T16:00:00+00:00, 2025-01-11T16:30:00+00:00
0.007000, 0.32, 1.04, 2025-01-11T16:30:00+00:00, 2025-01-11T17:00:00+00:00
0.008000, 0.33, 1.04, 2025-01-11T17:00:00+00:00, 2025-01-11T17:30:00+00:00
0.008000, 0.36, 1.04, 2025-01-11T17:30:00+00:00, 2025-01-11T18:00:00+00:00
0.047000, 2.1, 1.04, 2025-01-11T18:00:00+00:00, 2025-01-11T18:30:00+00:00
0.014000, 0.56, 1.04, 2025-01-11T18:30:00+00:00, 2025-01-11T19:00:00+00:00
0.011000, 0.32, 1.04, 2025-01-11T19:00:00+00:00, 2025-01-11T19:30:00+00:00
0.004000, 0.09, 1.04, 2025-01-11T19:30:00+00:00, 2025-01-11T20:00:00+00:00
0.002000, 0.05, 1.04, 2025-01-11T20:00:00+00:00, 2025-01-11T20:30:00+00:00
0.513000, 11.56, 1.04, 2025-01-11T20:30:00+00:00, 2025-01-11T21:00:00+00:00
0.498000, 11.19, 1.04, 2025-01-11T21:00:00+00:00, 2025-01-11T21:30:00+00:00
0.446000, 9.55, 1.04, 2025-01-11T21:30:00+00:00, 2025-01-11T22:00:00+00:00
0.416000, 9.13, 1.04, 2025-01-11T22:00:00+00:00, 2025-01-11T22:30:00+00:00
0.276000, 5.82, 1.04, 2025-01-11T22:30:00+00:00, 2025-01-11T23:00:00+00:00
0.162000, 3.91, 1.04, 2025-01-11T23:00:00+00:00, 2025-01-11T23:30:00+00:00
0.164000, 3.83, 1.04, 2025-01-11T23:30:00+00:00, 2025-01-12T00:00:00+00:00
0.148000, 3, 1.04, 2025-01-12T00:00:00+00:00, 2025-01-12T00:30:00+00:00
0.129000, 3.66, 1.04, 2025-01-12T00:30:00+00:00, 2025-01-12T01:00:00+00:00
0.132000, 3.35, 1.04, 2025-01-12T01:00:00+00:00, 2025-01-12T01:30:00+00:00
0.155000, 3.73, 1.04, 2025-01-12T01:30:00+00:00, 2025-01-12T02:00:00+00:00
0.154000, 3.36, 1.04, 2025-01-12T02:00:00+00:00, 2025-01-12T02:30:00+00:00
0.131000, 2.74, 1.04, 2025-01-12T02:30:00+00:00, 2025-01-12T03:00:00+00:00
0.135000, 2.8, 1.04, 2025-01-12T03:00:00+00:00, 2025-01-12T03:30:00+00:00
0.126000, 2.58, 1.04, 2025-01-12T03:30:00+00:00, 2025-01-12T04:00:00+00:00
1.295000, 26.26, 1.04, 2025-01-12T04:00:00+00:00, 2025-01-12T04:30:00+00:00
1.307000, 25.91, 1.04, 2025-01-12T04:30:00+00:00, 2025-01-12T05:00:00+00:00
1.280000, 25.95, 1.04, 2025-01-12T05:00:00+00:00, 2025-01-12T05:30:00+00:00
1.387000, 27.45, 1.04, 2025-01-12T05:30:00+00:00, 2025-01-12T06:00:00+00:00
1.332000, 27.01, 1.04, 2025-01-12T06:00:00+00:00, 2025-01-12T06:30:00+00:00
1.323000, 26.25, 1.04, 2025-01-12T06:30:00+00:00, 2025-01-12T07:00:00+00:00
1.299000, 26.87, 1.04, 2025-01-12T07:00:00+00:00, 2025-01-12T07:30:00+00:00
1.304000, 28.21, 1.04, 2025-01-12T07:30:00+00:00, 2025-01-12T08:00:00+00:00
0.069000, 1.41, 1.04, 2025-01-12T08:00:00+00:00, 2025-01-12T08:30:00+00:00
0.004000, 0.09, 1.04, 2025-01-12T08:30:00+00:00, 2025-01-12T09:00:00+00:00
1.464000, 34.93, 1.04, 2025-01-12T09:00:00+00:00, 2025-01-12T09:30:00+00:00
1.255000, 30.24, 1.04, 2025-01-12T09:30:00+00:00, 2025-01-12T10:00:00+00:00
0.330000, 8.47, 1.04, 2025-01-12T10:00:00+00:00, 2025-01-12T10:30:00+00:00
0.334000, 8.57, 1.04, 2025-01-12T10:30:00+00:00, 2025-01-12T11:00:00+00:00
0.381000, 9.41, 1.04, 2025-01-12T11:00:00+00:00, 2025-01-12T11:30:00+00:00
0.501000, 12.37, 1.04, 2025-01-12T11:30:00+00:00, 2025-01-12T12:00:00+00:00
0.016000, 0.38, 1.04, 2025-01-12T12:00:00+00:00, 2025-01-12T12:30:00+00:00
0.017000, 0.43, 1.04, 2025-01-12T12:30:00+00:00, 2025-01-12T13:00:00+00:00
0.003000, 0.07, 1.04, 2025-01-12T13:00:00+00:00, 2025-01-12T13:30:00+00:00
0.002000, 0.04, 1.04, 2025-01-12T13:30:00+00:00, 2025-01-12T14:00:00+00:00
0.009000, 0.2, 1.04, 2025-01-12T14:00:00+00:00, 2025-01-12T14:30:00+00:00
0.002000, 0.05, 1.04, 2025-01-12T14:30:00+00:00, 2025-01-12T15:00:00+00:00
0.003000, 0.07, 1.04, 2025-01-12T15:00:00+00:00, 2025-01-12T15:30:00+00:00
0.008000, 0.19, 1.04, 2025-01-12T15:30:00+00:00, 2025-01-12T16:00:00+00:00
0.031000, 1.14, 1.04, 2025-01-12T16:00:00+00:00, 2025-01-12T16:30:00+00:00
0.031000, 1.27, 1.04, 2025-01-12T16:30:00+00:00, 2025-01-12T17:00:00+00:00
0.004000, 0.16, 1.04, 2025-01-12T17:00:00+00:00, 2025-01-12T17:30:00+00:00
0.077000, 3.11, 1.04, 2025-01-12T17:30:00+00:00, 2025-01-12T18:00:00+00:00
0.004000, 0.16, 1.04, 2025-01-12T18:00:00+00:00, 2025-01-12T18:30:00+00:00
0.016000, 0.56, 1.04, 2025-01-12T18:30:00+00:00, 2025-01-12T19:00:00+00:00
0.002000, 0.06, 1.04, 2025-01-12T19:00:00+00:00, 2025-01-12T19:30:00+00:00
0.009000, 0.2, 1.04, 2025-01-12T19:30:00+00:00, 2025-01-12T20:00:00+00:00
0.537000, 12.67, 1.04, 2025-01-12T20:00:00+00:00, 2025-01-12T20:30:00+00:00
0.331000, 7.22, 1.04, 2025-01-12T20:30:00+00:00, 2025-01-12T21:00:00+00:00
0.425000, 10.21, 1.04, 2025-01-12T21:00:00+00:00, 2025-01-12T21:30:00+00:00
0.420000, 8.88, 1.04, 2025-01-12T21:30:00+00:00, 2025-01-12T22:00:00+00:00
0.302000, 6.53, 1.04, 2025-01-12T22:00:00+00:00, 2025-01-12T22:30:00+00:00
0.281000, 6.01, 1.04, 2025-01-12T22:30:00+00:00, 2025-01-12T23:00:00+00:00
0.190000, 4.09, 1.04, 2025-01-12T23:00:00+00:00, 2025-01-12T23:30:00+00:00
0.241000, 4.41, 1.04, 2025-01-12T23:30:00+00:00, 2025-01-13T00:00:00+00:00
0.188000, 3.32, 1.04, 2025-01-13T00:00:00+00:00, 2025-01-13T00:30:00+00:00
0.215000, 4.69, 1.04, 2025-01-13T00:30:00+00:00, 2025-01-13T01:00:00+00:00
0.212000, 4.51, 1.04, 2025-01-13T01:00:00+00:00, 2025-01-13T01:30:00+00:00
0.167000, 3.21, 1.04, 2025-01-13T01:30:00+00:00, 2025-01-13T02:00:00+00:00
0.222000, 4.43, 1.04, 2025-01-13T02:00:00+00:00, 2025-01-13T02:30:00+00:00
0.199000, 3.79, 1.04, 2025-01-13T02:30:00+00:00, 2025-01-13T03:00:00+00:00
0.197000, 3.66, 1.04, 2025-01-13T03:00:00+00:00, 2025-01-13T03:30:00+00:00
0.196000, 3.59, 1.04, 2025-01-13T03:30:00+00:00, 2025-01-13T04:00:00+00:00
1.259000, 27.76, 1.04, 2025-01-13T04:00:00+00:00, 2025-01-13T04:30:00+00:00
1.302000, 25.96, 1.04, 2025-01-13T04:30:00+00:00, 2025-01-13T05:00:00+00:00
1.273000, 25.38, 1.04, 2025-01-13T05:00:00+00:00, 2025-01-13T05:30:00+00:00
1.264000, 24.53, 1.04, 2025-01-13T05:30:00+00:00, 2025-01-13T06:00:00+00:00
1.273000, 26.95, 1.04, 2025-01-13T06:00:00+00:00, 2025-01-13T06:30:00+00:00
1.271000, 26.9, 1.04, 2025-01-13T06:30:00+00:00, 2025-01-13T07:00:00+00:00
1.391000, 30.67, 1.04, 2025-01-13T07:00:00+00:00, 2025-01-13T07:30:00+00:00
1.397000, 32.65, 1.04, 2025-01-13T07:30:00+00:00, 2025-01-13T08:00:00+00:00
0.057000, 1.43, 1.04, 2025-01-13T08:00:00+00:00, 2025-01-13T08:30:00+00:00
0.009000, 0.24, 1.04, 2025-01-13T08:30:00+00:00, 2025-01-13T09:00:00+00:00
1.479000, 35.55, 1.04, 2025-01-13T09:00:00+00:00, 2025-01-13T09:30:00+00:00
1.867000, 43.23, 1.04, 2025-01-13T09:30:00+00:00, 2025-01-13T10:00:00+00:00
0.512000, 11.37, 1.04, 2025-01-13T10:00:00+00:00, 2025-01-13T10:30:00+00:00
0.644000, 14.3, 1.04, 2025-01-13T10:30:00+00:00, 2025-01-13T11:00:00+00:00
0.626000, 12.48, 1.04, 2025-01-13T11:00:00+00:00, 2025-01-13T11:30:00+00:00
0.390000, 7.5, 1.04, 2025-01-13T11:30:00+00:00, 2025-01-13T12:00:00+00:00
0.014000, 0.27, 1.04, 2025-01-13T12:00:00+00:00, 2025-01-13T12:30:00+00:00
0.004000, 0.08, 1.04, 2025-01-13T12:30:00+00:00, 2025-01-13T13:00:00+00:00
0.003000, 0.06, 1.04, 2025-01-13T13:00:00+00:00, 2025-01-13T13:30:00+00:00
0.002000, 0.04, 1.04, 2025-01-13T13:30:00+00:00, 2025-01-13T14:00:00+00:00
0.002000, 0.04, 1.04, 2025-01-13T14:00:00+00:00, 2025-01-13T14:30:00+00:00
0.003000, 0.06, 1.04, 2025-01-13T14:30:00+00:00, 2025-01-13T15:00:00+00:00
0.002000, 0.04, 1.04, 2025-01-13T15:00:00+00:00, 2025-01-13T15:30:00+00:00
0.004000, 0.09, 1.04, 2025-01-13T15:30:00+00:00, 2025-01-13T16:00:00+00:00
0.013000, 0.47, 1.04, 2025-01-13T16:00:00+00:00, 2025-01-13T16:30:00+00:00
0.001000, 0.04, 1.04, 2025-01-13T16:30:00+00:00, 2025-01-13T17:00:00+00:00
0.003000, 0.12, 1.04, 2025-01-13T17:00:00+00:00, 2025-01-13T17:30:00+00:00
0.018000, 0.72, 1.04, 2025-01-13T17:30:00+00:00, 2025-01-13T18:00:00+00:00
0.012000, 0.49, 1.04, 2025-01-13T18:00:00+00:00, 2025-01-13T18:30:00+00:00
0.015000, 0.55, 1.04, 2025-01-13T18:30:00+00:00, 2025-01-13T19:00:00+00:00
0.002000, 0.06, 1.04, 2025-01-13T19:00:00+00:00, 2025-01-13T19:30:00+00:00
0.003000, 0.07, 1.04, 2025-01-13T19:30:00+00:00, 2025-01-13T20:00:00+00:00
0.003000, 0.07, 1.04, 2025-01-13T20:00:00+00:00, 2025-01-13T20:30:00+00:00
0.005000, 0.1, 1.04, 2025-01-13T20:30:00+00:00, 2025-01-13T21:00:00+00:00
0.007000, 0.19, 1.04, 2025-01-13T21:00:00+00:00, 2025-01-13T21:30:00+00:00
0.263000, 5.28, 1.04, 2025-01-13T21:30:00+00:00, 2025-01-13T22:00:00+00:00
0.443000, 9.87, 1.04, 2025-01-13T22:00:00+00:00, 2025-01-13T22:30:00+00:00
0.302000, 6.33, 1.04, 2025-01-13T22:30:00+00:00, 2025-01-13T23:00:00+00:00
0.254000, 5.32, 1.04, 2025-01-13T23:00:00+00:00, 2025-01-13T23:30:00+00:00
0.194000, 3.85, 1.04, 2025-01-13T23:30:00+00:00, 2025-01-14T00:00:00+00:00
0.238000, 4.67, 1.04, 2025-01-14T00:00:00+00:00, 2025-01-14T00:30:00+00:00
0.204000, 4.17, 1.04, 2025-01-14T00:30:00+00:00, 2025-01-14T01:00:00+00:00
0.218000, 4.56, 1.04, 2025-01-14T01:00:00+00:00, 2025-01-14T01:30:00+00:00
0.195000, 3.96, 1.04, 2025-01-14T01:30:00+00:00, 2025-01-14T02:00:00+00:00
0.215000, 4.36, 1.04, 2025-01-14T02:00:00+00:00, 2025-01-14T02:30:00+00:00
0.216000, 4.38, 1.04, 2025-01-14T02:30:00+00:00, 2025-01-14T03:00:00+00:00
0.197000, 4, 1.04, 2025-01-14T03:00:00+00:00, 2025-01-14T03:30:00+00:00
0.229000, 4.6, 1.04, 2025-01-14T03:30:00+00:00, 2025-01-14T04:00:00+00:00
1.378000, 27.95, 1.04, 2025-01-14T04:00:00+00:00, 2025-01-14T04:30:00+00:00
1.340000, 27.18, 1.04, 2025-01-14T04:30:00+00:00, 2025-01-14T05:00:00+00:00
1.294000, 26.39, 1.04, 2025-01-14T05:00:00+00:00, 2025-01-14T05:30:00+00:00
1.297000, 27.11, 1.04, 2025-01-14T05:30:00+00:00, 2025-01-14T06:00:00+00:00
1.286000, 29.52, 1.04, 2025-01-14T06:00:00+00:00, 2025-01-14T06:30:00+00:00
1.298000, 28.05, 1.04, 2025-01-14T06:30:00+00:00, 2025-01-14T07:00:00+00:00
1.310000, 29.42, 1.04, 2025-01-14T07:00:00+00:00, 2025-01-14T07:30:00+00:00
1.398000, 41.19, 1.04, 2025-01-14T07:30:00+00:00, 2025-01-14T08:00:00+00:00
0.055000, 1.66, 1.04, 2025-01-14T08:00:00+00:00, 2025-01-14T08:30:00+00:00
0.005000, 0.14, 1.04, 2025-01-14T08:30:00+00:00, 2025-01-14T09:00:00+00:00
1.569000, 38.4, 1.04, 2025-01-14T09:00:00+00:00, 2025-01-14T09:30:00+00:00
1.827000, 42.55, 1.04, 2025-01-14T09:30:00+00:00, 2025-01-14T10:00:00+00:00
0.425000, 9.28, 1.04, 2025-01-14T10:00:00+00:00, 2025-01-14T10:30:00+00:00
0.291000, 6.29, 1.04, 2025-01-14T10:30:00+00:00, 2025-01-14T11:00:00+00:00
0.320000, 6.93, 1.04, 2025-01-14T11:00:00+00:00, 2025-01-14T11:30:00+00:00
0.303000, 6.81, 1.04, 2025-01-14T11:30:00+00:00, 2025-01-14T12:00:00+00:00
0.053000, 1.13, 1.04, 2025-01-14T12:00:00+00:00, 2025-01-14T12:30:00+00:00
0.016000, 0.34, 1.04, 2025-01-14T12:30:00+00:00, 2025-01-14T13:00:00+00:00
0.003000, 0.06, 1.04, 2025-01-14T13:00:00+00:00, 2025-01-14T13:30:00+00:00
0.002000, 0.04, 1.04, 2025-01-14T13:30:00+00:00, 2025-01-14T14:00:00+00:00
0.003000, 0.08, 1.04, 2025-01-14T14:00:00+00:00, 2025-01-14T14:30:00+00:00
0.002000, 0.05, 1.04, 2025-01-14T14:30:00+00:00, 2025-01-14T15:00:00+00:00
0.001000, 0.03, 1.04, 2025-01-14T15:00:00+00:00, 2025-01-14T15:30:00+00:00
0.002000, 0.06, 1.04, 2025-01-14T15:30:00+00:00, 2025-01-14T16:00:00+00:00
0.002000, 0.08, 1.04, 2025-01-14T16:00:00+00:00, 2025-01-14T16:30:00+00:00
0.002000, 0.09, 1.04, 2025-01-14T16:30:00+00:00, 2025-01-14T17:00:00+00:00
0.015000, 0.7, 1.04, 2025-01-14T17:00:00+00:00, 2025-01-14T17:30:00+00:00
0.064000, 2.97, 1.04, 2025-01-14T17:30:00+00:00, 2025-01-14T18:00:00+00:00
0.400000, 18.27, 1.04, 2025-01-14T18:00:00+00:00, 2025-01-14T18:30:00+00:00
0.060000, 2.54, 1.04, 2025-01-14T18:30:00+00:00, 2025-01-14T19:00:00+00:00
0.006000, 0.17, 1.04, 2025-01-14T19:00:00+00:00, 2025-01-14T19:30:00+00:00
0.006000, 0.16, 1.04, 2025-01-14T19:30:00+00:00, 2025-01-14T20:00:00+00:00
0.161000, 4.04, 1.04, 2025-01-14T20:00:00+00:00, 2025-01-14T20:30:00+00:00
0.452000, 9.62, 1.04, 2025-01-14T20:30:00+00:00, 2025-01-14T21:00:00+00:00
0.553000, 13.9, 1.04, 2025-01-14T21:00:00+00:00, 2025-01-14T21:30:00+00:00
0.514000, 10.43, 1.04, 2025-01-14T21:30:00+00:00, 2025-01-14T22:00:00+00:00
0.406000, 8.5, 1.04, 2025-01-14T22:00:00+00:00, 2025-01-14T22:30:00+00:00
0.388000, 7.7, 1.04, 2025-01-14T22:30:00+00:00, 2025-01-14T23:00:00+00:00
0.261000, 6.16, 1.04, 2025-01-14T23:00:00+00:00, 2025-01-14T23:30:00+00:00
0.241000, 5.4, 1.04, 2025-01-14T23:30:00+00:00, 2025-01-15T00:00:00+00:00
0.212000, 4.43, 1.04, 2025-01-15T00:00:00+00:00, 2025-01-15T00:30:00+00:00
0.246000, 5.43, 1.04, 2025-01-15T00:30:00+00:00, 2025-01-15T01:00:00+00:00
0.292000, 6.1, 1.04, 2025-01-15T01:00:00+00:00, 2025-01-15T01:30:00+00:00
0.248000, 5.18, 1.04, 2025-01-15T01:30:00+00:00, 2025-01-15T02:00:00+00:00
0.211000, 4.41, 1.04, 2025-01-15T02:00:00+00:00, 2025-01-15T02:30:00+00:00
0.231000, 4.82, 1.04, 2025-01-15T02:30:00+00:00, 2025-01-15T03:00:00+00:00
0.201000, 4.19, 1.04, 2025-01-15T03:00:00+00:00, 2025-01-15T03:30:00+00:00
0.208000, 4.35, 1.04, 2025-01-15T03:30:00+00:00, 2025-01-15T04:00:00+00:00
1.295000, 27.07, 1.04, 2025-01-15T04:00:00+00:00, 2025-01-15T04:30:00+00:00
1.287000, 26.91, 1.04, 2025-01-15T04:30:00+00:00, 2025-01-15T05:00:00+00:00
1.285000, 31.17, 1.04, 2025-01-15T05:00:00+00:00, 2025-01-15T05:30:00+00:00
1.291000, 27.64, 1.04, 2025-01-15T05:30:00+00:00, 2025-01-15T06:00:00+00:00
1.282000, 28.27, 1.04, 2025-01-15T06:00:00+00:00, 2025-01-15T06:30:00+00:00
1.302000, 32.15, 1.04, 2025-01-15T06:30:00+00:00, 2025-01-15T07:00:00+00:00
1.298000, 36.92, 1.04, 2025-01-15T07:00:00+00:00, 2025-01-15T07:30:00+00:00
1.397000, 40.85, 1.04, 2025-01-15T07:30:00+00:00, 2025-01-15T08:00:00+00:00
0.055000, 1.69, 1.04, 2025-01-15T08:00:00+00:00, 2025-01-15T08:30:00+00:00
0.003000, 0.09, 1.04, 2025-01-15T08:30:00+00:00, 2025-01-15T09:00:00+00:00
1.439000, 42.84, 1.04, 2025-01-15T09:00:00+00:00, 2025-01-15T09:30:00+00:00
1.152000, 34.55, 1.04, 2025-01-15T09:30:00+00:00, 2025-01-15T10:00:00+00:00
0.329000, 9.4, 1.04, 2025-01-15T10:00:00+00:00, 2025-01-15T10:30:00+00:00
0.219000, 6.17, 1.04, 2025-01-15T10:30:00+00:00, 2025-01-15T11:00:00+00:00
0.252000, 6.72, 1.04, 2025-01-15T11:00:00+00:00, 2025-01-15T11:30:00+00:00
0.067000, 1.71, 1.04, 2025-01-15T11:30:00+00:00, 2025-01-15T12:00:00+00:00
0.001000, 0.03, 1.04, 2025-01-15T12:00:00+00:00, 2025-01-15T12:30:00+00:00
0.007000, 0.19, 1.04, 2025-01-15T12:30:00+00:00, 2025-01-15T13:00:00+00:00
0.005000, 0.13, 1.04, 2025-01-15T13:00:00+00:00, 2025-01-15T13:30:00+00:00
0.003000, 0.08, 1.04, 2025-01-15T13:30:00+00:00, 2025-01-15T14:00:00+00:00
0.001000, 0.02, 1.04, 2025-01-15T14:00:00+00:00, 2025-01-15T14:30:00+00:00
0.003000, 0.08, 1.04, 2025-01-15T14:30:00+00:00, 2025-01-15T15:00:00+00:00
0.002000, 0.05, 1.04, 2025-01-15T15:00:00+00:00, 2025-01-15T15:30:00+00:00
0.045000, 1.39, 1.04, 2025-01-15T15:30:00+00:00, 2025-01-15T16:00:00+00:00
0.004000, 0.17, 1.04, 2025-01-15T16:00:00+00:00, 2025-01-15T16:30:00+00:00
0.005000, 0.24, 1.04, 2025-01-15T16:30:00+00:00, 2025-01-15T17:00:00+00:00
0.028000, 1.44, 1.04, 2025-01-15T17:00:00+00:00, 2025-01-15T17:30:00+00:00
0.055000, 2.9, 1.04, 2025-01-15T17:30:00+00:00, 2025-01-15T18:00:00+00:00
0.041000, 2.05, 1.04, 2025-01-15T18:00:00+00:00, 2025-01-15T18:30:00+00:00
0.003000, 0.14, 1.04, 2025-01-15T18:30:00+00:00, 2025-01-15T19:00:00+00:00
0.009000, 0.28, 1.04, 2025-01-15T19:00:00+00:00, 2025-01-15T19:30:00+00:00
0.010000, 0.26, 1.04, 2025-01-15T19:30:00+00:00, 2025-01-15T20:00:00+00:00
0.008000, 0.22, 1.04, 2025-01-15T20:00:00+00:00, 2025-01-15T20:30:00+00:00
0.002000, 0.05, 1.04, 2025-01-15T20:30:00+00:00, 2025-01-15T21:00:00+00:00
0.003000, 0.08, 1.04, 2025-01-15T21:00:00+00:00, 2025-01-15T21:30:00+00:00
0.002000, 0.04, 1.04, 2025-01-15T21:30:00+00:00, 2025-01-15T22:00:00+00:00
0.003000, 0.06, 1.04, 2025-01-15T22:00:00+00:00, 2025-01-15T22:30:00+00:00
0.002000, 0.04, 1.04, 2025-01-15T22:30:00+00:00, 2025-01-15T23:00:00+00:00
0.109000, 2.45, 1.04, 2025-01-15T23:00:00+00:00, 2025-01-15T23:30:00+00:00
0.222000, 4.84, 1.04, 2025-01-15T23:30:00+00:00, 2025-01-16T00:00:00+00:00
0.206000, 4, 1.04, 2025-01-16T00:00:00+00:00, 2025-01-16T00:30:00+00:00
0.242000, 5.66, 1.04, 2025-01-16T00:30:00+00:00, 2025-01-16T01:00:00+00:00
0.269000, 5.6, 1.04, 2025-01-16T01:00:00+00:00, 2025-01-16T01:30:00+00:00
0.201000, 4.03, 1.04, 2025-01-16T01:30:00+00:00, 2025-01-16T02:00:00+00:00
0.213000, 4.55, 1.04, 2025-01-16T02:00:00+00:00, 2025-01-16T02:30:00+00:00
0.223000, 4.53, 1.04, 2025-01-16T02:30:00+00:00, 2025-01-16T03:00:00+00:00
0.192000, 3.95, 1.04, 2025-01-16T03:00:00+00:00, 2025-01-16T03:30:00+00:00
0.225000, 4.6, 1.04, 2025-01-16T03:30:00+00:00, 2025-01-16T04:00:00+00:00
1.278000, 26.13, 1.04, 2025-01-16T04:00:00+00:00, 2025-01-16T04:30:00+00:00
1.306000, 25.92, 1.04, 2025-01-16T04:30:00+00:00, 2025-01-16T05:00:00+00:00
1.278000, 26.77, 1.04, 2025-01-16T05:00:00+00:00, 2025-01-16T05:30:00+00:00
1.266000, 25.74, 1.04, 2025-01-16T05:30:00+00:00, 2025-01-16T06:00:00+00:00
1.285000, 26.35, 1.04, 2025-01-16T06:00:00+00:00, 2025-01-16T06:30:00+00:00
1.310000, 32.35, 1.04, 2025-01-16T06:30:00+00:00, 2025-01-16T07:00:00+00:00
1.329000, 31.06, 1.04, 2025-01-16T07:00:00+00:00, 2025-01-16T07:30:00+00:00
1.287000, 35.42, 1.04, 2025-01-16T07:30:00+00:00, 2025-01-16T08:00:00+00:00
0.069000, 1.99, 1.04, 2025-01-16T08:00:00+00:00, 2025-01-16T08:30:00+00:00
0.005000, 0.14, 1.04, 2025-01-16T08:30:00+00:00, 2025-01-16T09:00:00+00:00
2.055000, 58, 1.04, 2025-01-16T09:00:00+00:00, 2025-01-16T09:30:00+00:00
1.345000, 35.29, 1.04, 2025-01-16T09:30:00+00:00, 2025-01-16T10:00:00+00:00
0.461000, 11.66, 1.04, 2025-01-16T10:00:00+00:00, 2025-01-16T10:30:00+00:00
0.063000, 1.47, 1.04, 2025-01-16T10:30:00+00:00, 2025-01-16T11:00:00+00:00
0.020000, 0.48, 1.04, 2025-01-16T11:00:00+00:00, 2025-01-16T11:30:00+00:00
0.013000, 0.28, 1.04, 2025-01-16T11:30:00+00:00, 2025-01-16T12:00:00+00:00
0.001000, 0.02, 1.04, 2025-01-16T12:00:00+00:00, 2025-01-16T12:30:00+00:00
0.000000, 0, 1.04, 2025-01-16T12:30:00+00:00, 2025-01-16T13:00:00+00:00
0.001000, 0.02, 1.04, 2025-01-16T13:00:00+00:00, 2025-01-16T13:30:00+00:00
0.002000, 0.04, 1.04, 2025-01-16T13:30:00+00:00, 2025-01-16T14:00:00+00:00
0.002000, 0.04, 1.04, 2025-01-16T14:00:00+00:00, 2025-01-16T14:30:00+00:00
0.002000, 0.04, 1.04, 2025-01-16T14:30:00+00:00, 2025-01-16T15:00:00+00:00
0.004000, 0.09, 1.04, 2025-01-16T15:00:00+00:00, 2025-01-16T15:30:00+00:00
0.004000, 0.1, 1.04, 2025-01-16T15:30:00+00:00, 2025-01-16T16:00:00+00:00
0.005000, 0.19, 1.04, 2025-01-16T16:00:00+00:00, 2025-01-16T16:30:00+00:00
0.003000, 0.13, 1.04, 2025-01-16T16:30:00+00:00, 2025-01-16T17:00:00+00:00
0.003000, 0.13, 1.04, 2025-01-16T17:00:00+00:00, 2025-01-16T17:30:00+00:00
0.039000, 1.66, 1.04, 2025-01-16T17:30:00+00:00, 2025-01-16T18:00:00+00:00
0.006000, 0.25, 1.04, 2025-01-16T18:00:00+00:00, 2025-01-16T18:30:00+00:00
0.003000, 0.11, 1.04, 2025-01-16T18:30:00+00:00, 2025-01-16T19:00:00+00:00
0.011000, 0.27, 1.04, 2025-01-16T19:00:00+00:00, 2025-01-16T19:30:00+00:00
0.006000, 0.13, 1.04, 2025-01-16T19:30:00+00:00, 2025-01-16T20:00:00+00:00
0.017000, 0.39, 1.04, 2025-01-16T20:00:00+00:00, 2025-01-16T20:30:00+00:00
0.019000, 0.41, 1.04, 2025-01-16T20:30:00+00:00, 2025-01-16T21:00:00+00:00
0.005000, 0.12, 1.04, 2025-01-16T21:00:00+00:00, 2025-01-16T21:30:00+00:00
0.002000, 0.04, 1.04, 2025-01-16T21:30:00+00:00, 2025-01-16T22:00:00+00:00
0.009000, 0.18, 1.04, 2025-01-16T22:00:00+00:00, 2025-01-16T22:30:00+00:00
0.004000, 0.08, 1.04, 2025-01-16T22:30:00+00:00, 2025-01-16T23:00:00+00:00
0.220000, 4.68, 1.04, 2025-01-16T23:00:00+00:00, 2025-01-16T23:30:00+00:00
0.232000, 4.81, 1.04, 2025-01-16T23:30:00+00:00, 2025-01-17T00:00:00+00:00
0.234000, 4.8, 1.04, 2025-01-17T00:00:00+00:00, 2025-01-17T00:30:00+00:00
0.220000, 4.71, 1.04, 2025-01-17T00:30:00+00:00, 2025-01-17T01:00:00+00:00
0.217000, 4.31, 1.04, 2025-01-17T01:00:00+00:00, 2025-01-17T01:30:00+00:00
0.222000, 4.29, 1.04, 2025-01-17T01:30:00+00:00, 2025-01-17T02:00:00+00:00
0.211000, 4.08, 1.04, 2025-01-17T02:00:00+00:00, 2025-01-17T02:30:00+00:00
0.220000, 4.17, 1.04, 2025-01-17T02:30:00+00:00, 2025-01-17T03:00:00+00:00
0.200000, 3.96, 1.04, 2025-01-17T03:00:00+00:00, 2025-01-17T03:30:00+00:00
0.239000, 4.63, 1.04, 2025-01-17T03:30:00+00:00, 2025-01-17T04:00:00+00:00
1.269000, 25.12, 1.04, 2025-01-17T04:00:00+00:00, 2025-01-17T04:30:00+00:00
1.324000, 26.21, 1.04, 2025-01-17T04:30:00+00:00, 2025-01-17T05:00:00+00:00
1.375000, 27.21, 1.04, 2025-01-17T05:00:00+00:00, 2025-01-17T05:30:00+00:00
1.333000, 26.45, 1.04, 2025-01-17T05:30:00+00:00, 2025-01-17T06:00:00+00:00
1.328000, 28.99, 1.04, 2025-01-17T06:00:00+00:00, 2025-01-17T06:30:00+00:00
1.320000, 28.23, 1.04, 2025-01-17T06:30:00+00:00, 2025-01-17T07:00:00+00:00
1.319000, 25.01, 1.04, 2025-01-17T07:00:00+00:00, 2025-01-17T07:30:00+00:00
1.314000, 28.02, 1.04, 2025-01-17T07:30:00+00:00, 2025-01-17T08:00:00+00:00
0.052000, 1.22, 1.04, 2025-01-17T08:00:00+00:00, 2025-01-17T08:30:00+00:00
0.004000, 0.1, 1.04, 2025-01-17T08:30:00+00:00, 2025-01-17T09:00:00+00:00
1.380000, 36.07, 1.04, 2025-01-17T09:00:00+00:00, 2025-01-17T09:30:00+00:00
1.374000, 35.75, 1.04, 2025-01-17T09:30:00+00:00, 2025-01-17T10:00:00+00:00
0.684000, 17.24, 1.04, 2025-01-17T10:00:00+00:00, 2025-01-17T10:30:00+00:00
0.280000, 6.94, 1.04, 2025-01-17T10:30:00+00:00, 2025-01-17T11:00:00+00:00
0.251000, 5.86, 1.04, 2025-01-17T11:00:00+00:00, 2025-01-17T11:30:00+00:00
0.257000, 5.84, 1.04, 2025-01-17T11:30:00+00:00, 2025-01-17T12:00:00+00:00
0.013000, 0.3, 1.04, 2025-01-17T12:00:00+00:00, 2025-01-17T12:30:00+00:00
0.002000, 0.05, 1.04, 2025-01-17T12:30:00+00:00, 2025-01-17T13:00:00+00:00
0.003000, 0.07, 1.04, 2025-01-17T13:00:00+00:00, 2025-01-17T13:30:00+00:00
0.015000, 0.33, 1.04, 2025-01-17T13:30:00+00:00, 2025-01-17T14:00:00+00:00
0.001000, 0.02, 1.04, 2025-01-17T14:00:00+00:00, 2025-01-17T14:30:00+00:00
0.003000, 0.07, 1.04, 2025-01-17T14:30:00+00:00, 2025-01-17T15:00:00+00:00
0.002000, 0.05, 1.04, 2025-01-17T15:00:00+00:00, 2025-01-17T15:30:00+00:00
0.004000, 0.1, 1.04, 2025-01-17T15:30:00+00:00, 2025-01-17T16:00:00+00:00
0.002000, 0.08, 1.04, 2025-01-17T16:00:00+00:00, 2025-01-17T16:30:00+00:00
0.002000, 0.09, 1.04, 2025-01-17T16:30:00+00:00, 2025-01-17T17:00:00+00:00
0.002000, 0.09, 1.04, 2025-01-17T17:00:00+00:00, 2025-01-17T17:30:00+00:00
0.002000, 0.09, 1.04, 2025-01-17T17:30:00+00:00, 2025-01-17T18:00:00+00:00
0.015000, 0.68, 1.04, 2025-01-17T18:00:00+00:00, 2025-01-17T18:30:00+00:00
0.013000, 0.54, 1.04, 2025-01-17T18:30:00+00:00, 2025-01-17T19:00:00+00:00
0.004000, 0.11, 1.04, 2025-01-17T19:00:00+00:00, 2025-01-17T19:30:00+00:00
0.002000, 0.05, 1.04, 2025-01-17T19:30:00+00:00, 2025-01-17T20:00:00+00:00
0.006000, 0.16, 1.04, 2025-01-17T20:00:00+00:00, 2025-01-17T20:30:00+00:00
0.004000, 0.09, 1.04, 2025-01-17T20:30:00+00:00, 2025-01-17T21:00:00+00:00
0.004000, 0.1, 1.04, 2025-01-17T21:00:00+00:00, 2025-01-17T21:30:00+00:00
0.002000, 0.05, 1.04, 2025-01-17T21:30:00+00:00, 2025-01-17T22:00:00+00:00
0.002000, 0.05, 1.04, 2025-01-17T22:00:00+00:00, 2025-01-17T22:30:00+00:00
0.004000, 0.08, 1.04, 2025-01-17T22:30:00+00:00, 2025-01-17T23:00:00+00:00
0.007000, 0.19, 1.04, 2025-01-17T23:00:00+00:00, 2025-01-17T23:30:00+00:00
0.002000, 0.05, 1.04, 2025-01-17T23:30:00+00:00, 2025-01-18T00:00:00+00:00
0.002000, 0.04, 1.04, 2025-01-18T00:00:00+00:00, 2025-01-18T00:30:00+00:00
0.230000, 5.43, 1.04, 2025-01-18T00:30:00+00:00, 2025-01-18T01:00:00+00:00
0.193000, 4.42, 1.04, 2025-01-18T01:00:00+00:00, 2025-01-18T01:30:00+00:00
0.210000, 4.42, 1.04, 2025-01-18T01:30:00+00:00, 2025-01-18T02:00:00+00:00
0.201000, 4.42, 1.04, 2025-01-18T02:00:00+00:00, 2025-01-18T02:30:00+00:00
0.212000, 4.53, 1.04, 2025-01-18T02:30:00+00:00, 2025-01-18T03:00:00+00:00
0.220000, 4.99, 1.04, 2025-01-18T03:00:00+00:00, 2025-01-18T03:30:00+00:00
0.260000, 5.47, 1.04, 2025-01-18T03:30:00+00:00, 2025-01-18T04:00:00+00:00
1.360000, 28.63, 1.04, 2025-01-18T04:00:00+00:00, 2025-01-18T04:30:00+00:00
1.328000, 27.76, 1.04, 2025-01-18T04:30:00+00:00, 2025-01-18T05:00:00+00:00
1.331000, 28.47, 1.04, 2025-01-18T05:00:00+00:00, 2025-01-18T05:30:00+00:00
1.272000, 27.21, 1.04, 2025-01-18T05:30:00+00:00, 2025-01-18T06:00:00+00:00
1.317000, 27.88, 1.04, 2025-01-18T06:00:00+00:00, 2025-01-18T06:30:00+00:00
1.293000, 28.8, 1.04, 2025-01-18T06:30:00+00:00, 2025-01-18T07:00:00+00:00
1.330000, 28, 1.04, 2025-01-18T07:00:00+00:00, 2025-01-18T07:30:00+00:00
1.292000, 29.63, 1.04, 2025-01-18T07:30:00+00:00, 2025-01-18T08:00:00+00:00
0.049000, 1.08, 1.04, 2025-01-18T08:00:00+00:00, 2025-01-18T08:30:00+00:00
0.110000, 3.35, 1.04, 2025-01-18T08:30:00+00:00, 2025-01-18T09:00:00+00:00
1.370000, 32.48, 1.04, 2025-01-18T09:00:00+00:00, 2025-01-18T09:30:00+00:00
1.496000, 37.04, 1.04, 2025-01-18T09:30:00+00:00, 2025-01-18T10:00:00+00:00
0.625000, 14.82, 1.04, 2025-01-18T10:00:00+00:00, 2025-01-18T10:30:00+00:00
0.343000, 7.93, 1.04, 2025-01-18T10:30:00+00:00, 2025-01-18T11:00:00+00:00
1.260000, 28.67, 1.04, 2025-01-18T11:00:00+00:00, 2025-01-18T11:30:00+00:00
0.691000, 15.39, 1.04, 2025-01-18T11:30:00+00:00, 2025-01-18T12:00:00+00:00
0.032000, 0.7, 1.04, 2025-01-18T12:00:00+00:00, 2025-01-18T12:30:00+00:00
0.005000, 0.11, 1.04, 2025-01-18T12:30:00+00:00, 2025-01-18T13:00:00+00:00
0.005000, 0.11, 1.04, 2025-01-18T13:00:00+00:00, 2025-01-18T13:30:00+00:00
0.004000, 0.09, 1.04, 2025-01-18T13:30:00+00:00, 2025-01-18T14:00:00+00:00
0.006000, 0.14, 1.04, 2025-01-18T14:00:00+00:00, 2025-01-18T14:30:00+00:00
0.002000, 0.05, 1.04, 2025-01-18T14:30:00+00:00, 2025-01-18T15:00:00+00:00
0.003000, 0.07, 1.04, 2025-01-18T15:00:00+00:00, 2025-01-18T15:30:00+00:00
0.003000, 0.07, 1.04, 2025-01-18T15:30:00+00:00, 2025-01-18T16:00:00+00:00
0.002000, 0.08, 1.04, 2025-01-18T16:00:00+00:00, 2025-01-18T16:30:00+00:00
0.003000, 0.13, 1.04, 2025-01-18T16:30:00+00:00, 2025-01-18T17:00:00+00:00
0.002000, 0.09, 1.04, 2025-01-18T17:00:00+00:00, 2025-01-18T17:30:00+00:00
0.004000, 0.17, 1.04, 2025-01-18T17:30:00+00:00, 2025-01-18T18:00:00+00:00
0.004000, 0.17, 1.04, 2025-01-18T18:00:00+00:00, 2025-01-18T18:30:00+00:00
0.003000, 0.13, 1.04, 2025-01-18T18:30:00+00:00, 2025-01-18T19:00:00+00:00
0.003000, 0.09, 1.04, 2025-01-18T19:00:00+00:00, 2025-01-18T19:30:00+00:00
0.011000, 0.28, 1.04, 2025-01-18T19:30:00+00:00, 2025-01-18T20:00:00+00:00
0.002000, 0.05, 1.04, 2025-01-18T20:00:00+00:00, 2025-01-18T20:30:00+00:00
0.014000, 0.32, 1.04, 2025-01-18T20:30:00+00:00, 2025-01-18T21:00:00+00:00
0.170000, 4.15, 1.04, 2025-01-18T21:00:00+00:00, 2025-01-18T21:30:00+00:00
0.322000, 7.76, 1.04, 2025-01-18T21:30:00+00:00, 2025-01-18T22:00:00+00:00
0.297000, 6.81, 1.04, 2025-01-18T22:00:00+00:00, 2025-01-18T22:30:00+00:00
0.258000, 5.43, 1.04, 2025-01-18T22:30:00+00:00, 2025-01-18T23:00:00+00:00
0.178000, 4.22, 1.04, 2025-01-18T23:00:00+00:00, 2025-01-18T23:30:00+00:00
0.156000, 3.54, 1.04, 2025-01-18T23:30:00+00:00, 2025-01-19T00:00:00+00:00
0.137000, 2.85, 1.04, 2025-01-19T00:00:00+00:00, 2025-01-19T00:30:00+00:00
0.135000, 3.33, 1.04, 2025-01-19T00:30:00+00:00, 2025-01-19T01:00:00+00:00
0.141000, 3.26, 1.04, 2025-01-19T01:00:00+00:00, 2025-01-19T01:30:00+00:00
0.143000, 3.12, 1.04, 2025-01-19T01:30:00+00:00, 2025-01-19T02:00:00+00:00
0.203000, 4.59, 1.04, 2025-01-19T02:00:00+00:00, 2025-01-19T02:30:00+00:00
0.193000, 4.26, 1.04, 2025-01-19T02:30:00+00:00, 2025-01-19T03:00:00+00:00
0.173000, 3.81, 1.04, 2025-01-19T03:00:00+00:00, 2025-01-19T03:30:00+00:00
0.145000, 3.2, 1.04, 2025-01-19T03:30:00+00:00, 2025-01-19T04:00:00+00:00
1.284000, 29.19, 1.04, 2025-01-19T04:00:00+00:00, 2025-01-19T04:30:00+00:00
1.313000, 27.5, 1.04, 2025-01-19T04:30:00+00:00, 2025-01-19T05:00:00+00:00
1.308000, 28.84, 1.04, 2025-01-19T05:00:00+00:00, 2025-01-19T05:30:00+00:00
1.284000, 28.08, 1.04, 2025-01-19T05:30:00+00:00, 2025-01-19T06:00:00+00:00
1.285000, 29.47, 1.04, 2025-01-19T06:00:00+00:00, 2025-01-19T06:30:00+00:00
1.283000, 29.42, 1.04, 2025-01-19T06:30:00+00:00, 2025-01-19T07:00:00+00:00
1.326000, 27.93, 1.04, 2025-01-19T07:00:00+00:00, 2025-01-19T07:30:00+00:00
1.307000, 29.53, 1.04, 2025-01-19T07:30:00+00:00, 2025-01-19T08:00:00+00:00
0.048000, 0.97, 1.04, 2025-01-19T08:00:00+00:00, 2025-01-19T08:30:00+00:00
0.021000, 0.57, 1.04, 2025-01-19T08:30:00+00:00, 2025-01-19T09:00:00+00:00
1.445000, 31.86, 1.04, 2025-01-19T09:00:00+00:00, 2025-01-19T09:30:00+00:00
1.576000, 37.76, 1.04, 2025-01-19T09:30:00+00:00, 2025-01-19T10:00:00+00:00
0.437000, 10.24, 1.04, 2025-01-19T10:00:00+00:00, 2025-01-19T10:30:00+00:00
0.283000, 6.75, 1.04, 2025-01-19T10:30:00+00:00, 2025-01-19T11:00:00+00:00
0.553000, 13.41, 1.04, 2025-01-19T11:00:00+00:00, 2025-01-19T11:30:00+00:00
0.421000, 10.35, 1.04, 2025-01-19T11:30:00+00:00, 2025-01-19T12:00:00+00:00
0.013000, 0.32, 1.04, 2025-01-19T12:00:00+00:00, 2025-01-19T12:30:00+00:00
0.051000, 1.38, 1.04, 2025-01-19T12:30:00+00:00, 2025-01-19T13:00:00+00:00
0.104000, 2.97, 1.04, 2025-01-19T13:00:00+00:00, 2025-01-19T13:30:00+00:00
0.003000, 0.08, 1.04, 2025-01-19T13:30:00+00:00, 2025-01-19T14:00:00+00:00
0.009000, 0.25, 1.04, 2025-01-19T14:00:00+00:00, 2025-01-19T14:30:00+00:00
0.002000, 0.06, 1.04, 2025-01-19T14:30:00+00:00, 2025-01-19T15:00:00+00:00
0.003000, 0.09, 1.04, 2025-01-19T15:00:00+00:00, 2025-01-19T15:30:00+00:00
0.003000, 0.09, 1.04, 2025-01-19T15:30:00+00:00, 2025-01-19T16:00:00+00:00
0.004000, 0.16, 1.04, 2025-01-19T16:00:00+00:00, 2025-01-19T16:30:00+00:00
0.003000, 0.14, 1.04, 2025-01-19T16:30:00+00:00, 2025-01-19T17:00:00+00:00
0.002000, 0.09, 1.04, 2025-01-19T17:00:00+00:00, 2025-01-19T17:30:00+00:00
0.003000, 0.14, 1.04, 2025-01-19T17:30:00+00:00, 2025-01-19T18:00:00+00:00
0.003000, 0.14, 1.04, 2025-01-19T18:00:00+00:00, 2025-01-19T18:30:00+00:00
0.002000, 0.08, 1.04, 2025-01-19T18:30:00+00:00, 2025-01-19T19:00:00+00:00
0.002000, 0.06, 1.04, 2025-01-19T19:00:00+00:00, 2025-01-19T19:30:00+00:00
0.004000, 0.1, 1.04, 2025-01-19T19:30:00+00:00, 2025-01-19T20:00:00+00:00
0.036000, 1.02, 1.04, 2025-01-19T20:00:00+00:00, 2025-01-19T20:30:00+00:00
0.731000, 18.05, 1.04, 2025-01-19T20:30:00+00:00, 2025-01-19T21:00:00+00:00
0.955000, 27.38, 1.04, 2025-01-19T21:00:00+00:00, 2025-01-19T21:30:00+00:00
0.236000, 5.22, 1.04, 2025-01-19T21:30:00+00:00, 2025-01-19T22:00:00+00:00
0.294000, 7.34, 1.04, 2025-01-19T22:00:00+00:00, 2025-01-19T22:30:00+00:00
0.236000, 5.02, 1.04, 2025-01-19T22:30:00+00:00, 2025-01-19T23:00:00+00:00
0.225000, 5.38, 1.04, 2025-01-19T23:00:00+00:00, 2025-01-19T23:30:00+00:00
0.201000, 4.17, 1.04, 2025-01-19T23:30:00+00:00, 2025-01-20T00:00:00+00:00
0.206000, 4.09, 1.04, 2025-01-20T00:00:00+00:00, 2025-01-20T00:30:00+00:00
0.282000, 6.39, 1.04, 2025-01-20T00:30:00+00:00, 2025-01-20T01:00:00+00:00
0.248000, 5.41, 1.04, 2025-01-20T01:00:00+00:00, 2025-01-20T01:30:00+00:00
0.231000, 4.89, 1.04, 2025-01-20T01:30:00+00:00, 2025-01-20T02:00:00+00:00
0.238000, 5.04, 1.04, 2025-01-20T02:00:00+00:00, 2025-01-20T02:30:00+00:00
0.201000, 4.39, 1.04, 2025-01-20T02:30:00+00:00, 2025-01-20T03:00:00+00:00
0.205000, 4.48, 1.04, 2025-01-20T03:00:00+00:00, 2025-01-20T03:30:00+00:00
0.193000, 4.17, 1.04, 2025-01-20T03:30:00+00:00, 2025-01-20T04:00:00+00:00
1.274000, 27.93, 1.04, 2025-01-20T04:00:00+00:00, 2025-01-20T04:30:00+00:00
1.301000, 27.03, 1.04, 2025-01-20T04:30:00+00:00, 2025-01-20T05:00:00+00:00
1.286000, 30.87, 1.04, 2025-01-20T05:00:00+00:00, 2025-01-20T05:30:00+00:00
1.265000, 29.29, 1.04, 2025-01-20T05:30:00+00:00, 2025-01-20T06:00:00+00:00
1.285000, 43.2, 1.04, 2025-01-20T06:00:00+00:00, 2025-01-20T06:30:00+00:00
1.291000, 51.24, 1.04, 2025-01-20T06:30:00+00:00, 2025-01-20T07:00:00+00:00
1.328000, 59.61, 1.04, 2025-01-20T07:00:00+00:00, 2025-01-20T07:30:00+00:00
1.366000, 72.29, 1.04, 2025-01-20T07:30:00+00:00, 2025-01-20T08:00:00+00:00
0.049000, 2.49, 1.04, 2025-01-20T08:00:00+00:00, 2025-01-20T08:30:00+00:00
0.016000, 0.81, 1.04, 2025-01-20T08:30:00+00:00, 2025-01-20T09:00:00+00:00
1.417000, 62.49, 1.04, 2025-01-20T09:00:00+00:00, 2025-01-20T09:30:00+00:00
1.162000, 51.33, 1.04, 2025-01-20T09:30:00+00:00, 2025-01-20T10:00:00+00:00
0.874000, 33.62, 1.04, 2025-01-20T10:00:00+00:00, 2025-01-20T10:30:00+00:00
0.602000, 26.55, 1.04, 2025-01-20T10:30:00+00:00, 2025-01-20T11:00:00+00:00
0.365000, 16.1, 1.04, 2025-01-20T11:00:00+00:00, 2025-01-20T11:30:00+00:00
0.236000, 9.13, 1.04, 2025-01-20T11:30:00+00:00, 2025-01-20T12:00:00+00:00
0.016000, 0.62, 1.04, 2025-01-20T12:00:00+00:00, 2025-01-20T12:30:00+00:00
0.003000, 0.11, 1.04, 2025-01-20T12:30:00+00:00, 2025-01-20T13:00:00+00:00
0.003000, 0.12, 1.04, 2025-01-20T13:00:00+00:00, 2025-01-20T13:30:00+00:00
0.002000, 0.09, 1.04, 2025-01-20T13:30:00+00:00, 2025-01-20T14:00:00+00:00
0.002000, 0.08, 1.04, 2025-01-20T14:00:00+00:00, 2025-01-20T14:30:00+00:00
0.003000, 0.11, 1.04, 2025-01-20T14:30:00+00:00, 2025-01-20T15:00:00+00:00
0.003000, 0.13, 1.04, 2025-01-20T15:00:00+00:00, 2025-01-20T15:30:00+00:00
0.002000, 0.11, 1.04, 2025-01-20T15:30:00+00:00, 2025-01-20T16:00:00+00:00
0.009000, 0.59, 1.04, 2025-01-20T16:00:00+00:00, 2025-01-20T16:30:00+00:00
0.007000, 0.7, 1.04, 2025-01-20T16:30:00+00:00, 2025-01-20T17:00:00+00:00
0.001000, 0.1, 1.04, 2025-01-20T17:00:00+00:00, 2025-01-20T17:30:00+00:00
0.004000, 0.4, 1.04, 2025-01-20T17:30:00+00:00, 2025-01-20T18:00:00+00:00
0.130000, 11.49, 1.04, 2025-01-20T18:00:00+00:00, 2025-01-20T18:30:00+00:00
0.141000, 9, 1.04, 2025-01-20T18:30:00+00:00, 2025-01-20T19:00:00+00:00
0.002000, 0.09, 1.04, 2025-01-20T19:00:00+00:00, 2025-01-20T19:30:00+00:00
0.004000, 0.12, 1.04, 2025-01-20T19:30:00+00:00, 2025-01-20T20:00:00+00:00
0.002000, 0.07, 1.04, 2025-01-20T20:00:00+00:00, 2025-01-20T20:30:00+00:00
0.096000, 2.62, 1.04, 2025-01-20T20:30:00+00:00, 2025-01-20T21:00:00+00:00
0.007000, 0.21, 1.04, 2025-01-20T21:00:00+00:00, 2025-01-20T21:30:00+00:00
0.007000, 0.18, 1.04, 2025-01-20T21:30:00+00:00, 2025-01-20T22:00:00+00:00
0.325000, 9.86, 1.04, 2025-01-20T22:00:00+00:00, 2025-01-20T22:30:00+00:00
0.274000, 6.1, 1.04, 2025-01-20T22:30:00+00:00, 2025-01-20T23:00:00+00:00
0.213000, 5.53, 1.04, 2025-01-20T23:00:00+00:00, 2025-01-20T23:30:00+00:00
0.220000, 4.9, 1.04, 2025-01-20T23:30:00+00:00, 2025-01-21T00:00:00+00:00
0.200000, 4.34, 1.04, 2025-01-21T00:00:00+00:00, 2025-01-21T00:30:00+00:00
0.230000, 5.84, 1.04, 2025-01-21T00:30:00+00:00, 2025-01-21T01:00:00+00:00
0.195000, 4.23, 1.04, 2025-01-21T01:00:00+00:00, 2025-01-21T01:30:00+00:00
0.203000, 4.4, 1.04, 2025-01-21T01:30:00+00:00, 2025-01-21T02:00:00+00:00
0.193000, 4.07, 1.04, 2025-01-21T02:00:00+00:00, 2025-01-21T02:30:00+00:00
0.232000, 4.89, 1.04, 2025-01-21T02:30:00+00:00, 2025-01-21T03:00:00+00:00
0.203000, 4.28, 1.04, 2025-01-21T03:00:00+00:00, 2025-01-21T03:30:00+00:00
0.182000, 3.81, 1.04, 2025-01-21T03:30:00+00:00, 2025-01-21T04:00:00+00:00
1.317000, 27.59, 1.04, 2025-01-21T04:00:00+00:00, 2025-01-21T04:30:00+00:00
1.368000, 28.47, 1.04, 2025-01-21T04:30:00+00:00, 2025-01-21T05:00:00+00:00
1.337000, 28.18, 1.04, 2025-01-21T05:00:00+00:00, 2025-01-21T05:30:00+00:00
1.287000, 27.12, 1.04, 2025-01-21T05:30:00+00:00, 2025-01-21T06:00:00+00:00
1.286000, 32.84, 1.04, 2025-01-21T06:00:00+00:00, 2025-01-21T06:30:00+00:00
1.305000, 41.72, 1.04, 2025-01-21T06:30:00+00:00, 2025-01-21T07:00:00+00:00
1.283000, 41.02, 1.04, 2025-01-21T07:00:00+00:00, 2025-01-21T07:30:00+00:00
1.402000, 61.09, 1.04, 2025-01-21T07:30:00+00:00, 2025-01-21T08:00:00+00:00
0.060000, 2.05, 1.04, 2025-01-21T08:00:00+00:00, 2025-01-21T08:30:00+00:00
0.012000, 0.45, 1.04, 2025-01-21T08:30:00+00:00, 2025-01-21T09:00:00+00:00
1.450000, 48.05, 1.04, 2025-01-21T09:00:00+00:00, 2025-01-21T09:30:00+00:00
1.539000, 50.22, 1.04, 2025-01-21T09:30:00+00:00, 2025-01-21T10:00:00+00:00
1.299000, 39.42, 1.04, 2025-01-21T10:00:00+00:00, 2025-01-21T10:30:00+00:00
0.357000, 10.45, 1.04, 2025-01-21T10:30:00+00:00, 2025-01-21T11:00:00+00:00
0.288000, 8.94, 1.04, 2025-01-21T11:00:00+00:00, 2025-01-21T11:30:00+00:00
0.377000, 11.11, 1.04, 2025-01-21T11:30:00+00:00, 2025-01-21T12:00:00+00:00
0.012000, 0.39, 1.04, 2025-01-21T12:00:00+00:00, 2025-01-21T12:30:00+00:00
0.003000, 0.1, 1.04, 2025-01-21T12:30:00+00:00, 2025-01-21T13:00:00+00:00
0.003000, 0.1, 1.04, 2025-01-21T13:00:00+00:00, 2025-01-21T13:30:00+00:00
0.002000, 0.07, 1.04, 2025-01-21T13:30:00+00:00, 2025-01-21T14:00:00+00:00
0.003000, 0.1, 1.04, 2025-01-21T14:00:00+00:00, 2025-01-21T14:30:00+00:00
0.003000, 0.1, 1.04, 2025-01-21T14:30:00+00:00, 2025-01-21T15:00:00+00:00
0.026000, 0.83, 1.04, 2025-01-21T15:00:00+00:00, 2025-01-21T15:30:00+00:00
0.004000, 0.16, 1.04, 2025-01-21T15:30:00+00:00, 2025-01-21T16:00:00+00:00
0.003000, 0.15, 1.04, 2025-01-21T16:00:00+00:00, 2025-01-21T16:30:00+00:00
0.004000, 0.31, 1.04, 2025-01-21T16:30:00+00:00, 2025-01-21T17:00:00+00:00
0.004000, 0.31, 1.04, 2025-01-21T17:00:00+00:00, 2025-01-21T17:30:00+00:00
0.061000, 5.07, 1.04, 2025-01-21T17:30:00+00:00, 2025-01-21T18:00:00+00:00
0.007000, 0.59, 1.04, 2025-01-21T18:00:00+00:00, 2025-01-21T18:30:00+00:00
0.004000, 0.29, 1.04, 2025-01-21T18:30:00+00:00, 2025-01-21T19:00:00+00:00
0.007000, 0.32, 1.04, 2025-01-21T19:00:00+00:00, 2025-01-21T19:30:00+00:00
0.004000, 0.13, 1.04, 2025-01-21T19:30:00+00:00, 2025-01-21T20:00:00+00:00
0.003000, 0.11, 1.04, 2025-01-21T20:00:00+00:00, 2025-01-21T20:30:00+00:00
0.004000, 0.13, 1.04, 2025-01-21T20:30:00+00:00, 2025-01-21T21:00:00+00:00
0.002000, 0.06, 1.04, 2025-01-21T21:00:00+00:00, 2025-01-21T21:30:00+00:00
0.275000, 7.31, 1.04, 2025-01-21T21:30:00+00:00, 2025-01-21T22:00:00+00:00
0.411000, 12.18, 1.04, 2025-01-21T22:00:00+00:00, 2025-01-21T22:30:00+00:00
0.368000, 8.52, 1.04, 2025-01-21T22:30:00+00:00, 2025-01-21T23:00:00+00:00
0.243000, 5.36, 1.04, 2025-01-21T23:00:00+00:00, 2025-01-21T23:30:00+00:00
0.205000, 4.39, 1.04, 2025-01-21T23:30:00+00:00, 2025-01-22T00:00:00+00:00
1.285000, 27.54, 1.04, 2025-01-22T00:00:00+00:00, 2025-01-22T00:30:00+00:00
1.266000, 27.92, 1.04, 2025-01-22T00:30:00+00:00, 2025-01-22T01:00:00+00:00
1.311000, 28.1, 1.04, 2025-01-22T01:00:00+00:00, 2025-01-22T01:30:00+00:00
1.267000, 26.98, 1.04, 2025-01-22T01:30:00+00:00, 2025-01-22T02:00:00+00:00
1.305000, 27.97, 1.04, 2025-01-22T02:00:00+00:00, 2025-01-22T02:30:00+00:00
1.352000, 28.97, 1.04, 2025-01-22T02:30:00+00:00, 2025-01-22T03:00:00+00:00
1.323000, 28.35, 1.04, 2025-01-22T03:00:00+00:00, 2025-01-22T03:30:00+00:00
1.323000, 28.34, 1.04, 2025-01-22T03:30:00+00:00, 2025-01-22T04:00:00+00:00
1.083000, 23.21, 1.04, 2025-01-22T04:00:00+00:00, 2025-01-22T04:30:00+00:00
0.297000, 6.36, 1.04, 2025-01-22T04:30:00+00:00, 2025-01-22T05:00:00+00:00
0.224000, 4.8, 1.04, 2025-01-22T05:00:00+00:00, 2025-01-22T05:30:00+00:00
0.179000, 3.92, 1.04, 2025-01-22T05:30:00+00:00, 2025-01-22T06:00:00+00:00
0.202000, 5.79, 1.04, 2025-01-22T06:00:00+00:00, 2025-01-22T06:30:00+00:00
0.207000, 6.76, 1.04, 2025-01-22T06:30:00+00:00, 2025-01-22T07:00:00+00:00
0.249000, 8, 1.04, 2025-01-22T07:00:00+00:00, 2025-01-22T07:30:00+00:00
0.280000, 12.62, 1.04, 2025-01-22T07:30:00+00:00, 2025-01-22T08:00:00+00:00
0.014000, 0.62, 1.04, 2025-01-22T08:00:00+00:00, 2025-01-22T08:30:00+00:00
0.381000, 17.98, 1.04, 2025-01-22T08:30:00+00:00, 2025-01-22T09:00:00+00:00
0.617000, 36.51, 1.04, 2025-01-22T09:00:00+00:00, 2025-01-22T09:30:00+00:00
0.950000, 54.49, 1.04, 2025-01-22T09:30:00+00:00, 2025-01-22T10:00:00+00:00
0.302000, 17.42, 1.04, 2025-01-22T10:00:00+00:00, 2025-01-22T10:30:00+00:00
0.272000, 16.14, 1.04, 2025-01-22T10:30:00+00:00, 2025-01-22T11:00:00+00:00
0.145000, 8.84, 1.04, 2025-01-22T11:00:00+00:00, 2025-01-22T11:30:00+00:00
0.359000, 21.56, 1.04, 2025-01-22T11:30:00+00:00, 2025-01-22T12:00:00+00:00
0.445000, 26.05, 1.04, 2025-01-22T12:00:00+00:00, 2025-01-22T12:30:00+00:00
0.284000, 17.6, 1.04, 2025-01-22T12:30:00+00:00, 2025-01-22T13:00:00+00:00
0.050000, 3.02, 1.04, 2025-01-22T13:00:00+00:00, 2025-01-22T13:30:00+00:00
0.167000, 9.57, 1.04, 2025-01-22T13:30:00+00:00, 2025-01-22T14:00:00+00:00
0.165000, 9.1, 1.04, 2025-01-22T14:00:00+00:00, 2025-01-22T14:30:00+00:00
0.212000, 11.69, 1.04, 2025-01-22T14:30:00+00:00, 2025-01-22T15:00:00+00:00
0.213000, 12.26, 1.04, 2025-01-22T15:00:00+00:00, 2025-01-22T15:30:00+00:00
0.316000, 19.55, 1.04, 2025-01-22T15:30:00+00:00, 2025-01-22T16:00:00+00:00
0.000000, 0, 1.04, 2025-01-22T16:00:00+00:00, 2025-01-22T16:30:00+00:00
0.000000, 0, 1.04, 2025-01-22T16:30:00+00:00, 2025-01-22T17:00:00+00:00
0.408000, 40.8, 1.04, 2025-01-22T17:00:00+00:00, 2025-01-22T17:30:00+00:00
0.716000, 71.59, 1.04, 2025-01-22T17:30:00+00:00, 2025-01-22T18:00:00+00:00
0.615000, 61.49, 1.04, 2025-01-22T18:00:00+00:00, 2025-01-22T18:30:00+00:00
0.445000, 44.5, 1.04, 2025-01-22T18:30:00+00:00, 2025-01-22T19:00:00+00:00
0.283000, 20.91, 1.04, 2025-01-22T19:00:00+00:00, 2025-01-22T19:30:00+00:00
0.004000, 0.19, 1.04, 2025-01-22T19:30:00+00:00, 2025-01-22T20:00:00+00:00
0.004000, 0.16, 1.04, 2025-01-22T20:00:00+00:00, 2025-01-22T20:30:00+00:00
0.002000, 0.07, 1.04, 2025-01-22T20:30:00+00:00, 2025-01-22T21:00:00+00:00
0.003000, 0.09, 1.04, 2025-01-22T21:00:00+00:00, 2025-01-22T21:30:00+00:00
0.003000, 0.07, 1.04, 2025-01-22T21:30:00+00:00, 2025-01-22T22:00:00+00:00
0.003000, 0.08, 1.04, 2025-01-22T22:00:00+00:00, 2025-01-22T22:30:00+00:00
0.002000, 0.04, 1.04, 2025-01-22T22:30:00+00:00, 2025-01-22T23:00:00+00:00
0.003000, 0.07, 1.04, 2025-01-22T23:00:00+00:00, 2025-01-22T23:30:00+00:00
0.002000, 0.05, 1.04, 2025-01-22T23:30:00+00:00, 2025-01-23T00:00:00+00:00
1.255000, 27.67, 1.04, 2025-01-23T00:00:00+00:00, 2025-01-23T00:30:00+00:00
1.292000, 34.81, 1.04, 2025-01-23T00:30:00+00:00, 2025-01-23T01:00:00+00:00
1.276000, 32.07, 1.04, 2025-01-23T01:00:00+00:00, 2025-01-23T01:30:00+00:00
1.287000, 29.97, 1.04, 2025-01-23T01:30:00+00:00, 2025-01-23T02:00:00+00:00
1.279000, 28.58, 1.04, 2025-01-23T02:00:00+00:00, 2025-01-23T02:30:00+00:00
1.265000, 27.61, 1.04, 2025-01-23T02:30:00+00:00, 2025-01-23T03:00:00+00:00
1.291000, 27.35, 1.04, 2025-01-23T03:00:00+00:00, 2025-01-23T03:30:00+00:00
1.272000, 26.48, 1.04, 2025-01-23T03:30:00+00:00, 2025-01-23T04:00:00+00:00
0.966000, 20.24, 1.04, 2025-01-23T04:00:00+00:00, 2025-01-23T04:30:00+00:00
0.290000, 6.07, 1.04, 2025-01-23T04:30:00+00:00, 2025-01-23T05:00:00+00:00
0.236000, 5.08, 1.04, 2025-01-23T05:00:00+00:00, 2025-01-23T05:30:00+00:00
0.241000, 4.94, 1.04, 2025-01-23T05:30:00+00:00, 2025-01-23T06:00:00+00:00
0.169000, 3.61, 1.04, 2025-01-23T06:00:00+00:00, 2025-01-23T06:30:00+00:00
0.248000, 6.75, 1.04, 2025-01-23T06:30:00+00:00, 2025-01-23T07:00:00+00:00
0.245000, 6.74, 1.04, 2025-01-23T07:00:00+00:00, 2025-01-23T07:30:00+00:00
0.213000, 6.31, 1.04, 2025-01-23T07:30:00+00:00, 2025-01-23T08:00:00+00:00
0.012000, 0.34, 1.04, 2025-01-23T08:00:00+00:00, 2025-01-23T08:30:00+00:00
0.002000, 0.05, 1.04, 2025-01-23T08:30:00+00:00, 2025-01-23T09:00:00+00:00
0.003000, 0.09, 1.04, 2025-01-23T09:00:00+00:00, 2025-01-23T09:30:00+00:00
0.004000, 0.11, 1.04, 2025-01-23T09:30:00+00:00, 2025-01-23T10:00:00+00:00
0.005000, 0.13, 1.04, 2025-01-23T10:00:00+00:00, 2025-01-23T10:30:00+00:00
0.008000, 0.19, 1.04, 2025-01-23T10:30:00+00:00, 2025-01-23T11:00:00+00:00
0.003000, 0.07, 1.04, 2025-01-23T11:00:00+00:00, 2025-01-23T11:30:00+00:00
0.003000, 0.07, 1.04, 2025-01-23T11:30:00+00:00, 2025-01-23T12:00:00+00:00
0.008000, 0.18, 1.04, 2025-01-23T12:00:00+00:00, 2025-01-23T12:30:00+00:00
0.003000, 0.07, 1.04, 2025-01-23T12:30:00+00:00, 2025-01-23T13:00:00+00:00
0.005000, 0.11, 1.04, 2025-01-23T13:00:00+00:00, 2025-01-23T13:30:00+00:00
0.002000, 0.04, 1.04, 2025-01-23T13:30:00+00:00, 2025-01-23T14:00:00+00:00
0.003000, 0.06, 1.04, 2025-01-23T14:00:00+00:00, 2025-01-23T14:30:00+00:00
0.022000, 0.45, 1.04, 2025-01-23T14:30:00+00:00, 2025-01-23T15:00:00+00:00
0.020000, 0.41, 1.04, 2025-01-23T15:00:00+00:00, 2025-01-23T15:30:00+00:00
0.023000, 0.51, 1.04, 2025-01-23T15:30:00+00:00, 2025-01-23T16:00:00+00:00
0.023000, 0.78, 1.04, 2025-01-23T16:00:00+00:00, 2025-01-23T16:30:00+00:00
0.245000, 9.73, 1.04, 2025-01-23T16:30:00+00:00, 2025-01-23T17:00:00+00:00
0.364000, 14.09, 1.04, 2025-01-23T17:00:00+00:00, 2025-01-23T17:30:00+00:00
1.532000, 61.85, 1.04, 2025-01-23T17:30:00+00:00, 2025-01-23T18:00:00+00:00
1.248000, 48.86, 1.04, 2025-01-23T18:00:00+00:00, 2025-01-23T18:30:00+00:00
0.408000, 14.57, 1.04, 2025-01-23T18:30:00+00:00, 2025-01-23T19:00:00+00:00
0.426000, 10.63, 1.04, 2025-01-23T19:00:00+00:00, 2025-01-23T19:30:00+00:00
0.414000, 9.89, 1.04, 2025-01-23T19:30:00+00:00, 2025-01-23T20:00:00+00:00
0.504000, 12.5, 1.04, 2025-01-23T20:00:00+00:00, 2025-01-23T20:30:00+00:00
0.406000, 9.85, 1.04, 2025-01-23T20:30:00+00:00, 2025-01-23T21:00:00+00:00
0.964000, 24.13, 1.04, 2025-01-23T21:00:00+00:00, 2025-01-23T21:30:00+00:00
0.519000, 12.7, 1.04, 2025-01-23T21:30:00+00:00, 2025-01-23T22:00:00+00:00
0.321000, 7.22, 1.04, 2025-01-23T22:00:00+00:00, 2025-01-23T22:30:00+00:00
0.256000, 5.31, 1.04, 2025-01-23T22:30:00+00:00, 2025-01-23T23:00:00+00:00
0.219000, 5.07, 1.04, 2025-01-23T23:00:00+00:00, 2025-01-23T23:30:00+00:00
0.243000, 5.79, 1.04, 2025-01-23T23:30:00+00:00, 2025-01-24T00:00:00+00:00
1.273000, 28.58, 1.04, 2025-01-24T00:00:00+00:00, 2025-01-24T00:30:00+00:00
1.286000, 31.62, 1.04, 2025-01-24T00:30:00+00:00, 2025-01-24T01:00:00+00:00
1.290000, 28.31, 1.04, 2025-01-24T01:00:00+00:00, 2025-01-24T01:30:00+00:00
1.288000, 23, 1.04, 2025-01-24T01:30:00+00:00, 2025-01-24T02:00:00+00:00
1.355000, 20.56, 1.04, 2025-01-24T02:00:00+00:00, 2025-01-24T02:30:00+00:00
1.315000, 12.55, 1.04, 2025-01-24T02:30:00+00:00, 2025-01-24T03:00:00+00:00
1.331000, 12.91, 1.04, 2025-01-24T03:00:00+00:00, 2025-01-24T03:30:00+00:00
1.308000, 8.65, 1.04, 2025-01-24T03:30:00+00:00, 2025-01-24T04:00:00+00:00
1.085000, 11.48, 1.04, 2025-01-24T04:00:00+00:00, 2025-01-24T04:30:00+00:00
0.294000, 2.66, 1.04, 2025-01-24T04:30:00+00:00, 2025-01-24T05:00:00+00:00
0.217000, 2.11, 1.04, 2025-01-24T05:00:00+00:00, 2025-01-24T05:30:00+00:00
0.200000, 2.2, 1.04, 2025-01-24T05:30:00+00:00, 2025-01-24T06:00:00+00:00
0.205000, 3.96, 1.04, 2025-01-24T06:00:00+00:00, 2025-01-24T06:30:00+00:00
0.229000, 5.3, 1.04, 2025-01-24T06:30:00+00:00, 2025-01-24T07:00:00+00:00
0.228000, 5.43, 1.04, 2025-01-24T07:00:00+00:00, 2025-01-24T07:30:00+00:00
0.246000, 6.94, 1.04, 2025-01-24T07:30:00+00:00, 2025-01-24T08:00:00+00:00
0.009000, 0.2, 1.04, 2025-01-24T08:00:00+00:00, 2025-01-24T08:30:00+00:00
0.006000, 0.14, 1.04, 2025-01-24T08:30:00+00:00, 2025-01-24T09:00:00+00:00
0.150000, 3.63, 1.04, 2025-01-24T09:00:00+00:00, 2025-01-24T09:30:00+00:00
0.003000, 0.07, 1.04, 2025-01-24T09:30:00+00:00, 2025-01-24T10:00:00+00:00
0.015000, 0.39, 1.04, 2025-01-24T10:00:00+00:00, 2025-01-24T10:30:00+00:00
0.004000, 0.1, 1.04, 2025-01-24T10:30:00+00:00, 2025-01-24T11:00:00+00:00
0.004000, 0.11, 1.04, 2025-01-24T11:00:00+00:00, 2025-01-24T11:30:00+00:00
0.006000, 0.15, 1.04, 2025-01-24T11:30:00+00:00, 2025-01-24T12:00:00+00:00
0.004000, 0.1, 1.04, 2025-01-24T12:00:00+00:00, 2025-01-24T12:30:00+00:00
0.007000, 0.17, 1.04, 2025-01-24T12:30:00+00:00, 2025-01-24T13:00:00+00:00
0.073000, 1.6, 1.04, 2025-01-24T13:00:00+00:00, 2025-01-24T13:30:00+00:00
0.004000, 0.08, 1.04, 2025-01-24T13:30:00+00:00, 2025-01-24T14:00:00+00:00
0.003000, 0.06, 1.04, 2025-01-24T14:00:00+00:00, 2025-01-24T14:30:00+00:00
0.003000, 0.06, 1.04, 2025-01-24T14:30:00+00:00, 2025-01-24T15:00:00+00:00
0.003000, 0.06, 1.04, 2025-01-24T15:00:00+00:00, 2025-01-24T15:30:00+00:00
0.066000, 1.44, 1.04, 2025-01-24T15:30:00+00:00, 2025-01-24T16:00:00+00:00
0.004000, 0.13, 1.04, 2025-01-24T16:00:00+00:00, 2025-01-24T16:30:00+00:00
0.002000, 0.08, 1.04, 2025-01-24T16:30:00+00:00, 2025-01-24T17:00:00+00:00
0.003000, 0.12, 1.04, 2025-01-24T17:00:00+00:00, 2025-01-24T17:30:00+00:00
0.017000, 0.67, 1.04, 2025-01-24T17:30:00+00:00, 2025-01-24T18:00:00+00:00
0.005000, 0.19, 1.04, 2025-01-24T18:00:00+00:00, 2025-01-24T18:30:00+00:00
0.008000, 0.26, 1.04, 2025-01-24T18:30:00+00:00, 2025-01-24T19:00:00+00:00
0.004000, 0.1, 1.04, 2025-01-24T19:00:00+00:00, 2025-01-24T19:30:00+00:00
0.003000, 0.06, 1.04, 2025-01-24T19:30:00+00:00, 2025-01-24T20:00:00+00:00
0.002000, 0.05, 1.04, 2025-01-24T20:00:00+00:00, 2025-01-24T20:30:00+00:00
0.006000, 0.13, 1.04, 2025-01-24T20:30:00+00:00, 2025-01-24T21:00:00+00:00
0.321000, 7.08, 1.04, 2025-01-24T21:00:00+00:00, 2025-01-24T21:30:00+00:00
0.328000, 7.22, 1.04, 2025-01-24T21:30:00+00:00, 2025-01-24T22:00:00+00:00
0.248000, 4.84, 1.04, 2025-01-24T22:00:00+00:00, 2025-01-24T22:30:00+00:00
0.286000, 3.74, 1.04, 2025-01-24T22:30:00+00:00, 2025-01-24T23:00:00+00:00
0.346000, 5.31, 1.04, 2025-01-24T23:00:00+00:00, 2025-01-24T23:30:00+00:00
0.224000, 2.42, 1.04, 2025-01-24T23:30:00+00:00, 2025-01-25T00:00:00+00:00
1.306000, 14.97, 1.04, 2025-01-25T00:00:00+00:00, 2025-01-25T00:30:00+00:00
1.294000, 22.35, 1.04, 2025-01-25T00:30:00+00:00, 2025-01-25T01:00:00+00:00
1.308000, 21.05, 1.04, 2025-01-25T01:00:00+00:00, 2025-01-25T01:30:00+00:00
1.277000, 18.87, 1.04, 2025-01-25T01:30:00+00:00, 2025-01-25T02:00:00+00:00
1.276000, 17.44, 1.04, 2025-01-25T02:00:00+00:00, 2025-01-25T02:30:00+00:00
1.303000, 17.7, 1.04, 2025-01-25T02:30:00+00:00, 2025-01-25T03:00:00+00:00
1.262000, 18.99, 1.04, 2025-01-25T03:00:00+00:00, 2025-01-25T03:30:00+00:00
1.306000, 18.38, 1.04, 2025-01-25T03:30:00+00:00, 2025-01-25T04:00:00+00:00
1.253000, 18.79, 1.04, 2025-01-25T04:00:00+00:00, 2025-01-25T04:30:00+00:00
0.552000, 7.3, 1.04, 2025-01-25T04:30:00+00:00, 2025-01-25T05:00:00+00:00
0.296000, 3.92, 1.04, 2025-01-25T05:00:00+00:00, 2025-01-25T05:30:00+00:00
0.235000, 3.11, 1.04, 2025-01-25T05:30:00+00:00, 2025-01-25T06:00:00+00:00
0.247000, 3.59, 1.04, 2025-01-25T06:00:00+00:00, 2025-01-25T06:30:00+00:00
0.219000, 3.72, 1.04, 2025-01-25T06:30:00+00:00, 2025-01-25T07:00:00+00:00
0.240000, 4.18, 1.04, 2025-01-25T07:00:00+00:00, 2025-01-25T07:30:00+00:00
0.220000, 4.58, 1.04, 2025-01-25T07:30:00+00:00, 2025-01-25T08:00:00+00:00
0.013000, 0.29, 1.04, 2025-01-25T08:00:00+00:00, 2025-01-25T08:30:00+00:00
0.007000, 0.19, 1.04, 2025-01-25T08:30:00+00:00, 2025-01-25T09:00:00+00:00
0.003000, 0.08, 1.04, 2025-01-25T09:00:00+00:00, 2025-01-25T09:30:00+00:00
0.015000, 0.38, 1.04, 2025-01-25T09:30:00+00:00, 2025-01-25T10:00:00+00:00
0.015000, 0.37, 1.04, 2025-01-25T10:00:00+00:00, 2025-01-25T10:30:00+00:00
0.004000, 0.1, 1.04, 2025-01-25T10:30:00+00:00, 2025-01-25T11:00:00+00:00
0.018000, 0.39, 1.04, 2025-01-25T11:00:00+00:00, 2025-01-25T11:30:00+00:00
0.002000, 0.04, 1.04, 2025-01-25T11:30:00+00:00, 2025-01-25T12:00:00+00:00
0.004000, 0.09, 1.04, 2025-01-25T12:00:00+00:00, 2025-01-25T12:30:00+00:00
0.003000, 0.06, 1.04, 2025-01-25T12:30:00+00:00, 2025-01-25T13:00:00+00:00
0.004000, 0.09, 1.04, 2025-01-25T13:00:00+00:00, 2025-01-25T13:30:00+00:00
0.006000, 0.14, 1.04, 2025-01-25T13:30:00+00:00, 2025-01-25T14:00:00+00:00
0.002000, 0.04, 1.04, 2025-01-25T14:00:00+00:00, 2025-01-25T14:30:00+00:00
0.003000, 0.07, 1.04, 2025-01-25T14:30:00+00:00, 2025-01-25T15:00:00+00:00
0.002000, 0.04, 1.04, 2025-01-25T15:00:00+00:00, 2025-01-25T15:30:00+00:00
0.004000, 0.09, 1.04, 2025-01-25T15:30:00+00:00, 2025-01-25T16:00:00+00:00
0.003000, 0.11, 1.04, 2025-01-25T16:00:00+00:00, 2025-01-25T16:30:00+00:00
0.003000, 0.12, 1.04, 2025-01-25T16:30:00+00:00, 2025-01-25T17:00:00+00:00
0.003000, 0.13, 1.04, 2025-01-25T17:00:00+00:00, 2025-01-25T17:30:00+00:00
0.004000, 0.17, 1.04, 2025-01-25T17:30:00+00:00, 2025-01-25T18:00:00+00:00
0.041000, 1.71, 1.04, 2025-01-25T18:00:00+00:00, 2025-01-25T18:30:00+00:00
0.004000, 0.16, 1.04, 2025-01-25T18:30:00+00:00, 2025-01-25T19:00:00+00:00
0.004000, 0.1, 1.04, 2025-01-25T19:00:00+00:00, 2025-01-25T19:30:00+00:00
0.003000, 0.05, 1.04, 2025-01-25T19:30:00+00:00, 2025-01-25T20:00:00+00:00
0.130000, 3.05, 1.04, 2025-01-25T20:00:00+00:00, 2025-01-25T20:30:00+00:00
0.003000, 0.07, 1.04, 2025-01-25T20:30:00+00:00, 2025-01-25T21:00:00+00:00
0.002000, 0.05, 1.04, 2025-01-25T21:00:00+00:00, 2025-01-25T21:30:00+00:00
0.003000, 0.07, 1.04, 2025-01-25T21:30:00+00:00, 2025-01-25T22:00:00+00:00
0.003000, 0.07, 1.04, 2025-01-25T22:00:00+00:00, 2025-01-25T22:30:00+00:00
0.003000, 0.06, 1.04, 2025-01-25T22:30:00+00:00, 2025-01-25T23:00:00+00:00
0.003000, 0.08, 1.04, 2025-01-25T23:00:00+00:00, 2025-01-25T23:30:00+00:00
0.101000, 2.46, 1.04, 2025-01-25T23:30:00+00:00, 2025-01-26T00:00:00+00:00
1.187000, 29.31, 1.04, 2025-01-26T00:00:00+00:00, 2025-01-26T00:30:00+00:00
1.236000, 33.79, 1.04, 2025-01-26T00:30:00+00:00, 2025-01-26T01:00:00+00:00
1.197000, 30.35, 1.04, 2025-01-26T01:00:00+00:00, 2025-01-26T01:30:00+00:00
1.246000, 29.4, 1.04, 2025-01-26T01:30:00+00:00, 2025-01-26T02:00:00+00:00
1.181000, 29.69, 1.04, 2025-01-26T02:00:00+00:00, 2025-01-26T02:30:00+00:00
1.222000, 27.16, 1.04, 2025-01-26T02:30:00+00:00, 2025-01-26T03:00:00+00:00
1.243000, 28.5, 1.04, 2025-01-26T03:00:00+00:00, 2025-01-26T03:30:00+00:00
1.194000, 26.33, 1.04, 2025-01-26T03:30:00+00:00, 2025-01-26T04:00:00+00:00
1.142000, 26.44, 1.04, 2025-01-26T04:00:00+00:00, 2025-01-26T04:30:00+00:00
0.327000, 6.71, 1.04, 2025-01-26T04:30:00+00:00, 2025-01-26T05:00:00+00:00
0.199000, 4.04, 1.04, 2025-01-26T05:00:00+00:00, 2025-01-26T05:30:00+00:00
0.221000, 4.63, 1.04, 2025-01-26T05:30:00+00:00, 2025-01-26T06:00:00+00:00
0.200000, 3.61, 1.04, 2025-01-26T06:00:00+00:00, 2025-01-26T06:30:00+00:00
0.225000, 4.27, 1.04, 2025-01-26T06:30:00+00:00, 2025-01-26T07:00:00+00:00
0.239000, 4.22, 1.04, 2025-01-26T07:00:00+00:00, 2025-01-26T07:30:00+00:00
0.237000, 4.44, 1.04, 2025-01-26T07:30:00+00:00, 2025-01-26T08:00:00+00:00
0.011000, 0.19, 1.04, 2025-01-26T08:00:00+00:00, 2025-01-26T08:30:00+00:00
0.004000, 0.09, 1.04, 2025-01-26T08:30:00+00:00, 2025-01-26T09:00:00+00:00
0.029000, 0.6, 1.04, 2025-01-26T09:00:00+00:00, 2025-01-26T09:30:00+00:00
0.003000, 0.07, 1.04, 2025-01-26T09:30:00+00:00, 2025-01-26T10:00:00+00:00
0.002000, 0.05, 1.04, 2025-01-26T10:00:00+00:00, 2025-01-26T10:30:00+00:00
0.003000, 0.07, 1.04, 2025-01-26T10:30:00+00:00, 2025-01-26T11:00:00+00:00
0.004000, 0.09, 1.04, 2025-01-26T11:00:00+00:00, 2025-01-26T11:30:00+00:00
0.002000, 0.04, 1.04, 2025-01-26T11:30:00+00:00, 2025-01-26T12:00:00+00:00
0.007000, 0.16, 1.04, 2025-01-26T12:00:00+00:00, 2025-01-26T12:30:00+00:00
0.003000, 0.08, 1.04, 2025-01-26T12:30:00+00:00, 2025-01-26T13:00:00+00:00
0.023000, 0.59, 1.04, 2025-01-26T13:00:00+00:00, 2025-01-26T13:30:00+00:00
0.008000, 0.2, 1.04, 2025-01-26T13:30:00+00:00, 2025-01-26T14:00:00+00:00
0.009000, 0.22, 1.04, 2025-01-26T14:00:00+00:00, 2025-01-26T14:30:00+00:00
0.008000, 0.19, 1.04, 2025-01-26T14:30:00+00:00, 2025-01-26T15:00:00+00:00
0.007000, 0.16, 1.04, 2025-01-26T15:00:00+00:00, 2025-01-26T15:30:00+00:00
0.003000, 0.07, 1.04, 2025-01-26T15:30:00+00:00, 2025-01-26T16:00:00+00:00
0.014000, 0.5, 1.04, 2025-01-26T16:00:00+00:00, 2025-01-26T16:30:00+00:00
0.399000, 15.85, 1.04, 2025-01-26T16:30:00+00:00, 2025-01-26T17:00:00+00:00
0.654000, 26.36, 1.04, 2025-01-26T17:00:00+00:00, 2025-01-26T17:30:00+00:00
1.202000, 46.52, 1.04, 2025-01-26T17:30:00+00:00, 2025-01-26T18:00:00+00:00
0.629000, 23.18, 1.04, 2025-01-26T18:00:00+00:00, 2025-01-26T18:30:00+00:00
0.511000, 17.95, 1.04, 2025-01-26T18:30:00+00:00, 2025-01-26T19:00:00+00:00
0.440000, 11.1, 1.04, 2025-01-26T19:00:00+00:00, 2025-01-26T19:30:00+00:00
0.391000, 8.93, 1.04, 2025-01-26T19:30:00+00:00, 2025-01-26T20:00:00+00:00
1.124000, 26.52, 1.04, 2025-01-26T20:00:00+00:00, 2025-01-26T20:30:00+00:00
1.029000, 21.61, 1.04, 2025-01-26T20:30:00+00:00, 2025-01-26T21:00:00+00:00
1.510000, 30.9, 1.04, 2025-01-26T21:00:00+00:00, 2025-01-26T21:30:00+00:00
0.553000, 9.8, 1.04, 2025-01-26T21:30:00+00:00, 2025-01-26T22:00:00+00:00
0.328000, 3.69, 1.04, 2025-01-26T22:00:00+00:00, 2025-01-26T22:30:00+00:00
0.261000, 0.69, 1.04, 2025-01-26T22:30:00+00:00, 2025-01-26T23:00:00+00:00
0.231000, 2.44, 1.04, 2025-01-26T23:00:00+00:00, 2025-01-26T23:30:00+00:00
0.222000, 1.61, 1.04, 2025-01-26T23:30:00+00:00, 2025-01-27T00:00:00+00:00
1.426000, 11.69, 1.04, 2025-01-27T00:00:00+00:00, 2025-01-27T00:30:00+00:00
1.266000, 14.74, 1.04, 2025-01-27T00:30:00+00:00, 2025-01-27T01:00:00+00:00
1.314000, 14.25, 1.04, 2025-01-27T01:00:00+00:00, 2025-01-27T01:30:00+00:00
1.276000, 11.58, 1.04, 2025-01-27T01:30:00+00:00, 2025-01-27T02:00:00+00:00
1.282000, 13.91, 1.04, 2025-01-27T02:00:00+00:00, 2025-01-27T02:30:00+00:00
1.245000, 12.35, 1.04, 2025-01-27T02:30:00+00:00, 2025-01-27T03:00:00+00:00
1.293000, 12.83, 1.04, 2025-01-27T03:00:00+00:00, 2025-01-27T03:30:00+00:00
1.276000, 13.51, 1.04, 2025-01-27T03:30:00+00:00, 2025-01-27T04:00:00+00:00
1.080000, 12.02, 1.04, 2025-01-27T04:00:00+00:00, 2025-01-27T04:30:00+00:00
0.270000, 2.51, 1.04, 2025-01-27T04:30:00+00:00, 2025-01-27T05:00:00+00:00
0.191000, 2.97, 1.04, 2025-01-27T05:00:00+00:00, 2025-01-27T05:30:00+00:00
0.186000, 3.51, 1.04, 2025-01-27T05:30:00+00:00, 2025-01-27T06:00:00+00:00
0.218000, 4.81, 1.04, 2025-01-27T06:00:00+00:00, 2025-01-27T06:30:00+00:00
0.219000, 4.64, 1.04, 2025-01-27T06:30:00+00:00, 2025-01-27T07:00:00+00:00
0.237000, 5.27, 1.04, 2025-01-27T07:00:00+00:00, 2025-01-27T07:30:00+00:00
0.287000, 7.18, 1.04, 2025-01-27T07:30:00+00:00, 2025-01-27T08:00:00+00:00
0.013000, 0.34, 1.04, 2025-01-27T08:00:00+00:00, 2025-01-27T08:30:00+00:00
0.010000, 0.26, 1.04, 2025-01-27T08:30:00+00:00, 2025-01-27T09:00:00+00:00
0.004000, 0.11, 1.04, 2025-01-27T09:00:00+00:00, 2025-01-27T09:30:00+00:00
0.003000, 0.08, 1.04, 2025-01-27T09:30:00+00:00, 2025-01-27T10:00:00+00:00
0.013000, 0.34, 1.04, 2025-01-27T10:00:00+00:00, 2025-01-27T10:30:00+00:00
0.016000, 0.4, 1.04, 2025-01-27T10:30:00+00:00, 2025-01-27T11:00:00+00:00
0.005000, 0.13, 1.04, 2025-01-27T11:00:00+00:00, 2025-01-27T11:30:00+00:00
0.004000, 0.1, 1.04, 2025-01-27T11:30:00+00:00, 2025-01-27T12:00:00+00:00
0.003000, 0.07, 1.04, 2025-01-27T12:00:00+00:00, 2025-01-27T12:30:00+00:00
0.094000, 2.14, 1.04, 2025-01-27T12:30:00+00:00, 2025-01-27T13:00:00+00:00
0.005000, 0.13, 1.04, 2025-01-27T13:00:00+00:00, 2025-01-27T13:30:00+00:00
0.004000, 0.1, 1.04, 2025-01-27T13:30:00+00:00, 2025-01-27T14:00:00+00:00
0.004000, 0.1, 1.04, 2025-01-27T14:00:00+00:00, 2025-01-27T14:30:00+00:00
0.001000, 0.02, 1.04, 2025-01-27T14:30:00+00:00, 2025-01-27T15:00:00+00:00
0.002000, 0.04, 1.04, 2025-01-27T15:00:00+00:00, 2025-01-27T15:30:00+00:00
0.015000, 0.35, 1.04, 2025-01-27T15:30:00+00:00, 2025-01-27T16:00:00+00:00
0.004000, 0.13, 1.04, 2025-01-27T16:00:00+00:00, 2025-01-27T16:30:00+00:00
0.002000, 0.08, 1.04, 2025-01-27T16:30:00+00:00, 2025-01-27T17:00:00+00:00
0.034000, 1.32, 1.04, 2025-01-27T17:00:00+00:00, 2025-01-27T17:30:00+00:00
0.114000, 4.53, 1.04, 2025-01-27T17:30:00+00:00, 2025-01-27T18:00:00+00:00
0.003000, 0.12, 1.04, 2025-01-27T18:00:00+00:00, 2025-01-27T18:30:00+00:00
0.003000, 0.11, 1.04, 2025-01-27T18:30:00+00:00, 2025-01-27T19:00:00+00:00
0.003000, 0.07, 1.04, 2025-01-27T19:00:00+00:00, 2025-01-27T19:30:00+00:00
1.369000, 32.9, 1.04, 2025-01-27T19:30:00+00:00, 2025-01-27T20:00:00+00:00
0.581000, 14.98, 1.04, 2025-01-27T20:00:00+00:00, 2025-01-27T20:30:00+00:00
0.478000, 10.69, 1.04, 2025-01-27T20:30:00+00:00, 2025-01-27T21:00:00+00:00
0.510000, 11.58, 1.04, 2025-01-27T21:00:00+00:00, 2025-01-27T21:30:00+00:00
0.444000, 10.28, 1.04, 2025-01-27T21:30:00+00:00, 2025-01-27T22:00:00+00:00
0.359000, 8.05, 1.04, 2025-01-27T22:00:00+00:00, 2025-01-27T22:30:00+00:00
0.364000, 7.57, 1.04, 2025-01-27T22:30:00+00:00, 2025-01-27T23:00:00+00:00
0.351000, 5.73, 1.04, 2025-01-27T23:00:00+00:00, 2025-01-27T23:30:00+00:00
0.246000, 3.8, 1.04, 2025-01-27T23:30:00+00:00, 2025-01-28T00:00:00+00:00
1.275000, 20.8, 1.04, 2025-01-28T00:00:00+00:00, 2025-01-28T00:30:00+00:00
1.291000, 25.05, 1.04, 2025-01-28T00:30:00+00:00, 2025-01-28T01:00:00+00:00
1.310000, 24.53, 1.04, 2025-01-28T01:00:00+00:00, 2025-01-28T01:30:00+00:00
1.314000, 23.39, 1.04, 2025-01-28T01:30:00+00:00, 2025-01-28T02:00:00+00:00
1.260000, 22.44, 1.04, 2025-01-28T02:00:00+00:00, 2025-01-28T02:30:00+00:00
1.298000, 22.81, 1.04, 2025-01-28T02:30:00+00:00, 2025-01-28T03:00:00+00:00
1.290000, 22.08, 1.04, 2025-01-28T03:00:00+00:00, 2025-01-28T03:30:00+00:00
1.297000, 21.45, 1.04, 2025-01-28T03:30:00+00:00, 2025-01-28T04:00:00+00:00
1.101000, 19.1, 1.04, 2025-01-28T04:00:00+00:00, 2025-01-28T04:30:00+00:00
0.304000, 4.96, 1.04, 2025-01-28T04:30:00+00:00, 2025-01-28T05:00:00+00:00
0.193000, 3.4, 1.04, 2025-01-28T05:00:00+00:00, 2025-01-28T05:30:00+00:00
0.210000, 4.2, 1.04, 2025-01-28T05:30:00+00:00, 2025-01-28T06:00:00+00:00
0.224000, 4.6, 1.04, 2025-01-28T06:00:00+00:00, 2025-01-28T06:30:00+00:00
0.192000, 4.28, 1.04, 2025-01-28T06:30:00+00:00, 2025-01-28T07:00:00+00:00
0.236000, 5.2, 1.04, 2025-01-28T07:00:00+00:00, 2025-01-28T07:30:00+00:00
0.300000, 7.38, 1.04, 2025-01-28T07:30:00+00:00, 2025-01-28T08:00:00+00:00
0.016000, 0.38, 1.04, 2025-01-28T08:00:00+00:00, 2025-01-28T08:30:00+00:00
0.026000, 0.62, 1.04, 2025-01-28T08:30:00+00:00, 2025-01-28T09:00:00+00:00
0.005000, 0.13, 1.04, 2025-01-28T09:00:00+00:00, 2025-01-28T09:30:00+00:00
0.043000, 1.07, 1.04, 2025-01-28T09:30:00+00:00, 2025-01-28T10:00:00+00:00
0.004000, 0.11, 1.04, 2025-01-28T10:00:00+00:00, 2025-01-28T10:30:00+00:00
0.002000, 0.05, 1.04, 2025-01-28T10:30:00+00:00, 2025-01-28T11:00:00+00:00
0.003000, 0.08, 1.04, 2025-01-28T11:00:00+00:00, 2025-01-28T11:30:00+00:00
0.002000, 0.05, 1.04, 2025-01-28T11:30:00+00:00, 2025-01-28T12:00:00+00:00
0.007000, 0.18, 1.04, 2025-01-28T12:00:00+00:00, 2025-01-28T12:30:00+00:00
0.003000, 0.07, 1.04, 2025-01-28T12:30:00+00:00, 2025-01-28T13:00:00+00:00
0.002000, 0.05, 1.04, 2025-01-28T13:00:00+00:00, 2025-01-28T13:30:00+00:00
0.003000, 0.07, 1.04, 2025-01-28T13:30:00+00:00, 2025-01-28T14:00:00+00:00
0.003000, 0.08, 1.04, 2025-01-28T14:00:00+00:00, 2025-01-28T14:30:00+00:00
0.051000, 1.28, 1.04, 2025-01-28T14:30:00+00:00, 2025-01-28T15:00:00+00:00
0.021000, 0.49, 1.04, 2025-01-28T15:00:00+00:00, 2025-01-28T15:30:00+00:00
0.002000, 0.05, 1.04, 2025-01-28T15:30:00+00:00, 2025-01-28T16:00:00+00:00
0.002000, 0.08, 1.04, 2025-01-28T16:00:00+00:00, 2025-01-28T16:30:00+00:00
0.014000, 0.56, 1.04, 2025-01-28T16:30:00+00:00, 2025-01-28T17:00:00+00:00
0.006000, 0.24, 1.04, 2025-01-28T17:00:00+00:00, 2025-01-28T17:30:00+00:00
0.014000, 0.56, 1.04, 2025-01-28T17:30:00+00:00, 2025-01-28T18:00:00+00:00
0.687000, 27.74, 1.04, 2025-01-28T18:00:00+00:00, 2025-01-28T18:30:00+00:00
0.627000, 22.53, 1.04, 2025-01-28T18:30:00+00:00, 2025-01-28T19:00:00+00:00
0.350000, 8.64, 1.04, 2025-01-28T19:00:00+00:00, 2025-01-28T19:30:00+00:00
0.386000, 7.66, 1.04, 2025-01-28T19:30:00+00:00, 2025-01-28T20:00:00+00:00
0.455000, 10.87, 1.04, 2025-01-28T20:00:00+00:00, 2025-01-28T20:30:00+00:00
1.168000, 27.3, 1.04, 2025-01-28T20:30:00+00:00, 2025-01-28T21:00:00+00:00
0.606000, 14.16, 1.04, 2025-01-28T21:00:00+00:00, 2025-01-28T21:30:00+00:00
0.486000, 11.32, 1.04, 2025-01-28T21:30:00+00:00, 2025-01-28T22:00:00+00:00
0.425000, 9.56, 1.04, 2025-01-28T22:00:00+00:00, 2025-01-28T22:30:00+00:00
0.279000, 5.31, 1.04, 2025-01-28T22:30:00+00:00, 2025-01-28T23:00:00+00:00
0.381000, 7.48, 1.04, 2025-01-28T23:00:00+00:00, 2025-01-28T23:30:00+00:00
0.247000, 4.03, 1.04, 2025-01-28T23:30:00+00:00, 2025-01-29T00:00:00+00:00
1.306000, 20.16, 1.04, 2025-01-29T00:00:00+00:00, 2025-01-29T00:30:00+00:00
1.394000, 25.51, 1.04, 2025-01-29T00:30:00+00:00, 2025-01-29T01:00:00+00:00
1.330000, 22.87, 1.04, 2025-01-29T01:00:00+00:00, 2025-01-29T01:30:00+00:00
1.302000, 19.08, 1.04, 2025-01-29T01:30:00+00:00, 2025-01-29T02:00:00+00:00
1.292000, 21.08, 1.04, 2025-01-29T02:00:00+00:00, 2025-01-29T02:30:00+00:00
1.290000, 18.91, 1.04, 2025-01-29T02:30:00+00:00, 2025-01-29T03:00:00+00:00
1.273000, 18.66, 1.04, 2025-01-29T03:00:00+00:00, 2025-01-29T03:30:00+00:00
1.291000, 18.69, 1.04, 2025-01-29T03:30:00+00:00, 2025-01-29T04:00:00+00:00
1.146000, 16.8, 1.04, 2025-01-29T04:00:00+00:00, 2025-01-29T04:30:00+00:00
0.297000, 4.29, 1.04, 2025-01-29T04:30:00+00:00, 2025-01-29T05:00:00+00:00
0.195000, 3.18, 1.04, 2025-01-29T05:00:00+00:00, 2025-01-29T05:30:00+00:00
0.237000, 3.76, 1.04, 2025-01-29T05:30:00+00:00, 2025-01-29T06:00:00+00:00
0.192000, 4.57, 1.04, 2025-01-29T06:00:00+00:00, 2025-01-29T06:30:00+00:00
0.203000, 5.33, 1.04, 2025-01-29T06:30:00+00:00, 2025-01-29T07:00:00+00:00
0.262000, 6.24, 1.04, 2025-01-29T07:00:00+00:00, 2025-01-29T07:30:00+00:00
0.289000, 7.47, 1.04, 2025-01-29T07:30:00+00:00, 2025-01-29T08:00:00+00:00
0.020000, 0.48, 1.04, 2025-01-29T08:00:00+00:00, 2025-01-29T08:30:00+00:00
0.003000, 0.07, 1.04, 2025-01-29T08:30:00+00:00, 2025-01-29T09:00:00+00:00
0.003000, 0.07, 1.04, 2025-01-29T09:00:00+00:00, 2025-01-29T09:30:00+00:00
0.004000, 0.09, 1.04, 2025-01-29T09:30:00+00:00, 2025-01-29T10:00:00+00:00
0.003000, 0.06, 1.04, 2025-01-29T10:00:00+00:00, 2025-01-29T10:30:00+00:00
0.004000, 0.08, 1.04, 2025-01-29T10:30:00+00:00, 2025-01-29T11:00:00+00:00
0.005000, 0.1, 1.04, 2025-01-29T11:00:00+00:00, 2025-01-29T11:30:00+00:00
0.007000, 0.13, 1.04, 2025-01-29T11:30:00+00:00, 2025-01-29T12:00:00+00:00
0.004000, 0.09, 1.04, 2025-01-29T12:00:00+00:00, 2025-01-29T12:30:00+00:00
0.007000, 0.16, 1.04, 2025-01-29T12:30:00+00:00, 2025-01-29T13:00:00+00:00
0.004000, 0.09, 1.04, 2025-01-29T13:00:00+00:00, 2025-01-29T13:30:00+00:00
0.004000, 0.09, 1.04, 2025-01-29T13:30:00+00:00, 2025-01-29T14:00:00+00:00
0.002000, 0.04, 1.04, 2025-01-29T14:00:00+00:00, 2025-01-29T14:30:00+00:00
0.002000, 0.04, 1.04, 2025-01-29T14:30:00+00:00, 2025-01-29T15:00:00+00:00
0.002000, 0.05, 1.04, 2025-01-29T15:00:00+00:00, 2025-01-29T15:30:00+00:00
0.002000, 0.05, 1.04, 2025-01-29T15:30:00+00:00, 2025-01-29T16:00:00+00:00
0.004000, 0.15, 1.04, 2025-01-29T16:00:00+00:00, 2025-01-29T16:30:00+00:00
0.002000, 0.08, 1.04, 2025-01-29T16:30:00+00:00, 2025-01-29T17:00:00+00:00
0.020000, 0.82, 1.04, 2025-01-29T17:00:00+00:00, 2025-01-29T17:30:00+00:00
0.100000, 4.19, 1.04, 2025-01-29T17:30:00+00:00, 2025-01-29T18:00:00+00:00
0.004000, 0.16, 1.04, 2025-01-29T18:00:00+00:00, 2025-01-29T18:30:00+00:00
0.003000, 0.12, 1.04, 2025-01-29T18:30:00+00:00, 2025-01-29T19:00:00+00:00
0.003000, 0.08, 1.04, 2025-01-29T19:00:00+00:00, 2025-01-29T19:30:00+00:00
0.002000, 0.05, 1.04, 2025-01-29T19:30:00+00:00, 2025-01-29T20:00:00+00:00
0.003000, 0.08, 1.04, 2025-01-29T20:00:00+00:00, 2025-01-29T20:30:00+00:00
0.003000, 0.07, 1.04, 2025-01-29T20:30:00+00:00, 2025-01-29T21:00:00+00:00
0.003000, 0.07, 1.04, 2025-01-29T21:00:00+00:00, 2025-01-29T21:30:00+00:00
0.003000, 0.07, 1.04, 2025-01-29T21:30:00+00:00, 2025-01-29T22:00:00+00:00
0.002000, 0.04, 1.04, 2025-01-29T22:00:00+00:00, 2025-01-29T22:30:00+00:00
0.003000, 0.05, 1.04, 2025-01-29T22:30:00+00:00, 2025-01-29T23:00:00+00:00
0.003000, 0.07, 1.04, 2025-01-29T23:00:00+00:00, 2025-01-29T23:30:00+00:00
0.197000, 4.24, 1.04, 2025-01-29T23:30:00+00:00, 2025-01-30T00:00:00+00:00
1.294000, 28.07, 1.04, 2025-01-30T00:00:00+00:00, 2025-01-30T00:30:00+00:00
1.284000, 30.86, 1.04, 2025-01-30T00:30:00+00:00, 2025-01-30T01:00:00+00:00
1.287000, 28.09, 1.04, 2025-01-30T01:00:00+00:00, 2025-01-30T01:30:00+00:00
1.259000, 26.37, 1.04, 2025-01-30T01:30:00+00:00, 2025-01-30T02:00:00+00:00
1.331000, 27.88, 1.04, 2025-01-30T02:00:00+00:00, 2025-01-30T02:30:00+00:00
1.358000, 27.61, 1.04, 2025-01-30T02:30:00+00:00, 2025-01-30T03:00:00+00:00
1.289000, 25.3, 1.04, 2025-01-30T03:00:00+00:00, 2025-01-30T03:30:00+00:00
1.315000, 25.81, 1.04, 2025-01-30T03:30:00+00:00, 2025-01-30T04:00:00+00:00
1.135000, 22.27, 1.04, 2025-01-30T04:00:00+00:00, 2025-01-30T04:30:00+00:00
0.316000, 5.92, 1.04, 2025-01-30T04:30:00+00:00, 2025-01-30T05:00:00+00:00
0.217000, 5.24, 1.04, 2025-01-30T05:00:00+00:00, 2025-01-30T05:30:00+00:00
0.176000, 4.07, 1.04, 2025-01-30T05:30:00+00:00, 2025-01-30T06:00:00+00:00
0.238000, 6.04, 1.04, 2025-01-30T06:00:00+00:00, 2025-01-30T06:30:00+00:00
0.222000, 5.34, 1.04, 2025-01-30T06:30:00+00:00, 2025-01-30T07:00:00+00:00
0.220000, 5.82, 1.04, 2025-01-30T07:00:00+00:00, 2025-01-30T07:30:00+00:00
0.356000, 11.12, 1.04, 2025-01-30T07:30:00+00:00, 2025-01-30T08:00:00+00:00
0.015000, 0.41, 1.04, 2025-01-30T08:00:00+00:00, 2025-01-30T08:30:00+00:00
0.011000, 0.31, 1.04, 2025-01-30T08:30:00+00:00, 2025-01-30T09:00:00+00:00
0.002000, 0.05, 1.04, 2025-01-30T09:00:00+00:00, 2025-01-30T09:30:00+00:00
0.003000, 0.08, 1.04, 2025-01-30T09:30:00+00:00, 2025-01-30T10:00:00+00:00
0.003000, 0.07, 1.04, 2025-01-30T10:00:00+00:00, 2025-01-30T10:30:00+00:00
0.005000, 0.11, 1.04, 2025-01-30T10:30:00+00:00, 2025-01-30T11:00:00+00:00
0.006000, 0.14, 1.04, 2025-01-30T11:00:00+00:00, 2025-01-30T11:30:00+00:00
0.004000, 0.09, 1.04, 2025-01-30T11:30:00+00:00, 2025-01-30T12:00:00+00:00
0.006000, 0.13, 1.04, 2025-01-30T12:00:00+00:00, 2025-01-30T12:30:00+00:00
0.013000, 0.29, 1.04, 2025-01-30T12:30:00+00:00, 2025-01-30T13:00:00+00:00
0.067000, 1.63, 1.04, 2025-01-30T13:00:00+00:00, 2025-01-30T13:30:00+00:00
0.026000, 0.63, 1.04, 2025-01-30T13:30:00+00:00, 2025-01-30T14:00:00+00:00
0.004000, 0.11, 1.04, 2025-01-30T14:00:00+00:00, 2025-01-30T14:30:00+00:00
0.005000, 0.13, 1.04, 2025-01-30T14:30:00+00:00, 2025-01-30T15:00:00+00:00
0.001000, 0.03, 1.04, 2025-01-30T15:00:00+00:00, 2025-01-30T15:30:00+00:00
0.004000, 0.12, 1.04, 2025-01-30T15:30:00+00:00, 2025-01-30T16:00:00+00:00
0.002000, 0.09, 1.04, 2025-01-30T16:00:00+00:00, 2025-01-30T16:30:00+00:00
0.004000, 0.21, 1.04, 2025-01-30T16:30:00+00:00, 2025-01-30T17:00:00+00:00
0.004000, 0.17, 1.04, 2025-01-30T17:00:00+00:00, 2025-01-30T17:30:00+00:00
0.006000, 0.29, 1.04, 2025-01-30T17:30:00+00:00, 2025-01-30T18:00:00+00:00
0.008000, 0.37, 1.04, 2025-01-30T18:00:00+00:00, 2025-01-30T18:30:00+00:00
0.001000, 0.04, 1.04, 2025-01-30T18:30:00+00:00, 2025-01-30T19:00:00+00:00
0.010000, 0.31, 1.04, 2025-01-30T19:00:00+00:00, 2025-01-30T19:30:00+00:00
0.003000, 0.08, 1.04, 2025-01-30T19:30:00+00:00, 2025-01-30T20:00:00+00:00
0.003000, 0.08, 1.04, 2025-01-30T20:00:00+00:00, 2025-01-30T20:30:00+00:00
0.004000, 0.1, 1.04, 2025-01-30T20:30:00+00:00, 2025-01-30T21:00:00+00:00
0.005000, 0.13, 1.04, 2025-01-30T21:00:00+00:00, 2025-01-30T21:30:00+00:00
0.003000, 0.07, 1.04, 2025-01-30T21:30:00+00:00, 2025-01-30T22:00:00+00:00
0.349000, 8.07, 1.04, 2025-01-30T22:00:00+00:00, 2025-01-30T22:30:00+00:00
0.316000, 6.76, 1.04, 2025-01-30T22:30:00+00:00, 2025-01-30T23:00:00+00:00
0.240000, 5.58, 1.04, 2025-01-30T23:00:00+00:00, 2025-01-30T23:30:00+00:00
0.207000, 4.61, 1.04, 2025-01-30T23:30:00+00:00, 2025-01-31T00:00:00+00:00
1.311000, 29.2, 1.04, 2025-01-31T00:00:00+00:00, 2025-01-31T00:30:00+00:00
1.266000, 29.31, 1.04, 2025-01-31T00:30:00+00:00, 2025-01-31T01:00:00+00:00
1.282000, 29.36, 1.04, 2025-01-31T01:00:00+00:00, 2025-01-31T01:30:00+00:00
1.285000, 28.62, 1.04, 2025-01-31T01:30:00+00:00, 2025-01-31T02:00:00+00:00
1.295000, 29.52, 1.04, 2025-01-31T02:00:00+00:00, 2025-01-31T02:30:00+00:00
1.267000, 28.78, 1.04, 2025-01-31T02:30:00+00:00, 2025-01-31T03:00:00+00:00
1.293000, 29.94, 1.04, 2025-01-31T03:00:00+00:00, 2025-01-31T03:30:00+00:00
1.287000, 28.72, 1.04, 2025-01-31T03:30:00+00:00, 2025-01-31T04:00:00+00:00
1.094000, 25.48, 1.04, 2025-01-31T04:00:00+00:00, 2025-01-31T04:30:00+00:00
0.315000, 6.97, 1.04, 2025-01-31T04:30:00+00:00, 2025-01-31T05:00:00+00:00
0.200000, 4.45, 1.04, 2025-01-31T05:00:00+00:00, 2025-01-31T05:30:00+00:00
0.240000, 5.34, 1.04, 2025-01-31T05:30:00+00:00, 2025-01-31T06:00:00+00:00
0.255000, 6.86, 1.04, 2025-01-31T06:00:00+00:00, 2025-01-31T06:30:00+00:00
0.286000, 7.25, 1.04, 2025-01-31T06:30:00+00:00, 2025-01-31T07:00:00+00:00
0.253000, 7.04, 1.04, 2025-01-31T07:00:00+00:00, 2025-01-31T07:30:00+00:00
0.235000, 7.28, 1.04, 2025-01-31T07:30:00+00:00, 2025-01-31T08:00:00+00:00
0.010000, 0.3, 1.04, 2025-01-31T08:00:00+00:00, 2025-01-31T08:30:00+00:00
0.004000, 0.12, 1.04, 2025-01-31T08:30:00+00:00, 2025-01-31T09:00:00+00:00
0.008000, 0.22, 1.04, 2025-01-31T09:00:00+00:00, 2025-01-31T09:30:00+00:00
0.003000, 0.08, 1.04, 2025-01-31T09:30:00+00:00, 2025-01-31T10:00:00+00:00
0.061000, 1.55, 1.04, 2025-01-31T10:00:00+00:00, 2025-01-31T10:30:00+00:00
0.004000, 0.1, 1.04, 2025-01-31T10:30:00+00:00, 2025-01-31T11:00:00+00:00
0.002000, 0.05, 1.04, 2025-01-31T11:00:00+00:00, 2025-01-31T11:30:00+00:00
0.003000, 0.07, 1.04, 2025-01-31T11:30:00+00:00, 2025-01-31T12:00:00+00:00
0.001000, 0.03, 1.04, 2025-01-31T12:00:00+00:00, 2025-01-31T12:30:00+00:00
0.004000, 0.11, 1.04, 2025-01-31T12:30:00+00:00, 2025-01-31T13:00:00+00:00
0.005000, 0.13, 1.04, 2025-01-31T13:00:00+00:00, 2025-01-31T13:30:00+00:00
0.013000, 0.32, 1.04, 2025-01-31T13:30:00+00:00, 2025-01-31T14:00:00+00:00
0.001000, 0.03, 1.04, 2025-01-31T14:00:00+00:00, 2025-01-31T14:30:00+00:00
0.003000, 0.08, 1.04, 2025-01-31T14:30:00+00:00, 2025-01-31T15:00:00+00:00
0.002000, 0.06, 1.04, 2025-01-31T15:00:00+00:00, 2025-01-31T15:30:00+00:00
0.003000, 0.09, 1.04, 2025-01-31T15:30:00+00:00, 2025-01-31T16:00:00+00:00
0.017000, 0.76, 1.04, 2025-01-31T16:00:00+00:00, 2025-01-31T16:30:00+00:00
0.003000, 0.15, 1.04, 2025-01-31T16:30:00+00:00, 2025-01-31T17:00:00+00:00
0.003000, 0.14, 1.04, 2025-01-31T17:00:00+00:00, 2025-01-31T17:30:00+00:00
0.010000, 0.48, 1.04, 2025-01-31T17:30:00+00:00, 2025-01-31T18:00:00+00:00
0.007000, 0.35, 1.04, 2025-01-31T18:00:00+00:00, 2025-01-31T18:30:00+00:00
0.003000, 0.14, 1.04, 2025-01-31T18:30:00+00:00, 2025-01-31T19:00:00+00:00
0.217000, 6.86, 1.04, 2025-01-31T19:00:00+00:00, 2025-01-31T19:30:00+00:00
0.851000, 25.97, 1.04, 2025-01-31T19:30:00+00:00, 2025-01-31T20:00:00+00:00
0.921000, 25.5, 1.04, 2025-01-31T20:00:00+00:00, 2025-01-31T20:30:00+00:00
0.365000, 9.73, 1.04, 2025-01-31T20:30:00+00:00, 2025-01-31T21:00:00+00:00
0.585000, 15.26, 1.04, 2025-01-31T21:00:00+00:00, 2025-01-31T21:30:00+00:00
0.369000, 9.56, 1.04, 2025-01-31T21:30:00+00:00, 2025-01-31T22:00:00+00:00
0.250000, 6.43, 1.04, 2025-01-31T22:00:00+00:00, 2025-01-31T22:30:00+00:00
0.223000, 4.91, 1.04, 2025-01-31T22:30:00+00:00, 2025-01-31T23:00:00+00:00
0.246000, 7.07, 1.04, 2025-01-31T23:00:00+00:00, 2025-01-31T23:30:00+00:00
0.206000, 5.18, 1.04, 2025-01-31T23:30:00+00:00, 2025-01-31T23:59:59.999000+00:00
